time,open,high,low,close
2022-11-16 12:00:00,1.04199,1.04386,1.03844,1.0391
2022-11-16 16:00:00,1.03913,1.04124,1.03721,1.03839
2022-11-16 20:00:00,1.03838,1.04048,1.0354700000000001,1.03942
2022-11-17 00:00:00,1.03934,1.03984,1.03742,1.03774
2022-11-17 04:00:00,1.03774,1.03836,1.03598,1.03802
2022-11-17 08:00:00,1.038,1.04067,1.03569,1.03641
2022-11-17 12:00:00,1.03641,1.03702,1.0311,1.03124
2022-11-17 16:00:00,1.03124,1.03567,1.03053,1.03504
2022-11-17 20:00:00,1.03502,1.03697,1.03484,1.03648
2022-11-18 00:00:00,1.0359099999999999,1.03782,1.03572,1.03677
2022-11-18 04:00:00,1.03678,1.03909,1.03613,1.03719
2022-11-18 08:00:00,1.03719,1.03961,1.03422,1.03818
2022-11-18 12:00:00,1.03818,1.03866,1.03566,1.03645
2022-11-18 16:00:00,1.03647,1.03718,1.03262,1.03334
2022-11-18 20:00:00,1.03334,1.03373,1.03137,1.03225
2022-11-21 00:00:00,1.03217,1.0333,1.03004,1.03119
2022-11-21 04:00:00,1.03118,1.0312,1.02724,1.02824
2022-11-21 08:00:00,1.02825,1.02871,1.02263,1.02269
2022-11-21 12:00:00,1.0227,1.02561,1.02269,1.02543
2022-11-21 16:00:00,1.02545,1.02626,1.02228,1.02326
2022-11-21 20:00:00,1.02322,1.02485,1.02304,1.02406
2022-11-22 00:00:00,1.02404,1.02684,1.02378,1.02607
2022-11-22 04:00:00,1.02606,1.02677,1.02458,1.02538
2022-11-22 08:00:00,1.02538,1.0286,1.02462,1.02687
2022-11-22 12:00:00,1.02688,1.0291,1.0256,1.02605
2022-11-22 16:00:00,1.02611,1.0296,1.0254,1.02958
2022-11-22 20:00:00,1.02956,1.03082,1.02897,1.03024
2022-11-23 00:00:00,1.03033,1.03213,1.03005,1.03111
2022-11-23 04:00:00,1.03106,1.03312,1.03082,1.03273
2022-11-23 08:00:00,1.03272,1.03487,1.03021,1.03252
2022-11-23 12:00:00,1.03251,1.03407,1.02966,1.03319
2022-11-23 16:00:00,1.0332,1.0384,1.03268,1.03638
2022-11-23 20:00:00,1.03637,1.04052,1.03594,1.03945
2022-11-24 00:00:00,1.03951,1.0425,1.03922,1.04234
2022-11-24 04:00:00,1.04237,1.04486,1.04176,1.0434
2022-11-24 08:00:00,1.0434,1.04395,1.04,1.04193
2022-11-24 12:00:00,1.04194,1.04292,1.0382,1.04231
2022-11-24 16:00:00,1.0423,1.04276,1.0402,1.0409
2022-11-24 20:00:00,1.0409,1.04144,1.04014,1.04114
2022-11-25 00:00:00,1.04061,1.04153,1.03962,1.04096
2022-11-25 04:00:00,1.04095,1.04293,1.04046,1.0411299999999999
2022-11-25 08:00:00,1.04111,1.04282,1.03824,1.03934
2022-11-25 12:00:00,1.03934,1.04216,1.03612,1.03726
2022-11-25 16:00:00,1.03728,1.04117,1.03548,1.0406
2022-11-25 20:00:00,1.0406,1.04144,1.03854,1.03935
2022-11-28 00:00:00,1.03703,1.03839,1.03413,1.03484
2022-11-28 04:00:00,1.03484,1.0365,1.03434,1.03509
2022-11-28 08:00:00,1.03509,1.04566,1.03483,1.04478
2022-11-28 12:00:00,1.04481,1.04967,1.04391,1.0463
2022-11-28 16:00:00,1.04628,1.0463,1.03689,1.03698
2022-11-28 20:00:00,1.03697,1.03732,1.03302,1.034
2022-11-29 00:00:00,1.03378,1.03626,1.03342,1.03597
2022-11-29 04:00:00,1.03596,1.03944,1.03472,1.03868
2022-11-29 08:00:00,1.03868,1.03928,1.03509,1.03648
2022-11-29 12:00:00,1.03644,1.03934,1.03248,1.03302
2022-11-29 16:00:00,1.03303,1.03732,1.03258,1.03402
2022-11-29 20:00:00,1.03399,1.03465,1.03201,1.0329
2022-11-30 00:00:00,1.03272,1.03531,1.03192,1.0348
2022-11-30 04:00:00,1.0348,1.0361,1.03405,1.03488
2022-11-30 08:00:00,1.0348600000000001,1.03813,1.03359,1.03583
2022-11-30 12:00:00,1.03584,1.03922,1.03466,1.03589
2022-11-30 16:00:00,1.03589,1.03998,1.0290300000000001,1.03151
2022-11-30 20:00:00,1.0315,1.04288,1.03067,1.04084
2022-12-01 00:00:00,1.04044,1.0448,1.04009,1.04261
2022-12-01 04:00:00,1.0426,1.04515,1.04189,1.04457
2022-12-01 08:00:00,1.04457,1.0464,1.03934,1.04415
2022-12-01 12:00:00,1.04416,1.05138,1.04178,1.04894
2022-12-01 16:00:00,1.04896,1.05338,1.04696,1.05075
2022-12-01 20:00:00,1.05072,1.05304,1.04963,1.05258
2022-12-02 00:00:00,1.05152,1.05394,1.05065,1.05134
2022-12-02 04:00:00,1.05134,1.05286,1.05052,1.05232
2022-12-02 08:00:00,1.05233,1.0545,1.05129,1.05299
2022-12-02 12:00:00,1.053,1.05447,1.04284,1.04624
2022-12-02 16:00:00,1.04622,1.0534,1.04452,1.05253
2022-12-02 20:00:00,1.05257,1.05424,1.05106,1.05405
2022-12-05 00:00:00,1.05278,1.0574,1.05254,1.05681
2022-12-05 04:00:00,1.05681,1.05848,1.05575,1.05832
2022-12-05 08:00:00,1.05831,1.05832,1.05306,1.05593
2022-12-05 12:00:00,1.05592,1.05949,1.05188,1.05659
2022-12-05 16:00:00,1.05656,1.05684,1.04903,1.04954
2022-12-05 20:00:00,1.04952,1.05063,1.04802,1.04932
2022-12-06 00:00:00,1.04865,1.05189,1.04808,1.05106
2022-12-06 04:00:00,1.05106,1.05151,1.04833,1.0493999999999999
2022-12-06 08:00:00,1.04941,1.05096,1.04757,1.04942
2022-12-06 12:00:00,1.04941,1.0533,1.04915,1.05132
2022-12-06 16:00:00,1.05134,1.0529,1.04798,1.04822
2022-12-06 20:00:00,1.04822,1.04828,1.04594,1.04674
2022-12-07 00:00:00,1.04629,1.04742,1.04552,1.04728
2022-12-07 04:00:00,1.04728,1.04765,1.04581,1.04665
2022-12-07 08:00:00,1.04668,1.04842,1.04432,1.0476
2022-12-07 12:00:00,1.04762,1.05472,1.04727,1.05424
2022-12-07 16:00:00,1.05434,1.05499,1.04882,1.05182
2022-12-07 20:00:00,1.05182,1.05287,1.05028,1.0506
2022-12-08 00:00:00,1.0506199999999999,1.05152,1.04948,1.0501800000000001
2022-12-08 04:00:00,1.0501800000000001,1.05074,1.0493999999999999,1.05039
2022-12-08 08:00:00,1.05037,1.05306,1.04896,1.04947
2022-12-08 12:00:00,1.04948,1.05318,1.04908,1.05205
2022-12-08 16:00:00,1.05206,1.05649,1.05174,1.05442
2022-12-08 20:00:00,1.05442,1.05636,1.05382,1.0555
2022-12-09 00:00:00,1.05549,1.05855,1.0549,1.05791
2022-12-09 04:00:00,1.05794,1.05868,1.05662,1.0577
2022-12-09 08:00:00,1.0577,1.05884,1.05468,1.05572
2022-12-09 12:00:00,1.05576,1.05688,1.05036,1.05388
2022-12-09 16:00:00,1.05395,1.05584,1.05191,1.05455
2022-12-09 20:00:00,1.05454,1.0556,1.05289,1.05349
2022-12-12 00:00:00,1.05259,1.0536,1.0506199999999999,1.05125
2022-12-12 04:00:00,1.05121,1.05202,1.05063,1.05163
2022-12-12 08:00:00,1.05163,1.05646,1.05088,1.05594
2022-12-12 12:00:00,1.05594,1.05776,1.05534,1.05715
2022-12-12 16:00:00,1.05716,1.058,1.05178,1.05341
2022-12-12 20:00:00,1.05342,1.05389,1.05106,1.05383
2022-12-13 00:00:00,1.05295,1.05496,1.05281,1.05465
2022-12-13 04:00:00,1.05466,1.05543,1.05313,1.05512
2022-12-13 08:00:00,1.05516,1.05608,1.05312,1.05434
2022-12-13 12:00:00,1.05434,1.06616,1.0528,1.06464
2022-12-13 16:00:00,1.0647,1.0673300000000001,1.06109,1.06146
2022-12-13 20:00:00,1.06146,1.0641,1.06104,1.06324
2022-12-14 00:00:00,1.06317,1.06391,1.0621,1.06346
2022-12-14 04:00:00,1.06347,1.06386,1.06199,1.0626
2022-12-14 08:00:00,1.0626,1.0665,1.0619,1.06622
2022-12-14 12:00:00,1.06622,1.06719,1.06364,1.06466
2022-12-14 16:00:00,1.06466,1.06677,1.06318,1.06514
2022-12-14 20:00:00,1.06514,1.06952,1.06214,1.06816
2022-12-15 00:00:00,1.0682,1.06828,1.06598,1.06626
2022-12-15 04:00:00,1.06628,1.06652,1.06458,1.06586
2022-12-15 08:00:00,1.06586,1.0661100000000001,1.06057,1.06218
2022-12-15 12:00:00,1.06218,1.06679,1.06068,1.06526
2022-12-15 16:00:00,1.06525,1.07366,1.05929,1.05991
2022-12-15 20:00:00,1.05999,1.06382,1.05923,1.06263
2022-12-16 00:00:00,1.06233,1.0647199999999999,1.0619,1.06419
2022-12-16 04:00:00,1.06419,1.06625,1.06407,1.06456
2022-12-16 08:00:00,1.06452,1.06629,1.06101,1.06118
2022-12-16 12:00:00,1.06118,1.06396,1.06094,1.06341
2022-12-16 16:00:00,1.06342,1.06486,1.05978,1.06052
2022-12-16 20:00:00,1.06052,1.06172,1.0585,1.05856
2022-12-19 00:00:00,1.05894,1.06066,1.05821,1.06064
2022-12-19 04:00:00,1.06064,1.06132,1.06014,1.06075
2022-12-19 08:00:00,1.06075,1.0658,1.06036,1.06176
2022-12-19 12:00:00,1.06187,1.06352,1.05974,1.06062
2022-12-19 16:00:00,1.06062,1.06312,1.05759,1.0625
2022-12-19 20:00:00,1.0625,1.06264,1.06008,1.06073
2022-12-20 00:00:00,1.0605,1.06128,1.05978,1.06054
2022-12-20 04:00:00,1.06054,1.06522,1.0579,1.05866
2022-12-20 08:00:00,1.05866,1.0638,1.0583,1.0637
2022-12-20 12:00:00,1.06365,1.0646,1.05942,1.06157
2022-12-20 16:00:00,1.06156,1.06586,1.05983,1.0615
2022-12-20 20:00:00,1.06148,1.06292,1.05993,1.06232
2022-12-21 00:00:00,1.0624,1.06283,1.06138,1.06199
2022-12-21 04:00:00,1.06198,1.0626,1.0607,1.06176
2022-12-21 08:00:00,1.06175,1.06374,1.06097,1.06148
2022-12-21 12:00:00,1.06146,1.06452,1.06046,1.06286
2022-12-21 16:00:00,1.06286,1.06333,1.05904,1.06005
2022-12-21 20:00:00,1.06007,1.062,1.05932,1.06038
2022-12-22 00:00:00,1.06046,1.063,1.06033,1.06296
2022-12-22 04:00:00,1.06294,1.06484,1.06256,1.06402
2022-12-22 08:00:00,1.064,1.0659399999999999,1.06263,1.06464
2022-12-22 12:00:00,1.06464,1.06564,1.06037,1.06112
2022-12-22 16:00:00,1.06112,1.06186,1.05822,1.05844
2022-12-22 20:00:00,1.05842,1.06034,1.05733,1.05983
2022-12-23 00:00:00,1.05938,1.06042,1.05867,1.0602
2022-12-23 04:00:00,1.0602,1.06123,1.0602,1.06036
2022-12-23 08:00:00,1.06037,1.06304,1.05962,1.06098
2022-12-23 12:00:00,1.06099,1.06331,1.0594999999999999,1.0608
2022-12-23 16:00:00,1.06078,1.06321,1.05924,1.06203
2022-12-23 20:00:00,1.06202,1.06232,1.06059,1.0616
2022-12-27 00:00:00,1.06354,1.06532,1.06281,1.0652
2022-12-27 04:00:00,1.0652,1.06605,1.06355,1.06554
2022-12-27 08:00:00,1.06556,1.0668,1.06383,1.06605
2022-12-27 12:00:00,1.06605,1.06695,1.06196,1.06276
2022-12-27 16:00:00,1.06272,1.06606,1.06115,1.06376
2022-12-27 20:00:00,1.06376,1.06565,1.0636,1.0639
2022-12-28 00:00:00,1.06395,1.06432,1.0625,1.0642
2022-12-28 04:00:00,1.06421,1.0647199999999999,1.06322,1.06462
2022-12-28 08:00:00,1.06464,1.06548,1.0628,1.06372
2022-12-28 12:00:00,1.06372,1.06578,1.06295,1.06418
2022-12-28 16:00:00,1.06418,1.06746,1.06116,1.06291
2022-12-28 20:00:00,1.06292,1.06358,1.06068,1.06125
2022-12-29 00:00:00,1.06117,1.06374,1.06054,1.06282
2022-12-29 04:00:00,1.06285,1.06329,1.06192,1.06248
2022-12-29 08:00:00,1.06249,1.06584,1.06112,1.06564
2022-12-29 12:00:00,1.06564,1.0667200000000001,1.06318,1.0655000000000001
2022-12-29 16:00:00,1.06554,1.06905,1.06366,1.0682
2022-12-29 20:00:00,1.06821,1.06836,1.06604,1.06621
2022-12-30 00:00:00,1.06608,1.06696,1.06546,1.06606
2022-12-30 04:00:00,1.06604,1.06634,1.06426,1.06437
2022-12-30 08:00:00,1.06434,1.06747,1.06389,1.06549
2022-12-30 12:00:00,1.06547,1.06987,1.06454,1.06689
2022-12-30 16:00:00,1.0669,1.07114,1.0659399999999999,1.07108
2022-12-30 20:00:00,1.07112,1.07132,1.06924,1.07007
2023-01-02 00:00:00,1.0695000000000001,1.07092,1.0685,1.06984
2023-01-02 04:00:00,1.06984,1.07044,1.0688,1.06972
2023-01-02 08:00:00,1.06972,1.07002,1.06638,1.06789
2023-01-02 12:00:00,1.06789,1.06898,1.0675,1.06786
2023-01-02 16:00:00,1.06788,1.06821,1.06516,1.06604
2023-01-02 20:00:00,1.06604,1.06744,1.06508,1.066
2023-01-03 00:00:00,1.0665,1.06836,1.06502,1.06601
2023-01-03 04:00:00,1.066,1.06804,1.06578,1.06638
2023-01-03 08:00:00,1.06638,1.06679,1.05341,1.05478
2023-01-03 12:00:00,1.05478,1.05699,1.05196,1.05604
2023-01-03 16:00:00,1.05602,1.05972,1.05375,1.05464
2023-01-03 20:00:00,1.0546,1.05688,1.05432,1.05488
2023-01-04 00:00:00,1.05444,1.05696,1.05409,1.0567
2023-01-04 04:00:00,1.05669,1.05786,1.05617,1.05693
2023-01-04 08:00:00,1.05694,1.06353,1.05598,1.06107
2023-01-04 12:00:00,1.06108,1.06245,1.0594999999999999,1.06107
2023-01-04 16:00:00,1.06108,1.06284,1.05814,1.06074
2023-01-04 20:00:00,1.06074,1.06128,1.05852,1.06041
2023-01-05 00:00:00,1.0603,1.06314,1.05999,1.06204
2023-01-05 04:00:00,1.06203,1.06204,1.06018,1.06106
2023-01-05 08:00:00,1.0611,1.06291,1.05905,1.06234
2023-01-05 12:00:00,1.06238,1.0626,1.05515,1.05525
2023-01-05 16:00:00,1.05525,1.05674,1.05151,1.053
2023-01-05 20:00:00,1.053,1.05433,1.05157,1.05217
2023-01-06 00:00:00,1.05224,1.05328,1.05187,1.05253
2023-01-06 04:00:00,1.05252,1.05366,1.05111,1.05146
2023-01-06 08:00:00,1.0515,1.0531,1.04966,1.05075
2023-01-06 12:00:00,1.05076,1.05452,1.04834,1.05427
2023-01-06 16:00:00,1.05425,1.06381,1.05012,1.06376
2023-01-06 20:00:00,1.0637699999999999,1.06481,1.06296,1.06437
2023-01-09 00:00:00,1.06399,1.06724,1.06371,1.06668
2023-01-09 04:00:00,1.06669,1.0683,1.06662,1.06772
2023-01-09 08:00:00,1.06774,1.06996,1.06602,1.06722
2023-01-09 12:00:00,1.06724,1.0731600000000001,1.06617,1.07252
2023-01-09 16:00:00,1.07252,1.07606,1.07116,1.07502
2023-01-09 20:00:00,1.07502,1.07541,1.07302,1.07326
2023-01-10 00:00:00,1.07278,1.07398,1.07207,1.07362
2023-01-10 04:00:00,1.07362,1.07442,1.07214,1.07427
2023-01-10 08:00:00,1.07426,1.07517,1.0722,1.0746
2023-01-10 12:00:00,1.0746,1.07461,1.0712,1.07216
2023-01-10 16:00:00,1.07218,1.07594,1.07217,1.07334
2023-01-10 20:00:00,1.0733,1.07442,1.07278,1.07343
2023-01-11 00:00:00,1.07329,1.07454,1.07254,1.0731
2023-01-11 04:00:00,1.07306,1.0757,1.07266,1.07478
2023-01-11 08:00:00,1.07478,1.07574,1.07254,1.07415
2023-01-11 12:00:00,1.07416,1.07552,1.07282,1.07498
2023-01-11 16:00:00,1.07498,1.07764,1.07362,1.07468
2023-01-11 20:00:00,1.07468,1.07678,1.07348,1.07565
2023-01-12 00:00:00,1.07574,1.07746,1.07491,1.07668
2023-01-12 04:00:00,1.0766499999999999,1.07752,1.07614,1.07628
2023-01-12 08:00:00,1.07627,1.07735,1.07428,1.07654
2023-01-12 12:00:00,1.07654,1.08388,1.07275,1.08291
2023-01-12 16:00:00,1.08292,1.08488,1.0752,1.08488
2023-01-12 20:00:00,1.08488,1.08669,1.08396,1.08511
2023-01-13 00:00:00,1.08405,1.0868,1.08396,1.08557
2023-01-13 04:00:00,1.08558,1.08562,1.08316,1.08372
2023-01-13 08:00:00,1.08376,1.08644,1.08331,1.08425
2023-01-13 12:00:00,1.08425,1.08518,1.07928,1.07936
2023-01-13 16:00:00,1.07938,1.08386,1.07804,1.0828
2023-01-13 20:00:00,1.08282,1.08358,1.0818,1.0833
2023-01-16 00:00:00,1.08286,1.08722,1.08205,1.0868
2023-01-16 04:00:00,1.08681,1.08742,1.0851,1.08605
2023-01-16 08:00:00,1.08605,1.08606,1.08016,1.08211
2023-01-16 12:00:00,1.08211,1.08366,1.08061,1.08158
2023-01-16 16:00:00,1.08158,1.08292,1.08118,1.08138
2023-01-16 20:00:00,1.08138,1.0824799999999999,1.08109,1.08223
2023-01-17 00:00:00,1.08216,1.08338,1.08141,1.08174
2023-01-17 04:00:00,1.08172,1.0833,1.08064,1.08312
2023-01-17 08:00:00,1.0831,1.08386,1.0811,1.08176
2023-01-17 12:00:00,1.08176,1.0858,1.08092,1.08426
2023-01-17 16:00:00,1.08426,1.08694,1.07748,1.07822
2023-01-17 20:00:00,1.07823,1.08038,1.07799,1.07883
2023-01-18 00:00:00,1.07882,1.07963,1.07825,1.07962
2023-01-18 04:00:00,1.07962,1.07994,1.07662,1.07798
2023-01-18 08:00:00,1.07797,1.08716,1.07796,1.087
2023-01-18 12:00:00,1.08702,1.08702,1.0812,1.08584
2023-01-18 16:00:00,1.08584,1.08876,1.07876,1.0796000000000001
2023-01-18 20:00:00,1.0796000000000001,1.07992,1.0787,1.07944
2023-01-19 00:00:00,1.07929,1.07985,1.07827,1.0788
2023-01-19 04:00:00,1.07882,1.08056,1.07825,1.07918
2023-01-19 08:00:00,1.07918,1.08295,1.07826,1.08249
2023-01-19 12:00:00,1.0825,1.08384,1.07958,1.08097
2023-01-19 16:00:00,1.08097,1.08252,1.0784,1.08164
2023-01-19 20:00:00,1.08164,1.084,1.08134,1.0831
2023-01-20 00:00:00,1.08306,1.08442,1.08275,1.08364
2023-01-20 04:00:00,1.08363,1.08442,1.08252,1.08353
2023-01-20 08:00:00,1.08353,1.0859,1.08214,1.0831
2023-01-20 12:00:00,1.08311,1.08474,1.08024,1.08067
2023-01-20 16:00:00,1.08068,1.0848,1.08046,1.08438
2023-01-20 20:00:00,1.08438,1.08585,1.08339,1.08562
2023-01-23 00:00:00,1.08681,1.08996,1.08601,1.08949
2023-01-23 04:00:00,1.08949,1.0903100000000001,1.08891,1.08923
2023-01-23 08:00:00,1.08922,1.09268,1.08874,1.09116
2023-01-23 12:00:00,1.09116,1.09154,1.08533,1.08589
2023-01-23 16:00:00,1.08588,1.08759,1.08462,1.08624
2023-01-23 20:00:00,1.08624,1.0873,1.08476,1.08714
2023-01-24 00:00:00,1.0871,1.08824,1.08678,1.08809
2023-01-24 04:00:00,1.08809,1.0883,1.08694,1.08784
2023-01-24 08:00:00,1.08784,1.0898,1.0852,1.08608
2023-01-24 12:00:00,1.08608,1.08808,1.08521,1.08659
2023-01-24 16:00:00,1.08658,1.0887,1.08352,1.08833
2023-01-24 20:00:00,1.08834,1.08888,1.0874,1.08882
2023-01-25 00:00:00,1.0885,1.08942,1.08786,1.0893
2023-01-25 04:00:00,1.0893,1.09028,1.08919,1.08975
2023-01-25 08:00:00,1.08976,1.09112,1.0868,1.08814
2023-01-25 12:00:00,1.08814,1.0885,1.08572,1.0872
2023-01-25 16:00:00,1.0872,1.09236,1.08686,1.08993
2023-01-25 20:00:00,1.08996,1.09178,1.08996,1.09152
2023-01-26 00:00:00,1.09149,1.0924800000000001,1.09069,1.09192
2023-01-26 04:00:00,1.09192,1.09218,1.09091,1.09186
2023-01-26 08:00:00,1.09184,1.09296,1.08926,1.08956
2023-01-26 12:00:00,1.08958,1.09084,1.08729,1.09026
2023-01-26 16:00:00,1.09026,1.09176,1.08507,1.08647
2023-01-26 20:00:00,1.08647,1.08948,1.08636,1.08912
2023-01-27 00:00:00,1.08923,1.09004,1.08862,1.08896
2023-01-27 04:00:00,1.08896,1.089,1.08658,1.08738
2023-01-27 08:00:00,1.08738,1.08923,1.08657,1.08838
2023-01-27 12:00:00,1.08838,1.08954,1.08594,1.08622
2023-01-27 16:00:00,1.08622,1.08791,1.08379,1.08666
2023-01-27 20:00:00,1.08664,1.08729,1.08564,1.08688
2023-01-30 00:00:00,1.08623,1.08754,1.08576,1.08737
2023-01-30 04:00:00,1.08737,1.08796,1.08645,1.08693
2023-01-30 08:00:00,1.08693,1.09041,1.08531,1.09019
2023-01-30 12:00:00,1.09019,1.09138,1.08862,1.08863
2023-01-30 16:00:00,1.08864,1.08998,1.08576,1.0858
2023-01-30 20:00:00,1.08577,1.08608,1.08393,1.08519
2023-01-31 00:00:00,1.08464,1.08603,1.08464,1.08577
2023-01-31 04:00:00,1.08578,1.08592,1.0833,1.08348
2023-01-31 08:00:00,1.08352,1.08498,1.08022,1.08298
2023-01-31 12:00:00,1.08297,1.08634,1.0820400000000001,1.08512
2023-01-31 16:00:00,1.08512,1.08678,1.08336,1.08654
2023-01-31 20:00:00,1.08654,1.0875,1.086,1.08621
2023-02-01 00:00:00,1.08605,1.08657,1.08571,1.08574
2023-02-01 04:00:00,1.08574,1.08751,1.08524,1.08717
2023-02-01 08:00:00,1.08716,1.08886,1.0866,1.08836
2023-02-01 12:00:00,1.08808,1.091,1.08796,1.0904
2023-02-01 16:00:00,1.09042,1.09247,1.08897,1.0908
2023-02-01 20:00:00,1.09082,1.10006,1.08888,1.09901
2023-02-02 00:00:00,1.09882,1.10329,1.09849,1.10134
2023-02-02 04:00:00,1.10132,1.10256,1.10122,1.10201
2023-02-02 08:00:00,1.10202,1.10218,1.0989,1.09988
2023-02-02 12:00:00,1.0999,1.10044,1.09442,1.09454
2023-02-02 16:00:00,1.09453,1.09665,1.08854,1.09086
2023-02-02 20:00:00,1.09091,1.09228,1.09054,1.09108
2023-02-03 00:00:00,1.09091,1.09115,1.08912,1.08938
2023-02-03 04:00:00,1.08939,1.08986,1.08874,1.08938
2023-02-03 08:00:00,1.08938,1.0931,1.08821,1.09301
2023-02-03 12:00:00,1.09299,1.09401,1.08267,1.08398
2023-02-03 16:00:00,1.08396,1.08762,1.08092,1.08247
2023-02-03 20:00:00,1.08246,1.0824799999999999,1.07926,1.0794
2023-02-06 00:00:00,1.07824,1.07986,1.07815,1.07851
2023-02-06 04:00:00,1.0785,1.0799,1.07823,1.07968
2023-02-06 08:00:00,1.07968,1.0798,1.07652,1.07667
2023-02-06 12:00:00,1.0767,1.07833,1.07568,1.07581
2023-02-06 16:00:00,1.0758,1.07662,1.07095,1.07132
2023-02-06 20:00:00,1.07132,1.07373,1.07102,1.07257
2023-02-07 00:00:00,1.0725500000000001,1.07428,1.07204,1.07412
2023-02-07 04:00:00,1.07412,1.07428,1.07287,1.07404
2023-02-07 08:00:00,1.07402,1.0743800000000001,1.06972,1.0711
2023-02-07 12:00:00,1.0711,1.07227,1.06859,1.06953
2023-02-07 16:00:00,1.06954,1.07664,1.06692,1.07603
2023-02-07 20:00:00,1.07598,1.07623,1.06874,1.07278
2023-02-08 00:00:00,1.0723,1.07352,1.07226,1.07264
2023-02-08 04:00:00,1.07264,1.0735,1.07239,1.07338
2023-02-08 08:00:00,1.07338,1.07609,1.0724,1.07552
2023-02-08 12:00:00,1.07552,1.07558,1.07258,1.0731600000000001
2023-02-08 16:00:00,1.07318,1.07432,1.0714,1.07284
2023-02-08 20:00:00,1.07284,1.07392,1.07094,1.07141
2023-02-09 00:00:00,1.071,1.0726,1.07069,1.07248
2023-02-09 04:00:00,1.07248,1.07382,1.0723799999999999,1.07356
2023-02-09 08:00:00,1.07358,1.07688,1.07242,1.07636
2023-02-09 12:00:00,1.07636,1.079,1.07589,1.07897
2023-02-09 16:00:00,1.0789900000000001,1.07907,1.0739,1.07486
2023-02-09 20:00:00,1.07487,1.07487,1.07315,1.07386
2023-02-10 00:00:00,1.07344,1.07422,1.07258,1.07336
2023-02-10 04:00:00,1.07332,1.07343,1.07174,1.07259
2023-02-10 08:00:00,1.07261,1.07528,1.07042,1.07066
2023-02-10 12:00:00,1.07066,1.07114,1.06814,1.06958
2023-02-10 16:00:00,1.06958,1.0707,1.06664,1.06682
2023-02-10 20:00:00,1.06682,1.0681,1.06678,1.06772
2023-02-13 00:00:00,1.06807,1.06807,1.06556,1.06671
2023-02-13 04:00:00,1.0667200000000001,1.06711,1.06605,1.06696
2023-02-13 08:00:00,1.06696,1.06897,1.06632,1.06771
2023-02-13 12:00:00,1.06771,1.06966,1.06731,1.06806
2023-02-13 16:00:00,1.06806,1.07274,1.06764,1.07183
2023-02-13 20:00:00,1.07184,1.073,1.07117,1.07252
2023-02-14 00:00:00,1.07178,1.0737,1.07176,1.07288
2023-02-14 04:00:00,1.07288,1.07398,1.07254,1.07384
2023-02-14 08:00:00,1.07384,1.07669,1.07288,1.07612
2023-02-14 12:00:00,1.07614,1.08041,1.0721,1.07606
2023-02-14 16:00:00,1.07607,1.07718,1.07068,1.07278
2023-02-14 20:00:00,1.07277,1.07455,1.07233,1.07359
2023-02-15 00:00:00,1.07355,1.07445,1.07329,1.07398
2023-02-15 04:00:00,1.07396,1.07398,1.07136,1.07152
2023-02-15 08:00:00,1.07152,1.0729899999999999,1.07001,1.07258
2023-02-15 12:00:00,1.07258,1.0733,1.06738,1.06829
2023-02-15 16:00:00,1.0683,1.06892,1.06618,1.06671
2023-02-15 20:00:00,1.0667,1.06914,1.06606,1.06869
2023-02-16 00:00:00,1.06875,1.07081,1.06825,1.0705
2023-02-16 04:00:00,1.0705,1.0715,1.0701100000000001,1.07055
2023-02-16 08:00:00,1.07055,1.07226,1.0689,1.07005
2023-02-16 12:00:00,1.07004,1.07129,1.067,1.06793
2023-02-16 16:00:00,1.0679400000000001,1.06962,1.06546,1.06928
2023-02-16 20:00:00,1.06926,1.06976,1.06692,1.06728
2023-02-17 00:00:00,1.06705,1.06741,1.06522,1.06535
2023-02-17 04:00:00,1.06534,1.06558,1.06329,1.06384
2023-02-17 08:00:00,1.06385,1.06614,1.06296,1.0637
2023-02-17 12:00:00,1.06368,1.06448,1.06128,1.06412
2023-02-17 16:00:00,1.06412,1.06938,1.0637,1.06786
2023-02-17 20:00:00,1.06788,1.06984,1.06776,1.06937
2023-02-20 00:00:00,1.06851,1.06924,1.06732,1.06761
2023-02-20 04:00:00,1.0676,1.06932,1.06756,1.06909
2023-02-20 08:00:00,1.06906,1.07047,1.06792,1.0679400000000001
2023-02-20 12:00:00,1.06796,1.06922,1.06704,1.06805
2023-02-20 16:00:00,1.06804,1.0694,1.06784,1.06856
2023-02-20 20:00:00,1.06856,1.06874,1.06824,1.06848
2023-02-21 00:00:00,1.06855,1.06886,1.06674,1.06738
2023-02-21 04:00:00,1.06738,1.06752,1.06624,1.06738
2023-02-21 08:00:00,1.06737,1.06885,1.0643,1.06632
2023-02-21 12:00:00,1.06632,1.06698,1.06458,1.06532
2023-02-21 16:00:00,1.0653,1.06983,1.06441,1.06608
2023-02-21 20:00:00,1.06608,1.06615,1.06376,1.06461
2023-02-22 00:00:00,1.06421,1.06642,1.06421,1.06578
2023-02-22 04:00:00,1.06577,1.06628,1.06513,1.06576
2023-02-22 08:00:00,1.06576,1.06635,1.06358,1.06376
2023-02-22 12:00:00,1.06376,1.06504,1.06248,1.06464
2023-02-22 16:00:00,1.06462,1.06602,1.06172,1.06283
2023-02-22 20:00:00,1.06282,1.06362,1.05992,1.06049
2023-02-23 00:00:00,1.06032,1.06218,1.06027,1.06197
2023-02-23 04:00:00,1.06197,1.06248,1.06145,1.06225
2023-02-23 08:00:00,1.06226,1.06278,1.05875,1.0591
2023-02-23 12:00:00,1.05911,1.0621,1.05859,1.06076
2023-02-23 16:00:00,1.06079,1.06166,1.05772,1.05852
2023-02-23 20:00:00,1.05853,1.06033,1.0581,1.05943
2023-02-24 00:00:00,1.05944,1.06143,1.0591,1.06014
2023-02-24 04:00:00,1.06014,1.06064,1.05948,1.05975
2023-02-24 08:00:00,1.05976,1.06024,1.05799,1.05858
2023-02-24 12:00:00,1.05857,1.05961,1.05436,1.05539
2023-02-24 16:00:00,1.05539,1.05608,1.05362,1.05472
2023-02-24 20:00:00,1.05472,1.05555,1.0544,1.05458
2023-02-27 00:00:00,1.05429,1.05594,1.05418,1.05593
2023-02-27 04:00:00,1.05588,1.056,1.05389,1.05394
2023-02-27 08:00:00,1.05395,1.05614,1.05329,1.05511
2023-02-27 12:00:00,1.05511,1.05833,1.05487,1.05829
2023-02-27 16:00:00,1.05832,1.06198,1.0576,1.06013
2023-02-27 20:00:00,1.06013,1.06129,1.05988,1.06088
2023-02-28 00:00:00,1.06091,1.0615,1.05862,1.05867
2023-02-28 04:00:00,1.05868,1.05988,1.0582,1.05846
2023-02-28 08:00:00,1.0584500000000001,1.0625499999999999,1.0582,1.06061
2023-02-28 12:00:00,1.06063,1.0632,1.06058,1.06314
2023-02-28 16:00:00,1.06313,1.06453,1.05952,1.06056
2023-02-28 20:00:00,1.06054,1.06067,1.05739,1.05755
2023-03-01 00:00:00,1.0575,1.05852,1.05653,1.05844
2023-03-01 04:00:00,1.0584500000000001,1.05956,1.05815,1.05909
2023-03-01 08:00:00,1.05909,1.06576,1.05893,1.06425
2023-03-01 12:00:00,1.0642,1.06914,1.064,1.06714
2023-03-01 16:00:00,1.06706,1.06796,1.06436,1.06654
2023-03-01 20:00:00,1.06653,1.06712,1.06464,1.0669
2023-03-02 00:00:00,1.06653,1.06729,1.06467,1.06513
2023-03-02 04:00:00,1.06514,1.06569,1.06372,1.06414
2023-03-02 08:00:00,1.06415,1.06448,1.06192,1.06242
2023-03-02 12:00:00,1.06244,1.06317,1.05822,1.0586
2023-03-02 16:00:00,1.05859,1.06146,1.0576699999999999,1.05798
2023-03-02 20:00:00,1.05798,1.06065,1.05766,1.05971
2023-03-03 00:00:00,1.05954,1.06144,1.0594999999999999,1.06084
2023-03-03 04:00:00,1.06086,1.06148,1.0602,1.06092
2023-03-03 08:00:00,1.06092,1.06292,1.06074,1.061
2023-03-03 12:00:00,1.06099,1.06296,1.06005,1.06224
2023-03-03 16:00:00,1.06225,1.06295,1.05884,1.06248
2023-03-03 20:00:00,1.06248,1.06387,1.062,1.06341
2023-03-06 00:00:00,1.06239,1.06382,1.06211,1.06366
2023-03-06 04:00:00,1.06365,1.06501,1.06281,1.06484
2023-03-06 08:00:00,1.06486,1.06574,1.06282,1.06293
2023-03-06 12:00:00,1.06293,1.06583,1.06222,1.06546
2023-03-06 16:00:00,1.06546,1.06944,1.06503,1.06852
2023-03-06 20:00:00,1.06851,1.0686,1.06684,1.06828
2023-03-07 00:00:00,1.0679400000000001,1.0688900000000001,1.06744,1.06866
2023-03-07 04:00:00,1.06865,1.06934,1.06816,1.06854
2023-03-07 08:00:00,1.06853,1.06947,1.06556,1.06568
2023-03-07 12:00:00,1.06568,1.0672,1.06502,1.06564
2023-03-07 16:00:00,1.06563,1.06612,1.05658,1.05672
2023-03-07 20:00:00,1.05673,1.05738,1.05461,1.05493
2023-03-08 00:00:00,1.0549,1.05529,1.05422,1.05448
2023-03-08 04:00:00,1.05448,1.05471,1.05243,1.05311
2023-03-08 08:00:00,1.05311,1.05486,1.05305,1.05356
2023-03-08 12:00:00,1.05356,1.05492,1.05341,1.05412
2023-03-08 16:00:00,1.05413,1.05738,1.05293,1.05452
2023-03-08 20:00:00,1.05452,1.05506,1.05399,1.05438
2023-03-09 00:00:00,1.05439,1.05534,1.05375,1.05407
2023-03-09 04:00:00,1.05407,1.05556,1.05394,1.05524
2023-03-09 08:00:00,1.05524,1.05697,1.05482,1.05586
2023-03-09 12:00:00,1.05586,1.05815,1.05526,1.05742
2023-03-09 16:00:00,1.05741,1.05864,1.05638,1.05772
2023-03-09 20:00:00,1.05768,1.05913,1.05725,1.05823
2023-03-10 00:00:00,1.05778,1.05993,1.05775,1.05946
2023-03-10 04:00:00,1.05948,1.05985,1.05796,1.05866
2023-03-10 08:00:00,1.05866,1.06066,1.0574,1.05815
2023-03-10 12:00:00,1.05814,1.06442,1.05783,1.06218
2023-03-10 16:00:00,1.06218,1.07006,1.06121,1.06686
2023-03-10 20:00:00,1.06686,1.06728,1.06361,1.06395
2023-03-13 00:00:00,1.0681,1.07043,1.0675,1.06816
2023-03-13 04:00:00,1.06816,1.07367,1.06639,1.07178
2023-03-13 08:00:00,1.07179,1.07372,1.07041,1.07075
2023-03-13 12:00:00,1.07074,1.07074,1.06504,1.06963
2023-03-13 16:00:00,1.06965,1.07426,1.06855,1.07396
2023-03-13 20:00:00,1.07393,1.07486,1.07212,1.0731600000000001
2023-03-14 00:00:00,1.07304,1.07322,1.07115,1.0719
2023-03-14 04:00:00,1.0719,1.07212,1.06982,1.07027
2023-03-14 08:00:00,1.07025,1.07156,1.06789,1.07064
2023-03-14 12:00:00,1.07064,1.07486,1.06913,1.07356
2023-03-14 16:00:00,1.07354,1.07436,1.0698,1.07173
2023-03-14 20:00:00,1.07173,1.07496,1.07173,1.07332
2023-03-15 00:00:00,1.07326,1.07366,1.07252,1.0734
2023-03-15 04:00:00,1.0734,1.07599,1.07312,1.07447
2023-03-15 08:00:00,1.07449,1.07463,1.07269,1.07315
2023-03-15 12:00:00,1.07315,1.07329,1.05525,1.05568
2023-03-15 16:00:00,1.05563,1.05648,1.05162,1.05422
2023-03-15 20:00:00,1.05422,1.05924,1.05421,1.05758
2023-03-16 00:00:00,1.05769,1.05981,1.0573,1.05899
2023-03-16 04:00:00,1.05896,1.06033,1.05862,1.06026
2023-03-16 08:00:00,1.06026,1.06356,1.05929,1.06125
2023-03-16 12:00:00,1.06126,1.0621,1.0576,1.05878
2023-03-16 16:00:00,1.05879,1.06264,1.05511,1.06186
2023-03-16 20:00:00,1.06187,1.06207,1.05916,1.06138
2023-03-17 00:00:00,1.06082,1.06204,1.06047,1.06184
2023-03-17 04:00:00,1.06181,1.06493,1.06144,1.06492
2023-03-17 08:00:00,1.06493,1.06698,1.06444,1.06523
2023-03-17 12:00:00,1.06523,1.06598,1.06122,1.0626
2023-03-17 16:00:00,1.06266,1.06758,1.06171,1.06675
2023-03-17 20:00:00,1.06676,1.06854,1.06587,1.06647
2023-03-20 00:00:00,1.06884,1.0689,1.06662,1.06809
2023-03-20 04:00:00,1.06809,1.0689899999999999,1.06647,1.06697
2023-03-20 08:00:00,1.06698,1.06811,1.06313,1.06612
2023-03-20 12:00:00,1.06614,1.07177,1.06498,1.07052
2023-03-20 16:00:00,1.0705,1.07308,1.0703,1.07254
2023-03-20 20:00:00,1.07254,1.07284,1.07141,1.07237
2023-03-21 00:00:00,1.07181,1.07259,1.07154,1.07175
2023-03-21 04:00:00,1.07175,1.07222,1.07097,1.07122
2023-03-21 08:00:00,1.07122,1.07387,1.0704,1.07298
2023-03-21 12:00:00,1.07294,1.0784799999999999,1.07248,1.07812
2023-03-21 16:00:00,1.07812,1.07884,1.07608,1.07676
2023-03-21 20:00:00,1.0768,1.07744,1.07565,1.07698
2023-03-22 00:00:00,1.07662,1.07761,1.0766,1.07679
2023-03-22 04:00:00,1.07679,1.07769,1.07653,1.07688
2023-03-22 08:00:00,1.07688,1.0783,1.07591,1.07802
2023-03-22 12:00:00,1.07802,1.08002,1.07758,1.0782
2023-03-22 16:00:00,1.07819,1.08005,1.07756,1.0799
2023-03-22 20:00:00,1.07991,1.09124,1.0789900000000001,1.08551
2023-03-23 00:00:00,1.08555,1.08836,1.08555,1.08836
2023-03-23 04:00:00,1.08835,1.09056,1.08791,1.09038
2023-03-23 08:00:00,1.09038,1.093,1.08912,1.08998
2023-03-23 12:00:00,1.09004,1.09036,1.08668,1.08733
2023-03-23 16:00:00,1.08733,1.0908,1.08731,1.08956
2023-03-23 20:00:00,1.08954,1.08954,1.08243,1.08327
2023-03-24 00:00:00,1.08273,1.0838700000000001,1.08246,1.0832600000000001
2023-03-24 04:00:00,1.0832600000000001,1.08353,1.08173,1.08343
2023-03-24 08:00:00,1.08343,1.08371,1.07682,1.078
2023-03-24 12:00:00,1.078,1.07907,1.07132,1.07494
2023-03-24 16:00:00,1.07493,1.07675,1.07416,1.07572
2023-03-24 20:00:00,1.07573,1.07676,1.07541,1.07587
2023-03-27 00:00:00,1.0775,1.07798,1.07609,1.07611
2023-03-27 04:00:00,1.07611,1.07748,1.07578,1.07679
2023-03-27 08:00:00,1.07679,1.07821,1.0745,1.07668
2023-03-27 12:00:00,1.07667,1.07809,1.07566,1.0773
2023-03-27 16:00:00,1.07732,1.07949,1.07703,1.07911
2023-03-27 20:00:00,1.07912,1.08,1.07861,1.07987
2023-03-28 00:00:00,1.0796000000000001,1.08182,1.07939,1.08158
2023-03-28 04:00:00,1.0816,1.08194,1.08101,1.08121
2023-03-28 08:00:00,1.08121,1.08341,1.08062,1.08124
2023-03-28 12:00:00,1.08122,1.0847,1.08104,1.08394
2023-03-28 16:00:00,1.0839,1.0846,1.08164,1.0842
2023-03-28 20:00:00,1.0842,1.08486,1.08356,1.0846
2023-03-29 00:00:00,1.08424,1.08477,1.08364,1.08472
2023-03-29 04:00:00,1.08474,1.08496,1.08337,1.08376
2023-03-29 08:00:00,1.08382,1.08408,1.08178,1.08328
2023-03-29 12:00:00,1.08328,1.08713,1.0832,1.08537
2023-03-29 16:00:00,1.08536,1.08585,1.08236,1.08276
2023-03-29 20:00:00,1.08277,1.0848200000000001,1.08258,1.08445
2023-03-30 00:00:00,1.08433,1.08483,1.08355,1.08377
2023-03-30 04:00:00,1.08378,1.0841,1.08264,1.0839
2023-03-30 08:00:00,1.0839,1.08794,1.08236,1.08732
2023-03-30 12:00:00,1.08733,1.0911,1.0859,1.09102
2023-03-30 16:00:00,1.09101,1.09263,1.08945,1.09049
2023-03-30 20:00:00,1.0905,1.09078,1.08922,1.09056
2023-03-31 00:00:00,1.09056,1.09171,1.09022,1.09157
2023-03-31 04:00:00,1.09157,1.0925799999999999,1.0901399999999999,1.09033
2023-03-31 08:00:00,1.09032,1.09108,1.0873,1.08898
2023-03-31 12:00:00,1.08886,1.0896,1.08641,1.08873
2023-03-31 16:00:00,1.08873,1.09019,1.08576,1.08694
2023-03-31 20:00:00,1.08696,1.08712,1.08369,1.08415
2023-04-03 00:00:00,1.08397,1.08436,1.07987,1.0814
2023-04-03 04:00:00,1.08138,1.08169,1.07882,1.07929
2023-04-03 08:00:00,1.0793,1.08498,1.07892,1.0843
2023-04-03 12:00:00,1.08428,1.08779,1.08427,1.08651
2023-04-03 16:00:00,1.08654,1.09168,1.08645,1.08886
2023-04-03 20:00:00,1.08886,1.09083,1.088,1.09027
2023-04-04 00:00:00,1.08965,1.09099,1.08959,1.09012
2023-04-04 04:00:00,1.09012,1.09018,1.08878,1.08944
2023-04-04 08:00:00,1.08944,1.09381,1.08828,1.09172
2023-04-04 12:00:00,1.09171,1.0936,1.08868,1.08912
2023-04-04 16:00:00,1.08913,1.09733,1.08884,1.09462
2023-04-04 20:00:00,1.09462,1.09581,1.09436,1.09559
2023-04-05 00:00:00,1.09466,1.09696,1.09466,1.09607
2023-04-05 04:00:00,1.09608,1.09644,1.09535,1.09547
2023-04-05 08:00:00,1.09548,1.09674,1.0941,1.09512
2023-04-05 12:00:00,1.09512,1.0963,1.09349,1.09578
2023-04-05 16:00:00,1.09578,1.09669,1.08962,1.08968
2023-04-05 20:00:00,1.08968,1.09098,1.08912,1.09073
2023-04-06 00:00:00,1.09019,1.09106,1.0893,1.0894
2023-04-06 04:00:00,1.0894,1.08961,1.08846,1.08928
2023-04-06 08:00:00,1.08927,1.09173,1.08898,1.08996
2023-04-06 12:00:00,1.08994,1.09196,1.08895,1.08921
2023-04-06 16:00:00,1.08921,1.09376,1.0886,1.09342
2023-04-06 20:00:00,1.09342,1.09361,1.09169,1.09205
2023-04-07 00:00:00,1.092,1.09241,1.09142,1.09159
2023-04-07 04:00:00,1.09161,1.09217,1.09148,1.09148
2023-04-07 08:00:00,1.09148,1.09198,1.09116,1.09155
2023-04-07 12:00:00,1.09155,1.09218,1.08767,1.09038
2023-04-07 16:00:00,1.09038,1.09155,1.08934,1.09099
2023-04-07 20:00:00,1.09099,1.09105,1.08969,1.08986
2023-04-10 00:00:00,1.08974,1.09147,1.08974,1.09035
2023-04-10 04:00:00,1.09035,1.09068,1.08952,1.08963
2023-04-10 08:00:00,1.08963,1.09174,1.0891,1.09119
2023-04-10 12:00:00,1.09118,1.09166,1.08472,1.08489
2023-04-10 16:00:00,1.08489,1.08573,1.08313,1.08477
2023-04-10 20:00:00,1.0848200000000001,1.08632,1.0848200000000001,1.08605
2023-04-11 00:00:00,1.08577,1.0879,1.08532,1.08776
2023-04-11 04:00:00,1.08775,1.08878,1.08672,1.08825
2023-04-11 08:00:00,1.08826,1.09101,1.0881,1.0907
2023-04-11 12:00:00,1.09068,1.09268,1.09024,1.09121
2023-04-11 16:00:00,1.09124,1.09281,1.08976,1.08989
2023-04-11 20:00:00,1.08989,1.09171,1.08962,1.09131
2023-04-12 00:00:00,1.09113,1.09276,1.0909,1.09254
2023-04-12 04:00:00,1.09254,1.09288,1.09163,1.09256
2023-04-12 08:00:00,1.09256,1.09374,1.09159,1.09238
2023-04-12 12:00:00,1.09234,1.099,1.09198,1.09641
2023-04-12 16:00:00,1.09643,1.1,1.09582,1.09961
2023-04-12 20:00:00,1.09961,1.10002,1.09866,1.09915
2023-04-13 00:00:00,1.09913,1.10049,1.09879,1.10022
2023-04-13 04:00:00,1.10022,1.10036,1.09838,1.09899
2023-04-13 08:00:00,1.099,1.1025,1.09769,1.10147
2023-04-13 12:00:00,1.10144,1.10536,1.10083,1.1049
2023-04-13 16:00:00,1.10494,1.10677,1.10434,1.10558
2023-04-13 20:00:00,1.10558,1.10598,1.1044,1.1047
2023-04-14 00:00:00,1.10462,1.1059,1.10447,1.10544
2023-04-14 04:00:00,1.10545,1.10752,1.10531,1.1069
2023-04-14 08:00:00,1.10692,1.10759,1.1054,1.10592
2023-04-14 12:00:00,1.1059,1.10735,1.10186,1.10346
2023-04-14 16:00:00,1.10343,1.10365,1.09724,1.09778
2023-04-14 20:00:00,1.09775,1.09993,1.09752,1.09942
2023-04-17 00:00:00,1.09887,1.09938,1.09727,1.09728
2023-04-17 04:00:00,1.0973,1.09848,1.09618,1.09845
2023-04-17 08:00:00,1.09847,1.09998,1.09642,1.09649
2023-04-17 12:00:00,1.09647,1.0985,1.09517,1.09538
2023-04-17 16:00:00,1.09538,1.0957,1.0909200000000001,1.09118
2023-04-17 20:00:00,1.09118,1.09313,1.09118,1.09275
2023-04-18 00:00:00,1.09216,1.09291,1.09215,1.09253
2023-04-18 04:00:00,1.09253,1.0939,1.09236,1.09369
2023-04-18 08:00:00,1.09369,1.0983,1.09344,1.09811
2023-04-18 12:00:00,1.09811,1.0983,1.09544,1.09558
2023-04-18 16:00:00,1.0956,1.0971,1.0943,1.09703
2023-04-18 20:00:00,1.09703,1.09748,1.09672,1.0973600000000001
2023-04-19 00:00:00,1.09717,1.09828,1.09659,1.09827
2023-04-19 04:00:00,1.09825,1.0984099999999999,1.0965,1.09686
2023-04-19 08:00:00,1.09686,1.09724,1.09466,1.09556
2023-04-19 12:00:00,1.09558,1.09632,1.09174,1.09497
2023-04-19 16:00:00,1.09497,1.09794,1.09474,1.09657
2023-04-19 20:00:00,1.0965799999999999,1.09667,1.09518,1.0956
2023-04-20 00:00:00,1.09539,1.09593,1.09478,1.09568
2023-04-20 04:00:00,1.09567,1.09618,1.09496,1.09592
2023-04-20 08:00:00,1.09592,1.09784,1.09501,1.09714
2023-04-20 12:00:00,1.09714,1.09851,1.09335,1.09776
2023-04-20 16:00:00,1.09774,1.09898,1.09634,1.09672
2023-04-20 20:00:00,1.09672,1.09726,1.09564,1.09706
2023-04-21 00:00:00,1.0968,1.09718,1.09619,1.09702
2023-04-21 04:00:00,1.09702,1.09733,1.09588,1.09604
2023-04-21 08:00:00,1.09605,1.09722,1.09381,1.0959699999999999
2023-04-21 12:00:00,1.0959699999999999,1.0990199999999999,1.09491,1.0988
2023-04-21 16:00:00,1.09879,1.09938,1.09424,1.09792
2023-04-21 20:00:00,1.09784,1.09928,1.09722,1.09894
2023-04-24 00:00:00,1.09912,1.09962,1.09845,1.09947
2023-04-24 04:00:00,1.09947,1.0995,1.0979700000000001,1.09805
2023-04-24 08:00:00,1.09806,1.10096,1.0966,1.10087
2023-04-24 12:00:00,1.10088,1.1025,1.09993,1.10231
2023-04-24 16:00:00,1.1023,1.10369,1.10131,1.10339
2023-04-24 20:00:00,1.1034,1.1050200000000001,1.10336,1.10463
2023-04-25 00:00:00,1.10452,1.10664,1.10452,1.10592
2023-04-25 04:00:00,1.1059,1.10672,1.10508,1.10513
2023-04-25 08:00:00,1.10514,1.10566,1.10247,1.10398
2023-04-25 12:00:00,1.10398,1.1044100000000001,1.10096,1.10174
2023-04-25 16:00:00,1.10172,1.10188,1.09654,1.09681
2023-04-25 20:00:00,1.09682,1.09761,1.09642,1.09739
2023-04-26 00:00:00,1.09715,1.09804,1.09664,1.09783
2023-04-26 04:00:00,1.09782,1.09817,1.09684,1.09812
2023-04-26 08:00:00,1.09812,1.10432,1.09798,1.10418
2023-04-26 12:00:00,1.10418,1.10628,1.10314,1.10538
2023-04-26 16:00:00,1.10537,1.10954,1.1033,1.10411
2023-04-26 20:00:00,1.1041,1.10422,1.10324,1.1039
2023-04-27 00:00:00,1.10399,1.10476,1.10347,1.10457
2023-04-27 04:00:00,1.10458,1.1055,1.1039,1.10508
2023-04-27 08:00:00,1.10508,1.10635,1.10401,1.10529
2023-04-27 12:00:00,1.10521,1.10569,1.10009,1.1013
2023-04-27 16:00:00,1.10132,1.1027,1.09922,1.10086
2023-04-27 20:00:00,1.10086,1.10299,1.10056,1.10289
2023-04-28 00:00:00,1.10264,1.10393,1.10204,1.10345
2023-04-28 04:00:00,1.10345,1.10346,1.10084,1.1013600000000001
2023-04-28 08:00:00,1.10134,1.10364,1.09767,1.09912
2023-04-28 12:00:00,1.09914,1.09985,1.09625,1.09845
2023-04-28 16:00:00,1.09846,1.10451,1.09828,1.10311
2023-04-28 20:00:00,1.1031,1.10311,1.1012,1.10165
2023-05-01 00:00:00,1.10222,1.10266,1.10046,1.10057
2023-05-01 04:00:00,1.10056,1.10144,1.10008,1.10064
2023-05-01 08:00:00,1.10062,1.10089,1.09916,1.09923
2023-05-01 12:00:00,1.09923,1.10338,1.09884,1.10328
2023-05-01 16:00:00,1.10328,1.10356,1.09643,1.09676
2023-05-01 20:00:00,1.0967500000000001,1.0977,1.09654,1.09764
2023-05-02 00:00:00,1.09718,1.09792,1.09673,1.09791
2023-05-02 04:00:00,1.0979,1.09945,1.09785,1.09846
2023-05-02 08:00:00,1.09846,1.10068,1.09599,1.09717
2023-05-02 12:00:00,1.09735,1.09818,1.09481,1.09552
2023-05-02 16:00:00,1.09554,1.10032,1.0942,1.09999
2023-05-02 20:00:00,1.09999,1.1008,1.09947,1.09992
2023-05-03 00:00:00,1.09972,1.10206,1.09966,1.10173
2023-05-03 04:00:00,1.10174,1.103,1.1013,1.10218
2023-05-03 08:00:00,1.10218,1.1047,1.10144,1.10398
2023-05-03 12:00:00,1.10397,1.1047,1.10213,1.10385
2023-05-03 16:00:00,1.10387,1.10594,1.10291,1.1047
2023-05-03 20:00:00,1.1047,1.1092,1.10374,1.10623
2023-05-04 00:00:00,1.10591,1.10874,1.10542,1.1076
2023-05-04 04:00:00,1.1076,1.10877,1.10714,1.10816
2023-05-04 08:00:00,1.10814,1.10917,1.10372,1.10401
2023-05-04 12:00:00,1.10401,1.10827,1.1001400000000001,1.10094
2023-05-04 16:00:00,1.10094,1.10554,1.09863,1.10248
2023-05-04 20:00:00,1.10248,1.10317,1.10112,1.10122
2023-05-05 00:00:00,1.1007500000000001,1.10296,1.1007500000000001,1.10251
2023-05-05 04:00:00,1.10255,1.10448,1.10254,1.10419
2023-05-05 08:00:00,1.10418,1.10478,1.10242,1.10284
2023-05-05 12:00:00,1.10281,1.1031900000000001,1.09668,1.0976
2023-05-05 16:00:00,1.0976,1.10366,1.0976,1.10322
2023-05-05 20:00:00,1.10323,1.10345,1.10097,1.10185
2023-05-08 00:00:00,1.10204,1.10254,1.10143,1.10243
2023-05-08 04:00:00,1.10244,1.10443,1.10187,1.10436
2023-05-08 08:00:00,1.10436,1.10537,1.1036,1.10361
2023-05-08 12:00:00,1.10361,1.10515,1.10229,1.10371
2023-05-08 16:00:00,1.10372,1.10442,1.10116,1.10273
2023-05-08 20:00:00,1.10274,1.10293,1.10002,1.1004
2023-05-09 00:00:00,1.10038,1.1005,1.09851,1.099
2023-05-09 04:00:00,1.09899,1.09954,1.09849,1.09889
2023-05-09 08:00:00,1.09886,1.10008,1.09727,1.09788
2023-05-09 12:00:00,1.09788,1.09844,1.09498,1.09499
2023-05-09 16:00:00,1.09501,1.09646,1.09412,1.09554
2023-05-09 20:00:00,1.0955300000000001,1.09725,1.09545,1.09615
2023-05-10 00:00:00,1.096,1.09722,1.09447,1.09692
2023-05-10 04:00:00,1.09693,1.09774,1.09684,1.09721
2023-05-10 08:00:00,1.0971899999999999,1.09826,1.09504,1.0952
2023-05-10 12:00:00,1.0952,1.10058,1.09415,1.10008
2023-05-10 16:00:00,1.10008,1.1007,1.09642,1.09704
2023-05-10 20:00:00,1.09704,1.09849,1.09617,1.09824
2023-05-11 00:00:00,1.09813,1.09932,1.09774,1.09928
2023-05-11 04:00:00,1.0993,1.09981,1.09696,1.09753
2023-05-11 08:00:00,1.09754,1.09824,1.09182,1.09284
2023-05-11 12:00:00,1.09284,1.0948,1.09179,1.09329
2023-05-11 16:00:00,1.09328,1.09332,1.09002,1.09253
2023-05-11 20:00:00,1.09252,1.0925799999999999,1.09108,1.09157
2023-05-12 00:00:00,1.09154,1.09216,1.09116,1.09215
2023-05-12 04:00:00,1.09215,1.09269,1.09151,1.09262
2023-05-12 08:00:00,1.0926,1.09356,1.09046,1.0913599999999999
2023-05-12 12:00:00,1.0913599999999999,1.09173,1.08814,1.08871
2023-05-12 16:00:00,1.0887,1.08973,1.08486,1.08519
2023-05-12 20:00:00,1.08518,1.08571,1.0848,1.08496
2023-05-15 00:00:00,1.08562,1.08606,1.08456,1.08531
2023-05-15 04:00:00,1.08533,1.08644,1.08525,1.08631
2023-05-15 08:00:00,1.08631,1.08802,1.08602,1.08685
2023-05-15 12:00:00,1.08686,1.0890900000000001,1.08556,1.0879
2023-05-15 16:00:00,1.08786,1.0882,1.08641,1.0879
2023-05-15 20:00:00,1.0879,1.0879,1.08729,1.08745
2023-05-16 00:00:00,1.08735,1.08822,1.08718,1.08819
2023-05-16 04:00:00,1.08819,1.08846,1.08683,1.08829
2023-05-16 08:00:00,1.0883,1.08978,1.08629,1.08912
2023-05-16 12:00:00,1.08913,1.09047,1.0868,1.08815
2023-05-16 16:00:00,1.08815,1.0889199999999999,1.0855,1.08668
2023-05-16 20:00:00,1.08674,1.08712,1.08581,1.08627
2023-05-17 00:00:00,1.08605,1.08719,1.0859,1.08705
2023-05-17 04:00:00,1.08705,1.0873599999999999,1.08622,1.08648
2023-05-17 08:00:00,1.08648,1.08653,1.08272,1.08292
2023-05-17 12:00:00,1.08285,1.08416,1.08137,1.0824
2023-05-17 16:00:00,1.08241,1.08454,1.08102,1.08418
2023-05-17 20:00:00,1.08422,1.0849199999999999,1.08365,1.0838700000000001
2023-05-18 00:00:00,1.08391,1.08451,1.08348,1.08422
2023-05-18 04:00:00,1.08422,1.08481,1.08327,1.08328
2023-05-18 08:00:00,1.0833,1.08358,1.08092,1.08167
2023-05-18 12:00:00,1.08167,1.082,1.07855,1.07902
2023-05-18 16:00:00,1.07901,1.07951,1.07628,1.07632
2023-05-18 20:00:00,1.0763,1.0775,1.07626,1.077
2023-05-19 00:00:00,1.0769,1.07801,1.0766499999999999,1.0774
2023-05-19 04:00:00,1.07739,1.0776,1.07599,1.07635
2023-05-19 08:00:00,1.07634,1.07945,1.07616,1.07882
2023-05-19 12:00:00,1.07882,1.08233,1.07876,1.08059
2023-05-19 16:00:00,1.08054,1.08266,1.07822,1.08209
2023-05-19 20:00:00,1.0821,1.08288,1.07977,1.08059
2023-05-22 00:00:00,1.08046,1.0825,1.08038,1.08236
2023-05-22 04:00:00,1.08239,1.083,1.08178,1.08184
2023-05-22 08:00:00,1.08185,1.08242,1.07955,1.08106
2023-05-22 12:00:00,1.08104,1.08314,1.0808200000000001,1.08194
2023-05-22 16:00:00,1.08194,1.08242,1.07962,1.08098
2023-05-22 20:00:00,1.08098,1.08217,1.0808200000000001,1.08122
2023-05-23 00:00:00,1.08108,1.08206,1.08064,1.08117
2023-05-23 04:00:00,1.08117,1.08118,1.08027,1.08103
2023-05-23 08:00:00,1.08102,1.0813,1.07849,1.08033
2023-05-23 12:00:00,1.08032,1.08038,1.07631,1.07638
2023-05-23 16:00:00,1.0764,1.07956,1.07603,1.07669
2023-05-23 20:00:00,1.0767,1.07808,1.07643,1.07706
2023-05-24 00:00:00,1.07693,1.07752,1.07675,1.0772599999999999
2023-05-24 04:00:00,1.0772599999999999,1.07824,1.07678,1.078
2023-05-24 08:00:00,1.07801,1.0795,1.07703,1.0777700000000001
2023-05-24 12:00:00,1.0777700000000001,1.08012,1.0748199999999999,1.07896
2023-05-24 16:00:00,1.07896,1.07941,1.07496,1.07561
2023-05-24 20:00:00,1.07562,1.0766,1.07492,1.07494
2023-05-25 00:00:00,1.07489,1.07568,1.07424,1.07505
2023-05-25 04:00:00,1.07504,1.07534,1.0733,1.07343
2023-05-25 08:00:00,1.07342,1.0744,1.07142,1.0723
2023-05-25 12:00:00,1.07228,1.07403,1.07149,1.07184
2023-05-25 16:00:00,1.07182,1.07327,1.07073,1.07126
2023-05-25 20:00:00,1.07127,1.07294,1.07115,1.07252
2023-05-26 00:00:00,1.07241,1.07287,1.0719,1.07254
2023-05-26 04:00:00,1.07256,1.07409,1.07245,1.07399
2023-05-26 08:00:00,1.07398,1.07444,1.07254,1.07318
2023-05-26 12:00:00,1.0731600000000001,1.07588,1.07256,1.07422
2023-05-26 16:00:00,1.0742,1.07506,1.07018,1.07197
2023-05-26 20:00:00,1.07198,1.07328,1.07188,1.07251
2023-05-29 00:00:00,1.07158,1.07293,1.07158,1.072
2023-05-29 04:00:00,1.07198,1.07363,1.07185,1.07361
2023-05-29 08:00:00,1.07361,1.07435,1.07154,1.07242
2023-05-29 12:00:00,1.0724,1.0724,1.071,1.07149
2023-05-29 16:00:00,1.07148,1.07156,1.0706,1.07127
2023-05-29 20:00:00,1.07129,1.0715,1.07056,1.0709
2023-05-30 00:00:00,1.0707,1.07198,1.07043,1.07139
2023-05-30 04:00:00,1.07138,1.07264,1.07012,1.07081
2023-05-30 08:00:00,1.0708,1.07084,1.06725,1.07046
2023-05-30 12:00:00,1.07046,1.07466,1.06971,1.07226
2023-05-30 16:00:00,1.07225,1.07408,1.07163,1.07208
2023-05-30 20:00:00,1.07207,1.07348,1.0714299999999999,1.0734
2023-05-31 00:00:00,1.07341,1.07358,1.0723799999999999,1.07351
2023-05-31 04:00:00,1.07352,1.07355,1.06944,1.06981
2023-05-31 08:00:00,1.06979,1.0699,1.06587,1.06598
2023-05-31 12:00:00,1.0662,1.06875,1.06604,1.06808
2023-05-31 16:00:00,1.06808,1.07052,1.06352,1.0638
2023-05-31 20:00:00,1.0638,1.06922,1.06355,1.06883
2023-06-01 00:00:00,1.06897,1.06972,1.06806,1.06866
2023-06-01 04:00:00,1.06866,1.0694,1.06802,1.06815
2023-06-01 08:00:00,1.06815,1.06869,1.06618,1.06866
2023-06-01 12:00:00,1.06867,1.07152,1.06829,1.0708199999999999
2023-06-01 16:00:00,1.07084,1.07641,1.0703,1.076
2023-06-01 20:00:00,1.076,1.07685,1.07556,1.07624
2023-06-02 00:00:00,1.07618,1.0765500000000001,1.0756000000000001,1.07617
2023-06-02 04:00:00,1.07619,1.07691,1.07588,1.07631
2023-06-02 08:00:00,1.07631,1.0779,1.07602,1.07743
2023-06-02 12:00:00,1.07743,1.0777,1.07347,1.07474
2023-06-02 16:00:00,1.0748,1.0771,1.07086,1.07101
2023-06-02 20:00:00,1.07102,1.07158,1.07054,1.07073
2023-06-05 00:00:00,1.0711,1.0711,1.06904,1.06938
2023-06-05 04:00:00,1.06939,1.07047,1.06909,1.07
2023-06-05 08:00:00,1.06999,1.07038,1.06834,1.0695999999999999
2023-06-05 12:00:00,1.0695999999999999,1.06992,1.06746,1.06789
2023-06-05 16:00:00,1.0679,1.07223,1.06778,1.07116
2023-06-05 20:00:00,1.07115,1.07175,1.07075,1.07122
2023-06-06 00:00:00,1.07118,1.0717,1.07076,1.07162
2023-06-06 04:00:00,1.07162,1.07248,1.07129,1.07234
2023-06-06 08:00:00,1.07235,1.07328,1.06952,1.06994
2023-06-06 12:00:00,1.06994,1.07012,1.0667,1.06707
2023-06-06 16:00:00,1.06706,1.06978,1.06693,1.06884
2023-06-06 20:00:00,1.06885,1.06963,1.06823,1.06924
2023-06-07 00:00:00,1.06923,1.07044,1.06895,1.07004
2023-06-07 04:00:00,1.07005,1.07013,1.06888,1.06905
2023-06-07 08:00:00,1.06904,1.06934,1.06683,1.0693
2023-06-07 12:00:00,1.06935,1.0723,1.06901,1.07162
2023-06-07 16:00:00,1.0716,1.07397,1.06928,1.06932
2023-06-07 20:00:00,1.06932,1.07053,1.0691,1.0699
2023-06-08 00:00:00,1.06974,1.07101,1.0693,1.07086
2023-06-08 04:00:00,1.07085,1.07136,1.0703,1.07116
2023-06-08 08:00:00,1.07116,1.07302,1.0701100000000001,1.07266
2023-06-08 12:00:00,1.0727,1.07589,1.0721,1.07469
2023-06-08 16:00:00,1.07468,1.07871,1.0742099999999999,1.0784799999999999
2023-06-08 20:00:00,1.07845,1.07858,1.07737,1.07832
2023-06-09 00:00:00,1.07805,1.07852,1.07789,1.07821
2023-06-09 04:00:00,1.07821,1.0785,1.07747,1.07753
2023-06-09 08:00:00,1.07753,1.0784,1.07594,1.07634
2023-06-09 12:00:00,1.07635,1.0784,1.07566,1.0767
2023-06-09 16:00:00,1.0767,1.07752,1.07435,1.07483
2023-06-09 20:00:00,1.0748199999999999,1.07523,1.0743,1.07491
2023-06-12 00:00:00,1.07462,1.07516,1.07432,1.07456
2023-06-12 04:00:00,1.07452,1.0746,1.07331,1.0741
2023-06-12 08:00:00,1.0741,1.0784,1.07406,1.07771
2023-06-12 12:00:00,1.07772,1.07901,1.07606,1.07662
2023-06-12 16:00:00,1.07662,1.0771600000000001,1.07431,1.07486
2023-06-12 20:00:00,1.07487,1.07634,1.0745,1.07578
2023-06-13 00:00:00,1.07545,1.07668,1.07529,1.07606
2023-06-13 04:00:00,1.07603,1.07831,1.07596,1.07821
2023-06-13 08:00:00,1.07821,1.0808200000000001,1.07815,1.08074
2023-06-13 12:00:00,1.08075,1.08236,1.07821,1.08142
2023-06-13 16:00:00,1.08142,1.0818,1.07782,1.08022
2023-06-13 20:00:00,1.08024,1.08042,1.0783,1.0793
2023-06-14 00:00:00,1.07934,1.07946,1.07857,1.07901
2023-06-14 04:00:00,1.07902,1.07962,1.07847,1.07896
2023-06-14 08:00:00,1.07896,1.08048,1.07741,1.0802100000000001
2023-06-14 12:00:00,1.0802100000000001,1.08333,1.07964,1.08313
2023-06-14 16:00:00,1.08311,1.08641,1.08272,1.08624
2023-06-14 20:00:00,1.08626,1.0863,1.08014,1.0831
2023-06-15 00:00:00,1.08258,1.08446,1.08249,1.08382
2023-06-15 04:00:00,1.08382,1.08382,1.08083,1.08116
2023-06-15 08:00:00,1.08116,1.08372,1.08038,1.08328
2023-06-15 12:00:00,1.08327,1.0881,1.08146,1.08646
2023-06-15 16:00:00,1.08636,1.09451,1.08585,1.09438
2023-06-15 20:00:00,1.09438,1.09527,1.09394,1.09456
2023-06-16 00:00:00,1.09444,1.09513,1.094,1.0942
2023-06-16 04:00:00,1.0942,1.09484,1.09355,1.09388
2023-06-16 08:00:00,1.09388,1.09624,1.0934,1.09505
2023-06-16 12:00:00,1.09505,1.09708,1.09398,1.09509
2023-06-16 16:00:00,1.0951,1.09671,1.09182,1.0934
2023-06-16 20:00:00,1.0934,1.09455,1.09321,1.09421
2023-06-19 00:00:00,1.09399,1.09462,1.09305,1.09367
2023-06-19 04:00:00,1.09367,1.09408,1.09323,1.09346
2023-06-19 08:00:00,1.09346,1.09414,1.09252,1.09295
2023-06-19 12:00:00,1.09292,1.09297,1.09072,1.0926
2023-06-19 16:00:00,1.0926,1.09289,1.09123,1.09162
2023-06-19 20:00:00,1.0916,1.09226,1.09158,1.09215
2023-06-20 00:00:00,1.09214,1.09263,1.09168,1.09204
2023-06-20 04:00:00,1.09204,1.09239,1.09106,1.09138
2023-06-20 08:00:00,1.09137,1.09462,1.09118,1.0937999999999999
2023-06-20 12:00:00,1.0937999999999999,1.094,1.09121,1.09194
2023-06-20 16:00:00,1.09194,1.09246,1.08922,1.0915
2023-06-20 20:00:00,1.0915,1.09187,1.09097,1.0918
2023-06-21 00:00:00,1.09172,1.09224,1.09124,1.0916
2023-06-21 04:00:00,1.0916,1.09211,1.09118,1.09162
2023-06-21 08:00:00,1.09163,1.09338,1.09058,1.0925
2023-06-21 12:00:00,1.0925,1.09298,1.09082,1.09253
2023-06-21 16:00:00,1.0924800000000001,1.09738,1.09105,1.09706
2023-06-21 20:00:00,1.09707,1.09908,1.09672,1.09862
2023-06-22 00:00:00,1.09859,1.09924,1.09817,1.09883
2023-06-22 04:00:00,1.09884,1.0995,1.09866,1.09873
2023-06-22 08:00:00,1.09875,1.10037,1.098,1.09929
2023-06-22 12:00:00,1.0993,1.10123,1.09804,1.09825
2023-06-22 16:00:00,1.09824,1.0989,1.09486,1.09546
2023-06-22 20:00:00,1.09547,1.09616,1.09501,1.09559
2023-06-23 00:00:00,1.09556,1.09587,1.09526,1.09552
2023-06-23 04:00:00,1.0955300000000001,1.09563,1.09289,1.0933
2023-06-23 08:00:00,1.09331,1.0934,1.08486,1.0849199999999999
2023-06-23 12:00:00,1.08491,1.08956,1.08446,1.08873
2023-06-23 16:00:00,1.08874,1.09028,1.0879,1.08858
2023-06-23 20:00:00,1.08861,1.08965,1.0886,1.08954
2023-06-26 00:00:00,1.0905,1.09094,1.08941,1.09054
2023-06-26 04:00:00,1.09053,1.09098,1.08998,1.09026
2023-06-26 08:00:00,1.09026,1.09111,1.08876,1.08921
2023-06-26 12:00:00,1.08918,1.09201,1.0890900000000001,1.0919
2023-06-26 16:00:00,1.09167,1.09202,1.09,1.09086
2023-06-26 20:00:00,1.09086,1.09154,1.09042,1.09053
2023-06-27 00:00:00,1.09057,1.09121,1.09022,1.09045
2023-06-27 04:00:00,1.09047,1.09351,1.09038,1.09233
2023-06-27 08:00:00,1.09234,1.09438,1.09163,1.09396
2023-06-27 12:00:00,1.09396,1.09722,1.09261,1.09654
2023-06-27 16:00:00,1.09657,1.09768,1.09424,1.09588
2023-06-27 20:00:00,1.09588,1.0964,1.0955,1.09609
2023-06-28 00:00:00,1.09601,1.09627,1.09526,1.09546
2023-06-28 04:00:00,1.09547,1.09563,1.09422,1.09486
2023-06-28 08:00:00,1.09488,1.09606,1.0936,1.09529
2023-06-28 12:00:00,1.09528,1.09623,1.0926,1.09278
2023-06-28 16:00:00,1.09278,1.09444,1.0897000000000001,1.0911
2023-06-28 20:00:00,1.09108,1.09239,1.091,1.0913
2023-06-29 00:00:00,1.09128,1.09188,1.09012,1.0907
2023-06-29 04:00:00,1.0907,1.09146,1.08808,1.08854
2023-06-29 08:00:00,1.08854,1.09218,1.08842,1.09145
2023-06-29 12:00:00,1.09145,1.09413,1.08733,1.08808
2023-06-29 16:00:00,1.0881,1.08964,1.08602,1.08707
2023-06-29 20:00:00,1.08708,1.08751,1.08639,1.08642
2023-06-30 00:00:00,1.08651,1.08739,1.08623,1.08722
2023-06-30 04:00:00,1.08721,1.08754,1.08602,1.08699
2023-06-30 08:00:00,1.087,1.08756,1.08354,1.0839
2023-06-30 12:00:00,1.08359,1.08978,1.08359,1.08972
2023-06-30 16:00:00,1.0897000000000001,1.09318,1.08963,1.09183
2023-06-30 20:00:00,1.09184,1.0923,1.0908,1.09098
2023-07-03 00:00:00,1.09105,1.09134,1.09006,1.09015
2023-07-03 04:00:00,1.09016,1.09183,1.09013,1.09176
2023-07-03 08:00:00,1.09176,1.09182,1.08703,1.08864
2023-07-03 12:00:00,1.08864,1.09098,1.08762,1.09088
2023-07-03 16:00:00,1.09089,1.09337,1.0902,1.09158
2023-07-03 20:00:00,1.09159,1.09164,1.09084,1.09139
2023-07-04 00:00:00,1.09105,1.09155,1.09081,1.09099
2023-07-04 04:00:00,1.091,1.09164,1.09006,1.09007
2023-07-04 08:00:00,1.09007,1.09148,1.08921,1.08954
2023-07-04 12:00:00,1.08955,1.09039,1.08897,1.09006
2023-07-04 16:00:00,1.09006,1.09074,1.08919,1.08944
2023-07-04 20:00:00,1.08946,1.08972,1.08768,1.08793
2023-07-05 00:00:00,1.08789,1.0891,1.08774,1.08866
2023-07-05 04:00:00,1.08867,1.08872,1.0875,1.08758
2023-07-05 08:00:00,1.08758,1.0908,1.08664,1.0888
2023-07-05 12:00:00,1.08878,1.09021,1.08754,1.08942
2023-07-05 16:00:00,1.08942,1.0901399999999999,1.08592,1.08608
2023-07-05 20:00:00,1.08608,1.08655,1.0851,1.0854
2023-07-06 00:00:00,1.08536,1.08572,1.08466,1.0849
2023-07-06 04:00:00,1.0849,1.08536,1.08338,1.08434
2023-07-06 08:00:00,1.08434,1.08753,1.08417,1.0864
2023-07-06 12:00:00,1.08642,1.09006,1.08584,1.0874
2023-07-06 16:00:00,1.08738,1.08878,1.08334,1.08725
2023-07-06 20:00:00,1.08727,1.08924,1.08724,1.08922
2023-07-07 00:00:00,1.08835,1.08949,1.08824,1.08851
2023-07-07 04:00:00,1.08852,1.08952,1.08835,1.08911
2023-07-07 08:00:00,1.08915,1.09004,1.08671,1.0878
2023-07-07 12:00:00,1.08779,1.09316,1.087,1.09121
2023-07-07 16:00:00,1.09114,1.09728,1.08955,1.09718
2023-07-07 20:00:00,1.09718,1.09733,1.09633,1.09681
2023-07-10 00:00:00,1.09571,1.09695,1.09548,1.09643
2023-07-10 04:00:00,1.09644,1.09695,1.09527,1.09531
2023-07-10 08:00:00,1.09531,1.09656,1.09452,1.09648
2023-07-10 12:00:00,1.09646,1.09733,1.09436,1.0947
2023-07-10 16:00:00,1.0947,1.09927,1.0947,1.09892
2023-07-10 20:00:00,1.09892,1.10013,1.09874,1.10011
2023-07-11 00:00:00,1.10008,1.10088,1.0993,1.10067
2023-07-11 04:00:00,1.10068,1.10201,1.10058,1.10198
2023-07-11 08:00:00,1.10198,1.10271,1.10021,1.10027
2023-07-11 12:00:00,1.10025,1.10127,1.09769,1.0982
2023-07-11 16:00:00,1.09816,1.10032,1.09784,1.10025
2023-07-11 20:00:00,1.10025,1.10092,1.09975,1.10086
2023-07-12 00:00:00,1.10072,1.10216,1.10013,1.10187
2023-07-12 04:00:00,1.10186,1.10369,1.10186,1.10362
2023-07-12 08:00:00,1.10362,1.10362,1.10205,1.10222
2023-07-12 12:00:00,1.1022,1.10717,1.10138,1.10581
2023-07-12 16:00:00,1.10585,1.11335,1.10564,1.1132
2023-07-12 20:00:00,1.11315,1.11403,1.11244,1.11315
2023-07-13 00:00:00,1.11244,1.1145100000000001,1.11244,1.11382
2023-07-13 04:00:00,1.11384,1.11487,1.11363,1.11409
2023-07-13 08:00:00,1.11409,1.117,1.11298,1.11608
2023-07-13 12:00:00,1.11609,1.11892,1.1155,1.11796
2023-07-13 16:00:00,1.11797,1.12088,1.11763,1.12057
2023-07-13 20:00:00,1.12057,1.12279,1.12024,1.12263
2023-07-14 00:00:00,1.1226,1.12296,1.12135,1.12228
2023-07-14 04:00:00,1.12227,1.1243,1.12222,1.1233
2023-07-14 08:00:00,1.12331,1.1236,1.12042,1.12312
2023-07-14 12:00:00,1.12313,1.12448,1.12103,1.12258
2023-07-14 16:00:00,1.12258,1.1244399999999999,1.12152,1.12394
2023-07-14 20:00:00,1.12394,1.12395,1.12244,1.12253
2023-07-17 00:00:00,1.12292,1.12323,1.12194,1.12246
2023-07-17 04:00:00,1.12246,1.12284,1.12147,1.12269
2023-07-17 08:00:00,1.12269,1.12489,1.12222,1.1238
2023-07-17 12:00:00,1.12379,1.12447,1.12207,1.12354
2023-07-17 16:00:00,1.12355,1.12384,1.12033,1.1233
2023-07-17 20:00:00,1.1233,1.12462,1.12321,1.12381
2023-07-18 00:00:00,1.12305,1.12465,1.12304,1.12418
2023-07-18 04:00:00,1.12422,1.12563,1.12388,1.12517
2023-07-18 08:00:00,1.12517,1.12757,1.1228,1.12372
2023-07-18 12:00:00,1.1237300000000001,1.12697,1.1223,1.12397
2023-07-18 16:00:00,1.12397,1.12459,1.12089,1.12146
2023-07-18 20:00:00,1.12147,1.12316,1.12092,1.12279
2023-07-19 00:00:00,1.12281,1.12329,1.12234,1.12296
2023-07-19 04:00:00,1.12297,1.12313,1.12163,1.12215
2023-07-19 08:00:00,1.1221700000000001,1.12372,1.1196,1.12324
2023-07-19 12:00:00,1.12324,1.12401,1.12088,1.12172
2023-07-19 16:00:00,1.12173,1.12246,1.11744,1.11922
2023-07-19 20:00:00,1.11922,1.12051,1.11903,1.12026
2023-07-20 00:00:00,1.11979,1.12201,1.11939,1.12182
2023-07-20 04:00:00,1.1218,1.12292,1.1215600000000001,1.12214
2023-07-20 08:00:00,1.12213,1.12232,1.1198,1.12085
2023-07-20 12:00:00,1.12086,1.12167,1.11774,1.11828
2023-07-20 16:00:00,1.11823,1.11887,1.11185,1.11242
2023-07-20 20:00:00,1.11242,1.11348,1.1122,1.11296
2023-07-21 00:00:00,1.1129,1.11381,1.11254,1.11374
2023-07-21 04:00:00,1.11374,1.11419,1.1131,1.11396
2023-07-21 08:00:00,1.11397,1.11449,1.11214,1.11283
2023-07-21 12:00:00,1.11282,1.11344,1.11173,1.11284
2023-07-21 16:00:00,1.11282,1.11381,1.11078,1.11235
2023-07-21 20:00:00,1.11236,1.11301,1.11192,1.11254
2023-07-24 00:00:00,1.1123,1.11328,1.11199,1.11299
2023-07-24 04:00:00,1.11298,1.11313,1.11168,1.11202
2023-07-24 08:00:00,1.11202,1.11469,1.10656,1.10709
2023-07-24 12:00:00,1.10709,1.1109,1.10692,1.1088
2023-07-24 16:00:00,1.10878,1.11038,1.10692,1.10814
2023-07-24 20:00:00,1.10814,1.10846,1.10602,1.10648
2023-07-25 00:00:00,1.10637,1.10702,1.10599,1.10674
2023-07-25 04:00:00,1.10674,1.10815,1.10672,1.10703
2023-07-25 08:00:00,1.10701,1.1087,1.10528,1.10648
2023-07-25 12:00:00,1.10648,1.10677,1.10394,1.10487
2023-07-25 16:00:00,1.1049,1.1054599999999999,1.10208,1.10423
2023-07-25 20:00:00,1.10422,1.10555,1.10354,1.10555
2023-07-26 00:00:00,1.10491,1.10573,1.1044100000000001,1.10458
2023-07-26 04:00:00,1.10457,1.10532,1.10377,1.10482
2023-07-26 08:00:00,1.1048,1.10776,1.10474,1.10756
2023-07-26 12:00:00,1.10756,1.10863,1.10574,1.10683
2023-07-26 16:00:00,1.10684,1.10823,1.10576,1.10718
2023-07-26 20:00:00,1.10718,1.11068,1.1056300000000001,1.10858
2023-07-27 00:00:00,1.1085,1.10896,1.10772,1.10867
2023-07-27 04:00:00,1.10866,1.11179,1.10864,1.1096
2023-07-27 08:00:00,1.10959,1.11393,1.1088,1.11391
2023-07-27 12:00:00,1.11392,1.11498,1.10478,1.10594
2023-07-27 16:00:00,1.10594,1.10653,1.0984,1.09901
2023-07-27 20:00:00,1.09906,1.10104,1.09659,1.09768
2023-07-28 00:00:00,1.09763,1.09838,1.09745,1.09802
2023-07-28 04:00:00,1.09803,1.09883,1.09598,1.09726
2023-07-28 08:00:00,1.09728,1.09914,1.09435,1.0959699999999999
2023-07-28 12:00:00,1.0959699999999999,1.10333,1.09565,1.10094
2023-07-28 16:00:00,1.10092,1.10474,1.09931,1.10256
2023-07-28 20:00:00,1.10255,1.10298,1.10147,1.10162
2023-07-31 00:00:00,1.10204,1.10284,1.101,1.10224
2023-07-31 04:00:00,1.10222,1.10265,1.10058,1.10059
2023-07-31 08:00:00,1.1006,1.10357,1.10052,1.10338
2023-07-31 12:00:00,1.10344,1.10402,1.10189,1.10283
2023-07-31 16:00:00,1.10282,1.10458,1.1004,1.1007
2023-07-31 20:00:00,1.1007,1.10114,1.09936,1.09969
2023-08-01 00:00:00,1.09965,1.1003,1.09883,1.09889
2023-08-01 04:00:00,1.09889,1.09911,1.09803,1.0990199999999999
2023-08-01 08:00:00,1.09903,1.10003,1.09703,1.09747
2023-08-01 12:00:00,1.09748,1.09845,1.09524,1.09564
2023-08-01 16:00:00,1.09567,1.09888,1.0956,1.09722
2023-08-01 20:00:00,1.0972,1.09854,1.09627,1.0984099999999999
2023-08-02 00:00:00,1.0984099999999999,1.10191,1.0979,1.0996299999999999
2023-08-02 04:00:00,1.09962,1.10074,1.09803,1.09893
2023-08-02 08:00:00,1.09893,1.10005,1.0976,1.09844
2023-08-02 12:00:00,1.09842,1.09873,1.09576,1.09598
2023-08-02 16:00:00,1.0959699999999999,1.0968,1.09181,1.09506
2023-08-02 20:00:00,1.09506,1.09577,1.09348,1.09384
2023-08-03 00:00:00,1.09376,1.09457,1.09367,1.094
2023-08-03 04:00:00,1.09398,1.09493,1.09225,1.09233
2023-08-03 08:00:00,1.09233,1.09432,1.09123,1.0924800000000001
2023-08-03 12:00:00,1.0924800000000001,1.09562,1.09217,1.0937999999999999
2023-08-03 16:00:00,1.09376,1.09629,1.09156,1.0955300000000001
2023-08-03 20:00:00,1.09552,1.0957,1.09384,1.0949200000000001
2023-08-04 00:00:00,1.09485,1.09556,1.0941,1.09554
2023-08-04 04:00:00,1.09554,1.09615,1.09493,1.09504
2023-08-04 08:00:00,1.09504,1.09584,1.09378,1.09403
2023-08-04 12:00:00,1.09403,1.09979,1.0935,1.09889
2023-08-04 16:00:00,1.09885,1.10418,1.09865,1.10339
2023-08-04 20:00:00,1.10339,1.1039,1.10037,1.10099
2023-08-07 00:00:00,1.101,1.10167,1.1001,1.101
2023-08-07 04:00:00,1.10096,1.101,1.09918,1.09966
2023-08-07 08:00:00,1.09966,1.09974,1.09709,1.09747
2023-08-07 12:00:00,1.09746,1.09962,1.09654,1.09956
2023-08-07 16:00:00,1.09956,1.10117,1.0985800000000001,1.10008
2023-08-07 20:00:00,1.10007,1.10101,1.09955,1.10032
2023-08-08 00:00:00,1.1002399999999999,1.10054,1.09894,1.0991900000000001
2023-08-08 04:00:00,1.0991900000000001,1.09927,1.09768,1.09921
2023-08-08 08:00:00,1.09923,1.10112,1.09737,1.09854
2023-08-08 12:00:00,1.09854,1.09864,1.09347,1.09432
2023-08-08 16:00:00,1.09432,1.09578,1.09291,1.09484
2023-08-08 20:00:00,1.09484,1.0962,1.0948,1.09564
2023-08-09 00:00:00,1.09547,1.09653,1.09497,1.09577
2023-08-09 04:00:00,1.09576,1.09709,1.0955300000000001,1.09667
2023-08-09 08:00:00,1.09668,1.09888,1.09668,1.09838
2023-08-09 12:00:00,1.09838,1.09872,1.09622,1.09816
2023-08-09 16:00:00,1.09816,1.09954,1.09718,1.09785
2023-08-09 20:00:00,1.09784,1.09917,1.09712,1.09737
2023-08-10 00:00:00,1.09735,1.09789,1.09674,1.0971
2023-08-10 04:00:00,1.0971,1.09883,1.09677,1.09793
2023-08-10 08:00:00,1.09793,1.10266,1.09786,1.10186
2023-08-10 12:00:00,1.10185,1.1065,1.10108,1.1042
2023-08-10 16:00:00,1.1042,1.10458,1.10077,1.10134
2023-08-10 20:00:00,1.10133,1.10142,1.09761,1.09808
2023-08-11 00:00:00,1.09799,1.09892,1.09769,1.0988
2023-08-11 04:00:00,1.09882,1.09978,1.09839,1.09853
2023-08-11 08:00:00,1.09853,1.10032,1.0984,1.09995
2023-08-11 12:00:00,1.09994,1.1005,1.09659,1.09684
2023-08-11 16:00:00,1.09682,1.09839,1.09458,1.09466
2023-08-11 20:00:00,1.09465,1.09557,1.0943100000000001,1.09466
2023-08-14 00:00:00,1.09497,1.09523,1.09361,1.09372
2023-08-14 04:00:00,1.0937000000000001,1.09408,1.09292,1.09356
2023-08-14 08:00:00,1.09358,1.09602,1.09262,1.09462
2023-08-14 12:00:00,1.09465,1.09531,1.09021,1.09057
2023-08-14 16:00:00,1.09058,1.0936,1.08748,1.09284
2023-08-14 20:00:00,1.09285,1.09313,1.09028,1.09066
2023-08-15 00:00:00,1.09048,1.09096,1.09005,1.09074
2023-08-15 04:00:00,1.0907499999999999,1.09176,1.09003,1.09102
2023-08-15 08:00:00,1.09102,1.09344,1.09069,1.09279
2023-08-15 12:00:00,1.0928,1.09448,1.08967,1.0922
2023-08-15 16:00:00,1.09218,1.09524,1.09151,1.09178
2023-08-15 20:00:00,1.09178,1.09212,1.08992,1.09049
2023-08-16 00:00:00,1.09033,1.09062,1.08992,1.09032
2023-08-16 04:00:00,1.0903100000000001,1.0913599999999999,1.0899,1.09135
2023-08-16 08:00:00,1.09135,1.09346,1.09108,1.09282
2023-08-16 12:00:00,1.09282,1.09326,1.09024,1.09024
2023-08-16 16:00:00,1.0902,1.09234,1.08861,1.08868
2023-08-16 20:00:00,1.08868,1.09001,1.08716,1.08794
2023-08-17 00:00:00,1.08777,1.08832,1.08663,1.08696
2023-08-17 04:00:00,1.08696,1.08708,1.08618,1.08685
2023-08-17 08:00:00,1.08685,1.08867,1.08628,1.08731
2023-08-17 12:00:00,1.08728,1.09184,1.08638,1.09064
2023-08-17 16:00:00,1.09062,1.09178,1.08668,1.08779
2023-08-17 20:00:00,1.08781,1.08786,1.08564,1.08727
2023-08-18 00:00:00,1.08712,1.08921,1.08647,1.08898
2023-08-18 04:00:00,1.08898,1.08938,1.08803,1.08824
2023-08-18 08:00:00,1.08824,1.08874,1.08638,1.0867499999999999
2023-08-18 12:00:00,1.0867499999999999,1.08763,1.0845,1.08556
2023-08-18 16:00:00,1.08556,1.08816,1.08531,1.08731
2023-08-18 20:00:00,1.08732,1.08814,1.08685,1.08688
2023-08-21 00:00:00,1.08653,1.08843,1.08634,1.08798
2023-08-21 04:00:00,1.08798,1.08837,1.08697,1.08812
2023-08-21 08:00:00,1.08812,1.08898,1.08724,1.08862
2023-08-21 12:00:00,1.08862,1.09137,1.08856,1.08984
2023-08-21 16:00:00,1.08985,1.09044,1.08754,1.09016
2023-08-21 20:00:00,1.09016,1.09033,1.08928,1.08955
2023-08-22 00:00:00,1.08951,1.09016,1.08902,1.09004
2023-08-22 04:00:00,1.09004,1.09169,1.0898,1.0909200000000001
2023-08-22 08:00:00,1.0909200000000001,1.09304,1.09046,1.091
2023-08-22 12:00:00,1.091,1.09124,1.08649,1.08662
2023-08-22 16:00:00,1.0866,1.08712,1.0833,1.08495
2023-08-22 20:00:00,1.08495,1.08554,1.08435,1.08459
2023-08-23 00:00:00,1.08451,1.08534,1.08417,1.08471
2023-08-23 04:00:00,1.08471,1.08608,1.08446,1.08607
2023-08-23 08:00:00,1.08607,1.08714,1.08119,1.0819
2023-08-23 12:00:00,1.08191,1.08206,1.08026,1.08042
2023-08-23 16:00:00,1.08042,1.08683,1.08034,1.08629
2023-08-23 20:00:00,1.08629,1.08701,1.08558,1.08636
2023-08-24 00:00:00,1.08626,1.08753,1.08596,1.08697
2023-08-24 04:00:00,1.08695,1.0871,1.08585,1.08699
2023-08-24 08:00:00,1.087,1.08766,1.0852,1.0862
2023-08-24 12:00:00,1.0862,1.08636,1.0814300000000001,1.08208
2023-08-24 16:00:00,1.08209,1.08487,1.0818,1.08212
2023-08-24 20:00:00,1.08213,1.08225,1.08051,1.08105
2023-08-25 00:00:00,1.08103,1.0816,1.07929,1.07946
2023-08-25 04:00:00,1.07946,1.07952,1.07767,1.07826
2023-08-25 08:00:00,1.07824,1.07922,1.07662,1.07864
2023-08-25 12:00:00,1.07864,1.08171,1.07849,1.08128
2023-08-25 16:00:00,1.08128,1.08418,1.07658,1.07964
2023-08-25 20:00:00,1.07966,1.0812599999999999,1.07908,1.07941
2023-08-28 00:00:00,1.07959,1.08048,1.07934,1.08025
2023-08-28 04:00:00,1.08025,1.08114,1.08014,1.08077
2023-08-28 08:00:00,1.08076,1.08208,1.07996,1.08007
2023-08-28 12:00:00,1.08006,1.08221,1.08003,1.08103
2023-08-28 16:00:00,1.08104,1.08142,1.0799,1.08076
2023-08-28 20:00:00,1.08076,1.08198,1.0804,1.08192
2023-08-29 00:00:00,1.0818699999999999,1.08317,1.08103,1.08238
2023-08-29 04:00:00,1.08238,1.08382,1.08234,1.08242
2023-08-29 08:00:00,1.08242,1.08298,1.08084,1.08103
2023-08-29 12:00:00,1.08102,1.08163,1.07862,1.07922
2023-08-29 16:00:00,1.07922,1.08642,1.07824,1.08629
2023-08-29 20:00:00,1.0863,1.0892,1.08605,1.08791
2023-08-30 00:00:00,1.08791,1.0885,1.08672,1.08698
2023-08-30 04:00:00,1.08698,1.08724,1.0860400000000001,1.08605
2023-08-30 08:00:00,1.08605,1.08767,1.08551,1.08673
2023-08-30 12:00:00,1.08677,1.09259,1.08662,1.09212
2023-08-30 16:00:00,1.09208,1.09454,1.09132,1.0925799999999999
2023-08-30 20:00:00,1.0925799999999999,1.09329,1.09169,1.09232
2023-08-31 00:00:00,1.09226,1.09339,1.09185,1.09331
2023-08-31 04:00:00,1.09331,1.09395,1.09183,1.09186
2023-08-31 08:00:00,1.09186,1.09244,1.08772,1.0878
2023-08-31 12:00:00,1.0878,1.0885,1.08576,1.08744
2023-08-31 16:00:00,1.08745,1.08747,1.08351,1.0838700000000001
2023-08-31 20:00:00,1.08392,1.0854300000000001,1.08366,1.08438
2023-09-01 00:00:00,1.08428,1.08452,1.08363,1.08378
2023-09-01 04:00:00,1.08378,1.08541,1.08378,1.08466
2023-09-01 08:00:00,1.08466,1.08596,1.08282,1.08485
2023-09-01 12:00:00,1.0848200000000001,1.0882,1.08325,1.0864
2023-09-01 16:00:00,1.08647,1.08812,1.07801,1.07839
2023-09-01 20:00:00,1.07841,1.07892,1.07722,1.07735
2023-09-04 00:00:00,1.07753,1.07802,1.07712,1.07789
2023-09-04 04:00:00,1.07788,1.07874,1.07749,1.07868
2023-09-04 08:00:00,1.07868,1.08068,1.07836,1.07979
2023-09-04 12:00:00,1.07979,1.08089,1.07925,1.07973
2023-09-04 16:00:00,1.07974,1.08054,1.07834,1.07939
2023-09-04 20:00:00,1.07939,1.07968,1.0793,1.07965
2023-09-05 00:00:00,1.07936,1.07979,1.07886,1.07932
2023-09-05 04:00:00,1.07933,1.07984,1.07808,1.07922
2023-09-05 08:00:00,1.07922,1.07936,1.0742,1.07483
2023-09-05 12:00:00,1.07483,1.07571,1.07168,1.0744
2023-09-05 16:00:00,1.07449,1.07488,1.07064,1.07295
2023-09-05 20:00:00,1.07296,1.07314,1.07191,1.0722
2023-09-06 00:00:00,1.07221,1.07284,1.07151,1.0719400000000001
2023-09-06 04:00:00,1.0719400000000001,1.07361,1.07135,1.07358
2023-09-06 08:00:00,1.0735999999999999,1.07479,1.07226,1.07342
2023-09-06 12:00:00,1.07342,1.07489,1.07247,1.0737
2023-09-06 16:00:00,1.07366,1.07402,1.07024,1.07208
2023-09-06 20:00:00,1.07208,1.07295,1.072,1.0726
2023-09-07 00:00:00,1.07263,1.07276,1.0719,1.07222
2023-09-07 04:00:00,1.07222,1.07318,1.07178,1.07191
2023-09-07 08:00:00,1.0719,1.07256,1.0708,1.07104
2023-09-07 12:00:00,1.07104,1.07179,1.06862,1.06934
2023-09-07 16:00:00,1.06932,1.07098,1.06864,1.07042
2023-09-07 20:00:00,1.07042,1.07094,1.06939,1.06958
2023-09-08 00:00:00,1.06966,1.07149,1.06942,1.0714
2023-09-08 04:00:00,1.0714,1.07229,1.07047,1.07136
2023-09-08 08:00:00,1.07136,1.0728,1.07077,1.0712
2023-09-08 12:00:00,1.07119,1.07136,1.06941,1.07023
2023-09-08 16:00:00,1.07024,1.07437,1.06996,1.07045
2023-09-08 20:00:00,1.07045,1.07108,1.0697,1.07005
2023-09-11 00:00:00,1.07146,1.07209,1.07081,1.07134
2023-09-11 04:00:00,1.0713300000000001,1.07375,1.07102,1.07354
2023-09-11 08:00:00,1.07353,1.07414,1.07223,1.07286
2023-09-11 12:00:00,1.07285,1.07343,1.07155,1.07276
2023-09-11 16:00:00,1.07275,1.07594,1.07224,1.07511
2023-09-11 20:00:00,1.0751,1.07523,1.07443,1.07501
2023-09-12 00:00:00,1.0749900000000001,1.07529,1.07422,1.07439
2023-09-12 04:00:00,1.0743800000000001,1.07685,1.07376,1.0739
2023-09-12 08:00:00,1.0739,1.0741,1.07121,1.07145
2023-09-12 12:00:00,1.07146,1.0726,1.07058,1.07075
2023-09-12 16:00:00,1.07071,1.07375,1.07056,1.07232
2023-09-12 20:00:00,1.07232,1.07647,1.07232,1.07548
2023-09-13 00:00:00,1.07539,1.07641,1.07484,1.07594
2023-09-13 04:00:00,1.07594,1.07649,1.07445,1.07524
2023-09-13 08:00:00,1.07524,1.07546,1.07311,1.07352
2023-09-13 12:00:00,1.07356,1.07614,1.07112,1.07478
2023-09-13 16:00:00,1.07479,1.07558,1.07272,1.07408
2023-09-13 20:00:00,1.07407,1.07492,1.0728,1.07294
2023-09-14 00:00:00,1.07291,1.07424,1.07276,1.074
2023-09-14 04:00:00,1.07402,1.07489,1.07317,1.07473
2023-09-14 08:00:00,1.07474,1.0752,1.07322,1.07339
2023-09-14 12:00:00,1.0734,1.07469,1.06555,1.06768
2023-09-14 16:00:00,1.06767,1.06972,1.06451,1.06486
2023-09-14 20:00:00,1.06486,1.06508,1.06319,1.06443
2023-09-15 00:00:00,1.06423,1.06443,1.06329,1.06422
2023-09-15 04:00:00,1.06424,1.06536,1.06333,1.06534
2023-09-15 08:00:00,1.06536,1.06687,1.06487,1.06656
2023-09-15 12:00:00,1.06656,1.06693,1.06452,1.06504
2023-09-15 16:00:00,1.06504,1.06877,1.06498,1.06724
2023-09-15 20:00:00,1.06724,1.06764,1.0657,1.0661100000000001
2023-09-18 00:00:00,1.06566,1.06719,1.06566,1.0671599999999999
2023-09-18 04:00:00,1.0671599999999999,1.06738,1.0661100000000001,1.06686
2023-09-18 08:00:00,1.06688,1.06778,1.06564,1.0664
2023-09-18 12:00:00,1.0664,1.06748,1.06561,1.06569
2023-09-18 16:00:00,1.06569,1.06986,1.06548,1.06922
2023-09-18 20:00:00,1.06922,1.06981,1.0678,1.06923
2023-09-19 00:00:00,1.06912,1.06966,1.06763,1.06886
2023-09-19 04:00:00,1.06886,1.06895,1.06789,1.068
2023-09-19 08:00:00,1.06802,1.06953,1.06752,1.06867
2023-09-19 12:00:00,1.06863,1.07179,1.06819,1.06995
2023-09-19 16:00:00,1.06998,1.07014,1.06784,1.06848
2023-09-19 20:00:00,1.06848,1.06918,1.06762,1.06793
2023-09-20 00:00:00,1.06776,1.06861,1.06748,1.0685
2023-09-20 04:00:00,1.0685,1.06898,1.06782,1.06786
2023-09-20 08:00:00,1.06786,1.06969,1.06729,1.06962
2023-09-20 12:00:00,1.06963,1.0705,1.06922,1.0698
2023-09-20 16:00:00,1.06982,1.07368,1.06972,1.07352
2023-09-20 20:00:00,1.0735,1.07354,1.06502,1.06605
2023-09-21 00:00:00,1.066,1.06644,1.063,1.06314
2023-09-21 04:00:00,1.06314,1.06414,1.06167,1.0637
2023-09-21 08:00:00,1.06374,1.06637,1.06328,1.06556
2023-09-21 12:00:00,1.06552,1.06646,1.06244,1.06421
2023-09-21 16:00:00,1.06421,1.06736,1.06379,1.06558
2023-09-21 20:00:00,1.06558,1.06709,1.06556,1.06612
2023-09-22 00:00:00,1.06585,1.06638,1.06534,1.06576
2023-09-22 04:00:00,1.06576,1.06576,1.0641,1.06548
2023-09-22 08:00:00,1.06548,1.06676,1.06149,1.06463
2023-09-22 12:00:00,1.06464,1.06607,1.0634,1.06557
2023-09-22 16:00:00,1.06556,1.06718,1.06421,1.06556
2023-09-22 20:00:00,1.06556,1.06616,1.06393,1.06459
2023-09-25 00:00:00,1.0643,1.06557,1.06396,1.06545
2023-09-25 04:00:00,1.06545,1.06551,1.06431,1.0649
2023-09-25 08:00:00,1.0649,1.06531,1.06242,1.06256
2023-09-25 12:00:00,1.06256,1.06435,1.06193,1.06222
2023-09-25 16:00:00,1.06222,1.06244,1.05755,1.05892
2023-09-25 20:00:00,1.05892,1.05988,1.05855,1.05921
2023-09-26 00:00:00,1.05931,1.05966,1.05806,1.05844
2023-09-26 04:00:00,1.05843,1.05929,1.05783,1.05927
2023-09-26 08:00:00,1.05927,1.06,1.057,1.0596
2023-09-26 12:00:00,1.05962,1.0609,1.05896,1.06058
2023-09-26 16:00:00,1.06058,1.06066,1.05677,1.05692
2023-09-26 20:00:00,1.05692,1.05762,1.05622,1.05719
2023-09-27 00:00:00,1.05717,1.05741,1.05561,1.05599
2023-09-27 04:00:00,1.05599,1.057,1.05572,1.05603
2023-09-27 08:00:00,1.05603,1.05741,1.05547,1.05598
2023-09-27 12:00:00,1.05598,1.05638,1.05344,1.05467
2023-09-27 16:00:00,1.05466,1.05488,1.05009,1.0503
2023-09-27 20:00:00,1.0503,1.05186,1.04881,1.05031
2023-09-28 00:00:00,1.05009,1.05154,1.04994,1.05152
2023-09-28 04:00:00,1.05152,1.05162,1.04971,1.05043
2023-09-28 08:00:00,1.05046,1.05244,1.04912,1.05166
2023-09-28 12:00:00,1.05169,1.05574,1.05153,1.05181
2023-09-28 16:00:00,1.05181,1.05788,1.05179,1.0558
2023-09-28 20:00:00,1.0558,1.05674,1.05499,1.05661
2023-09-29 00:00:00,1.05645,1.05678,1.0555,1.0564
2023-09-29 04:00:00,1.05639,1.05827,1.05621,1.05801
2023-09-29 08:00:00,1.05801,1.06162,1.05743,1.06091
2023-09-29 12:00:00,1.06087,1.0617,1.05883,1.05997
2023-09-29 16:00:00,1.05997,1.06074,1.057,1.05777
2023-09-29 20:00:00,1.05776,1.05796,1.0564,1.05732
2023-10-02 00:00:00,1.05665,1.05718,1.05577,1.05641
2023-10-02 04:00:00,1.05641,1.05712,1.05641,1.05688
2023-10-02 08:00:00,1.05686,1.05919,1.05602,1.05622
2023-10-02 12:00:00,1.05621,1.05628,1.05249,1.05296
2023-10-02 16:00:00,1.05294,1.05327,1.04883,1.04892
2023-10-02 20:00:00,1.04892,1.05052,1.04775,1.04775
2023-10-03 00:00:00,1.04772,1.04828,1.04644,1.04724
2023-10-03 04:00:00,1.04724,1.04748,1.046,1.04633
2023-10-03 08:00:00,1.04633,1.04936,1.04608,1.04853
2023-10-03 12:00:00,1.04853,1.04911,1.04621,1.04661
2023-10-03 16:00:00,1.04664,1.04859,1.04483,1.04623
2023-10-03 20:00:00,1.04622,1.04796,1.04596,1.04662
2023-10-04 00:00:00,1.04666,1.04757,1.04582,1.04711
2023-10-04 04:00:00,1.04712,1.04718,1.04571,1.047
2023-10-04 08:00:00,1.047,1.04889,1.04514,1.04862
2023-10-04 12:00:00,1.04864,1.05322,1.04848,1.05253
2023-10-04 16:00:00,1.0525,1.05259,1.04831,1.0512299999999999
2023-10-04 20:00:00,1.0512,1.05194,1.04979,1.05039
2023-10-05 00:00:00,1.05035,1.05221,1.05017,1.05202
2023-10-05 04:00:00,1.0520100000000001,1.0529,1.0520100000000001,1.05205
2023-10-05 08:00:00,1.05206,1.0526200000000001,1.05015,1.05041
2023-10-05 12:00:00,1.05043,1.05298,1.0500099999999999,1.05148
2023-10-05 16:00:00,1.05149,1.05399,1.05078,1.0536
2023-10-05 20:00:00,1.0536,1.05518,1.0529,1.05509
2023-10-06 00:00:00,1.05418,1.05509,1.05412,1.05417
2023-10-06 04:00:00,1.05416,1.05474,1.05383,1.05406
2023-10-06 08:00:00,1.05405,1.05533,1.05315,1.05481
2023-10-06 12:00:00,1.05482,1.05684,1.04826,1.04963
2023-10-06 16:00:00,1.04966,1.05999,1.04885,1.05791
2023-10-06 20:00:00,1.05792,1.05995,1.05771,1.0584500000000001
2023-10-09 00:00:00,1.05501,1.05744,1.05481,1.05736
2023-10-09 04:00:00,1.05735,1.05742,1.05477,1.05501
2023-10-09 08:00:00,1.05502,1.05586,1.05194,1.05416
2023-10-09 12:00:00,1.05418,1.05451,1.05226,1.05331
2023-10-09 16:00:00,1.0533,1.05577,1.05326,1.05355
2023-10-09 20:00:00,1.05359,1.05724,1.05354,1.05665
2023-10-10 00:00:00,1.05658,1.05834,1.05557,1.05726
2023-10-10 04:00:00,1.05726,1.05807,1.05605,1.05614
2023-10-10 08:00:00,1.05614,1.06094,1.05544,1.06042
2023-10-10 12:00:00,1.06042,1.06112,1.05719,1.05935
2023-10-10 16:00:00,1.05929,1.06198,1.05847,1.06172
2023-10-10 20:00:00,1.06172,1.06184,1.05924,1.0605
2023-10-11 00:00:00,1.06051,1.06144,1.05954,1.06106
2023-10-11 04:00:00,1.06106,1.06124,1.06014,1.06029
2023-10-11 08:00:00,1.06029,1.06282,1.05933,1.06086
2023-10-11 12:00:00,1.06084,1.06148,1.05818,1.06144
2023-10-11 16:00:00,1.06146,1.06347,1.05996,1.06073
2023-10-11 20:00:00,1.06074,1.06202,1.0585,1.06191
2023-10-12 00:00:00,1.06194,1.0628,1.06051,1.06224
2023-10-12 04:00:00,1.06224,1.06318,1.06202,1.0631
2023-10-12 08:00:00,1.0631,1.06399,1.06194,1.06265
2023-10-12 12:00:00,1.06268,1.06274,1.05719,1.05818
2023-10-12 16:00:00,1.05817,1.05862,1.05445,1.05486
2023-10-12 20:00:00,1.05486,1.05492,1.05258,1.05282
2023-10-13 00:00:00,1.05277,1.05396,1.0526,1.0539
2023-10-13 04:00:00,1.0539,1.055,1.05376,1.055
2023-10-13 08:00:00,1.055,1.05586,1.05316,1.05538
2023-10-13 12:00:00,1.05537,1.05549,1.05139,1.05376
2023-10-13 16:00:00,1.05374,1.05413,1.04955,1.0509
2023-10-13 20:00:00,1.05092,1.05157,1.05008,1.05089
2023-10-16 00:00:00,1.05054,1.05254,1.05031,1.05176
2023-10-16 04:00:00,1.05177,1.05269,1.05176,1.05259
2023-10-16 08:00:00,1.05259,1.05428,1.0523,1.05408
2023-10-16 12:00:00,1.05405,1.0546,1.0526200000000001,1.05417
2023-10-16 16:00:00,1.05418,1.05555,1.05257,1.05474
2023-10-16 20:00:00,1.05474,1.05627,1.05436,1.05594
2023-10-17 00:00:00,1.05599,1.05615,1.0553,1.05557
2023-10-17 04:00:00,1.05558,1.05559,1.05454,1.05475
2023-10-17 08:00:00,1.05474,1.05548,1.05329,1.0536
2023-10-17 12:00:00,1.0536,1.05794,1.0536,1.05473
2023-10-17 16:00:00,1.0547,1.05949,1.05397,1.05796
2023-10-17 20:00:00,1.05794,1.05812,1.05642,1.05762
2023-10-18 00:00:00,1.05766,1.05772,1.05606,1.05646
2023-10-18 04:00:00,1.05646,1.05792,1.05614,1.05756
2023-10-18 08:00:00,1.05756,1.05942,1.0570599999999999,1.05834
2023-10-18 12:00:00,1.05834,1.05868,1.05494,1.0557
2023-10-18 16:00:00,1.05575,1.05642,1.05232,1.0537
2023-10-18 20:00:00,1.05371,1.05537,1.05317,1.05364
2023-10-19 00:00:00,1.05357,1.054,1.05313,1.05391
2023-10-19 04:00:00,1.05391,1.0542,1.05306,1.05336
2023-10-19 08:00:00,1.05336,1.05482,1.05282,1.05359
2023-10-19 12:00:00,1.05359,1.05798,1.05352,1.05764
2023-10-19 16:00:00,1.05766,1.06167,1.05559,1.05965
2023-10-19 20:00:00,1.05965,1.06065,1.05783,1.05821
2023-10-20 00:00:00,1.05819,1.05868,1.05738,1.05762
2023-10-20 04:00:00,1.0576,1.05802,1.05685,1.05753
2023-10-20 08:00:00,1.05753,1.05953,1.0565,1.05879
2023-10-20 12:00:00,1.05879,1.0599,1.05655,1.0584
2023-10-20 16:00:00,1.05839,1.06006,1.05722,1.05896
2023-10-20 20:00:00,1.05897,1.06038,1.05863,1.05948
2023-10-23 00:00:00,1.05949,1.05965,1.05841,1.0587
2023-10-23 04:00:00,1.05871,1.05871,1.05734,1.05763
2023-10-23 08:00:00,1.05762,1.06105,1.05715,1.06026
2023-10-23 12:00:00,1.06026,1.06188,1.05905,1.06098
2023-10-23 16:00:00,1.06098,1.06646,1.05911,1.06646
2023-10-23 20:00:00,1.06644,1.06778,1.06596,1.06684
2023-10-24 00:00:00,1.06686,1.06734,1.06609,1.06723
2023-10-24 04:00:00,1.06724,1.06872,1.06679,1.06791
2023-10-24 08:00:00,1.06792,1.06942,1.06442,1.06503
2023-10-24 12:00:00,1.06494,1.06512,1.06122,1.06158
2023-10-24 16:00:00,1.06156,1.06242,1.0583,1.05867
2023-10-24 20:00:00,1.05868,1.05944,1.05844,1.05909
2023-10-25 00:00:00,1.05894,1.05988,1.0582799999999999,1.05926
2023-10-25 04:00:00,1.05928,1.06064,1.05919,1.06062
2023-10-25 08:00:00,1.06062,1.06067,1.0578400000000001,1.05851
2023-10-25 12:00:00,1.05852,1.05852,1.05659,1.05749
2023-10-25 16:00:00,1.0575,1.05956,1.05669,1.05746
2023-10-25 20:00:00,1.05746,1.05766,1.05657,1.05661
2023-10-26 00:00:00,1.05662,1.05692,1.05578,1.05596
2023-10-26 04:00:00,1.05596,1.05613,1.05414,1.05457
2023-10-26 08:00:00,1.05457,1.05526,1.05329,1.05453
2023-10-26 12:00:00,1.05453,1.05592,1.05222,1.05592
2023-10-26 16:00:00,1.05603,1.05603,1.05249,1.05285
2023-10-26 20:00:00,1.05286,1.05647,1.05281,1.05629
2023-10-27 00:00:00,1.0562,1.05657,1.0553,1.05579
2023-10-27 04:00:00,1.05579,1.05679,1.05526,1.05672
2023-10-27 08:00:00,1.05672,1.057,1.05521,1.05618
2023-10-27 12:00:00,1.05618,1.05692,1.05354,1.05559
2023-10-27 16:00:00,1.05558,1.0597,1.05554,1.0583
2023-10-27 20:00:00,1.0582799999999999,1.0583,1.05574,1.05659
2023-10-30 00:00:00,1.05642,1.05698,1.05553,1.05626
2023-10-30 04:00:00,1.05627,1.0566,1.05586,1.05611
2023-10-30 08:00:00,1.05611,1.05677,1.05471,1.056
2023-10-30 12:00:00,1.05599,1.06086,1.05598,1.0607
2023-10-30 16:00:00,1.0607,1.06252,1.0591,1.06072
2023-10-30 20:00:00,1.06074,1.06218,1.06003,1.06154
2023-10-31 00:00:00,1.06147,1.06173,1.06094,1.06116
2023-10-31 04:00:00,1.06115,1.06127,1.05908,1.0594
2023-10-31 08:00:00,1.05939,1.06458,1.05927,1.06455
2023-10-31 12:00:00,1.06454,1.0675,1.06214,1.06242
2023-10-31 16:00:00,1.06238,1.06258,1.05575,1.05676
2023-10-31 20:00:00,1.05676,1.05859,1.05659,1.05756
2023-11-01 00:00:00,1.0572300000000001,1.05808,1.05687,1.05736
2023-11-01 04:00:00,1.05736,1.05766,1.0566,1.05674
2023-11-01 08:00:00,1.05672,1.05777,1.05573,1.05584
2023-11-01 12:00:00,1.05584,1.05628,1.0537,1.05386
2023-11-01 16:00:00,1.05386,1.0571,1.05217,1.0534
2023-11-01 20:00:00,1.05339,1.0576,1.05168,1.057
2023-11-02 00:00:00,1.05696,1.0602,1.05618,1.0602
2023-11-02 04:00:00,1.0602,1.06022,1.05934,1.05962
2023-11-02 08:00:00,1.05961,1.06102,1.05913,1.06005
2023-11-02 12:00:00,1.06007,1.06677,1.0599,1.06643
2023-11-02 16:00:00,1.06642,1.06669,1.06106,1.06156
2023-11-02 20:00:00,1.06155,1.06326,1.06138,1.06224
2023-11-03 00:00:00,1.06203,1.06238,1.06126,1.06182
2023-11-03 04:00:00,1.0618,1.0629,1.06148,1.06264
2023-11-03 08:00:00,1.06264,1.06338,1.06198,1.06272
2023-11-03 12:00:00,1.06271,1.07193,1.06243,1.07097
2023-11-03 16:00:00,1.07093,1.07395,1.06935,1.07394
2023-11-03 20:00:00,1.07394,1.07468,1.07225,1.07266
2023-11-06 00:00:00,1.07234,1.07336,1.072,1.07284
2023-11-06 04:00:00,1.07285,1.0739,1.07264,1.07358
2023-11-06 08:00:00,1.07356,1.07564,1.0731600000000001,1.07473
2023-11-06 12:00:00,1.07474,1.07558,1.07352,1.07376
2023-11-06 16:00:00,1.07378,1.07494,1.07262,1.07356
2023-11-06 20:00:00,1.07356,1.0737,1.07164,1.07172
2023-11-07 00:00:00,1.07172,1.07224,1.0708,1.07104
2023-11-07 04:00:00,1.07105,1.07142,1.07052,1.07106
2023-11-07 08:00:00,1.07106,1.07117,1.06831,1.0683799999999999
2023-11-07 12:00:00,1.06836,1.06977,1.06657,1.06761
2023-11-07 16:00:00,1.06764,1.06929,1.06643,1.06774
2023-11-07 20:00:00,1.06773,1.0705,1.06762,1.06996
2023-11-08 00:00:00,1.06992,1.07002,1.06865,1.06918
2023-11-08 04:00:00,1.06922,1.06993,1.06854,1.06862
2023-11-08 08:00:00,1.06862,1.06881,1.06604,1.06654
2023-11-08 12:00:00,1.06648,1.0678,1.0659399999999999,1.06694
2023-11-08 16:00:00,1.06695,1.07162,1.0669,1.07079
2023-11-08 20:00:00,1.0708,1.07142,1.07001,1.07088
2023-11-09 00:00:00,1.07071,1.07148,1.07009,1.07122
2023-11-09 04:00:00,1.07122,1.07158,1.07024,1.07026
2023-11-09 08:00:00,1.07026,1.071,1.06938,1.06979
2023-11-09 12:00:00,1.0698,1.07087,1.06804,1.07075
2023-11-09 16:00:00,1.07076,1.07254,1.06999,1.07049
2023-11-09 20:00:00,1.07049,1.07056,1.06602,1.06683
2023-11-10 00:00:00,1.06661,1.06751,1.0661100000000001,1.0672
2023-11-10 04:00:00,1.0672,1.06745,1.0666,1.06694
2023-11-10 08:00:00,1.06692,1.06801,1.06563,1.06773
2023-11-10 12:00:00,1.06773,1.06928,1.06694,1.06888
2023-11-10 16:00:00,1.06892,1.06898,1.06624,1.0679400000000001
2023-11-10 20:00:00,1.06793,1.06876,1.0673,1.06846
2023-11-13 00:00:00,1.06828,1.06907,1.06779,1.06867
2023-11-13 04:00:00,1.06869,1.0689,1.06814,1.06858
2023-11-13 08:00:00,1.06858,1.07014,1.06835,1.06896
2023-11-13 12:00:00,1.06896,1.06996,1.06651,1.06727
2023-11-13 16:00:00,1.0673,1.07061,1.06679,1.06957
2023-11-13 20:00:00,1.06957,1.07058,1.06901,1.06988
2023-11-14 00:00:00,1.06981,1.07023,1.06916,1.06988
2023-11-14 04:00:00,1.06988,1.07022,1.06929,1.06957
2023-11-14 08:00:00,1.06956,1.07176,1.06941,1.07156
2023-11-14 12:00:00,1.07159,1.08001,1.07137,1.07892
2023-11-14 16:00:00,1.07888,1.0873599999999999,1.07887,1.0873
2023-11-14 20:00:00,1.08728,1.08874,1.08678,1.0878700000000001
2023-11-15 00:00:00,1.08774,1.08828,1.08657,1.08719
2023-11-15 04:00:00,1.08718,1.08838,1.08707,1.08727
2023-11-15 08:00:00,1.08727,1.08794,1.08438,1.0852
2023-11-15 12:00:00,1.08521,1.08857,1.08401,1.08589
2023-11-15 16:00:00,1.0859,1.08687,1.08315,1.0854
2023-11-15 20:00:00,1.08539,1.08545,1.08411,1.0847
2023-11-16 00:00:00,1.0847,1.08558,1.0839,1.08438
2023-11-16 04:00:00,1.08437,1.0844,1.083,1.08379
2023-11-16 08:00:00,1.0838,1.08608,1.0834,1.0851
2023-11-16 12:00:00,1.08508,1.08814,1.0839,1.0881
2023-11-16 16:00:00,1.08808,1.08956,1.08464,1.08598
2023-11-16 20:00:00,1.08598,1.08657,1.0845,1.08529
2023-11-17 00:00:00,1.08515,1.0857,1.08442,1.0853
2023-11-17 04:00:00,1.0853,1.0857,1.0848,1.08532
2023-11-17 08:00:00,1.08534,1.08584,1.0824799999999999,1.0853
2023-11-17 12:00:00,1.0853,1.08775,1.08516,1.08711
2023-11-17 16:00:00,1.08709,1.08933,1.08586,1.08902
2023-11-17 20:00:00,1.08902,1.09142,1.08885,1.0913599999999999
2023-11-20 00:00:00,1.091,1.09112,1.08976,1.09084
2023-11-20 04:00:00,1.09084,1.0936,1.09082,1.09186
2023-11-20 08:00:00,1.09186,1.09402,1.09132,1.09367
2023-11-20 12:00:00,1.09367,1.09368,1.09208,1.09266
2023-11-20 16:00:00,1.09266,1.09517,1.09188,1.09378
2023-11-20 20:00:00,1.09377,1.09519,1.0937000000000001,1.09405
2023-11-21 00:00:00,1.09387,1.09576,1.09363,1.09524
2023-11-21 04:00:00,1.09516,1.09653,1.09483,1.0956
2023-11-21 08:00:00,1.0956,1.0964,1.09426,1.09437
2023-11-21 12:00:00,1.09438,1.0961400000000001,1.09391,1.09451
2023-11-21 16:00:00,1.09452,1.09594,1.0919,1.0921
2023-11-21 20:00:00,1.0921,1.09217,1.09002,1.09109
2023-11-22 00:00:00,1.09099,1.0923,1.09067,1.0913599999999999
2023-11-22 04:00:00,1.0913599999999999,1.09205,1.09052,1.09074
2023-11-22 08:00:00,1.0907499999999999,1.09199,1.08828,1.09025
2023-11-22 12:00:00,1.09026,1.09178,1.08913,1.08962
2023-11-22 16:00:00,1.08963,1.08986,1.08532,1.0878700000000001
2023-11-22 20:00:00,1.08783,1.08895,1.08776,1.08886
2023-11-23 00:00:00,1.08884,1.0896,1.08818,1.08952
2023-11-23 04:00:00,1.08952,1.0912,1.08949,1.09107
2023-11-23 08:00:00,1.09107,1.09305,1.0895299999999999,1.09231
2023-11-23 12:00:00,1.09231,1.09242,1.08968,1.09017
2023-11-23 16:00:00,1.09017,1.09106,1.08872,1.09061
2023-11-23 20:00:00,1.09059,1.09074,1.09028,1.09045
2023-11-24 00:00:00,1.08997,1.09106,1.08985,1.0902
2023-11-24 04:00:00,1.09021,1.09122,1.08951,1.0912
2023-11-24 08:00:00,1.09119,1.09208,1.09017,1.09029
2023-11-24 12:00:00,1.0903,1.09283,1.09019,1.0922
2023-11-24 16:00:00,1.0922,1.09453,1.09174,1.09406
2023-11-24 20:00:00,1.09406,1.09488,1.09333,1.09373
2023-11-27 00:00:00,1.09444,1.09498,1.09267,1.09468
2023-11-27 04:00:00,1.09468,1.09506,1.0937999999999999,1.09495
2023-11-27 08:00:00,1.09494,1.09592,1.09391,1.09484
2023-11-27 12:00:00,1.09485,1.09565,1.09435,1.09438
2023-11-27 16:00:00,1.09438,1.0945,1.09251,1.09344
2023-11-27 20:00:00,1.09344,1.09574,1.09322,1.09539
2023-11-28 00:00:00,1.09528,1.09618,1.09479,1.09577
2023-11-28 04:00:00,1.09577,1.09628,1.09499,1.0951
2023-11-28 08:00:00,1.0951,1.09552,1.09345,1.09537
2023-11-28 12:00:00,1.09537,1.09739,1.09454,1.09723
2023-11-28 16:00:00,1.09723,1.10088,1.0964,1.09869
2023-11-28 20:00:00,1.09869,1.09955,1.09732,1.09949
2023-11-29 00:00:00,1.09925,1.10172,1.09896,1.1006
2023-11-29 04:00:00,1.1006,1.10084,1.09968,1.1002
2023-11-29 08:00:00,1.1002,1.10045,1.09718,1.09745
2023-11-29 12:00:00,1.09745,1.09948,1.09691,1.09727
2023-11-29 16:00:00,1.09728,1.09909,1.096,1.0976
2023-11-29 20:00:00,1.0976,1.09948,1.09685,1.09691
2023-11-30 00:00:00,1.09691,1.0984,1.09677,1.09695
2023-11-30 04:00:00,1.09695,1.09779,1.09652,1.09724
2023-11-30 08:00:00,1.09721,1.09819,1.09201,1.0925
2023-11-30 12:00:00,1.0925,1.09487,1.09091,1.09157
2023-11-30 16:00:00,1.09158,1.09225,1.08881,1.089
2023-11-30 20:00:00,1.089,1.08998,1.08794,1.08887
2023-12-01 00:00:00,1.08873,1.09102,1.08802,1.0907
2023-12-01 04:00:00,1.0907,1.09128,1.08982,1.09113
2023-12-01 08:00:00,1.09108,1.09119,1.08859,1.08978
2023-12-01 12:00:00,1.08976,1.09036,1.08663,1.08677
2023-12-01 16:00:00,1.08674,1.08855,1.08286,1.08817
2023-12-01 20:00:00,1.08817,1.08928,1.087,1.0884
2023-12-04 00:00:00,1.08743,1.0895,1.08667,1.08732
2023-12-04 04:00:00,1.08732,1.08861,1.08685,1.08694
2023-12-04 08:00:00,1.08694,1.08809,1.085,1.08747
2023-12-04 12:00:00,1.08747,1.0879,1.08534,1.08546
2023-12-04 16:00:00,1.08545,1.08551,1.08041,1.08256
2023-12-04 20:00:00,1.08259,1.08371,1.08152,1.08362
2023-12-05 00:00:00,1.08354,1.08463,1.08262,1.08394
2023-12-05 04:00:00,1.08394,1.08476,1.08348,1.08474
2023-12-05 08:00:00,1.08475,1.08475,1.08042,1.0832
2023-12-05 12:00:00,1.08316,1.08398,1.08124,1.08286
2023-12-05 16:00:00,1.08285,1.0839,1.0782,1.0792
2023-12-05 20:00:00,1.07921,1.0799,1.07781,1.07977
2023-12-06 00:00:00,1.07955,1.07986,1.07803,1.07922
2023-12-06 04:00:00,1.07921,1.08019,1.07882,1.08012
2023-12-06 08:00:00,1.08012,1.08012,1.07752,1.07912
2023-12-06 12:00:00,1.07912,1.07999,1.0772599999999999,1.07981
2023-12-06 16:00:00,1.07981,1.08045,1.0781,1.07816
2023-12-06 20:00:00,1.07816,1.07844,1.07587,1.07642
2023-12-07 00:00:00,1.0762,1.07724,1.0762,1.07673
2023-12-07 04:00:00,1.07672,1.0771,1.0757,1.07617
2023-12-07 08:00:00,1.07617,1.07846,1.07553,1.07799
2023-12-07 12:00:00,1.078,1.07981,1.07595,1.07904
2023-12-07 16:00:00,1.07904,1.0818,1.07672,1.08138
2023-12-07 20:00:00,1.08136,1.08138,1.07906,1.07932
2023-12-08 00:00:00,1.07933,1.08008,1.07854,1.07882
2023-12-08 04:00:00,1.07882,1.07958,1.07824,1.0784
2023-12-08 08:00:00,1.0784,1.07914,1.07725,1.0777
2023-12-08 12:00:00,1.0777,1.079,1.07234,1.07469
2023-12-08 16:00:00,1.07473,1.07858,1.07304,1.07561
2023-12-08 20:00:00,1.07561,1.0766499999999999,1.0753,1.07617
2023-12-11 00:00:00,1.07586,1.0774,1.07541,1.07674
2023-12-11 04:00:00,1.07674,1.07682,1.07609,1.07681
2023-12-11 08:00:00,1.07678,1.07707,1.07513,1.0767
2023-12-11 12:00:00,1.0767,1.07789,1.07522,1.07635
2023-12-11 16:00:00,1.07636,1.07636,1.07416,1.0744
2023-12-11 20:00:00,1.07441,1.07697,1.07424,1.07646
2023-12-12 00:00:00,1.07636,1.07698,1.07552,1.07648
2023-12-12 04:00:00,1.07646,1.07709,1.07612,1.07692
2023-12-12 08:00:00,1.07691,1.07976,1.07686,1.07934
2023-12-12 12:00:00,1.07935,1.0827,1.07736,1.07766
2023-12-12 16:00:00,1.07766,1.08002,1.07671,1.07882
2023-12-12 20:00:00,1.07882,1.07992,1.07868,1.07945
2023-12-13 00:00:00,1.07936,1.07998,1.079,1.07934
2023-12-13 04:00:00,1.07934,1.0794,1.07842,1.0789900000000001
2023-12-13 08:00:00,1.079,1.07927,1.07802,1.07876
2023-12-13 12:00:00,1.07874,1.08037,1.0773,1.08005
2023-12-13 16:00:00,1.08003,1.08094,1.07826,1.07841
2023-12-13 20:00:00,1.0784,1.08965,1.078,1.08753
2023-12-14 00:00:00,1.08723,1.0898,1.0868,1.08965
2023-12-14 04:00:00,1.08966,1.09154,1.0893,1.08942
2023-12-14 08:00:00,1.08942,1.09129,1.08799,1.0904
2023-12-14 12:00:00,1.09039,1.09513,1.08982,1.09439
2023-12-14 16:00:00,1.09437,1.10092,1.0936,1.1005
2023-12-14 20:00:00,1.10049,1.1006,1.09794,1.0991900000000001
2023-12-15 00:00:00,1.09889,1.09965,1.09768,1.09847
2023-12-15 04:00:00,1.09847,1.10036,1.09837,1.09843
2023-12-15 08:00:00,1.09844,1.09992,1.09462,1.09604
2023-12-15 12:00:00,1.09601,1.09694,1.09042,1.09163
2023-12-15 16:00:00,1.09164,1.09282,1.09016,1.09103
2023-12-15 20:00:00,1.09103,1.09108,1.08886,1.08939
2023-12-18 00:00:00,1.08974,1.0901399999999999,1.08922,1.08976
2023-12-18 04:00:00,1.08976,1.0916,1.08976,1.09156
2023-12-18 08:00:00,1.09156,1.093,1.09118,1.0919699999999999
2023-12-18 12:00:00,1.0919699999999999,1.09293,1.09073,1.09214
2023-12-18 16:00:00,1.09214,1.09311,1.0911,1.09276
2023-12-18 20:00:00,1.09278,1.09282,1.09132,1.09241
2023-12-19 00:00:00,1.092,1.0926,1.09108,1.09186
2023-12-19 04:00:00,1.09187,1.09293,1.09148,1.09279
2023-12-19 08:00:00,1.09279,1.09495,1.09232,1.09414
2023-12-19 12:00:00,1.09416,1.09739,1.09305,1.09621
2023-12-19 16:00:00,1.09621,1.09875,1.09591,1.0975
2023-12-19 20:00:00,1.09745,1.0981,1.09695,1.09808
2023-12-20 00:00:00,1.09805,1.09834,1.0968,1.097
2023-12-20 04:00:00,1.097,1.09729,1.09645,1.0965
2023-12-20 08:00:00,1.0965,1.09715,1.09507,1.09645
2023-12-20 12:00:00,1.09645,1.09652,1.0934,1.09604
2023-12-20 16:00:00,1.09607,1.09757,1.09497,1.0958
2023-12-20 20:00:00,1.0958,1.09639,1.09298,1.0943
2023-12-21 00:00:00,1.09371,1.09536,1.09348,1.09524
2023-12-21 04:00:00,1.09524,1.0956,1.09453,1.09546
2023-12-21 08:00:00,1.09547,1.0955,1.09354,1.0944
2023-12-21 12:00:00,1.09439,1.1002399999999999,1.094,1.0991
2023-12-21 16:00:00,1.09911,1.1001400000000001,1.09755,1.09863
2023-12-21 20:00:00,1.09861,1.10126,1.09785,1.10109
2023-12-22 00:00:00,1.10109,1.10126,1.09811,1.09982
2023-12-22 04:00:00,1.09983,1.10051,1.09956,1.09969
2023-12-22 08:00:00,1.09968,1.10137,1.09938,1.10046
2023-12-22 12:00:00,1.10044,1.10381,1.10016,1.10289
2023-12-22 16:00:00,1.1029,1.10402,1.10003,1.10159
2023-12-22 20:00:00,1.10159,1.10193,1.10023,1.10137
2023-12-26 00:00:00,1.10017,1.1023,1.10017,1.10222
2023-12-26 04:00:00,1.10222,1.10288,1.10196,1.10266
2023-12-26 08:00:00,1.10266,1.10267,1.10095,1.10144
2023-12-26 12:00:00,1.10144,1.10245,1.10086,1.10177
2023-12-26 16:00:00,1.10176,1.10376,1.10139,1.10351
2023-12-26 20:00:00,1.10352,1.1045,1.10341,1.10423
2023-12-27 00:00:00,1.1041,1.10442,1.1032,1.10362
2023-12-27 04:00:00,1.1036299999999999,1.1044,1.10286,1.10434
2023-12-27 08:00:00,1.10434,1.10549,1.10366,1.10545
2023-12-27 12:00:00,1.10544,1.1074,1.10486,1.10704
2023-12-27 16:00:00,1.10705,1.11226,1.10688,1.11053
2023-12-27 20:00:00,1.11052,1.1114,1.1099,1.1106
2023-12-28 00:00:00,1.11045,1.1122,1.10982,1.11218
2023-12-28 04:00:00,1.11218,1.11226,1.11086,1.11092
2023-12-28 08:00:00,1.11092,1.11394,1.11043,1.11293
2023-12-28 12:00:00,1.11293,1.11323,1.10725,1.1073
2023-12-28 16:00:00,1.10733,1.11134,1.10661,1.10737
2023-12-28 20:00:00,1.10737,1.10739,1.10552,1.1062400000000001
2023-12-29 00:00:00,1.10605,1.10844,1.10597,1.10788
2023-12-29 04:00:00,1.10784,1.10792,1.1061,1.10662
2023-12-29 08:00:00,1.10662,1.10776,1.10444,1.10492
2023-12-29 12:00:00,1.10491,1.10804,1.10466,1.10487
2023-12-29 16:00:00,1.10487,1.10786,1.10427,1.10642
2023-12-29 20:00:00,1.1064,1.1064,1.10342,1.10372
2024-01-02 00:00:00,1.10435,1.10446,1.10344,1.1035
2024-01-02 04:00:00,1.1035,1.1036,1.10168,1.10336
2024-01-02 08:00:00,1.10336,1.1039,1.10108,1.10153
2024-01-02 12:00:00,1.10151,1.10171,1.09495,1.0953
2024-01-02 16:00:00,1.09524,1.09684,1.0941,1.09507
2024-01-02 20:00:00,1.09506,1.09561,1.09383,1.09414
2024-01-03 00:00:00,1.09421,1.09549,1.09378,1.09516
2024-01-03 04:00:00,1.09516,1.0963,1.09487,1.09514
2024-01-03 08:00:00,1.09514,1.09654,1.09349,1.09364
2024-01-03 12:00:00,1.09364,1.09392,1.09102,1.09218
2024-01-03 16:00:00,1.09218,1.09388,1.08981,1.09067
2024-01-03 20:00:00,1.09066,1.09259,1.08931,1.0922
2024-01-04 00:00:00,1.09203,1.09277,1.0907,1.09178
2024-01-04 04:00:00,1.0918,1.09308,1.09161,1.09266
2024-01-04 08:00:00,1.09266,1.09692,1.0921,1.09676
2024-01-04 12:00:00,1.09681,1.09723,1.09328,1.09472
2024-01-04 16:00:00,1.09472,1.09655,1.09383,1.09506
2024-01-04 20:00:00,1.09505,1.09545,1.09432,1.09459
2024-01-05 00:00:00,1.0944099999999999,1.09562,1.0939,1.09517
2024-01-05 04:00:00,1.09516,1.09543,1.09342,1.09375
2024-01-05 08:00:00,1.09374,1.09374,1.09028,1.09126
2024-01-05 12:00:00,1.09131,1.0928,1.08769,1.09213
2024-01-05 16:00:00,1.09212,1.09984,1.09212,1.09464
2024-01-05 20:00:00,1.09463,1.09598,1.09354,1.09415
2024-01-08 00:00:00,1.09326,1.09532,1.09326,1.09482
2024-01-08 04:00:00,1.09476,1.0948,1.09307,1.09376
2024-01-08 08:00:00,1.09376,1.09524,1.09227,1.09372
2024-01-08 12:00:00,1.09382,1.09563,1.09344,1.09509
2024-01-08 16:00:00,1.0951,1.09789,1.09495,1.09647
2024-01-08 20:00:00,1.09646,1.0965799999999999,1.0949,1.09504
2024-01-09 00:00:00,1.095,1.0962,1.0945,1.09616
2024-01-09 04:00:00,1.09619,1.09664,1.09482,1.09498
2024-01-09 08:00:00,1.09498,1.0963,1.0937999999999999,1.09442
2024-01-09 12:00:00,1.09446,1.09482,1.0929,1.0946
2024-01-09 16:00:00,1.09459,1.09513,1.09103,1.09342
2024-01-09 20:00:00,1.09342,1.09399,1.09202,1.09312
2024-01-10 00:00:00,1.0931,1.09366,1.09256,1.09323
2024-01-10 04:00:00,1.09324,1.09361,1.0928,1.09324
2024-01-10 08:00:00,1.09321,1.0952,1.0923,1.09472
2024-01-10 12:00:00,1.0947,1.09555,1.09406,1.09407
2024-01-10 16:00:00,1.09406,1.09691,1.09321,1.09672
2024-01-10 20:00:00,1.0967,1.09732,1.09594,1.09728
2024-01-11 00:00:00,1.09721,1.09804,1.09654,1.0979
2024-01-11 04:00:00,1.09791,1.0985,1.09758,1.09784
2024-01-11 08:00:00,1.09784,1.09886,1.0959,1.09638
2024-01-11 12:00:00,1.09638,1.09976,1.09356,1.09395
2024-01-11 16:00:00,1.09398,1.09734,1.09304,1.0951
2024-01-11 20:00:00,1.0951,1.0983,1.09499,1.09735
2024-01-12 00:00:00,1.09721,1.09849,1.09618,1.09828
2024-01-12 04:00:00,1.09829,1.09854,1.09733,1.09756
2024-01-12 08:00:00,1.09758,1.0983,1.0961,1.09626
2024-01-12 12:00:00,1.09625,1.09696,1.09361,1.09555
2024-01-12 16:00:00,1.09554,1.0987,1.09472,1.09497
2024-01-12 20:00:00,1.09497,1.09636,1.09483,1.09504
2024-01-15 00:00:00,1.09457,1.09561,1.09408,1.09548
2024-01-15 04:00:00,1.0955,1.09674,1.0955,1.0964
2024-01-15 08:00:00,1.0964,1.09665,1.0943100000000001,1.09468
2024-01-15 12:00:00,1.09466,1.0959,1.09336,1.09504
2024-01-15 16:00:00,1.09504,1.09525,1.09382,1.09481
2024-01-15 20:00:00,1.09482,1.09536,1.09477,1.09504
2024-01-16 00:00:00,1.09478,1.09509,1.09154,1.09276
2024-01-16 04:00:00,1.09276,1.09277,1.09126,1.09154
2024-01-16 08:00:00,1.09152,1.09268,1.0884,1.0886
2024-01-16 12:00:00,1.08863,1.0898,1.08716,1.08741
2024-01-16 16:00:00,1.0874,1.08947,1.08622,1.0863
2024-01-16 20:00:00,1.0863,1.08775,1.08629,1.08752
2024-01-17 00:00:00,1.087,1.08824,1.0862,1.08773
2024-01-17 04:00:00,1.08773,1.08846,1.08608,1.08648
2024-01-17 08:00:00,1.0865,1.08817,1.08555,1.08768
2024-01-17 12:00:00,1.08763,1.08838,1.08514,1.08639
2024-01-17 16:00:00,1.0864,1.0871,1.08446,1.0867
2024-01-17 20:00:00,1.08669,1.08826,1.08566,1.0882
2024-01-18 00:00:00,1.08809,1.09008,1.08792,1.08963
2024-01-18 04:00:00,1.0896,1.0903,1.08904,1.0895
2024-01-18 08:00:00,1.0895,1.09068,1.08767,1.08846
2024-01-18 12:00:00,1.08846,1.0896,1.08506,1.08525
2024-01-18 16:00:00,1.08525,1.087,1.08467,1.08596
2024-01-18 20:00:00,1.08598,1.08776,1.08542,1.08757
2024-01-19 00:00:00,1.08714,1.08874,1.08585,1.08856
2024-01-19 04:00:00,1.08854,1.08896,1.08796,1.08808
2024-01-19 08:00:00,1.08804,1.08863,1.08681,1.0883
2024-01-19 12:00:00,1.0883,1.0893,1.08731,1.08806
2024-01-19 16:00:00,1.08805,1.08934,1.08657,1.08896
2024-01-19 20:00:00,1.08896,1.08978,1.08858,1.0897000000000001
2024-01-22 00:00:00,1.08899,1.0905,1.08815,1.09021
2024-01-22 04:00:00,1.09021,1.09094,1.08985,1.09016
2024-01-22 08:00:00,1.09016,1.09096,1.08873,1.0897000000000001
2024-01-22 12:00:00,1.0897000000000001,1.08997,1.08801,1.08917
2024-01-22 16:00:00,1.08917,1.09,1.08821,1.08964
2024-01-22 20:00:00,1.08964,1.08965,1.08804,1.08826
2024-01-23 00:00:00,1.08813,1.08887,1.08758,1.08885
2024-01-23 04:00:00,1.08885,1.0908,1.0885,1.0907
2024-01-23 08:00:00,1.0907,1.09162,1.08838,1.08876
2024-01-23 12:00:00,1.08874,1.08884,1.08602,1.08741
2024-01-23 16:00:00,1.08741,1.08741,1.08217,1.08315
2024-01-23 20:00:00,1.08316,1.0856,1.08305,1.08537
2024-01-24 00:00:00,1.08414,1.086,1.08414,1.08581
2024-01-24 04:00:00,1.08581,1.08661,1.08534,1.08622
2024-01-24 08:00:00,1.08621,1.09079,1.08605,1.09028
2024-01-24 12:00:00,1.09028,1.09272,1.08876,1.09249
2024-01-24 16:00:00,1.09249,1.09324,1.08905,1.09054
2024-01-24 20:00:00,1.09054,1.09061,1.08778,1.08846
2024-01-25 00:00:00,1.08823,1.08866,1.08704,1.08777
2024-01-25 04:00:00,1.08778,1.0882,1.08746,1.08784
2024-01-25 08:00:00,1.08784,1.08999,1.08756,1.0896
2024-01-25 12:00:00,1.08961,1.0902,1.08671,1.08794
2024-01-25 16:00:00,1.08794,1.08794,1.08242,1.08377
2024-01-25 20:00:00,1.08378,1.08483,1.08218,1.08459
2024-01-26 00:00:00,1.08392,1.08478,1.08376,1.08446
2024-01-26 04:00:00,1.08446,1.0849,1.08381,1.08426
2024-01-26 08:00:00,1.08427,1.08506,1.0813,1.08443
2024-01-26 12:00:00,1.08443,1.08855,1.08442,1.08721
2024-01-26 16:00:00,1.08721,1.08804,1.08552,1.08638
2024-01-26 20:00:00,1.08638,1.08661,1.0852,1.08549
2024-01-29 00:00:00,1.08427,1.08491,1.0836999999999999,1.08441
2024-01-29 04:00:00,1.08441,1.08477,1.08395,1.084
2024-01-29 08:00:00,1.084,1.08501,1.08232,1.08252
2024-01-29 12:00:00,1.08251,1.08369,1.08139,1.0820400000000001
2024-01-29 16:00:00,1.08203,1.08227,1.07959,1.08117
2024-01-29 20:00:00,1.08117,1.08405,1.08094,1.08334
2024-01-30 00:00:00,1.08305,1.08421,1.08242,1.08351
2024-01-30 04:00:00,1.0835,1.08361,1.0822,1.08225
2024-01-30 08:00:00,1.08227,1.08323,1.08119,1.0827
2024-01-30 12:00:00,1.0827,1.085,1.08231,1.08344
2024-01-30 16:00:00,1.08346,1.08575,1.08282,1.0839
2024-01-30 20:00:00,1.08389,1.08486,1.08316,1.08456
2024-01-31 00:00:00,1.08381,1.08483,1.08314,1.08315
2024-01-31 04:00:00,1.08314,1.08314,1.0816,1.08205
2024-01-31 08:00:00,1.0820400000000001,1.08369,1.08062,1.08223
2024-01-31 12:00:00,1.08223,1.08629,1.08215,1.08576
2024-01-31 16:00:00,1.08575,1.08875,1.0842,1.08498
2024-01-31 20:00:00,1.08498,1.08641,1.0795,1.08177
2024-02-01 00:00:00,1.08163,1.08201,1.08019,1.08091
2024-02-01 04:00:00,1.0809,1.08219,1.08028,1.08028
2024-02-01 08:00:00,1.08028,1.08051,1.078,1.07984
2024-02-01 12:00:00,1.07995,1.08274,1.07916,1.08138
2024-02-01 16:00:00,1.08138,1.08748,1.08069,1.08729
2024-02-01 20:00:00,1.08728,1.08749,1.0863,1.08722
2024-02-02 00:00:00,1.08708,1.08798,1.08635,1.08717
2024-02-02 04:00:00,1.08717,1.08825,1.08715,1.08775
2024-02-02 08:00:00,1.08775,1.08975,1.0873599999999999,1.08908
2024-02-02 12:00:00,1.08907,1.0895,1.08038,1.08072
2024-02-02 16:00:00,1.0806499999999999,1.08171,1.07808,1.07835
2024-02-02 20:00:00,1.07835,1.07974,1.07806,1.07877
2024-02-05 00:00:00,1.07849,1.07856,1.07674,1.07784
2024-02-05 04:00:00,1.0778,1.07822,1.07734,1.07821
2024-02-05 08:00:00,1.07821,1.07861,1.0752,1.07538
2024-02-05 12:00:00,1.07536,1.07588,1.07363,1.07375
2024-02-05 16:00:00,1.07375,1.07449,1.07233,1.07394
2024-02-05 20:00:00,1.07394,1.07467,1.07369,1.07425
2024-02-06 00:00:00,1.07386,1.07473,1.07367,1.07454
2024-02-06 04:00:00,1.07454,1.07542,1.07435,1.07536
2024-02-06 08:00:00,1.07536,1.07624,1.07256,1.07292
2024-02-06 12:00:00,1.07291,1.07439,1.07226,1.07305
2024-02-06 16:00:00,1.07303,1.07552,1.07291,1.07511
2024-02-06 20:00:00,1.07511,1.07574,1.07436,1.07542
2024-02-07 00:00:00,1.07521,1.0765,1.07468,1.07636
2024-02-07 04:00:00,1.07636,1.0766499999999999,1.07568,1.07628
2024-02-07 08:00:00,1.07628,1.07735,1.07568,1.07695
2024-02-07 12:00:00,1.07694,1.0784,1.07624,1.07703
2024-02-07 16:00:00,1.07703,1.078,1.07559,1.0765
2024-02-07 20:00:00,1.07648,1.07755,1.07646,1.0773
2024-02-08 00:00:00,1.07696,1.07799,1.076,1.0778699999999999
2024-02-08 04:00:00,1.0778699999999999,1.07884,1.07784,1.07826
2024-02-08 08:00:00,1.07828,1.07889,1.07685,1.07831
2024-02-08 12:00:00,1.07831,1.07856,1.07416,1.0744
2024-02-08 16:00:00,1.07436,1.07767,1.07436,1.07734
2024-02-08 20:00:00,1.07735,1.07829,1.07728,1.0778
2024-02-09 00:00:00,1.07755,1.07788,1.07712,1.07744
2024-02-09 04:00:00,1.07743,1.07784,1.07695,1.07712
2024-02-09 08:00:00,1.07712,1.0784799999999999,1.07661,1.07672
2024-02-09 12:00:00,1.07671,1.07948,1.07622,1.07831
2024-02-09 16:00:00,1.07827,1.07952,1.0775,1.07856
2024-02-09 20:00:00,1.07856,1.0790899999999999,1.07797,1.07854
2024-02-12 00:00:00,1.07767,1.07999,1.07723,1.07958
2024-02-12 04:00:00,1.07958,1.07979,1.07896,1.07917
2024-02-12 08:00:00,1.07917,1.08057,1.07669,1.07692
2024-02-12 12:00:00,1.07693,1.07789,1.07612,1.0764
2024-02-12 16:00:00,1.0764,1.07825,1.0756000000000001,1.07824
2024-02-12 20:00:00,1.07825,1.07862,1.0768,1.0771600000000001
2024-02-13 00:00:00,1.07711,1.07751,1.0763,1.0767
2024-02-13 04:00:00,1.0767,1.0768,1.07606,1.0767
2024-02-13 08:00:00,1.07669,1.07778,1.07569,1.07667
2024-02-13 12:00:00,1.07667,1.07949,1.07031,1.07086
2024-02-13 16:00:00,1.07085,1.07269,1.07008,1.07154
2024-02-13 20:00:00,1.07154,1.07203,1.07008,1.07091
2024-02-14 00:00:00,1.07075,1.07145,1.07034,1.07117
2024-02-14 04:00:00,1.07116,1.07152,1.07084,1.07142
2024-02-14 08:00:00,1.07142,1.07188,1.06951,1.07002
2024-02-14 12:00:00,1.07002,1.07169,1.06965,1.07088
2024-02-14 16:00:00,1.07088,1.07346,1.07067,1.07308
2024-02-14 20:00:00,1.07308,1.07339,1.07256,1.07276
2024-02-15 00:00:00,1.07249,1.07356,1.0724,1.07285
2024-02-15 04:00:00,1.07285,1.07323,1.07248,1.07292
2024-02-15 08:00:00,1.07292,1.07415,1.07273,1.07332
2024-02-15 12:00:00,1.07332,1.07728,1.07309,1.07666
2024-02-15 16:00:00,1.07663,1.07849,1.07553,1.07625
2024-02-15 20:00:00,1.07625,1.07738,1.07606,1.07722
2024-02-16 00:00:00,1.0765,1.07768,1.07614,1.0765
2024-02-16 04:00:00,1.0765,1.07652,1.07575,1.07603
2024-02-16 08:00:00,1.07603,1.07718,1.07587,1.0766
2024-02-16 12:00:00,1.07662,1.07801,1.07321,1.07462
2024-02-16 16:00:00,1.07467,1.0778,1.07411,1.0778
2024-02-16 20:00:00,1.0778,1.07876,1.0773,1.07763
2024-02-19 00:00:00,1.0771600000000001,1.07891,1.07672,1.07804
2024-02-19 04:00:00,1.07804,1.07833,1.0775,1.07818
2024-02-19 08:00:00,1.07818,1.07894,1.07724,1.07749
2024-02-19 12:00:00,1.07749,1.07818,1.07676,1.07703
2024-02-19 16:00:00,1.07703,1.07765,1.07621,1.07762
2024-02-19 20:00:00,1.07761,1.07836,1.07759,1.07775
2024-02-20 00:00:00,1.07761,1.07795,1.07651,1.0766
2024-02-20 04:00:00,1.0766,1.07711,1.07617,1.0768
2024-02-20 08:00:00,1.0768,1.07989,1.07675,1.0798
2024-02-20 12:00:00,1.07978,1.08249,1.07937,1.08234
2024-02-20 16:00:00,1.08234,1.08389,1.08092,1.08119
2024-02-20 20:00:00,1.08118,1.08131,1.08044,1.08078
2024-02-21 00:00:00,1.08048,1.08127,1.0804,1.0812
2024-02-21 04:00:00,1.0812,1.08191,1.0812,1.08151
2024-02-21 08:00:00,1.08151,1.08153,1.079,1.07999
2024-02-21 12:00:00,1.07999,1.08115,1.07943,1.08102
2024-02-21 16:00:00,1.08102,1.082,1.08009,1.08077
2024-02-21 20:00:00,1.08076,1.08244,1.08,1.08196
2024-02-22 00:00:00,1.08128,1.0832,1.08102,1.08267
2024-02-22 04:00:00,1.08267,1.0838,1.08191,1.08334
2024-02-22 08:00:00,1.08333,1.08885,1.08332,1.0853
2024-02-22 12:00:00,1.0853,1.0859,1.08212,1.08231
2024-02-22 16:00:00,1.08231,1.08246,1.08028,1.08201
2024-02-22 20:00:00,1.08202,1.08263,1.08145,1.08229
2024-02-23 00:00:00,1.08158,1.0832,1.08149,1.08271
2024-02-23 04:00:00,1.08273,1.08306,1.08213,1.08228
2024-02-23 08:00:00,1.08228,1.08325,1.08141,1.08175
2024-02-23 12:00:00,1.08176,1.08396,1.08173,1.08319
2024-02-23 16:00:00,1.08316,1.0836999999999999,1.08119,1.08249
2024-02-23 20:00:00,1.08249,1.08296,1.08177,1.08209
2024-02-26 00:00:00,1.0831,1.08315,1.08127,1.08165
2024-02-26 04:00:00,1.08166,1.08242,1.08144,1.08232
2024-02-26 08:00:00,1.08232,1.08405,1.08221,1.08401
2024-02-26 12:00:00,1.08401,1.08598,1.08386,1.0858
2024-02-26 16:00:00,1.08582,1.08588,1.08388,1.08454
2024-02-26 20:00:00,1.08454,1.08527,1.08398,1.08513
2024-02-27 00:00:00,1.08464,1.08515,1.08422,1.085
2024-02-27 04:00:00,1.08501,1.08555,1.08484,1.08521
2024-02-27 08:00:00,1.08523,1.0866,1.08472,1.0853
2024-02-27 12:00:00,1.0853,1.08632,1.0842,1.0848200000000001
2024-02-27 16:00:00,1.08481,1.0858,1.08331,1.08509
2024-02-27 20:00:00,1.08508,1.08567,1.08409,1.0845
2024-02-28 00:00:00,1.08424,1.0846,1.0838,1.08396
2024-02-28 04:00:00,1.08395,1.08404,1.08256,1.08268
2024-02-28 08:00:00,1.08267,1.08295,1.07967,1.07999
2024-02-28 12:00:00,1.07999,1.08308,1.07994,1.08278
2024-02-28 16:00:00,1.08278,1.08459,1.08214,1.08384
2024-02-28 20:00:00,1.08384,1.08405,1.08325,1.08385
2024-02-29 00:00:00,1.08329,1.08403,1.0828,1.08291
2024-02-29 04:00:00,1.0829,1.08379,1.08288,1.08355
2024-02-29 08:00:00,1.08355,1.08521,1.0826,1.08505
2024-02-29 12:00:00,1.08506,1.0854300000000001,1.0822,1.08379
2024-02-29 16:00:00,1.08378,1.0856,1.07959,1.07999
2024-02-29 20:00:00,1.07999,1.08113,1.07985,1.08049
2024-03-01 00:00:00,1.07983,1.08213,1.07983,1.08213
2024-03-01 04:00:00,1.08213,1.08219,1.08112,1.08122
2024-03-01 08:00:00,1.08122,1.082,1.0808200000000001,1.08154
2024-03-01 12:00:00,1.08159,1.0824799999999999,1.07985,1.08129
2024-03-01 16:00:00,1.08129,1.08417,1.07983,1.08377
2024-03-01 20:00:00,1.08376,1.08433,1.08315,1.08401
2024-03-04 00:00:00,1.08273,1.0848,1.08273,1.08402
2024-03-04 04:00:00,1.08401,1.08469,1.08386,1.08444
2024-03-04 08:00:00,1.08442,1.08579,1.08379,1.08491
2024-03-04 12:00:00,1.08491,1.08575,1.08401,1.08487
2024-03-04 16:00:00,1.08488,1.08669,1.0845,1.0858
2024-03-04 20:00:00,1.0858,1.08607,1.0855,1.08556
2024-03-05 00:00:00,1.08531,1.0858,1.08476,1.08495
2024-03-05 04:00:00,1.08495,1.0855,1.08485,1.0853
2024-03-05 08:00:00,1.0853,1.08559,1.08414,1.08515
2024-03-05 12:00:00,1.08509,1.08549,1.08421,1.08463
2024-03-05 16:00:00,1.08464,1.08762,1.0841,1.086
2024-03-05 20:00:00,1.08599,1.086,1.0849,1.08565
2024-03-06 00:00:00,1.08533,1.08587,1.08422,1.08439
2024-03-06 04:00:00,1.0844,1.0857,1.08439,1.08552
2024-03-06 08:00:00,1.08551,1.08778,1.08549,1.08765
2024-03-06 12:00:00,1.08765,1.0885,1.08676,1.0884800000000001
2024-03-06 16:00:00,1.0884800000000001,1.09154,1.08814,1.09024
2024-03-06 20:00:00,1.09025,1.09078,1.08929,1.08988
2024-03-07 00:00:00,1.08937,1.09073,1.08925,1.0898
2024-03-07 04:00:00,1.08979,1.09057,1.08937,1.09005
2024-03-07 08:00:00,1.09004,1.09044,1.08877,1.09016
2024-03-07 12:00:00,1.09016,1.0902,1.08679,1.08725
2024-03-07 16:00:00,1.08723,1.09421,1.08693,1.09371
2024-03-07 20:00:00,1.0937000000000001,1.09493,1.09366,1.09481
2024-03-08 00:00:00,1.09464,1.09558,1.09401,1.0948
2024-03-08 04:00:00,1.09479,1.09509,1.09442,1.09465
2024-03-08 08:00:00,1.09465,1.09512,1.09262,1.09353
2024-03-08 12:00:00,1.09352,1.09812,1.09183,1.09583
2024-03-08 16:00:00,1.09585,1.09666,1.0937000000000001,1.09395
2024-03-08 20:00:00,1.09394,1.0944,1.09334,1.09377
2024-03-11 00:00:00,1.0942,1.09466,1.0933,1.09424
2024-03-11 04:00:00,1.09424,1.09458,1.0937000000000001,1.09387
2024-03-11 08:00:00,1.09387,1.09481,1.09355,1.09446
2024-03-11 12:00:00,1.09446,1.0945,1.09295,1.09295
2024-03-11 16:00:00,1.09295,1.09317,1.09146,1.09273
2024-03-11 20:00:00,1.09273,1.09303,1.09184,1.09252
2024-03-12 00:00:00,1.09186,1.09323,1.09156,1.09287
2024-03-12 04:00:00,1.09287,1.09382,1.09269,1.09369
2024-03-12 08:00:00,1.09369,1.09395,1.09214,1.09249
2024-03-12 12:00:00,1.09249,1.09438,1.09028,1.09201
2024-03-12 16:00:00,1.09201,1.09231,1.09023,1.09176
2024-03-12 20:00:00,1.09176,1.09274,1.09128,1.09261
2024-03-13 00:00:00,1.09247,1.09297,1.09228,1.0927
2024-03-13 04:00:00,1.0927,1.09308,1.09222,1.09235
2024-03-13 08:00:00,1.09236,1.09329,1.09209,1.09277
2024-03-13 12:00:00,1.09278,1.09475,1.09201,1.09367
2024-03-13 16:00:00,1.09368,1.09495,1.09314,1.09491
2024-03-13 20:00:00,1.0949200000000001,1.09639,1.09457,1.09479
2024-03-14 00:00:00,1.09473,1.09549,1.09438,1.09487
2024-03-14 04:00:00,1.09488,1.0953,1.09391,1.09425
2024-03-14 08:00:00,1.09425,1.09442,1.09317,1.09378
2024-03-14 12:00:00,1.09379,1.09455,1.09243,1.09301
2024-03-14 16:00:00,1.09301,1.09312,1.08829,1.08872
2024-03-14 20:00:00,1.08872,1.08919,1.08807,1.08836
2024-03-15 00:00:00,1.08814,1.0886,1.0876,1.0878
2024-03-15 04:00:00,1.0878,1.08802,1.0873,1.08766
2024-03-15 08:00:00,1.08765,1.0887,1.08733,1.0883
2024-03-15 12:00:00,1.08829,1.08997,1.08826,1.08873
2024-03-15 16:00:00,1.08873,1.08949,1.08813,1.08859
2024-03-15 20:00:00,1.08858,1.08914,1.08834,1.08866
2024-03-18 00:00:00,1.08903,1.08911,1.08756,1.08853
2024-03-18 04:00:00,1.08853,1.08919,1.08829,1.08876
2024-03-18 08:00:00,1.08876,1.08979,1.08853,1.08939
2024-03-18 12:00:00,1.08939,1.09062,1.08899,1.08922
2024-03-18 16:00:00,1.08923,1.08936,1.08695,1.08725
2024-03-18 20:00:00,1.08725,1.08752,1.08661,1.08721
2024-03-19 00:00:00,1.08705,1.08746,1.0868,1.08694
2024-03-19 04:00:00,1.08695,1.08767,1.08668,1.08707
2024-03-19 08:00:00,1.08707,1.08722,1.08424,1.08475
2024-03-19 12:00:00,1.08475,1.08561,1.08347,1.08518
2024-03-19 16:00:00,1.08518,1.08656,1.08493,1.08635
2024-03-19 20:00:00,1.08635,1.0867499999999999,1.08598,1.08656
2024-03-20 00:00:00,1.08586,1.08671,1.0857,1.08645
2024-03-20 04:00:00,1.08645,1.08711,1.08622,1.08667
2024-03-20 08:00:00,1.08668,1.08721,1.08501,1.08522
2024-03-20 12:00:00,1.08522,1.08524,1.08365,1.08423
2024-03-20 16:00:00,1.08423,1.08613,1.08373,1.08607
2024-03-20 20:00:00,1.08607,1.09228,1.08587,1.0922
2024-03-21 00:00:00,1.0919,1.09375,1.09115,1.09335
2024-03-21 04:00:00,1.09335,1.0939,1.09327,1.09331
2024-03-21 08:00:00,1.09332,1.09426,1.08873,1.08918
2024-03-21 12:00:00,1.08918,1.09236,1.08891,1.09116
2024-03-21 16:00:00,1.09115,1.09118,1.08558,1.0861
2024-03-21 20:00:00,1.0861,1.08663,1.08555,1.08597
2024-03-22 00:00:00,1.08554,1.08681,1.08528,1.08652
2024-03-22 04:00:00,1.08651,1.08658,1.08312,1.08333
2024-03-22 08:00:00,1.08333,1.08421,1.0808200000000001,1.08118
2024-03-22 12:00:00,1.08118,1.08311,1.08117,1.0826500000000001
2024-03-22 16:00:00,1.0826500000000001,1.08316,1.08058,1.08058
2024-03-22 20:00:00,1.08058,1.08107,1.08018,1.08081
2024-03-25 00:00:00,1.08074,1.08105,1.08027,1.08036
2024-03-25 04:00:00,1.08036,1.08222,1.08022,1.08131
2024-03-25 08:00:00,1.08131,1.08238,1.08073,1.08138
2024-03-25 12:00:00,1.08138,1.08341,1.08116,1.08307
2024-03-25 16:00:00,1.08307,1.08425,1.08293,1.08367
2024-03-25 20:00:00,1.08367,1.08408,1.08333,1.08373
2024-03-26 00:00:00,1.0836,1.08429,1.08317,1.08427
2024-03-26 04:00:00,1.08427,1.08454,1.08358,1.08402
2024-03-26 08:00:00,1.08403,1.08529,1.0838700000000001,1.08496
2024-03-26 12:00:00,1.08496,1.08644,1.08456,1.08521
2024-03-26 16:00:00,1.0852,1.08586,1.08244,1.08284
2024-03-26 20:00:00,1.08284,1.08358,1.08269,1.08312
2024-03-27 00:00:00,1.08304,1.08332,1.08275,1.08296
2024-03-27 04:00:00,1.08296,1.0830899999999999,1.08206,1.083
2024-03-27 08:00:00,1.083,1.0834,1.08214,1.08288
2024-03-27 12:00:00,1.08288,1.08393,1.08151,1.08189
2024-03-27 16:00:00,1.08189,1.08259,1.08109,1.08233
2024-03-27 20:00:00,1.08232,1.08291,1.08176,1.08278
2024-03-28 00:00:00,1.08255,1.08266,1.0808200000000001,1.08176
2024-03-28 04:00:00,1.08176,1.08261,1.0815,1.08237
2024-03-28 08:00:00,1.08237,1.08268,1.07898,1.07921
2024-03-28 12:00:00,1.0792,1.0809,1.07752,1.08084
2024-03-28 16:00:00,1.08084,1.08188,1.07929,1.07993
2024-03-28 20:00:00,1.07995,1.0802,1.07847,1.07874
2024-03-29 00:00:00,1.07869,1.07939,1.07823,1.07843
2024-03-29 04:00:00,1.07843,1.07849,1.07739,1.07761
2024-03-29 08:00:00,1.07761,1.07808,1.07677,1.07781
2024-03-29 12:00:00,1.07781,1.08037,1.07713,1.07972
2024-03-29 16:00:00,1.07972,1.0803,1.07859,1.07869
2024-03-29 20:00:00,1.07869,1.07957,1.07865,1.07924
2024-04-01 00:00:00,1.07857,1.07989,1.07855,1.07915
2024-04-01 04:00:00,1.07915,1.07947,1.07843,1.07869
2024-04-01 08:00:00,1.0787,1.07922,1.07828,1.0789900000000001
2024-04-01 12:00:00,1.0789900000000001,1.07911,1.07772,1.07819
2024-04-01 16:00:00,1.07819,1.0783,1.07311,1.07366
2024-04-01 20:00:00,1.07366,1.07442,1.07366,1.0743
2024-04-02 00:00:00,1.07423,1.07441,1.0731,1.07372
2024-04-02 04:00:00,1.07372,1.07382,1.07295,1.07334
2024-04-02 08:00:00,1.07334,1.07429,1.07247,1.07315
2024-04-02 12:00:00,1.07315,1.07561,1.07312,1.07491
2024-04-02 16:00:00,1.07491,1.07791,1.07481,1.07683
2024-04-02 20:00:00,1.07684,1.07693,1.07602,1.07692
2024-04-03 00:00:00,1.07692,1.07732,1.0766,1.07689
2024-04-03 04:00:00,1.07689,1.07795,1.07658,1.07748
2024-04-03 08:00:00,1.07748,1.07775,1.07641,1.07719
2024-04-03 12:00:00,1.0771600000000001,1.07865,1.07652,1.0778
2024-04-03 16:00:00,1.07784,1.08364,1.07779,1.08308
2024-04-03 20:00:00,1.08307,1.08369,1.08257,1.08359
2024-04-04 00:00:00,1.08338,1.08435,1.0829,1.0843099999999999
2024-04-04 04:00:00,1.0843099999999999,1.08449,1.08383,1.08428
2024-04-04 08:00:00,1.08428,1.08627,1.08391,1.08621
2024-04-04 12:00:00,1.08618,1.08704,1.08508,1.08697
2024-04-04 16:00:00,1.08698,1.08766,1.08582,1.08589
2024-04-04 20:00:00,1.08589,1.0862,1.0832,1.08372
2024-04-05 00:00:00,1.08322,1.08441,1.08229,1.08417
2024-04-05 04:00:00,1.08417,1.0843099999999999,1.08234,1.0826500000000001
2024-04-05 08:00:00,1.0826500000000001,1.08465,1.08226,1.08376
2024-04-05 12:00:00,1.08376,1.0848,1.08002,1.08094
2024-04-05 16:00:00,1.08094,1.08446,1.07915,1.08358
2024-04-05 20:00:00,1.08358,1.0839,1.08307,1.08367
2024-04-08 00:00:00,1.08357,1.08374,1.08232,1.0827
2024-04-08 04:00:00,1.0827,1.08433,1.08269,1.08322
2024-04-08 08:00:00,1.08323,1.08379,1.08223,1.08236
2024-04-08 12:00:00,1.08236,1.08357,1.08211,1.08343
2024-04-08 16:00:00,1.08343,1.08589,1.08343,1.08502
2024-04-08 20:00:00,1.08502,1.08622,1.08495,1.08593
2024-04-09 00:00:00,1.08539,1.08636,1.08471,1.08588
2024-04-09 04:00:00,1.08588,1.08624,1.08541,1.08567
2024-04-09 08:00:00,1.08566,1.08628,1.08493,1.08577
2024-04-09 12:00:00,1.08577,1.08841,1.08565,1.08807
2024-04-09 16:00:00,1.08805,1.08851,1.08523,1.08547
2024-04-09 20:00:00,1.08546,1.08591,1.08478,1.08568
2024-04-10 00:00:00,1.08555,1.08599,1.08516,1.08572
2024-04-10 04:00:00,1.08572,1.0859,1.08506,1.08527
2024-04-10 08:00:00,1.08527,1.08607,1.0848,1.08605
2024-04-10 12:00:00,1.08605,1.08666,1.07784,1.07809
2024-04-10 16:00:00,1.07809,1.07812,1.07288,1.0735999999999999
2024-04-10 20:00:00,1.07362,1.07544,1.07291,1.07424
2024-04-11 00:00:00,1.07401,1.0746,1.07373,1.07426
2024-04-11 04:00:00,1.07427,1.0749,1.07412,1.07463
2024-04-11 08:00:00,1.07463,1.07498,1.07267,1.07406
2024-04-11 12:00:00,1.07406,1.0747,1.07137,1.07416
2024-04-11 16:00:00,1.07416,1.07566,1.06993,1.07177
2024-04-11 20:00:00,1.07177,1.07346,1.07153,1.0726
2024-04-12 00:00:00,1.07227,1.07294,1.07207,1.0726
2024-04-12 04:00:00,1.07261,1.07284,1.07109,1.07113
2024-04-12 08:00:00,1.07113,1.07142,1.06708,1.06712
2024-04-12 12:00:00,1.06712,1.0675,1.06314,1.06383
2024-04-12 16:00:00,1.06384,1.06511,1.06226,1.06418
2024-04-12 20:00:00,1.06419,1.06506,1.06373,1.06401
2024-04-15 00:00:00,1.06328,1.06517,1.0628,1.06457
2024-04-15 04:00:00,1.06456,1.0655000000000001,1.06392,1.06526
2024-04-15 08:00:00,1.06526,1.0665,1.06501,1.06564
2024-04-15 12:00:00,1.06564,1.06653,1.06311,1.06473
2024-04-15 16:00:00,1.06473,1.06609,1.0622,1.06362
2024-04-15 20:00:00,1.06362,1.06396,1.06203,1.06242
2024-04-16 00:00:00,1.06225,1.06284,1.06181,1.06186
2024-04-16 04:00:00,1.06186,1.06194,1.06063,1.06141
2024-04-16 08:00:00,1.06141,1.06248,1.06025,1.06164
2024-04-16 12:00:00,1.06163,1.06537,1.06163,1.0639
2024-04-16 16:00:00,1.0639,1.06449,1.06189,1.06251
2024-04-16 20:00:00,1.06251,1.0635,1.06013,1.06189
2024-04-17 00:00:00,1.06129,1.06254,1.06127,1.06224
2024-04-17 04:00:00,1.06224,1.06357,1.06204,1.0625
2024-04-17 08:00:00,1.0625,1.06491,1.06063,1.06408
2024-04-17 12:00:00,1.06405,1.06493,1.06315,1.06349
2024-04-17 16:00:00,1.06349,1.06564,1.06302,1.06499
2024-04-17 20:00:00,1.06499,1.06797,1.06481,1.06728
2024-04-18 00:00:00,1.06721,1.06751,1.06643,1.06699
2024-04-18 04:00:00,1.06699,1.06804,1.06645,1.06784
2024-04-18 08:00:00,1.06784,1.06901,1.0675,1.06786
2024-04-18 12:00:00,1.06787,1.06814,1.06599,1.06629
2024-04-18 16:00:00,1.06629,1.06686,1.06465,1.06534
2024-04-18 20:00:00,1.06534,1.06549,1.06413,1.06437
2024-04-19 00:00:00,1.06421,1.06446,1.06361,1.06388
2024-04-19 04:00:00,1.06388,1.06433,1.06106,1.06349
2024-04-19 08:00:00,1.06349,1.0659399999999999,1.06272,1.06457
2024-04-19 12:00:00,1.06458,1.06738,1.06432,1.0665499999999999
2024-04-19 16:00:00,1.0665499999999999,1.0677699999999999,1.06403,1.06536
2024-04-19 20:00:00,1.06536,1.06586,1.06466,1.06561
2024-04-22 00:00:00,1.06481,1.06651,1.06431,1.06534
2024-04-22 04:00:00,1.06534,1.06707,1.06534,1.0665499999999999
2024-04-22 08:00:00,1.0665499999999999,1.06694,1.06475,1.06569
2024-04-22 12:00:00,1.06569,1.06621,1.0631,1.06399
2024-04-22 16:00:00,1.06399,1.0651,1.06241,1.06488
2024-04-22 20:00:00,1.06488,1.06609,1.06482,1.0654
2024-04-23 00:00:00,1.06518,1.0659399999999999,1.065,1.06588
2024-04-23 04:00:00,1.06587,1.06607,1.06535,1.06553
2024-04-23 08:00:00,1.06553,1.06951,1.06386,1.06708
2024-04-23 12:00:00,1.06708,1.06781,1.0653299999999999,1.06721
2024-04-23 16:00:00,1.06721,1.07115,1.06602,1.07
2024-04-23 20:00:00,1.07,1.07079,1.06994,1.07023
2024-04-24 00:00:00,1.07003,1.07107,1.0699,1.07097
2024-04-24 04:00:00,1.07097,1.07144,1.07044,1.07054
2024-04-24 08:00:00,1.07054,1.07058,1.06808,1.06835
2024-04-24 12:00:00,1.06835,1.06931,1.0678,1.06869
2024-04-24 16:00:00,1.06869,1.07026,1.06811,1.06908
2024-04-24 20:00:00,1.06906,1.07067,1.06872,1.06991
2024-04-25 00:00:00,1.06943,1.07047,1.06894,1.07033
2024-04-25 04:00:00,1.07033,1.071,1.0697,1.07092
2024-04-25 08:00:00,1.07092,1.07289,1.07078,1.07259
2024-04-25 12:00:00,1.07259,1.07402,1.06856,1.06921
2024-04-25 16:00:00,1.06923,1.07353,1.06784,1.07313
2024-04-25 20:00:00,1.07313,1.07388,1.0723,1.07298
2024-04-26 00:00:00,1.07274,1.07305,1.07228,1.07275
2024-04-26 04:00:00,1.07274,1.07294,1.07186,1.07225
2024-04-26 08:00:00,1.07225,1.0753,1.07215,1.0741
2024-04-26 12:00:00,1.0741,1.07435,1.07104,1.07164
2024-04-26 16:00:00,1.07165,1.0724,1.06741,1.06946
2024-04-26 20:00:00,1.06946,1.0707200000000001,1.06909,1.06925
2024-04-29 00:00:00,1.06864,1.07111,1.068,1.07099
2024-04-29 04:00:00,1.07099,1.07337,1.07076,1.07289
2024-04-29 08:00:00,1.0729,1.07338,1.07013,1.07047
2024-04-29 12:00:00,1.07047,1.07273,1.06975,1.07036
2024-04-29 16:00:00,1.07036,1.07291,1.06903,1.07258
2024-04-29 20:00:00,1.07261,1.07297,1.07153,1.07199
2024-04-30 00:00:00,1.07164,1.07224,1.07103,1.07152
2024-04-30 04:00:00,1.07152,1.0718,1.07024,1.07057
2024-04-30 08:00:00,1.07057,1.07123,1.069,1.0711
2024-04-30 12:00:00,1.07112,1.07354,1.06898,1.07005
2024-04-30 16:00:00,1.07005,1.07197,1.0676,1.06789
2024-04-30 20:00:00,1.06791,1.06832,1.06649,1.06656
2024-05-01 00:00:00,1.06646,1.0673,1.06579,1.06618
2024-05-01 04:00:00,1.06618,1.06633,1.0655000000000001,1.06559
2024-05-01 08:00:00,1.06559,1.06706,1.06496,1.06694
2024-05-01 12:00:00,1.06695,1.06849,1.06667,1.06844
2024-05-01 16:00:00,1.06844,1.06917,1.06708,1.06717
2024-05-01 20:00:00,1.06717,1.07328,1.06708,1.07138
2024-05-02 00:00:00,1.06946,1.07204,1.06946,1.07118
2024-05-02 04:00:00,1.07118,1.07209,1.07071,1.07179
2024-05-02 08:00:00,1.07179,1.07284,1.07,1.07043
2024-05-02 12:00:00,1.07043,1.07124,1.06936,1.07012
2024-05-02 16:00:00,1.07012,1.07217,1.06743,1.07167
2024-05-02 20:00:00,1.07167,1.07303,1.0714,1.07247
2024-05-03 00:00:00,1.0723799999999999,1.07317,1.07192,1.07315
2024-05-03 04:00:00,1.07315,1.07396,1.0731,1.07324
2024-05-03 08:00:00,1.07324,1.07443,1.07245,1.07426
2024-05-03 12:00:00,1.07426,1.08128,1.07388,1.07938
2024-05-03 16:00:00,1.07938,1.07983,1.07515,1.07636
2024-05-03 20:00:00,1.07636,1.07696,1.07593,1.07638
2024-05-06 00:00:00,1.07661,1.07693,1.07553,1.07676
2024-05-06 04:00:00,1.07676,1.07718,1.07623,1.07631
2024-05-06 08:00:00,1.0763,1.07763,1.07577,1.07685
2024-05-06 12:00:00,1.07685,1.0790899999999999,1.07662,1.07876
2024-05-06 16:00:00,1.07876,1.07886,1.07713,1.07744
2024-05-06 20:00:00,1.07744,1.07766,1.07663,1.07701
2024-05-07 00:00:00,1.07686,1.07764,1.07657,1.07751
2024-05-07 04:00:00,1.07751,1.0777,1.07608,1.07659
2024-05-07 08:00:00,1.07659,1.07698,1.07544,1.0764
2024-05-07 12:00:00,1.0764,1.07793,1.07553,1.07756
2024-05-07 16:00:00,1.07756,1.07875,1.07663,1.07704
2024-05-07 20:00:00,1.07704,1.07707,1.0748,1.07549
2024-05-08 00:00:00,1.0754,1.0756000000000001,1.0747,1.07479
2024-05-08 04:00:00,1.07481,1.07489,1.07382,1.07414
2024-05-08 08:00:00,1.07414,1.07493,1.07351,1.07442
2024-05-08 12:00:00,1.07442,1.07539,1.07399,1.0749
2024-05-08 16:00:00,1.07491,1.07576,1.07444,1.07459
2024-05-08 20:00:00,1.07459,1.07486,1.0741,1.0748199999999999
2024-05-09 00:00:00,1.0748,1.07507,1.07424,1.07433
2024-05-09 04:00:00,1.07433,1.07517,1.07423,1.07454
2024-05-09 08:00:00,1.07454,1.07466,1.07261,1.07281
2024-05-09 12:00:00,1.07282,1.07625,1.0724,1.07594
2024-05-09 16:00:00,1.07594,1.07819,1.07507,1.0776
2024-05-09 20:00:00,1.0776,1.07846,1.07737,1.07816
2024-05-10 00:00:00,1.0782,1.07859,1.07765,1.07793
2024-05-10 04:00:00,1.07793,1.07827,1.07733,1.07741
2024-05-10 08:00:00,1.07741,1.07869,1.0771600000000001,1.07808
2024-05-10 12:00:00,1.0781,1.07862,1.07663,1.07702
2024-05-10 16:00:00,1.07702,1.07902,1.07605,1.0776
2024-05-10 20:00:00,1.0776,1.07776,1.07686,1.07692
2024-05-13 00:00:00,1.07686,1.07753,1.0766,1.07694
2024-05-13 04:00:00,1.07694,1.07733,1.07658,1.07697
2024-05-13 08:00:00,1.07697,1.07846,1.07689,1.0783800000000001
2024-05-13 12:00:00,1.0783800000000001,1.07998,1.07774,1.07983
2024-05-13 16:00:00,1.07983,1.08069,1.07895,1.07935
2024-05-13 20:00:00,1.07936,1.07942,1.07868,1.07898
2024-05-14 00:00:00,1.07895,1.07938,1.07854,1.07877
2024-05-14 04:00:00,1.07877,1.07898,1.07844,1.07856
2024-05-14 08:00:00,1.07856,1.07895,1.07755,1.0783800000000001
2024-05-14 12:00:00,1.07837,1.08107,1.07672,1.08032
2024-05-14 16:00:00,1.08032,1.08257,1.08008,1.0817
2024-05-14 20:00:00,1.0817,1.08231,1.08157,1.08197
2024-05-15 00:00:00,1.0818699999999999,1.082,1.08131,1.0817
2024-05-15 04:00:00,1.0817,1.08279,1.08165,1.08216
2024-05-15 08:00:00,1.08216,1.08348,1.08213,1.08299
2024-05-15 12:00:00,1.083,1.08695,1.0822,1.08613
2024-05-15 16:00:00,1.08612,1.08747,1.08317,1.08721
2024-05-15 20:00:00,1.08721,1.08862,1.08717,1.08838
2024-05-16 00:00:00,1.08841,1.08951,1.08779,1.08938
2024-05-16 04:00:00,1.08938,1.0894,1.08815,1.08849
2024-05-16 08:00:00,1.08849,1.08852,1.08663,1.08734
2024-05-16 12:00:00,1.08734,1.0875,1.08608,1.08634
2024-05-16 16:00:00,1.08633,1.08759,1.08545,1.08735
2024-05-16 20:00:00,1.08735,1.08757,1.08647,1.0867
2024-05-17 00:00:00,1.08663,1.08693,1.08599,1.0863
2024-05-17 04:00:00,1.0863,1.08638,1.08544,1.08561
2024-05-17 08:00:00,1.08561,1.08684,1.08417,1.08444
2024-05-17 12:00:00,1.08444,1.08469,1.08357,1.0843099999999999
2024-05-17 16:00:00,1.0843,1.08786,1.0843,1.08687
2024-05-17 20:00:00,1.08687,1.08768,1.08683,1.0869
2024-05-20 00:00:00,1.08663,1.08774,1.08626,1.08752
2024-05-20 04:00:00,1.08752,1.08825,1.08716,1.08809
2024-05-20 08:00:00,1.08809,1.08846,1.08695,1.08747
2024-05-20 12:00:00,1.08747,1.08751,1.08544,1.08576
2024-05-20 16:00:00,1.08576,1.087,1.08576,1.08659
2024-05-20 20:00:00,1.08659,1.08708,1.08567,1.08568
2024-05-21 00:00:00,1.08566,1.0862,1.08547,1.08615
2024-05-21 04:00:00,1.08615,1.08615,1.08511,1.08589
2024-05-21 08:00:00,1.08589,1.08696,1.08567,1.08668
2024-05-21 12:00:00,1.08668,1.08749,1.08549,1.08571
2024-05-21 16:00:00,1.08571,1.08619,1.08427,1.0854
2024-05-21 20:00:00,1.0854,1.08566,1.08465,1.08538
2024-05-22 00:00:00,1.08535,1.086,1.08513,1.08576
2024-05-22 04:00:00,1.08576,1.08637,1.08529,1.08535
2024-05-22 08:00:00,1.08535,1.08636,1.08463,1.08487
2024-05-22 12:00:00,1.08487,1.085,1.08221,1.0832
2024-05-22 16:00:00,1.08321,1.08444,1.08318,1.08426
2024-05-22 20:00:00,1.08425,1.08471,1.08176,1.08218
2024-05-23 00:00:00,1.08224,1.08289,1.08202,1.08257
2024-05-23 04:00:00,1.08257,1.08324,1.0822,1.08267
2024-05-23 08:00:00,1.08268,1.08449,1.08125,1.0838700000000001
2024-05-23 12:00:00,1.0838700000000001,1.08544,1.08337,1.08528
2024-05-23 16:00:00,1.08528,1.08611,1.08181,1.08184
2024-05-23 20:00:00,1.08184,1.08202,1.08049,1.08156
2024-05-24 00:00:00,1.08146,1.08151,1.08076,1.08103
2024-05-24 04:00:00,1.08103,1.0814,1.08057,1.08093
2024-05-24 08:00:00,1.08093,1.08284,1.08076,1.0824799999999999
2024-05-24 12:00:00,1.0824799999999999,1.08539,1.08238,1.08513
2024-05-24 16:00:00,1.08513,1.08579,1.08421,1.08471
2024-05-24 20:00:00,1.08471,1.08535,1.08459,1.08461
2024-05-27 00:00:00,1.08457,1.08513,1.0843099999999999,1.08487
2024-05-27 04:00:00,1.08487,1.08521,1.08473,1.08486
2024-05-27 08:00:00,1.08486,1.08535,1.08443,1.08494
2024-05-27 12:00:00,1.08494,1.08674,1.08407,1.0849199999999999
2024-05-27 16:00:00,1.0849199999999999,1.0862,1.08445,1.08599
2024-05-27 20:00:00,1.08599,1.08609,1.08557,1.08566
2024-05-28 00:00:00,1.08569,1.08684,1.08505,1.08651
2024-05-28 04:00:00,1.08651,1.08802,1.08643,1.08761
2024-05-28 08:00:00,1.08761,1.08802,1.08671,1.08702
2024-05-28 12:00:00,1.08702,1.08891,1.08674,1.08767
2024-05-28 16:00:00,1.08767,1.08803,1.08579,1.08749
2024-05-28 20:00:00,1.08749,1.08759,1.08552,1.08564
2024-05-29 00:00:00,1.08564,1.08595,1.08479,1.08513
2024-05-29 04:00:00,1.08513,1.08571,1.08441,1.08478
2024-05-29 08:00:00,1.08478,1.08589,1.08293,1.08372
2024-05-29 12:00:00,1.08372,1.08587,1.08356,1.08463
2024-05-29 16:00:00,1.08463,1.0847,1.08076,1.08156
2024-05-29 20:00:00,1.08156,1.08161,1.07999,1.08006
2024-05-30 00:00:00,1.08007,1.08044,1.07954,1.07965
2024-05-30 04:00:00,1.07965,1.08046,1.07921,1.07961
2024-05-30 08:00:00,1.07961,1.0818699999999999,1.07884,1.0815
2024-05-30 12:00:00,1.0815,1.08329,1.08085,1.08292
2024-05-30 16:00:00,1.08292,1.08452,1.08255,1.08402
2024-05-30 20:00:00,1.08401,1.08433,1.0827,1.08321
2024-05-31 00:00:00,1.08315,1.08341,1.08268,1.08322
2024-05-31 04:00:00,1.08322,1.08337,1.08113,1.08184
2024-05-31 08:00:00,1.08184,1.08388,1.08147,1.08344
2024-05-31 12:00:00,1.08344,1.08824,1.08343,1.08803
2024-05-31 16:00:00,1.08803,1.08809,1.08398,1.08475
2024-05-31 20:00:00,1.08475,1.08529,1.08406,1.08485
2024-06-03 00:00:00,1.08463,1.08576,1.08422,1.08565
2024-06-03 04:00:00,1.08564,1.08589,1.08493,1.0852
2024-06-03 08:00:00,1.0852,1.08588,1.08335,1.08401
2024-06-03 12:00:00,1.08401,1.085,1.08279,1.08444
2024-06-03 16:00:00,1.08444,1.08906,1.08444,1.08853
2024-06-03 20:00:00,1.08853,1.09046,1.08814,1.09041
2024-06-04 00:00:00,1.09038,1.09162,1.08997,1.0913
2024-06-04 04:00:00,1.0913,1.09139,1.09053,1.09094
2024-06-04 08:00:00,1.09093,1.09109,1.0874,1.08809
2024-06-04 12:00:00,1.08809,1.08821,1.08589,1.08647
2024-06-04 16:00:00,1.08647,1.08837,1.08622,1.08803
2024-06-04 20:00:00,1.08803,1.08878,1.08783,1.0879
2024-06-05 00:00:00,1.0879,1.08862,1.08777,1.08844
2024-06-05 04:00:00,1.08844,1.08862,1.08767,1.08807
2024-06-05 08:00:00,1.08808,1.08824,1.08701,1.08759
2024-06-05 12:00:00,1.08759,1.08843,1.08601,1.08841
2024-06-05 16:00:00,1.0884,1.08919,1.08546,1.08645
2024-06-05 20:00:00,1.08645,1.08774,1.08607,1.08691
2024-06-06 00:00:00,1.08682,1.08824,1.08668,1.0882
2024-06-06 04:00:00,1.0882,1.08959,1.0882,1.08873
2024-06-06 08:00:00,1.08873,1.08883,1.08713,1.08775
2024-06-06 12:00:00,1.08775,1.0902,1.0862,1.08817
2024-06-06 16:00:00,1.08818,1.08914,1.0872,1.0882
2024-06-06 20:00:00,1.0882,1.08944,1.08811,1.08893
2024-06-07 00:00:00,1.08862,1.08934,1.0885,1.08896
2024-06-07 04:00:00,1.08896,1.0898,1.08872,1.08955
2024-06-07 08:00:00,1.08955,1.08985,1.08833,1.08891
2024-06-07 12:00:00,1.08891,1.0902,1.08241,1.08333
2024-06-07 16:00:00,1.08332,1.08357,1.08033,1.08054
2024-06-07 20:00:00,1.08052,1.08073,1.07994,1.08019
2024-06-10 00:00:00,1.0772599999999999,1.07817,1.07638,1.07781
2024-06-10 04:00:00,1.07781,1.078,1.07481,1.07544
2024-06-10 08:00:00,1.07544,1.07683,1.0748,1.07568
2024-06-10 12:00:00,1.07568,1.07605,1.07329,1.07414
2024-06-10 16:00:00,1.07414,1.07589,1.07333,1.0754299999999999
2024-06-10 20:00:00,1.0754299999999999,1.07666,1.07504,1.07656
2024-06-11 00:00:00,1.07645,1.07682,1.07569,1.07638
2024-06-11 04:00:00,1.07637,1.07707,1.07623,1.07685
2024-06-11 08:00:00,1.07685,1.07736,1.07436,1.07454
2024-06-11 12:00:00,1.07454,1.07566,1.07239,1.07324
2024-06-11 16:00:00,1.07324,1.0739,1.07197,1.07374
2024-06-11 20:00:00,1.07374,1.07495,1.07368,1.07404
2024-06-12 00:00:00,1.07402,1.07429,1.07344,1.07362
2024-06-12 04:00:00,1.07362,1.07433,1.07347,1.07368
2024-06-12 08:00:00,1.07368,1.07541,1.07357,1.07467
2024-06-12 12:00:00,1.07467,1.08302,1.07443,1.08267
2024-06-12 16:00:00,1.08267,1.08524,1.08177,1.08442
2024-06-12 20:00:00,1.08442,1.08459,1.08037,1.08091
2024-06-13 00:00:00,1.08085,1.08158,1.0805,1.08129
2024-06-13 04:00:00,1.08129,1.0816,1.08032,1.08041
2024-06-13 08:00:00,1.08041,1.08165,1.08006,1.08063
2024-06-13 12:00:00,1.08063,1.08165,1.07807,1.07935
2024-06-13 16:00:00,1.07939,1.08078,1.07329,1.07352
2024-06-13 20:00:00,1.07352,1.0744,1.07352,1.07382
2024-06-14 00:00:00,1.07367,1.0741,1.07336,1.07364
2024-06-14 04:00:00,1.07364,1.0745,1.07351,1.07365
2024-06-14 08:00:00,1.07365,1.07374,1.06898,1.06919
2024-06-14 12:00:00,1.06919,1.07059,1.06719,1.06893
2024-06-14 16:00:00,1.06893,1.07019,1.06676,1.07006
2024-06-14 20:00:00,1.07006,1.07076,1.06947,1.07058
2024-06-17 00:00:00,1.07035,1.07092,1.07,1.0704
2024-06-17 04:00:00,1.0704,1.07055,1.0699,1.07043
2024-06-17 08:00:00,1.07043,1.07124,1.06865,1.0707200000000001
2024-06-17 12:00:00,1.0707200000000001,1.07179,1.07022,1.07138
2024-06-17 16:00:00,1.07138,1.07279,1.07116,1.07253
2024-06-17 20:00:00,1.07253,1.07379,1.07234,1.07338
2024-06-18 00:00:00,1.07341,1.07411,1.07305,1.07362
2024-06-18 04:00:00,1.07362,1.0737,1.07203,1.07217
2024-06-18 08:00:00,1.07216,1.07353,1.0715,1.07195
2024-06-18 12:00:00,1.07195,1.07341,1.07101,1.07312
2024-06-18 16:00:00,1.07312,1.07615,1.07301,1.07394
2024-06-18 20:00:00,1.07393,1.07434,1.07321,1.07397
2024-06-19 00:00:00,1.07395,1.07413,1.07347,1.07375
2024-06-19 04:00:00,1.07375,1.07425,1.07354,1.07359
2024-06-19 08:00:00,1.07359,1.07419,1.07249,1.07405
2024-06-19 12:00:00,1.07405,1.07535,1.07326,1.0746
2024-06-19 16:00:00,1.0746,1.07509,1.07409,1.07471
2024-06-19 20:00:00,1.07471,1.07474,1.07426,1.07436
2024-06-20 00:00:00,1.07422,1.07488,1.07361,1.07463
2024-06-20 04:00:00,1.07463,1.0748199999999999,1.07391,1.07428
2024-06-20 08:00:00,1.07428,1.07436,1.07127,1.07169
2024-06-20 12:00:00,1.07169,1.07322,1.0713,1.07191
2024-06-20 16:00:00,1.07193,1.07308,1.07035,1.0707200000000001
2024-06-20 20:00:00,1.0707200000000001,1.07179,1.0702,1.07026
2024-06-21 00:00:00,1.07016,1.07077,1.06993,1.07068
2024-06-21 04:00:00,1.07068,1.07187,1.07052,1.07185
2024-06-21 08:00:00,1.07185,1.07206,1.06711,1.06911
2024-06-21 12:00:00,1.0691,1.06983,1.06767,1.06948
2024-06-21 16:00:00,1.06948,1.06978,1.06781,1.06924
2024-06-21 20:00:00,1.06924,1.06969,1.06908,1.0692
2024-06-24 00:00:00,1.06827,1.06956,1.06806,1.06919
2024-06-24 04:00:00,1.06919,1.06947,1.06839,1.06947
2024-06-24 08:00:00,1.06947,1.0718,1.06947,1.07137
2024-06-24 12:00:00,1.07135,1.07359,1.07132,1.07347
2024-06-24 16:00:00,1.07347,1.07465,1.07235,1.07278
2024-06-24 20:00:00,1.07278,1.07384,1.07221,1.07343
2024-06-25 00:00:00,1.0729,1.07358,1.07284,1.07342
2024-06-25 04:00:00,1.07342,1.074,1.07323,1.07396
2024-06-25 08:00:00,1.07396,1.07443,1.0721,1.07343
2024-06-25 12:00:00,1.07343,1.07353,1.07023,1.07051
2024-06-25 16:00:00,1.07051,1.07132,1.06908,1.07047
2024-06-25 20:00:00,1.07047,1.07176,1.07044,1.07141
2024-06-26 00:00:00,1.0714,1.07152,1.07063,1.07114
2024-06-26 04:00:00,1.07114,1.07181,1.07076,1.07106
2024-06-26 08:00:00,1.07106,1.07114,1.06854,1.06949
2024-06-26 12:00:00,1.06949,1.06996,1.06771,1.06773
2024-06-26 16:00:00,1.06773,1.06959,1.06661,1.06822
2024-06-26 20:00:00,1.06822,1.06909,1.06752,1.068
2024-06-27 00:00:00,1.06804,1.06821,1.06772,1.06783
2024-06-27 04:00:00,1.06783,1.06949,1.06779,1.06944
2024-06-27 08:00:00,1.06944,1.0699,1.06805,1.06881
2024-06-27 12:00:00,1.06881,1.07223,1.06874,1.07196
2024-06-27 16:00:00,1.07196,1.07266,1.07004,1.07068
2024-06-27 20:00:00,1.07067,1.07085,1.07014,1.07037
2024-06-28 00:00:00,1.07034,1.0711,1.06976,1.06978
2024-06-28 04:00:00,1.06978,1.06991,1.06855,1.06868
2024-06-28 08:00:00,1.06868,1.07041,1.06863,1.06978
2024-06-28 12:00:00,1.06979,1.07195,1.06922,1.07049
2024-06-28 16:00:00,1.07048,1.07223,1.06927,1.07161
2024-06-28 20:00:00,1.07161,1.07249,1.07062,1.07139
2024-07-01 00:00:00,1.07441,1.07498,1.07321,1.07458
2024-07-01 04:00:00,1.07458,1.07616,1.07429,1.07548
2024-07-01 08:00:00,1.07548,1.07765,1.07496,1.07684
2024-07-01 12:00:00,1.07684,1.07688,1.07401,1.07483
2024-07-01 16:00:00,1.07483,1.07698,1.07198,1.0731600000000001
2024-07-01 20:00:00,1.0731600000000001,1.07426,1.07244,1.074
2024-07-02 00:00:00,1.07402,1.07413,1.07298,1.07348
2024-07-02 04:00:00,1.07348,1.07365,1.07284,1.07296
2024-07-02 08:00:00,1.07296,1.07359,1.07122,1.07209
2024-07-02 12:00:00,1.07209,1.07337,1.071,1.07319
2024-07-02 16:00:00,1.07319,1.07469,1.07243,1.07322
2024-07-02 20:00:00,1.07321,1.07472,1.07317,1.07453
2024-07-03 00:00:00,1.07437,1.07545,1.07368,1.07481
2024-07-03 04:00:00,1.07481,1.07481,1.07405,1.07425
2024-07-03 08:00:00,1.07425,1.07637,1.07364,1.07583
2024-07-03 12:00:00,1.07583,1.07785,1.07526,1.07748
2024-07-03 16:00:00,1.07747,1.08169,1.0772,1.07958
2024-07-03 20:00:00,1.07959,1.0796000000000001,1.07782,1.07868
2024-07-04 00:00:00,1.07834,1.07938,1.0777700000000001,1.07926
2024-07-04 04:00:00,1.07926,1.07951,1.07837,1.07866
2024-07-04 08:00:00,1.07866,1.08032,1.0785,1.0802
2024-07-04 12:00:00,1.0802,1.08032,1.07941,1.07972
2024-07-04 16:00:00,1.07972,1.08139,1.07949,1.08123
2024-07-04 20:00:00,1.08123,1.08137,1.08108,1.08113
2024-07-05 00:00:00,1.08106,1.08181,1.08089,1.08149
2024-07-05 04:00:00,1.08149,1.08246,1.0814,1.08221
2024-07-05 08:00:00,1.08221,1.08308,1.08166,1.08282
2024-07-05 12:00:00,1.08282,1.08421,1.08,1.08297
2024-07-05 16:00:00,1.08298,1.08343,1.08107,1.08257
2024-07-05 20:00:00,1.08257,1.08427,1.0825,1.08389
2024-07-08 00:00:00,1.08013,1.08331,1.08012,1.08218
2024-07-08 04:00:00,1.08218,1.08363,1.08202,1.08288
2024-07-08 08:00:00,1.08288,1.0843099999999999,1.08148,1.08385
2024-07-08 12:00:00,1.08385,1.08447,1.08237,1.08439
2024-07-08 16:00:00,1.08439,1.08451,1.08286,1.08325
2024-07-08 20:00:00,1.08325,1.08338,1.08224,1.08245
2024-07-09 00:00:00,1.08236,1.08335,1.08236,1.08271
2024-07-09 04:00:00,1.08271,1.08313,1.08194,1.08297
2024-07-09 08:00:00,1.08297,1.08308,1.08153,1.08226
2024-07-09 12:00:00,1.08226,1.08285,1.08122,1.08158
2024-07-09 16:00:00,1.08158,1.08283,1.08056,1.08101
2024-07-09 20:00:00,1.08101,1.08166,1.08066,1.08137
2024-07-10 00:00:00,1.08134,1.08168,1.08092,1.08122
2024-07-10 04:00:00,1.08122,1.08212,1.0811,1.0818699999999999
2024-07-10 08:00:00,1.0818699999999999,1.0825,1.0812,1.08155
2024-07-10 12:00:00,1.08155,1.08283,1.08136,1.08271
2024-07-10 16:00:00,1.08271,1.0829,1.08201,1.08271
2024-07-10 20:00:00,1.08271,1.08307,1.08175,1.08301
2024-07-11 00:00:00,1.08296,1.08369,1.0824799999999999,1.08353
2024-07-11 04:00:00,1.08353,1.08401,1.0832600000000001,1.08365
2024-07-11 08:00:00,1.08365,1.0848,1.08324,1.08475
2024-07-11 12:00:00,1.08475,1.09,1.08433,1.0887
2024-07-11 16:00:00,1.08869,1.08992,1.08642,1.0867
2024-07-11 20:00:00,1.0867,1.08701,1.08599,1.08678
2024-07-12 00:00:00,1.08679,1.08746,1.08598,1.08699
2024-07-12 04:00:00,1.08699,1.08723,1.08636,1.08699
2024-07-12 08:00:00,1.08699,1.08873,1.08618,1.08868
2024-07-12 12:00:00,1.08868,1.08931,1.0873599999999999,1.08906
2024-07-12 16:00:00,1.08906,1.0911,1.08869,1.09047
2024-07-12 20:00:00,1.09047,1.09114,1.09012,1.09061
2024-07-15 00:00:00,1.08845,1.08935,1.08825,1.08884
2024-07-15 04:00:00,1.08884,1.08958,1.08862,1.08937
2024-07-15 08:00:00,1.08937,1.09094,1.08839,1.09085
2024-07-15 12:00:00,1.09085,1.09204,1.09022,1.0907499999999999
2024-07-15 16:00:00,1.09074,1.09225,1.09,1.09064
2024-07-15 20:00:00,1.09063,1.09064,1.08934,1.08944
2024-07-16 00:00:00,1.08935,1.08988,1.08884,1.08914
2024-07-16 04:00:00,1.08914,1.08947,1.08888,1.08925
2024-07-16 08:00:00,1.08925,1.09029,1.08836,1.09004
2024-07-16 12:00:00,1.09004,1.09056,1.08757,1.08808
2024-07-16 16:00:00,1.08807,1.0889199999999999,1.08716,1.08889
2024-07-16 20:00:00,1.08889,1.0903,1.08878,1.08986
2024-07-17 00:00:00,1.08981,1.0903100000000001,1.08942,1.08977
2024-07-17 04:00:00,1.08977,1.0907,1.08957,1.0903100000000001
2024-07-17 08:00:00,1.0903100000000001,1.09439,1.0895299999999999,1.0942
2024-07-17 12:00:00,1.0942,1.09451,1.0929,1.09426
2024-07-17 16:00:00,1.09426,1.09482,1.09237,1.09298
2024-07-17 20:00:00,1.09298,1.094,1.09283,1.09396
2024-07-18 00:00:00,1.0937999999999999,1.09411,1.09359,1.09372
2024-07-18 04:00:00,1.09372,1.09392,1.09317,1.09337
2024-07-18 08:00:00,1.09337,1.09389,1.09263,1.09308
2024-07-18 12:00:00,1.09308,1.0937000000000001,1.09239,1.09286
2024-07-18 16:00:00,1.09286,1.09292,1.09051,1.09162
2024-07-18 20:00:00,1.09162,1.09165,1.08937,1.08959
2024-07-19 00:00:00,1.0895299999999999,1.09019,1.0890900000000001,1.08922
2024-07-19 04:00:00,1.08922,1.08949,1.08862,1.08872
2024-07-19 08:00:00,1.08872,1.08906,1.08762,1.08792
2024-07-19 12:00:00,1.08792,1.08942,1.08776,1.08891
2024-07-19 16:00:00,1.08891,1.08913,1.08794,1.08851
2024-07-19 20:00:00,1.08851,1.08855,1.08757,1.08824
2024-07-22 00:00:00,1.08854,1.09028,1.0882,1.0894
2024-07-22 04:00:00,1.0894,1.08954,1.0884800000000001,1.08877
2024-07-22 08:00:00,1.08877,1.08926,1.08789,1.08882
2024-07-22 12:00:00,1.08882,1.08955,1.08752,1.08782
2024-07-22 16:00:00,1.08781,1.08869,1.08732,1.08865
2024-07-22 20:00:00,1.08865,1.08919,1.0886,1.08905
2024-07-23 00:00:00,1.08906,1.08929,1.08844,1.08898
2024-07-23 04:00:00,1.08898,1.08968,1.08876,1.0890900000000001
2024-07-23 08:00:00,1.0890900000000001,1.08914,1.08681,1.08779
2024-07-23 12:00:00,1.08779,1.08783,1.08549,1.08561
2024-07-23 16:00:00,1.08561,1.0858,1.0844,1.08535
2024-07-23 20:00:00,1.08535,1.08566,1.08493,1.0853
2024-07-24 00:00:00,1.08534,1.08544,1.08458,1.08468
2024-07-24 04:00:00,1.08468,1.08504,1.08418,1.08469
2024-07-24 08:00:00,1.08469,1.0854,1.08258,1.08351
2024-07-24 12:00:00,1.08351,1.08594,1.08324,1.08583
2024-07-24 16:00:00,1.08583,1.08667,1.08476,1.0851
2024-07-24 20:00:00,1.0851,1.08551,1.0836,1.08392
2024-07-25 00:00:00,1.08396,1.08422,1.0835,1.08396
2024-07-25 04:00:00,1.08396,1.08441,1.08364,1.08401
2024-07-25 08:00:00,1.08401,1.08578,1.08284,1.08463
2024-07-25 12:00:00,1.08462,1.0859,1.08364,1.08498
2024-07-25 16:00:00,1.08499,1.08648,1.08303,1.08621
2024-07-25 20:00:00,1.08622,1.08701,1.08435,1.08449
2024-07-26 00:00:00,1.08456,1.08557,1.08421,1.0854
2024-07-26 04:00:00,1.0854,1.08606,1.08521,1.08585
2024-07-26 08:00:00,1.08584,1.08609,1.08422,1.08516
2024-07-26 12:00:00,1.08516,1.08655,1.08485,1.08607
2024-07-26 16:00:00,1.08607,1.08683,1.08516,1.08655
2024-07-26 20:00:00,1.08654,1.08656,1.08551,1.08554
2024-07-29 00:00:00,1.08541,1.08666,1.0851,1.08635
2024-07-29 04:00:00,1.08635,1.08701,1.08584,1.08591
2024-07-29 08:00:00,1.08591,1.08631,1.08318,1.08323
2024-07-29 12:00:00,1.08323,1.08421,1.08151,1.08162
2024-07-29 16:00:00,1.08162,1.08239,1.08029,1.08216
2024-07-29 20:00:00,1.08216,1.08261,1.08196,1.08212
2024-07-30 00:00:00,1.08212,1.08238,1.08155,1.08172
2024-07-30 04:00:00,1.08172,1.08253,1.08144,1.08242
2024-07-30 08:00:00,1.08242,1.08347,1.08162,1.08288
2024-07-30 12:00:00,1.08288,1.08358,1.08018,1.0802
2024-07-30 16:00:00,1.0802,1.08168,1.07983,1.08139
2024-07-30 20:00:00,1.08139,1.08177,1.08086,1.0814300000000001
2024-07-31 00:00:00,1.08144,1.08201,1.08081,1.082
2024-07-31 04:00:00,1.082,1.08303,1.08166,1.08256
2024-07-31 08:00:00,1.08256,1.08277,1.08066,1.0823
2024-07-31 12:00:00,1.0823,1.08481,1.08221,1.0841
2024-07-31 16:00:00,1.0841,1.08495,1.08044,1.08094
2024-07-31 20:00:00,1.08094,1.0833,1.0802,1.08259
2024-08-01 00:00:00,1.08252,1.08311,1.08212,1.08278
2024-08-01 04:00:00,1.08278,1.08355,1.08243,1.0827
2024-08-01 08:00:00,1.0827,1.08298,1.07814,1.07845
2024-08-01 12:00:00,1.07845,1.08086,1.07776,1.07966
2024-08-01 16:00:00,1.07966,1.08184,1.07804,1.07863
2024-08-01 20:00:00,1.07863,1.07956,1.07827,1.07913
2024-08-02 00:00:00,1.07911,1.07935,1.07818,1.07911
2024-08-02 04:00:00,1.07911,1.07988,1.07846,1.07977
2024-08-02 08:00:00,1.07977,1.08153,1.07863,1.08146
2024-08-02 12:00:00,1.08146,1.08971,1.08145,1.08912
2024-08-02 16:00:00,1.08912,1.09267,1.08845,1.09121
2024-08-02 20:00:00,1.09121,1.09168,1.09073,1.09105
2024-08-05 00:00:00,1.0924,1.09353,1.09029,1.09168
2024-08-05 04:00:00,1.09168,1.09398,1.0912,1.09326
2024-08-05 08:00:00,1.09326,1.09751,1.08928,1.09511
2024-08-05 12:00:00,1.0951,1.10089,1.0933,1.09912
2024-08-05 16:00:00,1.09912,1.10034,1.09478,1.09601
2024-08-05 20:00:00,1.096,1.09645,1.09473,1.09512
2024-08-06 00:00:00,1.09517,1.09632,1.09395,1.09628
2024-08-06 04:00:00,1.09628,1.09631,1.09497,1.09521
2024-08-06 08:00:00,1.09521,1.0955,1.09186,1.09278
2024-08-06 12:00:00,1.09279,1.09279,1.09038,1.09053
2024-08-06 16:00:00,1.09053,1.09349,1.09053,1.09279
2024-08-06 20:00:00,1.09278,1.09338,1.09228,1.09313
2024-08-07 00:00:00,1.09284,1.09317,1.09219,1.09298
2024-08-07 04:00:00,1.09298,1.09305,1.0911,1.09117
2024-08-07 08:00:00,1.09116,1.09281,1.09055,1.09189
2024-08-07 12:00:00,1.09189,1.09267,1.09086,1.0922
2024-08-07 16:00:00,1.09221,1.09367,1.09126,1.09223
2024-08-07 20:00:00,1.09223,1.09272,1.09176,1.09235
2024-08-08 00:00:00,1.0921,1.0934,1.0918,1.09283
2024-08-08 04:00:00,1.09283,1.09378,1.09236,1.09317
2024-08-08 08:00:00,1.09317,1.09452,1.093,1.09371
2024-08-08 12:00:00,1.09371,1.09398,1.08917,1.08976
2024-08-08 16:00:00,1.08977,1.09147,1.08816,1.09088
2024-08-08 20:00:00,1.09088,1.09191,1.0907499999999999,1.09188
2024-08-09 00:00:00,1.09185,1.09196,1.09097,1.09131
2024-08-09 04:00:00,1.09131,1.09246,1.09119,1.09202
2024-08-09 08:00:00,1.09202,1.09292,1.09131,1.09177
2024-08-09 12:00:00,1.09178,1.0926,1.0909200000000001,1.09119
2024-08-09 16:00:00,1.09119,1.09314,1.09099,1.09188
2024-08-09 20:00:00,1.09188,1.09236,1.09146,1.09156
2024-08-12 00:00:00,1.09145,1.09198,1.09101,1.09184
2024-08-12 04:00:00,1.09184,1.09232,1.09128,1.09191
2024-08-12 08:00:00,1.09191,1.09286,1.09159,1.09209
2024-08-12 12:00:00,1.09209,1.093,1.09177,1.092
2024-08-12 16:00:00,1.092,1.09395,1.0915300000000001,1.0923
2024-08-12 20:00:00,1.0923,1.09351,1.09222,1.09321
2024-08-13 00:00:00,1.09314,1.09365,1.09241,1.09301
2024-08-13 04:00:00,1.09301,1.09394,1.09294,1.09393
2024-08-13 08:00:00,1.09393,1.09413,1.09207,1.09235
2024-08-13 12:00:00,1.09235,1.09467,1.09139,1.0941
2024-08-13 16:00:00,1.0941,1.09741,1.09382,1.09724
2024-08-13 20:00:00,1.09724,1.09997,1.09698,1.09928
2024-08-14 00:00:00,1.09927,1.09985,1.09822,1.0992
2024-08-14 04:00:00,1.0992,1.09967,1.09888,1.09929
2024-08-14 08:00:00,1.09929,1.102,1.09864,1.10194
2024-08-14 12:00:00,1.10194,1.10354,1.10041,1.1017
2024-08-14 16:00:00,1.10169,1.10474,1.10156,1.10184
2024-08-14 20:00:00,1.10184,1.10185,1.10108,1.10123
2024-08-15 00:00:00,1.10124,1.10159,1.1007,1.10098
2024-08-15 04:00:00,1.10098,1.10123,1.10033,1.10118
2024-08-15 08:00:00,1.10118,1.10156,1.10053,1.10063
2024-08-15 12:00:00,1.10063,1.10144,1.09518,1.09567
2024-08-15 16:00:00,1.09567,1.09896,1.09497,1.09781
2024-08-15 20:00:00,1.09781,1.09801,1.09705,1.09712
2024-08-16 00:00:00,1.09725,1.09772,1.09662,1.09759
2024-08-16 04:00:00,1.09759,1.09828,1.09745,1.09822
2024-08-16 08:00:00,1.09822,1.09899,1.09769,1.0981
2024-08-16 12:00:00,1.09811,1.0995,1.0979,1.0994
2024-08-16 16:00:00,1.0994,1.10047,1.09827,1.10039
2024-08-16 20:00:00,1.10038,1.10297,1.10038,1.10286
2024-08-19 00:00:00,1.10277,1.10362,1.10219,1.10304
2024-08-19 04:00:00,1.10304,1.10419,1.10276,1.10398
2024-08-19 08:00:00,1.10398,1.10506,1.10357,1.10373
2024-08-19 12:00:00,1.10373,1.10446,1.10311,1.1039
2024-08-19 16:00:00,1.10389,1.10742,1.10303,1.10737
2024-08-19 20:00:00,1.10737,1.10866,1.10706,1.1085099999999999
2024-08-20 00:00:00,1.10847,1.10875,1.10777,1.10821
2024-08-20 04:00:00,1.10821,1.10873,1.1075,1.10772
2024-08-20 08:00:00,1.10771,1.1089,1.1072,1.10798
2024-08-20 12:00:00,1.10798,1.10987,1.10751,1.10984
2024-08-20 16:00:00,1.10984,1.11192,1.10927,1.1115
2024-08-20 20:00:00,1.1115,1.11305,1.11089,1.113
2024-08-21 00:00:00,1.11295,1.11328,1.11166,1.11279
2024-08-21 04:00:00,1.11279,1.11282,1.11167,1.11192
2024-08-21 08:00:00,1.11193,1.11289,1.11105,1.11186
2024-08-21 12:00:00,1.11186,1.11301,1.11101,1.1125
2024-08-21 16:00:00,1.1125,1.11483,1.1099,1.11465
2024-08-21 20:00:00,1.11464,1.11741,1.11457,1.11499
2024-08-22 00:00:00,1.11494,1.11583,1.11438,1.11477
2024-08-22 04:00:00,1.11477,1.11492,1.11406,1.1143399999999999
2024-08-22 08:00:00,1.1143399999999999,1.1165,1.11274,1.11426
2024-08-22 12:00:00,1.11426,1.11462,1.11254,1.11402
2024-08-22 16:00:00,1.11403,1.11416,1.10983,1.11106
2024-08-22 20:00:00,1.11106,1.11135,1.10988,1.11113
2024-08-23 00:00:00,1.1112,1.11225,1.11036,1.11198
2024-08-23 04:00:00,1.11198,1.11288,1.11182,1.11278
2024-08-23 08:00:00,1.11278,1.1132,1.11126,1.1123
2024-08-23 12:00:00,1.1123,1.11273,1.11111,1.11142
2024-08-23 16:00:00,1.11142,1.11961,1.11056,1.11741
2024-08-23 20:00:00,1.11741,1.1201,1.11732,1.1192
2024-08-26 00:00:00,1.11868,1.12018,1.11827,1.1194
2024-08-26 04:00:00,1.11938,1.12004,1.11818,1.11834
2024-08-26 08:00:00,1.11835,1.11894,1.11759,1.11807
2024-08-26 12:00:00,1.11806,1.11828,1.11586,1.11615
2024-08-26 16:00:00,1.11614,1.11791,1.11503,1.11713
2024-08-26 20:00:00,1.11713,1.11755,1.11587,1.1161
2024-08-27 00:00:00,1.11609,1.1167,1.11524,1.11611
2024-08-27 04:00:00,1.11612,1.11708,1.11598,1.11686
2024-08-27 08:00:00,1.11686,1.11741,1.11615,1.1166800000000001
2024-08-27 12:00:00,1.1166800000000001,1.11788,1.11506,1.11587
2024-08-27 16:00:00,1.11587,1.11719,1.11528,1.11659
2024-08-27 20:00:00,1.11659,1.11907,1.11646,1.11842
2024-08-28 00:00:00,1.11835,1.11853,1.11746,1.11799
2024-08-28 04:00:00,1.11799,1.1179999999999999,1.11583,1.11596
2024-08-28 08:00:00,1.11596,1.11608,1.11352,1.11414
2024-08-28 12:00:00,1.11414,1.11457,1.11051,1.1112
2024-08-28 16:00:00,1.1112,1.11377,1.11103,1.11149
2024-08-28 20:00:00,1.11149,1.112,1.11054,1.11199
2024-08-29 00:00:00,1.11195,1.11326,1.1107,1.11315
2024-08-29 04:00:00,1.11315,1.11372,1.11274,1.11355
2024-08-29 08:00:00,1.11355,1.11401,1.1072,1.10849
2024-08-29 12:00:00,1.10849,1.11,1.1073,1.10843
2024-08-29 16:00:00,1.10843,1.10896,1.10557,1.10818
2024-08-29 20:00:00,1.10818,1.10854,1.10748,1.1078000000000001
2024-08-30 00:00:00,1.10772,1.10833,1.10711,1.10807
2024-08-30 04:00:00,1.10807,1.10822,1.10699,1.10741
2024-08-30 08:00:00,1.10742,1.10952,1.10735,1.10751
2024-08-30 12:00:00,1.10751,1.10884,1.10578,1.10681
2024-08-30 16:00:00,1.10681,1.10802,1.1044,1.10496
2024-08-30 20:00:00,1.10496,1.10568,1.10474,1.1048
2024-09-02 00:00:00,1.10471,1.10559,1.1042,1.10536
2024-09-02 04:00:00,1.10536,1.10557,1.1044,1.10486
2024-09-02 08:00:00,1.10486,1.10775,1.10455,1.10676
2024-09-02 12:00:00,1.10676,1.1072899999999999,1.10585,1.10681
2024-09-02 16:00:00,1.10681,1.10721,1.10601,1.10659
2024-09-02 20:00:00,1.10659,1.1072899999999999,1.10659,1.10723
2024-09-03 00:00:00,1.10711,1.1072899999999999,1.10591,1.1060699999999999
2024-09-03 04:00:00,1.1060699999999999,1.10704,1.10541,1.10543
2024-09-03 08:00:00,1.10543,1.10678,1.10481,1.10486
2024-09-03 12:00:00,1.10486,1.10526,1.10333,1.1048
2024-09-03 16:00:00,1.1048,1.10689,1.10361,1.10394
2024-09-03 20:00:00,1.10393,1.10444,1.10265,1.10435
2024-09-04 00:00:00,1.10431,1.10515,1.10357,1.10483
2024-09-04 04:00:00,1.10483,1.10572,1.10476,1.10564
2024-09-04 08:00:00,1.10564,1.10629,1.10469,1.10518
2024-09-04 12:00:00,1.10517,1.10587,1.10401,1.10526
2024-09-04 16:00:00,1.10526,1.10952,1.105,1.10846
2024-09-04 20:00:00,1.10845,1.10862,1.10655,1.1083
2024-09-05 00:00:00,1.10819,1.10866,1.10758,1.10793
2024-09-05 04:00:00,1.10793,1.10856,1.10748,1.10771
2024-09-05 08:00:00,1.10771,1.11003,1.10767,1.10991
2024-09-05 12:00:00,1.10991,1.11198,1.10873,1.10925
2024-09-05 16:00:00,1.10924,1.11083,1.10764,1.1101
2024-09-05 20:00:00,1.1101,1.11134,1.10996,1.11106
2024-09-06 00:00:00,1.11102,1.11147,1.11,1.11134
2024-09-06 04:00:00,1.11134,1.11177,1.11093,1.1116
2024-09-06 08:00:00,1.1116,1.1121,1.1111,1.11175
2024-09-06 12:00:00,1.11175,1.11555,1.10801,1.11211
2024-09-06 16:00:00,1.11211,1.11352,1.10657,1.10769
2024-09-06 20:00:00,1.10769,1.10896,1.10697,1.10858
2024-09-09 00:00:00,1.10785,1.1091199999999999,1.10766,1.10833
2024-09-09 04:00:00,1.10834,1.10911,1.10747,1.10758
2024-09-09 08:00:00,1.10758,1.1076,1.10457,1.10477
2024-09-09 12:00:00,1.10477,1.10592,1.10359,1.10398
2024-09-09 16:00:00,1.10398,1.10523,1.10342,1.10488
2024-09-09 20:00:00,1.10489,1.10538,1.10338,1.10349
2024-09-10 00:00:00,1.10344,1.10398,1.10284,1.10309
2024-09-10 04:00:00,1.10309,1.10407,1.10307,1.10402
2024-09-10 08:00:00,1.10402,1.10498,1.10337,1.10379
2024-09-10 12:00:00,1.10379,1.1044,1.10267,1.103
2024-09-10 16:00:00,1.103,1.10349,1.10153,1.10269
2024-09-10 20:00:00,1.10269,1.1028,1.10183,1.10191
2024-09-11 00:00:00,1.10194,1.10238,1.10144,1.10202
2024-09-11 04:00:00,1.10202,1.10472,1.10184,1.10468
2024-09-11 08:00:00,1.10468,1.10521,1.10367,1.10439
2024-09-11 12:00:00,1.10438,1.10549,1.10035,1.10165
2024-09-11 16:00:00,1.10164,1.10263,1.10021,1.10159
2024-09-11 20:00:00,1.10159,1.10267,1.10108,1.10111
2024-09-12 00:00:00,1.10118,1.10155,1.1006,1.10068
2024-09-12 04:00:00,1.10069,1.1017,1.10066,1.10165
2024-09-12 08:00:00,1.10165,1.1024,1.10056,1.10156
2024-09-12 12:00:00,1.10156,1.10327,1.10095,1.10251
2024-09-12 16:00:00,1.10252,1.10481,1.10248,1.10462
2024-09-12 20:00:00,1.10463,1.10752,1.10426,1.10746
2024-09-13 00:00:00,1.10741,1.10875,1.10674,1.10872
2024-09-13 04:00:00,1.10872,1.10903,1.10794,1.10845
2024-09-13 08:00:00,1.10845,1.10941,1.10732,1.10929
2024-09-13 12:00:00,1.10928,1.1101,1.10793,1.10931
2024-09-13 16:00:00,1.10931,1.11019,1.1077,1.1084
2024-09-13 20:00:00,1.1084,1.1086,1.10728,1.10744
2024-09-16 00:00:00,1.1077,1.10925,1.1074,1.10895
2024-09-16 04:00:00,1.10895,1.11049,1.10868,1.10972
2024-09-16 08:00:00,1.10972,1.11262,1.10958,1.11229
2024-09-16 12:00:00,1.11229,1.11328,1.11161,1.1125099999999999
2024-09-16 16:00:00,1.1125,1.11377,1.11167,1.11291
2024-09-16 20:00:00,1.11291,1.11333,1.11163,1.11326
2024-09-17 00:00:00,1.11325,1.11325,1.11219,1.11231
2024-09-17 04:00:00,1.1123,1.11298,1.11219,1.11245
2024-09-17 08:00:00,1.11245,1.11463,1.11159,1.11446
2024-09-17 12:00:00,1.11448,1.11449,1.11178,1.11249
2024-09-17 16:00:00,1.1125,1.11283,1.11119,1.11195
2024-09-17 20:00:00,1.11195,1.11236,1.11112,1.1114
2024-09-18 00:00:00,1.11135,1.11288,1.11113,1.11271
2024-09-18 04:00:00,1.11271,1.11305,1.11201,1.11202
2024-09-18 08:00:00,1.11202,1.11333,1.11155,1.11297
2024-09-18 12:00:00,1.11297,1.114,1.1118,1.11223
2024-09-18 16:00:00,1.11223,1.11399,1.11083,1.11243
2024-09-18 20:00:00,1.11243,1.11889,1.10968,1.11176
2024-09-19 00:00:00,1.11186,1.11241,1.10791,1.10816
2024-09-19 04:00:00,1.10817,1.11214,1.10687,1.11202
2024-09-19 08:00:00,1.11202,1.11692,1.11202,1.11628
2024-09-19 12:00:00,1.11628,1.11789,1.11258,1.1126
2024-09-19 16:00:00,1.1126,1.11584,1.11166,1.1155599999999999
2024-09-19 20:00:00,1.1155599999999999,1.1168,1.11525,1.11615
2024-09-20 00:00:00,1.11613,1.11626,1.11573,1.11605
2024-09-20 04:00:00,1.11605,1.11694,1.11574,1.11651
2024-09-20 08:00:00,1.11651,1.11819,1.11525,1.11645
2024-09-20 12:00:00,1.11645,1.1177,1.11542,1.11745
2024-09-20 16:00:00,1.11745,1.11762,1.11362,1.11738
2024-09-20 20:00:00,1.1173899999999999,1.11744,1.11561,1.11629
2024-09-23 00:00:00,1.11599,1.11711,1.11542,1.1159
2024-09-23 04:00:00,1.1159,1.11651,1.11558,1.11636
2024-09-23 08:00:00,1.11636,1.11673,1.10833,1.10926
2024-09-23 12:00:00,1.10926,1.11259,1.10923,1.11225
2024-09-23 16:00:00,1.11225,1.11435,1.11154,1.11253
2024-09-23 20:00:00,1.11253,1.11286,1.11097,1.11107
2024-09-24 00:00:00,1.11109,1.11152,1.11044,1.11059
2024-09-24 04:00:00,1.11059,1.11178,1.11035,1.11169
2024-09-24 08:00:00,1.11169,1.11449,1.11045,1.11402
2024-09-24 12:00:00,1.11403,1.11479,1.11222,1.11409
2024-09-24 16:00:00,1.11409,1.11636,1.11326,1.11586
2024-09-24 20:00:00,1.11586,1.11809,1.11548,1.11797
2024-09-25 00:00:00,1.11793,1.1194,1.11726,1.11933
2024-09-25 04:00:00,1.11933,1.11988,1.11853,1.11959
2024-09-25 08:00:00,1.11959,1.11965,1.11823,1.1185
2024-09-25 12:00:00,1.1185,1.1208,1.11783,1.11978
2024-09-25 16:00:00,1.11978,1.12141,1.1133,1.11345
2024-09-25 20:00:00,1.11345,1.1139000000000001,1.11217,1.11325
2024-09-26 00:00:00,1.11327,1.11371,1.11277,1.11366
2024-09-26 04:00:00,1.11366,1.11454,1.11317,1.11418
2024-09-26 08:00:00,1.11418,1.1158,1.11259,1.11415
2024-09-26 12:00:00,1.11415,1.11655,1.11376,1.11513
2024-09-26 16:00:00,1.11513,1.11894,1.11259,1.11694
2024-09-26 20:00:00,1.11694,1.11842,1.11684,1.11766
2024-09-27 00:00:00,1.11767,1.11777,1.11681,1.11693
2024-09-27 04:00:00,1.11693,1.11733,1.11626,1.11647
2024-09-27 08:00:00,1.11647,1.11761,1.11248,1.11446
2024-09-27 12:00:00,1.11446,1.12019,1.1137299999999999,1.11999
2024-09-27 16:00:00,1.11999,1.1203,1.11464,1.11518
2024-09-27 20:00:00,1.11518,1.1168,1.11505,1.11632
2024-09-30 00:00:00,1.11568,1.1174,1.11519,1.11709
2024-09-30 04:00:00,1.11709,1.11728,1.11564,1.1161699999999999
2024-09-30 08:00:00,1.1161699999999999,1.12089,1.11562,1.12056
2024-09-30 12:00:00,1.12058,1.12059,1.11833,1.119
2024-09-30 16:00:00,1.11899,1.11913,1.11351,1.11485
2024-09-30 20:00:00,1.11485,1.11622,1.11139,1.11349
2024-10-01 00:00:00,1.11346,1.11427,1.11236,1.11323
2024-10-01 04:00:00,1.11323,1.11435,1.11314,1.11407
2024-10-01 08:00:00,1.11407,1.11442,1.10981,1.11031
2024-10-01 12:00:00,1.11031,1.11147,1.10702,1.10712
2024-10-01 16:00:00,1.10712,1.10869,1.10483,1.10545
2024-10-01 20:00:00,1.10545,1.10774,1.10459,1.10676
2024-10-02 00:00:00,1.10676,1.1072,1.10605,1.10657
2024-10-02 04:00:00,1.10657,1.10741,1.10605,1.10631
2024-10-02 08:00:00,1.10631,1.1083,1.10542,1.10724
2024-10-02 12:00:00,1.10725,1.10775,1.10511,1.10535
2024-10-02 16:00:00,1.10536,1.10659,1.10327,1.10468
2024-10-02 20:00:00,1.10468,1.10536,1.10369,1.10453
2024-10-03 00:00:00,1.10438,1.10495,1.10372,1.10392
2024-10-03 04:00:00,1.10392,1.10407,1.1032,1.10329
2024-10-03 08:00:00,1.10329,1.10461,1.10249,1.10376
2024-10-03 12:00:00,1.10376,1.10472,1.10282,1.10321
2024-10-03 16:00:00,1.10321,1.10438,1.10083,1.10303
2024-10-03 20:00:00,1.10304,1.10362,1.10251,1.10297
2024-10-04 00:00:00,1.10302,1.10397,1.10287,1.10347
2024-10-04 04:00:00,1.10347,1.10362,1.10253,1.10278
2024-10-04 08:00:00,1.10278,1.10356,1.10212,1.10256
2024-10-04 12:00:00,1.10256,1.10369,1.09591,1.0961
2024-10-04 16:00:00,1.0961,1.09818,1.09513,1.0959699999999999
2024-10-04 20:00:00,1.0959699999999999,1.09779,1.09578,1.09745
2024-10-07 00:00:00,1.09637,1.09755,1.09628,1.09699
2024-10-07 04:00:00,1.09699,1.09777,1.09683,1.09685
2024-10-07 08:00:00,1.09685,1.09789,1.09582,1.09701
2024-10-07 12:00:00,1.09701,1.09837,1.09543,1.09774
2024-10-07 16:00:00,1.09773,1.09848,1.09697,1.0984
2024-10-07 20:00:00,1.09838,1.0987,1.0965799999999999,1.09742
2024-10-08 00:00:00,1.0973,1.0984,1.09695,1.09818
2024-10-08 04:00:00,1.09818,1.09868,1.09728,1.09855
2024-10-08 08:00:00,1.09855,1.09972,1.09786,1.09939
2024-10-08 12:00:00,1.09939,1.09948,1.09715,1.0976
2024-10-08 16:00:00,1.0976,1.0984,1.0961,1.09758
2024-10-08 20:00:00,1.09757,1.09806,1.0965799999999999,1.09804
2024-10-09 00:00:00,1.09758,1.09811,1.09686,1.09755
2024-10-09 04:00:00,1.09755,1.09774,1.09622,1.09633
2024-10-09 08:00:00,1.09633,1.09762,1.09512,1.09579
2024-10-09 12:00:00,1.09579,1.09708,1.09528,1.09568
2024-10-09 16:00:00,1.09568,1.09598,1.09396,1.09415
2024-10-09 20:00:00,1.09415,1.09427,1.09363,1.09399
2024-10-10 00:00:00,1.09388,1.0943,1.09374,1.09406
2024-10-10 04:00:00,1.09406,1.09462,1.09384,1.0941
2024-10-10 08:00:00,1.0941,1.09432,1.09283,1.09331
2024-10-10 12:00:00,1.09331,1.0955,1.09084,1.0944099999999999
2024-10-10 16:00:00,1.0944099999999999,1.09498,1.09032,1.09061
2024-10-10 20:00:00,1.09061,1.09378,1.09002,1.09372
2024-10-11 00:00:00,1.09262,1.09379,1.09238,1.09374
2024-10-11 04:00:00,1.09374,1.09406,1.09296,1.09357
2024-10-11 08:00:00,1.09357,1.09538,1.09323,1.09496
2024-10-11 12:00:00,1.09496,1.09511,1.09261,1.09331
2024-10-11 16:00:00,1.09331,1.09525,1.09281,1.09449
2024-10-11 20:00:00,1.09449,1.09475,1.09325,1.09366
2024-10-14 00:00:00,1.0930900000000001,1.09336,1.0915300000000001,1.09216
2024-10-14 04:00:00,1.09215,1.09293,1.0918,1.09237
2024-10-14 08:00:00,1.09237,1.09317,1.09224,1.0927
2024-10-14 12:00:00,1.0927,1.09367,1.09073,1.09099
2024-10-14 16:00:00,1.09095,1.09273,1.09008,1.09016
2024-10-14 20:00:00,1.09016,1.09091,1.08883,1.09088
2024-10-15 00:00:00,1.09085,1.09105,1.0898,1.09074
2024-10-15 04:00:00,1.09074,1.09089,1.08916,1.0893
2024-10-15 08:00:00,1.0893,1.09163,1.08851,1.09104
2024-10-15 12:00:00,1.09104,1.09151,1.08972,1.09101
2024-10-15 16:00:00,1.091,1.09167,1.08894,1.08895
2024-10-15 20:00:00,1.08896,1.08926,1.08819,1.08914
2024-10-16 00:00:00,1.089,1.08933,1.08821,1.08854
2024-10-16 04:00:00,1.08854,1.08957,1.08844,1.08894
2024-10-16 08:00:00,1.08894,1.08903,1.08753,1.08832
2024-10-16 12:00:00,1.08833,1.09015,1.08826,1.08889
2024-10-16 16:00:00,1.08889,1.08976,1.08661,1.08682
2024-10-16 20:00:00,1.08682,1.08684,1.08533,1.08621
2024-10-17 00:00:00,1.08617,1.08686,1.0853,1.08633
2024-10-17 04:00:00,1.08633,1.08652,1.08513,1.08534
2024-10-17 08:00:00,1.08534,1.08584,1.0849,1.08518
2024-10-17 12:00:00,1.08516,1.08739,1.08335,1.08429
2024-10-17 16:00:00,1.08429,1.08448,1.08111,1.0824799999999999
2024-10-17 20:00:00,1.0824799999999999,1.08321,1.0821,1.08306
2024-10-18 00:00:00,1.08311,1.08333,1.08247,1.08289
2024-10-18 04:00:00,1.08289,1.08406,1.08276,1.08406
2024-10-18 08:00:00,1.08406,1.08487,1.08347,1.08378
2024-10-18 12:00:00,1.08379,1.08602,1.08342,1.08594
2024-10-18 16:00:00,1.08594,1.08683,1.08513,1.08668
2024-10-18 20:00:00,1.08668,1.08696,1.08591,1.0867499999999999
2024-10-21 00:00:00,1.08605,1.08717,1.08596,1.0865
2024-10-21 04:00:00,1.0865,1.08682,1.08585,1.08588
2024-10-21 08:00:00,1.08588,1.08635,1.08463,1.0855299999999999
2024-10-21 12:00:00,1.0855299999999999,1.08591,1.08447,1.08574
2024-10-21 16:00:00,1.08574,1.0858,1.08172,1.0818699999999999
2024-10-21 20:00:00,1.0818699999999999,1.0823,1.08112,1.08146
2024-10-22 00:00:00,1.0815,1.08185,1.08117,1.08162
2024-10-22 04:00:00,1.08162,1.08214,1.08151,1.08203
2024-10-22 08:00:00,1.08203,1.08382,1.08182,1.0827
2024-10-22 12:00:00,1.08271,1.08307,1.0811,1.08118
2024-10-22 16:00:00,1.08118,1.08185,1.0801,1.08076
2024-10-22 20:00:00,1.08077,1.08088,1.07926,1.07986
2024-10-23 00:00:00,1.07978,1.08009,1.07922,1.07952
2024-10-23 04:00:00,1.07952,1.08054,1.07938,1.08022
2024-10-23 08:00:00,1.08022,1.08067,1.07794,1.07883
2024-10-23 12:00:00,1.07883,1.07894,1.07613,1.07744
2024-10-23 16:00:00,1.07744,1.07863,1.07696,1.07731
2024-10-23 20:00:00,1.07731,1.07866,1.07674,1.07822
2024-10-24 00:00:00,1.07812,1.0789900000000001,1.07769,1.07888
2024-10-24 04:00:00,1.07888,1.07937,1.07812,1.07931
2024-10-24 08:00:00,1.07931,1.0808200000000001,1.07707,1.08032
2024-10-24 12:00:00,1.08032,1.08053,1.07888,1.07966
2024-10-24 16:00:00,1.07966,1.08113,1.07952,1.08108
2024-10-24 20:00:00,1.08108,1.08299,1.08107,1.0828
2024-10-25 00:00:00,1.08272,1.08288,1.08201,1.08218
2024-10-25 04:00:00,1.08218,1.08276,1.08201,1.0822
2024-10-25 08:00:00,1.0822,1.08373,1.08137,1.08238
2024-10-25 12:00:00,1.08238,1.08394,1.08211,1.08385
2024-10-25 16:00:00,1.08385,1.0838700000000001,1.08025,1.08051
2024-10-25 20:00:00,1.08051,1.08066,1.07931,1.07959
2024-10-28 00:00:00,1.07931,1.08017,1.07867,1.07942
2024-10-28 04:00:00,1.07942,1.0796000000000001,1.07822,1.07878
2024-10-28 08:00:00,1.07878,1.08214,1.07821,1.08191
2024-10-28 12:00:00,1.08191,1.08263,1.08085,1.08155
2024-10-28 16:00:00,1.08156,1.08277,1.08138,1.08156
2024-10-28 20:00:00,1.08156,1.08191,1.081,1.08117
2024-10-29 00:00:00,1.0812,1.08194,1.08096,1.08158
2024-10-29 04:00:00,1.08158,1.08181,1.08062,1.08088
2024-10-29 08:00:00,1.08088,1.08205,1.08056,1.08185
2024-10-29 12:00:00,1.08185,1.08263,1.07721,1.07775
2024-10-29 16:00:00,1.07775,1.08122,1.07689,1.0799
2024-10-29 20:00:00,1.0799,1.08183,1.0798,1.08181
2024-10-30 00:00:00,1.08179,1.08261,1.08112,1.08219
2024-10-30 04:00:00,1.08219,1.08258,1.08132,1.08167
2024-10-30 08:00:00,1.08167,1.08447,1.08141,1.08345
2024-10-30 12:00:00,1.08346,1.08594,1.08081,1.0814
2024-10-30 16:00:00,1.08141,1.08669,1.08114,1.08611
2024-10-30 20:00:00,1.08612,1.08713,1.08537,1.08566
2024-10-31 00:00:00,1.08558,1.08601,1.08514,1.08534
2024-10-31 04:00:00,1.08534,1.08582,1.08442,1.08479
2024-10-31 08:00:00,1.08479,1.08636,1.08467,1.08563
2024-10-31 12:00:00,1.08563,1.08868,1.0854300000000001,1.08798
2024-10-31 16:00:00,1.08798,1.08883,1.08463,1.08582
2024-10-31 20:00:00,1.08582,1.0885,1.08554,1.08838
2024-11-01 00:00:00,1.08832,1.08875,1.08798,1.08866
2024-11-01 04:00:00,1.08866,1.08887,1.08752,1.08772
2024-11-01 08:00:00,1.08772,1.08781,1.08574,1.08625
2024-11-01 12:00:00,1.08625,1.09058,1.08525,1.08862
2024-11-01 16:00:00,1.08864,1.08897,1.08464,1.08526
2024-11-01 20:00:00,1.08526,1.0853,1.08319,1.08337
2024-11-04 00:00:00,1.08785,1.08914,1.08699,1.08884
2024-11-04 04:00:00,1.08884,1.0905,1.08849,1.0899
2024-11-04 08:00:00,1.0899,1.09022,1.08872,1.08962
2024-11-04 12:00:00,1.08962,1.09147,1.08934,1.09053
2024-11-04 16:00:00,1.09052,1.09098,1.088,1.08888
2024-11-04 20:00:00,1.08888,1.0889199999999999,1.0874,1.0877
2024-11-05 00:00:00,1.08761,1.08795,1.08712,1.08776
2024-11-05 04:00:00,1.08776,1.08801,1.08744,1.0878700000000001
2024-11-05 08:00:00,1.0878700000000001,1.08977,1.08771,1.08919
2024-11-05 12:00:00,1.08919,1.09018,1.08896,1.08927
2024-11-05 16:00:00,1.08927,1.09306,1.0889,1.09302
2024-11-05 20:00:00,1.09302,1.09366,1.09241,1.09296
2024-11-06 00:00:00,1.09286,1.09373,1.08216,1.08364
2024-11-06 04:00:00,1.08364,1.08393,1.07191,1.07599
2024-11-06 08:00:00,1.07601,1.07815,1.07031,1.07553
2024-11-06 12:00:00,1.07553,1.07618,1.06825,1.071
2024-11-06 16:00:00,1.07101,1.07454,1.06985,1.07274
2024-11-06 20:00:00,1.07274,1.07582,1.07262,1.07289
2024-11-07 00:00:00,1.07249,1.07374,1.07129,1.07178
2024-11-07 04:00:00,1.07178,1.07479,1.07175,1.07463
2024-11-07 08:00:00,1.07463,1.07717,1.07411,1.07465
2024-11-07 12:00:00,1.07465,1.07947,1.07464,1.07923
2024-11-07 16:00:00,1.07923,1.08247,1.07813,1.08048
2024-11-07 20:00:00,1.08048,1.08096,1.07671,1.08031
2024-11-08 00:00:00,1.08038,1.08053,1.07791,1.0787
2024-11-08 04:00:00,1.0787,1.07898,1.07765,1.07818
2024-11-08 08:00:00,1.07818,1.07894,1.0761,1.07791
2024-11-08 12:00:00,1.07791,1.07976,1.07445,1.0753
2024-11-08 16:00:00,1.0753,1.07658,1.06869,1.07092
2024-11-08 20:00:00,1.07092,1.07216,1.07,1.07189
2024-11-11 00:00:00,1.0702,1.0728,1.0702,1.07203
2024-11-11 04:00:00,1.07203,1.07271,1.07079,1.07175
2024-11-11 08:00:00,1.07175,1.07221,1.0668,1.06816
2024-11-11 12:00:00,1.06815,1.06886,1.06368,1.06481
2024-11-11 16:00:00,1.06481,1.06576,1.06287,1.06491
2024-11-11 20:00:00,1.06491,1.06579,1.0646,1.06557
2024-11-12 00:00:00,1.06502,1.06632,1.06478,1.06483
2024-11-12 04:00:00,1.06483,1.06521,1.06379,1.06399
2024-11-12 08:00:00,1.06399,1.06399,1.06165,1.06261
2024-11-12 12:00:00,1.06261,1.06298,1.06063,1.0623
2024-11-12 16:00:00,1.0623,1.06261,1.0594999999999999,1.06069
2024-11-12 20:00:00,1.06069,1.06268,1.06066,1.06237
2024-11-13 00:00:00,1.06207,1.06292,1.0611,1.0628
2024-11-13 04:00:00,1.0628,1.06294,1.06096,1.06131
2024-11-13 08:00:00,1.06131,1.06299,1.05933,1.0627
2024-11-13 12:00:00,1.0627,1.06542,1.06101,1.06366
2024-11-13 16:00:00,1.06366,1.06381,1.05556,1.05689
2024-11-13 20:00:00,1.05689,1.0576,1.05564,1.05642
2024-11-14 00:00:00,1.05625,1.05686,1.05511,1.0556
2024-11-14 04:00:00,1.0556,1.05578,1.05342,1.05472
2024-11-14 08:00:00,1.05472,1.05582,1.05177,1.05205
2024-11-14 12:00:00,1.05205,1.05452,1.04964,1.05305
2024-11-14 16:00:00,1.05305,1.05825,1.05296,1.05593
2024-11-14 20:00:00,1.05593,1.05606,1.05121,1.05298
2024-11-15 00:00:00,1.053,1.05416,1.05236,1.05319
2024-11-15 04:00:00,1.05319,1.05461,1.05318,1.05402
2024-11-15 08:00:00,1.05402,1.05801,1.05336,1.05622
2024-11-15 12:00:00,1.05623,1.0593,1.05539,1.05585
2024-11-15 16:00:00,1.05585,1.05634,1.05232,1.05486
2024-11-15 20:00:00,1.05487,1.05547,1.05164,1.05357
2024-11-18 00:00:00,1.05301,1.05506,1.05292,1.05422
2024-11-18 04:00:00,1.05422,1.05466,1.05303,1.05381
2024-11-18 08:00:00,1.05381,1.05713,1.05363,1.05664
2024-11-18 12:00:00,1.05661,1.05686,1.05326,1.05679
2024-11-18 16:00:00,1.05679,1.05926,1.05605,1.05912
2024-11-18 20:00:00,1.05912,1.06072,1.05873,1.05982
2024-11-19 00:00:00,1.05981,1.05989,1.05871,1.05932
2024-11-19 04:00:00,1.05932,1.06008,1.05827,1.05836
2024-11-19 08:00:00,1.05836,1.05963,1.05237,1.05497
2024-11-19 12:00:00,1.05498,1.0597,1.05435,1.05769
2024-11-19 16:00:00,1.05769,1.06006,1.05656,1.05803
2024-11-19 20:00:00,1.05803,1.0598,1.05711,1.0596
2024-11-20 00:00:00,1.05941,1.06098,1.05898,1.06002
2024-11-20 04:00:00,1.06002,1.06034,1.05867,1.05872
2024-11-20 08:00:00,1.05872,1.05957,1.05532,1.05556
2024-11-20 12:00:00,1.05556,1.05679,1.05421,1.05567
2024-11-20 16:00:00,1.05567,1.0557,1.05068,1.0532
2024-11-20 20:00:00,1.0532,1.05443,1.05255,1.05435
2024-11-21 00:00:00,1.05432,1.05497,1.05364,1.05459
2024-11-21 04:00:00,1.05459,1.0555,1.05458,1.05466
2024-11-21 08:00:00,1.05466,1.05545,1.05138,1.0517
2024-11-21 12:00:00,1.0517,1.05392,1.05139,1.0533
2024-11-21 16:00:00,1.0533,1.05448,1.04622,1.04875
2024-11-21 20:00:00,1.04875,1.04893,1.04718,1.04736
2024-11-22 00:00:00,1.04741,1.04779,1.04664,1.04717
2024-11-22 04:00:00,1.04717,1.04783,1.04616,1.04646
2024-11-22 08:00:00,1.04646,1.04979,1.03334,1.04019
2024-11-22 12:00:00,1.0402,1.0437400000000001,1.0385,1.04295
2024-11-22 16:00:00,1.04295,1.04348,1.0392,1.0419100000000001
2024-11-22 20:00:00,1.0419,1.04254,1.04081,1.04193
2024-11-25 00:00:00,1.04811,1.05012,1.04624,1.04779
2024-11-25 04:00:00,1.04779,1.04894,1.04745,1.04793
2024-11-25 08:00:00,1.04791,1.04972,1.04489,1.04896
2024-11-25 12:00:00,1.04895,1.05303,1.04741,1.05285
2024-11-25 16:00:00,1.05285,1.05303,1.04668,1.04862
2024-11-25 20:00:00,1.04862,1.05107,1.0486,1.04959
2024-11-26 00:00:00,1.04932,1.05008,1.04251,1.04542
2024-11-26 04:00:00,1.04541,1.04906,1.04512,1.04754
2024-11-26 08:00:00,1.04754,1.05191,1.04701,1.05073
2024-11-26 12:00:00,1.05073,1.05448,1.05003,1.05037
2024-11-26 16:00:00,1.05037,1.051,1.04638,1.04705
2024-11-26 20:00:00,1.04705,1.04903,1.04573,1.04893
2024-11-27 00:00:00,1.0483,1.04966,1.04742,1.0487
2024-11-27 04:00:00,1.04869,1.04882,1.04745,1.04769
2024-11-27 08:00:00,1.04769,1.05405,1.04753,1.05164
2024-11-27 12:00:00,1.05165,1.05738,1.05104,1.05726
2024-11-27 16:00:00,1.05728,1.05877,1.05331,1.05765
2024-11-27 20:00:00,1.05764,1.05786,1.05594,1.05665
2024-11-28 00:00:00,1.05658,1.05698,1.05475,1.05573
2024-11-28 04:00:00,1.05573,1.05612,1.05489,1.055
2024-11-28 08:00:00,1.055,1.05565,1.05275,1.0532
2024-11-28 12:00:00,1.0532,1.05565,1.053,1.0534
2024-11-28 16:00:00,1.05341,1.05571,1.05315,1.05528
2024-11-28 20:00:00,1.05528,1.05572,1.0552,1.05538
2024-11-29 00:00:00,1.05489,1.05751,1.0542,1.056
2024-11-29 04:00:00,1.056,1.05769,1.05591,1.05681
2024-11-29 08:00:00,1.05681,1.05973,1.0552,1.05579
2024-11-29 12:00:00,1.0558,1.05734,1.05482,1.05629
2024-11-29 16:00:00,1.05629,1.05678,1.05416,1.05673
2024-11-29 20:00:00,1.05674,1.0584500000000001,1.05674,1.05759
2024-12-02 00:00:00,1.05615,1.05704,1.0528,1.05305
2024-12-02 04:00:00,1.05305,1.0532,1.05152,1.0522
2024-12-02 08:00:00,1.0522,1.05372,1.04959,1.05135
2024-12-02 12:00:00,1.05135,1.05382,1.0495,1.05058
2024-12-02 16:00:00,1.05058,1.05148,1.04606,1.04876
2024-12-02 20:00:00,1.04876,1.05161,1.04847,1.04977
2024-12-03 00:00:00,1.04974,1.05016,1.04842,1.04878
2024-12-03 04:00:00,1.04878,1.04944,1.04808,1.04915
2024-12-03 08:00:00,1.04915,1.05308,1.04835,1.05203
2024-12-03 12:00:00,1.05203,1.05298,1.05063,1.0524
2024-12-03 16:00:00,1.0524,1.05304,1.04921,1.05285
2024-12-03 20:00:00,1.05282,1.05351,1.05028,1.05094
2024-12-04 00:00:00,1.05074,1.05128,1.04973,1.05061
2024-12-04 04:00:00,1.0506,1.05203,1.0488,1.05151
2024-12-04 08:00:00,1.05151,1.05292,1.04825,1.05029
2024-12-04 12:00:00,1.05029,1.05125,1.04793,1.04835
2024-12-04 16:00:00,1.04836,1.05442,1.04723,1.05373
2024-12-04 20:00:00,1.05373,1.05389,1.0505,1.051
2024-12-05 00:00:00,1.05076,1.05159,1.05039,1.05122
2024-12-05 04:00:00,1.05122,1.05289,1.05105,1.05266
2024-12-05 08:00:00,1.05266,1.05465,1.05214,1.05288
2024-12-05 12:00:00,1.05288,1.05684,1.05233,1.05671
2024-12-05 16:00:00,1.05671,1.05896,1.0551,1.05674
2024-12-05 20:00:00,1.05677,1.05886,1.05572,1.05874
2024-12-06 00:00:00,1.05835,1.05883,1.0566,1.05687
2024-12-06 04:00:00,1.05687,1.05804,1.05684,1.0572300000000001
2024-12-06 08:00:00,1.0572300000000001,1.05941,1.05675,1.05773
2024-12-06 12:00:00,1.05773,1.06298,1.05714,1.06044
2024-12-06 16:00:00,1.06045,1.06072,1.05441,1.05512
2024-12-06 20:00:00,1.05512,1.05695,1.05423,1.05678
2024-12-09 00:00:00,1.05555,1.05694,1.05513,1.05519
2024-12-09 04:00:00,1.05519,1.05565,1.05322,1.05373
2024-12-09 08:00:00,1.05373,1.05752,1.05367,1.05662
2024-12-09 12:00:00,1.05662,1.05853,1.0558,1.05762
2024-12-09 16:00:00,1.05762,1.05943,1.05667,1.05669
2024-12-09 20:00:00,1.05669,1.05676,1.05472,1.05536
2024-12-10 00:00:00,1.05531,1.0557,1.05454,1.0553
2024-12-10 04:00:00,1.0553,1.05628,1.05489,1.05621
2024-12-10 08:00:00,1.05621,1.05683,1.05232,1.05312
2024-12-10 12:00:00,1.05312,1.0538,1.05158,1.0523
2024-12-10 16:00:00,1.0523,1.05313,1.04985,1.05097
2024-12-10 20:00:00,1.05097,1.05312,1.05087,1.05272
2024-12-11 00:00:00,1.05271,1.05356,1.05186,1.05347
2024-12-11 04:00:00,1.05347,1.05393,1.05205,1.05241
2024-12-11 08:00:00,1.05241,1.05285,1.04882,1.05005
2024-12-11 12:00:00,1.05005,1.05375,1.04871,1.05242
2024-12-11 16:00:00,1.05238,1.05292,1.04802,1.04878
2024-12-11 20:00:00,1.04878,1.0500099999999999,1.04815,1.0495700000000001
2024-12-12 00:00:00,1.04931,1.05089,1.04903,1.0506199999999999
2024-12-12 04:00:00,1.0506199999999999,1.05095,1.05009,1.05065
2024-12-12 08:00:00,1.05065,1.05309,1.05044,1.051
2024-12-12 12:00:00,1.051,1.05143,1.04696,1.04848
2024-12-12 16:00:00,1.04848,1.05211,1.04638,1.05007
2024-12-12 20:00:00,1.05008,1.05024,1.04643,1.04663
2024-12-13 00:00:00,1.04664,1.04807,1.04635,1.04654
2024-12-13 04:00:00,1.04654,1.04669,1.04564,1.04654
2024-12-13 08:00:00,1.04654,1.0493999999999999,1.04531,1.04866
2024-12-13 12:00:00,1.04872,1.05243,1.04834,1.05103
2024-12-13 16:00:00,1.05103,1.05104,1.04823,1.04964
2024-12-13 20:00:00,1.04964,1.05044,1.04891,1.05031
2024-12-16 00:00:00,1.0485,1.05213,1.04797,1.0519
2024-12-16 04:00:00,1.05191,1.0523,1.05098,1.05196
2024-12-16 08:00:00,1.05196,1.05248,1.05003,1.05051
2024-12-16 12:00:00,1.05051,1.05084,1.04833,1.05078
2024-12-16 16:00:00,1.05075,1.05207,1.04746,1.05112
2024-12-16 20:00:00,1.05112,1.05225,1.05059,1.05114
2024-12-17 00:00:00,1.05105,1.05343,1.05068,1.05214
2024-12-17 04:00:00,1.05214,1.0527,1.05027,1.05048
2024-12-17 08:00:00,1.05048,1.05093,1.04806,1.04855
2024-12-17 12:00:00,1.0486,1.05067,1.04793,1.05049
2024-12-17 16:00:00,1.05049,1.0516,1.04944,1.04998
2024-12-17 20:00:00,1.04998,1.05043,1.04853,1.04915
2024-12-18 00:00:00,1.04907,1.05029,1.04864,1.05022
2024-12-18 04:00:00,1.05022,1.05058,1.04961,1.05024
2024-12-18 08:00:00,1.05024,1.05128,1.04876,1.04943
2024-12-18 12:00:00,1.04944,1.05036,1.04826,1.0492
2024-12-18 16:00:00,1.0492,1.05033,1.04672,1.04753
2024-12-18 20:00:00,1.04753,1.04925,1.03437,1.03495
2024-12-19 00:00:00,1.03514,1.038,1.0344,1.0378
2024-12-19 04:00:00,1.0378,1.03909,1.03724,1.0382
2024-12-19 08:00:00,1.0382,1.04224,1.03774,1.04125
2024-12-19 12:00:00,1.04125,1.04159,1.03858,1.03992
2024-12-19 16:00:00,1.0399,1.04072,1.0354700000000001,1.03616
2024-12-19 20:00:00,1.03615,1.03773,1.03553,1.03629
2024-12-20 00:00:00,1.0365,1.03692,1.03588,1.03636
2024-12-20 04:00:00,1.03636,1.03667,1.03567,1.03663
2024-12-20 08:00:00,1.03663,1.03985,1.03431,1.03828
2024-12-20 12:00:00,1.03828,1.0419100000000001,1.03796,1.04075
2024-12-20 16:00:00,1.04075,1.04449,1.03861,1.04285
2024-12-20 20:00:00,1.04285,1.04475,1.04221,1.04268
2024-12-23 00:00:00,1.04307,1.04449,1.04256,1.04361
2024-12-23 04:00:00,1.04361,1.04455,1.0436,1.04403
2024-12-23 08:00:00,1.04403,1.04421,1.04073,1.04078
2024-12-23 12:00:00,1.04078,1.04099,1.03857,1.03993
2024-12-23 16:00:00,1.03996,1.04179,1.03842,1.03976
2024-12-23 20:00:00,1.03975,1.04141,1.03974,1.04062
2024-12-24 00:00:00,1.0405,1.04085,1.03982,1.04028
2024-12-24 04:00:00,1.04028,1.04088,1.03887,1.0397
2024-12-24 08:00:00,1.0397,1.04056,1.03902,1.0392
2024-12-24 12:00:00,1.0392,1.04036,1.03891,1.04025
2024-12-24 16:00:00,1.04025,1.04102,1.03836,1.03886
2024-12-24 20:00:00,1.03886,1.04042,1.03869,1.03925
2024-12-26 00:00:00,1.0398,1.04048,1.0393,1.03973
2024-12-26 04:00:00,1.03973,1.04043,1.03967,1.03979
2024-12-26 08:00:00,1.03979,1.04005,1.03904,1.03992
2024-12-26 12:00:00,1.03992,1.04059,1.03928,1.04027
2024-12-26 16:00:00,1.04027,1.04228,1.0395,1.04122
2024-12-26 20:00:00,1.04118,1.043,1.04118,1.04229
2024-12-27 00:00:00,1.0413000000000001,1.04243,1.04089,1.04132
2024-12-27 04:00:00,1.04132,1.04142,1.04068,1.04093
2024-12-27 08:00:00,1.04093,1.04257,1.04051,1.0417
2024-12-27 12:00:00,1.0417,1.04441,1.04117,1.04385
2024-12-27 16:00:00,1.04385,1.04398,1.04146,1.04215
2024-12-27 20:00:00,1.04215,1.04304,1.04209,1.04229
2024-12-30 00:00:00,1.04163,1.04341,1.04163,1.04254
2024-12-30 04:00:00,1.04254,1.04276,1.04209,1.04253
2024-12-30 08:00:00,1.04253,1.04394,1.04094,1.04339
2024-12-30 12:00:00,1.04339,1.04584,1.03853,1.03879
2024-12-30 16:00:00,1.03882,1.04089,1.03718,1.03942
2024-12-30 20:00:00,1.03942,1.04073,1.03938,1.04064
2024-12-31 00:00:00,1.04068,1.04134,1.0394,1.0412
2024-12-31 04:00:00,1.0412,1.04149,1.04024,1.04039
2024-12-31 08:00:00,1.04039,1.04245,1.03997,1.04186
2024-12-31 12:00:00,1.04186,1.04201,1.03836,1.0393
2024-12-31 16:00:00,1.03931,1.03943,1.03442,1.03493
2024-12-31 20:00:00,1.0348600000000001,1.03647,1.03455,1.03527
2025-01-02 00:00:00,1.03515,1.03609,1.03443,1.03579
2025-01-02 04:00:00,1.03579,1.03756,1.03578,1.03638
2025-01-02 08:00:00,1.03638,1.03725,1.03464,1.03517
2025-01-02 12:00:00,1.03517,1.03569,1.03115,1.03134
2025-01-02 16:00:00,1.03134,1.03239,1.02243,1.0265
2025-01-02 20:00:00,1.0265,1.02687,1.0248,1.0267
2025-01-03 00:00:00,1.02572,1.02736,1.02529,1.02676
2025-01-03 04:00:00,1.02676,1.02747,1.02647,1.02718
2025-01-03 08:00:00,1.02718,1.03,1.02688,1.0290300000000001
2025-01-03 12:00:00,1.0290300000000001,1.03029,1.02792,1.02932
2025-01-03 16:00:00,1.02932,1.03058,1.02731,1.0298
2025-01-03 20:00:00,1.0298,1.03099,1.02924,1.0308
2025-01-06 00:00:00,1.03021,1.03137,1.02955,1.03123
2025-01-06 04:00:00,1.03123,1.03183,1.03086,1.03089
2025-01-06 08:00:00,1.03089,1.03689,1.03078,1.03556
2025-01-06 12:00:00,1.03556,1.04369,1.03287,1.04169
2025-01-06 16:00:00,1.04168,1.04239,1.03526,1.03875
2025-01-06 20:00:00,1.03875,1.03923,1.03771,1.03897
2025-01-07 00:00:00,1.03896,1.03915,1.03763,1.03812
2025-01-07 04:00:00,1.03812,1.04033,1.038,1.03968
2025-01-07 08:00:00,1.03968,1.04344,1.03963,1.04277
2025-01-07 12:00:00,1.04277,1.04345,1.03867,1.03966
2025-01-07 16:00:00,1.03967,1.03977,1.0354,1.03671
2025-01-07 20:00:00,1.03671,1.03695,1.03396,1.03398
2025-01-08 00:00:00,1.03401,1.03531,1.0338,1.0352999999999999
2025-01-08 04:00:00,1.0352999999999999,1.03558,1.03464,1.0355
2025-01-08 08:00:00,1.0355,1.03577,1.03153,1.03197
2025-01-08 12:00:00,1.03197,1.03214,1.02732,1.03034
2025-01-08 16:00:00,1.03035,1.03146,1.02891,1.03054
2025-01-08 20:00:00,1.03054,1.03243,1.03054,1.03191
2025-01-09 00:00:00,1.03181,1.03187,1.03048,1.03143
2025-01-09 04:00:00,1.03143,1.03216,1.03054,1.03067
2025-01-09 08:00:00,1.03067,1.03177,1.02836,1.03058
2025-01-09 12:00:00,1.03058,1.03191,1.02959,1.0308
2025-01-09 16:00:00,1.0308,1.03148,1.02911,1.02975
2025-01-09 20:00:00,1.02975,1.03038,1.02941,1.02994
2025-01-10 00:00:00,1.02989,1.03045,1.02922,1.0302
2025-01-10 04:00:00,1.0302,1.03038,1.02847,1.02856
2025-01-10 08:00:00,1.02856,1.03119,1.02812,1.03
2025-01-10 12:00:00,1.03,1.03117,1.02134,1.02565
2025-01-10 16:00:00,1.02565,1.02788,1.02276,1.02446
2025-01-10 20:00:00,1.02446,1.02489,1.02349,1.02424
2025-01-13 00:00:00,1.02236,1.02499,1.02236,1.02418
2025-01-13 04:00:00,1.02418,1.02453,1.02077,1.02196
2025-01-13 08:00:00,1.02196,1.02314,1.01773,1.01934
2025-01-13 12:00:00,1.01934,1.02207,1.01862,1.02084
2025-01-13 16:00:00,1.02084,1.02195,1.01918,1.0218
2025-01-13 20:00:00,1.0218,1.02469,1.0207,1.02424
2025-01-14 00:00:00,1.02443,1.02775,1.02379,1.02492
2025-01-14 04:00:00,1.02492,1.02553,1.02384,1.02449
2025-01-14 08:00:00,1.02449,1.02749,1.02449,1.02595
2025-01-14 12:00:00,1.02595,1.0273,1.02396,1.02532
2025-01-14 16:00:00,1.02533,1.03043,1.02436,1.02883
2025-01-14 20:00:00,1.02883,1.03084,1.02868,1.03077
2025-01-15 00:00:00,1.03047,1.03083,1.0298,1.03001
2025-01-15 04:00:00,1.03001,1.03053,1.02927,1.02932
2025-01-15 08:00:00,1.02932,1.03174,1.02867,1.03098
2025-01-15 12:00:00,1.03098,1.03544,1.02935,1.03446
2025-01-15 16:00:00,1.03445,1.03456,1.02593,1.02857
2025-01-15 20:00:00,1.02856,1.02989,1.02844,1.02902
2025-01-16 00:00:00,1.02884,1.02999,1.02841,1.0289
2025-01-16 04:00:00,1.02897,1.02939,1.02809,1.02825
2025-01-16 08:00:00,1.02825,1.03015,1.02817,1.02862
2025-01-16 12:00:00,1.02862,1.02962,1.02608,1.02815
2025-01-16 16:00:00,1.02815,1.03152,1.0268,1.02966
2025-01-16 20:00:00,1.02966,1.03078,1.02935,1.03019
2025-01-17 00:00:00,1.02956,1.03095,1.02932,1.03051
2025-01-17 04:00:00,1.03051,1.03093,1.02875,1.02933
2025-01-17 08:00:00,1.02933,1.0304,1.02775,1.02967
2025-01-17 12:00:00,1.02967,1.031,1.02855,1.02902
2025-01-17 16:00:00,1.02902,1.03307,1.02653,1.0281
2025-01-17 20:00:00,1.0281,1.02922,1.02689,1.027
2025-01-20 00:00:00,1.0275,1.02929,1.02663,1.02909
2025-01-20 04:00:00,1.02909,1.03072,1.0287,1.03025
2025-01-20 08:00:00,1.03025,1.03189,1.02994,1.03063
2025-01-20 12:00:00,1.03063,1.04002,1.03063,1.03981
2025-01-20 16:00:00,1.03981,1.04303,1.03534,1.03856
2025-01-20 20:00:00,1.03856,1.04343,1.03834,1.04168
2025-01-21 00:00:00,1.04156,1.04345,1.03527,1.03702
2025-01-21 04:00:00,1.03702,1.04012,1.03691,1.03789
2025-01-21 08:00:00,1.03789,1.03862,1.0342,1.03535
2025-01-21 12:00:00,1.03536,1.0378,1.03429,1.03779
2025-01-21 16:00:00,1.03779,1.043,1.03728,1.04212
2025-01-21 20:00:00,1.04212,1.04354,1.04158,1.04234
2025-01-22 00:00:00,1.04247,1.04329,1.03924,1.04097
2025-01-22 04:00:00,1.04097,1.04214,1.04063,1.04157
2025-01-22 08:00:00,1.04157,1.04474,1.03998,1.04466
2025-01-22 12:00:00,1.04466,1.04573,1.04223,1.04317
2025-01-22 16:00:00,1.04317,1.04321,1.04121,1.04171
2025-01-22 20:00:00,1.04171,1.0423,1.04078,1.04093
2025-01-23 00:00:00,1.04083,1.0416,1.0402,1.04036
2025-01-23 04:00:00,1.04036,1.04128,1.03969,1.04053
2025-01-23 08:00:00,1.04053,1.04148,1.03901,1.04117
2025-01-23 12:00:00,1.04117,1.04203,1.03941,1.04105
2025-01-23 16:00:00,1.04107,1.04381,1.0372,1.04354
2025-01-23 20:00:00,1.04354,1.0437,1.04128,1.04151
2025-01-24 00:00:00,1.0415,1.04232,1.04115,1.04159
2025-01-24 04:00:00,1.04159,1.0454,1.04159,1.04515
2025-01-24 08:00:00,1.04515,1.05152,1.04473,1.04945
2025-01-24 12:00:00,1.04944,1.04979,1.04638,1.04686
2025-01-24 16:00:00,1.04687,1.05215,1.04673,1.05111
2025-01-24 20:00:00,1.05111,1.05119,1.04882,1.04942
2025-01-27 00:00:00,1.04597,1.04853,1.04597,1.04628
2025-01-27 04:00:00,1.04628,1.04777,1.04559,1.04629
2025-01-27 08:00:00,1.04629,1.04938,1.04538,1.04888
2025-01-27 12:00:00,1.04888,1.05331,1.04888,1.05199
2025-01-27 16:00:00,1.05199,1.0524499999999999,1.04849,1.04888
2025-01-27 20:00:00,1.04888,1.04943,1.04792,1.04914
2025-01-28 00:00:00,1.04915,1.04933,1.04286,1.04378
2025-01-28 04:00:00,1.04378,1.04417,1.04244,1.04364
2025-01-28 08:00:00,1.04364,1.04443,1.04193,1.04353
2025-01-28 12:00:00,1.04352,1.0437400000000001,1.04138,1.04249
2025-01-28 16:00:00,1.04248,1.04414,1.0421,1.04279
2025-01-28 20:00:00,1.0428,1.04383,1.04226,1.04305
2025-01-29 00:00:00,1.043,1.04344,1.0424,1.04273
2025-01-29 04:00:00,1.04273,1.04426,1.04259,1.04404
2025-01-29 08:00:00,1.04404,1.04437,1.0402,1.04038
2025-01-29 12:00:00,1.04038,1.04085,1.03824,1.03877
2025-01-29 16:00:00,1.03877,1.04286,1.03863,1.04213
2025-01-29 20:00:00,1.04213,1.04287,1.03882,1.04196
2025-01-30 00:00:00,1.04207,1.0429,1.04124,1.04201
2025-01-30 04:00:00,1.04201,1.04277,1.04176,1.0422
2025-01-30 08:00:00,1.0422,1.04291,1.04021,1.04076
2025-01-30 12:00:00,1.04077,1.04598,1.03903,1.04568
2025-01-30 16:00:00,1.04562,1.04677,1.04095,1.0417
2025-01-30 20:00:00,1.04173,1.04323,1.03862,1.03919
2025-01-31 00:00:00,1.03882,1.04025,1.03774,1.03886
2025-01-31 04:00:00,1.03888,1.03951,1.03828,1.03889
2025-01-31 08:00:00,1.03889,1.04129,1.03653,1.03836
2025-01-31 12:00:00,1.03837,1.03954,1.03721,1.03823
2025-01-31 16:00:00,1.03823,1.0434,1.03603,1.04201
2025-01-31 20:00:00,1.04201,1.04218,1.03503,1.03578
2025-02-03 00:00:00,1.02357,1.02707,1.02107,1.02378
2025-02-03 04:00:00,1.02379,1.02434,1.02123,1.02405
2025-02-03 08:00:00,1.02405,1.02543,1.02129,1.02305
2025-02-03 12:00:00,1.02305,1.02878,1.023,1.02639
2025-02-03 16:00:00,1.0264,1.03358,1.0244,1.02798
2025-02-03 20:00:00,1.02798,1.03499,1.02704,1.03426
2025-02-04 00:00:00,1.03436,1.03518,1.03085,1.03221
2025-02-04 04:00:00,1.03221,1.03241,1.02723,1.02932
2025-02-04 08:00:00,1.02932,1.03495,1.02923,1.03387
2025-02-04 12:00:00,1.03387,1.03433,1.03204,1.03403
2025-02-04 16:00:00,1.03406,1.03875,1.03403,1.03767
2025-02-04 20:00:00,1.03767,1.03877,1.03745,1.03789
2025-02-05 00:00:00,1.03785,1.03868,1.03696,1.03734
2025-02-05 04:00:00,1.03734,1.03862,1.0373,1.03779
2025-02-05 08:00:00,1.03779,1.04178,1.03743,1.0404
2025-02-05 12:00:00,1.0404,1.04306,1.04015,1.04078
2025-02-05 16:00:00,1.04078,1.04427,1.04063,1.04199
2025-02-05 20:00:00,1.04199,1.04217,1.03969,1.04025
2025-02-06 00:00:00,1.0402,1.04055,1.03949,1.04026
2025-02-06 04:00:00,1.04024,1.04056,1.03852,1.03864
2025-02-06 08:00:00,1.03864,1.03925,1.03563,1.03593
2025-02-06 12:00:00,1.03593,1.03677,1.03526,1.03605
2025-02-06 16:00:00,1.03604,1.03806,1.03598,1.03792
2025-02-06 20:00:00,1.03793,1.03967,1.03741,1.03828
2025-02-07 00:00:00,1.03831,1.03911,1.03745,1.03839
2025-02-07 04:00:00,1.03839,1.03861,1.0374,1.03752
2025-02-07 08:00:00,1.03752,1.04,1.03728,1.03912
2025-02-07 12:00:00,1.03912,1.04094,1.03495,1.03638
2025-02-07 16:00:00,1.03638,1.03888,1.03053,1.03218
2025-02-07 20:00:00,1.03218,1.03385,1.03211,1.03279
2025-02-10 00:00:00,1.02889,1.03185,1.02814,1.03033
2025-02-10 04:00:00,1.03033,1.03217,1.02987,1.03162
2025-02-10 08:00:00,1.03162,1.03348,1.03067,1.03267
2025-02-10 12:00:00,1.03267,1.0336400000000001,1.03087,1.03216
2025-02-10 16:00:00,1.03216,1.03238,1.03043,1.03125
2025-02-10 20:00:00,1.03125,1.03162,1.03051,1.03066
2025-02-11 00:00:00,1.03065,1.03084,1.02983,1.03021
2025-02-11 04:00:00,1.03021,1.0306,1.02923,1.03047
2025-02-11 08:00:00,1.03047,1.03221,1.02999,1.0318
2025-02-11 12:00:00,1.03181,1.03286,1.03145,1.03225
2025-02-11 16:00:00,1.03225,1.03513,1.03219,1.03454
2025-02-11 20:00:00,1.03454,1.03816,1.03422,1.03612
2025-02-12 00:00:00,1.03609,1.03677,1.0354,1.03607
2025-02-12 04:00:00,1.03607,1.03679,1.03549,1.03585
2025-02-12 08:00:00,1.03585,1.03799,1.03569,1.03736
2025-02-12 12:00:00,1.03736,1.03857,1.0317,1.03331
2025-02-12 16:00:00,1.03332,1.04275,1.03252,1.04262
2025-02-12 20:00:00,1.04263,1.04298,1.03807,1.03832
2025-02-13 00:00:00,1.03823,1.04019,1.03776,1.03997
2025-02-13 04:00:00,1.03997,1.04384,1.03966,1.0435
2025-02-13 08:00:00,1.0435,1.04401,1.04102,1.04231
2025-02-13 12:00:00,1.04231,1.04291,1.0375,1.03927
2025-02-13 16:00:00,1.03927,1.04454,1.03824,1.04253
2025-02-13 20:00:00,1.04254,1.04665,1.03732,1.04654
2025-02-14 00:00:00,1.04636,1.04681,1.0456,1.04592
2025-02-14 04:00:00,1.04593,1.04639,1.04474,1.04527
2025-02-14 08:00:00,1.04529,1.04878,1.04519,1.04814
2025-02-14 12:00:00,1.04814,1.04978,1.04571,1.04883
2025-02-14 16:00:00,1.04883,1.05144,1.04874,1.05073
2025-02-14 20:00:00,1.05073,1.05082,1.04881,1.04911
2025-02-17 00:00:00,1.04843,1.05065,1.04843,1.05053
2025-02-17 04:00:00,1.05053,1.05056,1.04849,1.04899
2025-02-17 08:00:00,1.04899,1.04954,1.04711,1.04743
2025-02-17 12:00:00,1.04742,1.04893,1.04672,1.04745
2025-02-17 16:00:00,1.04743,1.04846,1.04714,1.04825
2025-02-17 20:00:00,1.04825,1.04851,1.04793,1.04831
2025-02-18 00:00:00,1.04836,1.04863,1.04625,1.04662
2025-02-18 04:00:00,1.04662,1.04726,1.04523,1.04552
2025-02-18 08:00:00,1.04552,1.04692,1.04547,1.0464
2025-02-18 12:00:00,1.0464,1.04672,1.04417,1.04448
2025-02-18 16:00:00,1.04448,1.04694,1.04392,1.0446
2025-02-18 20:00:00,1.0446,1.04498,1.04352,1.04454
2025-02-19 00:00:00,1.04454,1.04508,1.04391,1.04465
2025-02-19 04:00:00,1.04465,1.04563,1.04448,1.04563
2025-02-19 08:00:00,1.04563,1.04614,1.04284,1.0429
2025-02-19 12:00:00,1.0429,1.04353,1.04189,1.0434
2025-02-19 16:00:00,1.0434,1.04414,1.04009,1.04099
2025-02-19 20:00:00,1.04099,1.04326,1.04086,1.04219
2025-02-20 00:00:00,1.04225,1.04328,1.04168,1.04213
2025-02-20 04:00:00,1.04213,1.04376,1.04202,1.04276
2025-02-20 08:00:00,1.04276,1.04422,1.04236,1.0437
2025-02-20 12:00:00,1.0437,1.04549,1.04309,1.04484
2025-02-20 16:00:00,1.04484,1.04947,1.04419,1.04893
2025-02-20 20:00:00,1.04892,1.05035,1.04853,1.05012
2025-02-21 00:00:00,1.05008,1.05057,1.04844,1.0487
2025-02-21 04:00:00,1.0487,1.0505,1.04865,1.04929
2025-02-21 08:00:00,1.04929,1.04997,1.04668,1.04693
2025-02-21 12:00:00,1.04693,1.04779,1.04593,1.04752
2025-02-21 16:00:00,1.04752,1.04927,1.04494,1.04632
2025-02-21 20:00:00,1.04632,1.0468,1.0451,1.04572
2025-02-24 00:00:00,1.04693,1.05208,1.04596,1.05181
2025-02-24 04:00:00,1.0518,1.05283,1.05102,1.05165
2025-02-24 08:00:00,1.05165,1.05165,1.04689,1.04723
2025-02-24 12:00:00,1.04723,1.04814,1.04602,1.04668
2025-02-24 16:00:00,1.04669,1.04837,1.04528,1.04724
2025-02-24 20:00:00,1.04724,1.04859,1.0462,1.04677
2025-02-25 00:00:00,1.04673,1.04696,1.04598,1.04653
2025-02-25 04:00:00,1.04653,1.04783,1.04651,1.04774
2025-02-25 08:00:00,1.04774,1.04803,1.04564,1.04732
2025-02-25 12:00:00,1.04732,1.05096,1.04653,1.0500099999999999
2025-02-25 16:00:00,1.05002,1.05193,1.0484,1.05023
2025-02-25 20:00:00,1.05023,1.05191,1.05023,1.05148
2025-02-26 00:00:00,1.0513,1.05249,1.05088,1.05154
2025-02-26 04:00:00,1.05154,1.05171,1.04906,1.04914
2025-02-26 08:00:00,1.04914,1.05117,1.04872,1.04971
2025-02-26 12:00:00,1.04971,1.05021,1.04751,1.04842
2025-02-26 16:00:00,1.04843,1.05288,1.04795,1.04924
2025-02-26 20:00:00,1.04924,1.05004,1.04786,1.04848
2025-02-27 00:00:00,1.04841,1.04926,1.04731,1.04784
2025-02-27 04:00:00,1.04784,1.04806,1.04591,1.04652
2025-02-27 08:00:00,1.04652,1.04852,1.0464,1.04841
2025-02-27 12:00:00,1.04842,1.04886,1.04197,1.04236
2025-02-27 16:00:00,1.0423499999999999,1.04417,1.04005,1.04074
2025-02-27 20:00:00,1.04074,1.04177,1.03965,1.03979
2025-02-28 00:00:00,1.03976,1.04042,1.03845,1.03851
2025-02-28 04:00:00,1.03851,1.03917,1.03807,1.0389
2025-02-28 08:00:00,1.0389,1.04079,1.03828,1.03954
2025-02-28 12:00:00,1.03954,1.04162,1.03924,1.04069
2025-02-28 16:00:00,1.04069,1.042,1.039,1.03965
2025-02-28 20:00:00,1.03965,1.03982,1.036,1.03739
2025-03-03 00:00:00,1.03925,1.04232,1.03907,1.04199
2025-03-03 04:00:00,1.04199,1.04234,1.041,1.04144
2025-03-03 08:00:00,1.04144,1.0429,1.03887,1.04273
2025-03-03 12:00:00,1.04275,1.04764,1.04273,1.04721
2025-03-03 16:00:00,1.04721,1.05038,1.04688,1.04904
2025-03-03 20:00:00,1.04904,1.05037,1.04668,1.04878
2025-03-04 00:00:00,1.0486,1.04961,1.04767,1.04884
2025-03-04 04:00:00,1.04884,1.04899,1.04712,1.04834
2025-03-04 08:00:00,1.04834,1.05275,1.0479,1.05122
2025-03-04 12:00:00,1.0512,1.05596,1.05026,1.05389
2025-03-04 16:00:00,1.05391,1.05487,1.04965,1.05418
2025-03-04 20:00:00,1.05418,1.0627,1.05378,1.06251
2025-03-05 00:00:00,1.06253,1.06371,1.06086,1.06125
2025-03-05 04:00:00,1.06125,1.06325,1.06021,1.0631599999999999
2025-03-05 08:00:00,1.0631599999999999,1.07221,1.06244,1.07119
2025-03-05 12:00:00,1.07119,1.07224,1.06765,1.07158
2025-03-05 16:00:00,1.07158,1.0788,1.07139,1.07851
2025-03-05 20:00:00,1.07851,1.07968,1.0764,1.07892
2025-03-06 00:00:00,1.07866,1.0820400000000001,1.07852,1.08152
2025-03-06 04:00:00,1.08152,1.08193,1.07842,1.08103
2025-03-06 08:00:00,1.08103,1.08223,1.07803,1.07999
2025-03-06 12:00:00,1.07999,1.08451,1.07831,1.08263
2025-03-06 16:00:00,1.08262,1.08534,1.07916,1.07973
2025-03-06 20:00:00,1.07973,1.08115,1.07656,1.0783800000000001
2025-03-07 00:00:00,1.07823,1.07965,1.07789,1.079
2025-03-07 04:00:00,1.079,1.08177,1.07847,1.08134
2025-03-07 08:00:00,1.08134,1.08714,1.08081,1.08615
2025-03-07 12:00:00,1.08615,1.08889,1.08413,1.08449
2025-03-07 16:00:00,1.08446,1.08859,1.0832,1.08434
2025-03-07 20:00:00,1.08434,1.08513,1.08257,1.08321
2025-03-10 00:00:00,1.08325,1.08674,1.08195,1.08642
2025-03-10 04:00:00,1.08642,1.08713,1.08303,1.08308
2025-03-10 08:00:00,1.08308,1.08449,1.0805,1.08101
2025-03-10 12:00:00,1.08101,1.08747,1.08088,1.08441
2025-03-10 16:00:00,1.08441,1.08508,1.08208,1.08305
2025-03-10 20:00:00,1.08304,1.08458,1.08176,1.08354
2025-03-11 00:00:00,1.0833,1.08536,1.0826,1.08516
2025-03-11 04:00:00,1.08516,1.08616,1.08437,1.08545
2025-03-11 08:00:00,1.08545,1.09193,1.08356,1.09172
2025-03-11 12:00:00,1.09172,1.09211,1.08812,1.09182
2025-03-11 16:00:00,1.09182,1.09308,1.0895,1.09252
2025-03-11 20:00:00,1.09252,1.09474,1.09102,1.09193
2025-03-12 00:00:00,1.0918,1.09189,1.09057,1.0909
2025-03-12 04:00:00,1.0909,1.09155,1.08959,1.08989
2025-03-12 08:00:00,1.08989,1.09217,1.08875,1.09215
2025-03-12 12:00:00,1.09215,1.09301,1.08762,1.08781
2025-03-12 16:00:00,1.08781,1.0928,1.08757,1.09059
2025-03-12 20:00:00,1.09059,1.09143,1.08797,1.08871
2025-03-13 00:00:00,1.0887,1.08919,1.08827,1.08916
2025-03-13 04:00:00,1.08917,1.08973,1.08817,1.08934
2025-03-13 08:00:00,1.08934,1.08934,1.08591,1.08733
2025-03-13 12:00:00,1.08733,1.08855,1.08263,1.08349
2025-03-13 16:00:00,1.0835,1.08782,1.08225,1.0872600000000001
2025-03-13 20:00:00,1.0872600000000001,1.08735,1.08465,1.08514
2025-03-14 00:00:00,1.08503,1.08588,1.08452,1.08491
2025-03-14 04:00:00,1.08491,1.08493,1.08343,1.08411
2025-03-14 08:00:00,1.08411,1.08568,1.08307,1.08539
2025-03-14 12:00:00,1.08539,1.09128,1.08469,1.08948
2025-03-14 16:00:00,1.08948,1.08981,1.08655,1.08832
2025-03-14 20:00:00,1.0883099999999999,1.08881,1.08734,1.08802
2025-03-17 00:00:00,1.08771,1.08855,1.08706,1.08795
2025-03-17 04:00:00,1.08795,1.0894,1.08742,1.08822
2025-03-17 08:00:00,1.08822,1.08869,1.08686,1.08838
2025-03-17 12:00:00,1.08838,1.09119,1.08771,1.09018
2025-03-17 16:00:00,1.09018,1.09297,1.08972,1.09212
2025-03-17 20:00:00,1.09212,1.09278,1.09117,1.09214
2025-03-18 00:00:00,1.09218,1.0923,1.0915,1.0916
2025-03-18 04:00:00,1.0916,1.09191,1.09063,1.0911
2025-03-18 08:00:00,1.0911,1.09547,1.09036,1.09515
2025-03-18 12:00:00,1.09517,1.09532,1.08925,1.09116
2025-03-18 16:00:00,1.09116,1.09401,1.08968,1.09387
2025-03-18 20:00:00,1.09387,1.09519,1.09387,1.09447
2025-03-19 00:00:00,1.09439,1.09461,1.0931899999999999,1.09347
2025-03-19 04:00:00,1.09347,1.09452,1.09281,1.093
2025-03-19 08:00:00,1.093,1.09363,1.08732,1.09073
2025-03-19 12:00:00,1.09073,1.09177,1.08915,1.09013
2025-03-19 16:00:00,1.09013,1.09039,1.08754,1.08853
2025-03-19 20:00:00,1.08852,1.09134,1.08606,1.09025
2025-03-20 00:00:00,1.0901,1.09167,1.08975,1.09125
2025-03-20 04:00:00,1.09125,1.09176,1.09004,1.09034
2025-03-20 08:00:00,1.09034,1.09034,1.08632,1.08655
2025-03-20 12:00:00,1.08654,1.08685,1.0830899999999999,1.08339
2025-03-20 16:00:00,1.08339,1.08525,1.08147,1.08489
2025-03-20 20:00:00,1.08489,1.08591,1.08391,1.08533
2025-03-21 00:00:00,1.08494,1.08588,1.0843,1.08532
2025-03-21 04:00:00,1.08532,1.08557,1.08276,1.08303
2025-03-21 08:00:00,1.08303,1.08457,1.08201,1.08362
2025-03-21 12:00:00,1.08362,1.08613,1.0824799999999999,1.08323
2025-03-21 16:00:00,1.08322,1.0836,1.07973,1.08184
2025-03-21 20:00:00,1.08184,1.08269,1.08053,1.08124
2025-03-24 00:00:00,1.08127,1.084,1.08104,1.08374
2025-03-24 04:00:00,1.08373,1.08376,1.08171,1.08229
2025-03-24 08:00:00,1.08229,1.08584,1.08182,1.08429
2025-03-24 12:00:00,1.0843099999999999,1.08549,1.08217,1.08298
2025-03-24 16:00:00,1.08298,1.08307,1.07817,1.07918
2025-03-24 20:00:00,1.07918,1.08133,1.07841,1.08008
2025-03-25 00:00:00,1.08003,1.08038,1.07952,1.08003
2025-03-25 04:00:00,1.08003,1.0809,1.07942,1.08034
2025-03-25 08:00:00,1.08034,1.08071,1.07771,1.07907
2025-03-25 12:00:00,1.07906,1.08302,1.07875,1.08252
2025-03-25 16:00:00,1.08253,1.08279,1.07973,1.08066
2025-03-25 20:00:00,1.08066,1.08171,1.079,1.07913
2025-03-26 00:00:00,1.07901,1.07933,1.07836,1.07844
2025-03-26 04:00:00,1.07844,1.07973,1.0778,1.07843
2025-03-26 08:00:00,1.07843,1.07998,1.07779,1.07993
2025-03-26 12:00:00,1.07993,1.08028,1.07818,1.07843
2025-03-26 16:00:00,1.07843,1.07954,1.07676,1.07877
2025-03-26 20:00:00,1.07877,1.07894,1.07435,1.07525
2025-03-27 00:00:00,1.07539,1.07576,1.0733,1.07556
2025-03-27 04:00:00,1.07555,1.0787,1.07552,1.07803
2025-03-27 08:00:00,1.07803,1.07826,1.07541,1.07759
2025-03-27 12:00:00,1.07759,1.07996,1.07611,1.07871
2025-03-27 16:00:00,1.07871,1.08212,1.07765,1.07988
2025-03-27 20:00:00,1.07991,1.08087,1.07883,1.08018
2025-03-28 00:00:00,1.08011,1.08015,1.07882,1.07949
2025-03-28 04:00:00,1.07949,1.07989,1.07846,1.07885
2025-03-28 08:00:00,1.07885,1.07999,1.07753,1.07783
2025-03-28 12:00:00,1.07783,1.0792,1.07645,1.07891
2025-03-28 16:00:00,1.07891,1.08448,1.07849,1.08217
2025-03-28 20:00:00,1.08217,1.08361,1.0812,1.08306
2025-03-31 00:00:00,1.08225,1.08416,1.08054,1.08416
2025-03-31 04:00:00,1.08416,1.08458,1.08291,1.08342
2025-03-31 08:00:00,1.08342,1.08494,1.08117,1.08274
2025-03-31 12:00:00,1.08274,1.08305,1.0801,1.08037
2025-03-31 16:00:00,1.08036,1.08214,1.0784,1.08118
2025-03-31 20:00:00,1.08118,1.08199,1.08071,1.08149
2025-04-01 00:00:00,1.08152,1.08266,1.08141,1.08252
2025-04-01 04:00:00,1.08252,1.08301,1.08169,1.08251
2025-04-01 08:00:00,1.08251,1.08252,1.07991,1.08177
2025-04-01 12:00:00,1.08177,1.08293,1.07783,1.07873
2025-04-01 16:00:00,1.07873,1.08124,1.07793,1.07997
2025-04-01 20:00:00,1.07997,1.08047,1.07852,1.07924
2025-04-02 00:00:00,1.07933,1.08081,1.07882,1.07904
2025-04-02 04:00:00,1.07904,1.08018,1.07872,1.07926
2025-04-02 08:00:00,1.07926,1.08018,1.07802,1.07975
2025-04-02 12:00:00,1.07975,1.08196,1.0786,1.08192
2025-04-02 16:00:00,1.08192,1.0873,1.08148,1.08523
2025-04-02 20:00:00,1.08523,1.09241,1.08105,1.08603
2025-04-03 00:00:00,1.0851,1.09114,1.08052,1.08908
2025-04-03 04:00:00,1.08908,1.09245,1.08864,1.09068
2025-04-03 08:00:00,1.09068,1.10206,1.09064,1.10093
2025-04-03 12:00:00,1.10093,1.11459,1.10039,1.10817
2025-04-03 16:00:00,1.10818,1.1135,1.10327,1.10389
2025-04-03 20:00:00,1.10385,1.10528,1.1016,1.10511
2025-04-04 00:00:00,1.10518,1.10715,1.10368,1.10606
2025-04-04 04:00:00,1.10606,1.10986,1.10573,1.10874
2025-04-04 08:00:00,1.10874,1.11078,1.09753,1.0996299999999999
2025-04-04 12:00:00,1.09964,1.1089,1.09646,1.1019700000000001
2025-04-04 16:00:00,1.10199,1.10481,1.09601,1.09713
2025-04-04 20:00:00,1.09714,1.09769,1.09246,1.09636
2025-04-07 00:00:00,1.08936,1.10011,1.088,1.09669
2025-04-07 04:00:00,1.09669,1.09875,1.0919699999999999,1.09849
2025-04-07 08:00:00,1.09849,1.105,1.09679,1.0991900000000001
2025-04-07 12:00:00,1.0992,1.09966,1.09353,1.0973600000000001
2025-04-07 16:00:00,1.0973600000000001,1.09825,1.09004,1.09322
2025-04-07 20:00:00,1.09324,1.09523,1.09019,1.09053
2025-04-08 00:00:00,1.09066,1.09501,1.09013,1.09399
2025-04-08 04:00:00,1.09399,1.09802,1.09377,1.0976
2025-04-08 08:00:00,1.0976,1.09918,1.09215,1.09366
2025-04-08 12:00:00,1.09366,1.09685,1.09111,1.09486
2025-04-08 16:00:00,1.09486,1.09558,1.08883,1.09296
2025-04-08 20:00:00,1.09295,1.09779,1.09262,1.09578
2025-04-09 00:00:00,1.09527,1.10166,1.09443,1.10148
2025-04-09 04:00:00,1.10148,1.10688,1.10094,1.10686
2025-04-09 08:00:00,1.10683,1.10896,1.09979,1.10274
2025-04-09 12:00:00,1.10274,1.10951,1.10093,1.10755
2025-04-09 16:00:00,1.10755,1.10818,1.1013600000000001,1.10202
2025-04-09 20:00:00,1.10202,1.10636,1.09132,1.09474
2025-04-10 00:00:00,1.09483,1.09865,1.09429,1.09861
2025-04-10 04:00:00,1.09861,1.09892,1.0961400000000001,1.09828
2025-04-10 08:00:00,1.09828,1.10479,1.09626,1.10375
2025-04-10 12:00:00,1.10375,1.1132,1.10335,1.10972
2025-04-10 16:00:00,1.1097299999999999,1.12288,1.1091,1.11967
2025-04-10 20:00:00,1.11967,1.12416,1.11588,1.1201699999999999
2025-04-11 00:00:00,1.11929,1.13841,1.11818,1.131
2025-04-11 04:00:00,1.13101,1.13544,1.12757,1.13225
2025-04-11 08:00:00,1.13224,1.14736,1.12469,1.1427
2025-04-11 12:00:00,1.1427,1.1427,1.13203,1.13954
2025-04-11 16:00:00,1.13954,1.14121,1.12767,1.1306
2025-04-11 20:00:00,1.13059,1.13562,1.12825,1.13552
2025-04-14 00:00:00,1.1314,1.13706,1.13073,1.13653
2025-04-14 04:00:00,1.13653,1.1409,1.13578,1.13676
2025-04-14 08:00:00,1.13676,1.14246,1.13529,1.13876
2025-04-14 12:00:00,1.13876,1.14077,1.13345,1.13389
2025-04-14 16:00:00,1.13387,1.13819,1.1296,1.13308
2025-04-14 20:00:00,1.13309,1.1369799999999999,1.13285,1.13496
2025-04-15 00:00:00,1.135,1.13615,1.13172,1.13287
2025-04-15 04:00:00,1.13287,1.13633,1.1316,1.1357
2025-04-15 08:00:00,1.1357,1.13789,1.13207,1.13467
2025-04-15 12:00:00,1.13465,1.13562,1.1308799999999999,1.13129
2025-04-15 16:00:00,1.13129,1.1329500000000001,1.12642,1.12743
2025-04-15 20:00:00,1.12743,1.12897,1.12664,1.12813
2025-04-16 00:00:00,1.12781,1.13217,1.12781,1.13169
2025-04-16 04:00:00,1.13169,1.13479,1.13164,1.13462
2025-04-16 08:00:00,1.13462,1.13921,1.13384,1.13696
2025-04-16 12:00:00,1.13697,1.13777,1.13408,1.13519
2025-04-16 16:00:00,1.13516,1.13871,1.13498,1.1375
2025-04-16 20:00:00,1.13751,1.14128,1.13593,1.13985
2025-04-17 00:00:00,1.13986,1.14093,1.1365,1.13679
2025-04-17 04:00:00,1.13679,1.13817,1.13552,1.13623
2025-04-17 08:00:00,1.13623,1.13886,1.13434,1.13786
2025-04-17 12:00:00,1.13786,1.13809,1.13353,1.13565
2025-04-17 16:00:00,1.13565,1.13858,1.13388,1.13507
2025-04-17 20:00:00,1.13506,1.13766,1.13411,1.13634
2025-04-18 00:00:00,1.13616,1.13864,1.13586,1.13742
2025-04-18 04:00:00,1.13743,1.13787,1.13666,1.13693
2025-04-18 08:00:00,1.13693,1.13765,1.13591,1.13707
2025-04-18 12:00:00,1.13707,1.13865,1.13669,1.13819
2025-04-18 16:00:00,1.13818,1.13975,1.13773,1.1394
2025-04-18 20:00:00,1.1394,1.13962,1.13897,1.13929
2025-04-21 00:00:00,1.13928,1.1486399999999999,1.13799,1.14662
2025-04-21 04:00:00,1.14662,1.15313,1.14651,1.15175
2025-04-21 08:00:00,1.15175,1.15676,1.15049,1.15583
2025-04-21 12:00:00,1.15583,1.15733,1.1513200000000001,1.15425
2025-04-21 16:00:00,1.15425,1.15428,1.14816,1.15093
2025-04-21 20:00:00,1.15093,1.1527,1.14936,1.15129
2025-04-22 00:00:00,1.15139,1.15252,1.14821,1.14904
2025-04-22 04:00:00,1.14906,1.1540300000000001,1.14857,1.15303
2025-04-22 08:00:00,1.15303,1.1547399999999999,1.14835,1.14999
2025-04-22 12:00:00,1.14999,1.15077,1.14617,1.147
2025-04-22 16:00:00,1.14703,1.14923,1.1433200000000001,1.14339
2025-04-22 20:00:00,1.14339,1.14539,1.14175,1.14206
2025-04-23 00:00:00,1.14207,1.14262,1.13081,1.13975
2025-04-23 04:00:00,1.13975,1.14152,1.1371,1.13899
2025-04-23 08:00:00,1.13899,1.14153,1.13713,1.14131
2025-04-23 12:00:00,1.14129,1.14399,1.13862,1.14057
2025-04-23 16:00:00,1.14054,1.1412200000000001,1.13281,1.13399
2025-04-23 20:00:00,1.13399,1.1344,1.13105,1.13145
2025-04-24 00:00:00,1.13114,1.13473,1.13095,1.13437
2025-04-24 04:00:00,1.13437,1.1357599999999999,1.13324,1.13392
2025-04-24 08:00:00,1.13392,1.1393,1.13308,1.13806
2025-04-24 12:00:00,1.13806,1.13947,1.1358,1.13767
2025-04-24 16:00:00,1.13767,1.13874,1.13475,1.13801
2025-04-24 20:00:00,1.13801,1.13979,1.13638,1.13888
2025-04-25 00:00:00,1.13852,1.13914,1.13469,1.13473
2025-04-25 04:00:00,1.13473,1.13592,1.1316,1.1335
2025-04-25 08:00:00,1.1335,1.13682,1.13217,1.1350500000000001
2025-04-25 12:00:00,1.13506,1.13667,1.13342,1.13524
2025-04-25 16:00:00,1.13524,1.13888,1.1333,1.13686
2025-04-25 20:00:00,1.13686,1.13828,1.13571,1.13595
2025-04-28 00:00:00,1.13721,1.13721,1.134,1.13639
2025-04-28 04:00:00,1.13639,1.13726,1.13434,1.13723
2025-04-28 08:00:00,1.13723,1.13808,1.13294,1.13438
2025-04-28 12:00:00,1.13438,1.13729,1.13411,1.13511
2025-04-28 16:00:00,1.13511,1.14224,1.13395,1.14116
2025-04-28 20:00:00,1.14116,1.14249,1.1400299999999999,1.14216
2025-04-29 00:00:00,1.14197,1.14218,1.13992,1.13997
2025-04-29 04:00:00,1.13997,1.142,1.13742,1.13781
2025-04-29 08:00:00,1.13781,1.1412200000000001,1.13761,1.13853
2025-04-29 12:00:00,1.13853,1.14146,1.13702,1.14107
2025-04-29 16:00:00,1.14108,1.14191,1.1379,1.14035
2025-04-29 20:00:00,1.14033,1.14048,1.13762,1.13828
2025-04-30 00:00:00,1.1384,1.13959,1.13769,1.13827
2025-04-30 04:00:00,1.13827,1.13866,1.1355,1.13734
2025-04-30 08:00:00,1.13735,1.13996,1.13623,1.13716
2025-04-30 12:00:00,1.13719,1.13888,1.1356,1.13741
2025-04-30 16:00:00,1.13734,1.1379299999999999,1.1323400000000001,1.13555
2025-04-30 20:00:00,1.13555,1.13649,1.1317300000000001,1.13292
2025-05-01 00:00:00,1.13279,1.13314,1.13189,1.13218
2025-05-01 04:00:00,1.13218,1.13221,1.12997,1.1302699999999999
2025-05-01 08:00:00,1.1302699999999999,1.1331,1.12876,1.13198
2025-05-01 12:00:00,1.13198,1.13411,1.13083,1.13154
2025-05-01 16:00:00,1.13151,1.13278,1.12659,1.12908
2025-05-01 20:00:00,1.12908,1.12941,1.12753,1.129
2025-05-02 00:00:00,1.12888,1.12995,1.12743,1.12823
2025-05-02 04:00:00,1.12823,1.13157,1.12786,1.1304400000000001
2025-05-02 08:00:00,1.1304400000000001,1.13379,1.13025,1.13324
2025-05-02 12:00:00,1.1333,1.13551,1.13047,1.1319
2025-05-02 16:00:00,1.1319,1.1381000000000001,1.1314899999999999,1.13199
2025-05-02 20:00:00,1.13199,1.13204,1.12926,1.12994
2025-05-05 00:00:00,1.13037,1.13279,1.12929,1.13226
2025-05-05 04:00:00,1.13227,1.13469,1.13227,1.13374
2025-05-05 08:00:00,1.13374,1.13475,1.13116,1.1326
2025-05-05 12:00:00,1.13265,1.13635,1.13265,1.13599
2025-05-05 16:00:00,1.13599,1.13649,1.1299299999999999,1.13024
2025-05-05 20:00:00,1.13024,1.1320999999999999,1.12973,1.13144
2025-05-06 00:00:00,1.13141,1.13202,1.1280999999999999,1.12862
2025-05-06 04:00:00,1.12862,1.13275,1.1280000000000001,1.13246
2025-05-06 08:00:00,1.13246,1.13497,1.13135,1.13273
2025-05-06 12:00:00,1.13273,1.13438,1.1305399999999999,1.13405
2025-05-06 16:00:00,1.13405,1.13699,1.13263,1.1348799999999999
2025-05-06 20:00:00,1.1348799999999999,1.13812,1.1348799999999999,1.13685
2025-05-07 00:00:00,1.13691,1.13746,1.13254,1.13411
2025-05-07 04:00:00,1.13411,1.13517,1.13263,1.13437
2025-05-07 08:00:00,1.13437,1.13782,1.1343,1.13583
2025-05-07 12:00:00,1.13583,1.13729,1.13472,1.13591
2025-05-07 16:00:00,1.13591,1.1371,1.1337,1.13491
2025-05-07 20:00:00,1.13489,1.13651,1.12917,1.1301
2025-05-08 00:00:00,1.12978,1.13225,1.12963,1.13101
2025-05-08 04:00:00,1.13101,1.13364,1.13083,1.13181
2025-05-08 08:00:00,1.13181,1.13184,1.12704,1.1288
2025-05-08 12:00:00,1.1288,1.13202,1.12754,1.12998
2025-05-08 16:00:00,1.12997,1.13164,1.12206,1.12262
2025-05-08 20:00:00,1.12262,1.12308,1.1212,1.12279
2025-05-09 00:00:00,1.12235,1.12334,1.12131,1.12271
2025-05-09 04:00:00,1.12271,1.123,1.11968,1.12279
2025-05-09 08:00:00,1.12279,1.1259299999999999,1.12185,1.12565
2025-05-09 12:00:00,1.12565,1.12606,1.12425,1.12541
2025-05-09 16:00:00,1.12541,1.12929,1.1253199999999999,1.12586
2025-05-09 20:00:00,1.12586,1.12664,1.12473,1.12497
2025-05-12 00:00:00,1.1191,1.12394,1.11843,1.12389
2025-05-12 04:00:00,1.12389,1.12429,1.12223,1.12276
2025-05-12 08:00:00,1.12276,1.12358,1.10826,1.11376
2025-05-12 12:00:00,1.11376,1.11419,1.10721,1.11135
2025-05-12 16:00:00,1.11135,1.11345,1.10838,1.10847
2025-05-12 20:00:00,1.10847,1.10968,1.10655,1.10859
2025-05-13 00:00:00,1.10843,1.11068,1.10821,1.11047
2025-05-13 04:00:00,1.11047,1.11172,1.10992,1.11167
2025-05-13 08:00:00,1.11167,1.11245,1.11016,1.11114
2025-05-13 12:00:00,1.11118,1.11313,1.1097,1.11308
2025-05-13 16:00:00,1.11308,1.11826,1.11276,1.1176
2025-05-13 20:00:00,1.1176,1.11948,1.1167799999999999,1.11849
2025-05-14 00:00:00,1.11847,1.1197300000000001,1.11824,1.11923
2025-05-14 04:00:00,1.11923,1.1201,1.1183,1.11887
2025-05-14 08:00:00,1.11887,1.12523,1.11802,1.12388
2025-05-14 12:00:00,1.12388,1.12659,1.12096,1.12253
2025-05-14 16:00:00,1.12253,1.12349,1.11756,1.11891
2025-05-14 20:00:00,1.11891,1.1197,1.11646,1.11714
2025-05-15 00:00:00,1.117,1.11947,1.1166800000000001,1.11914
2025-05-15 04:00:00,1.11916,1.12014,1.1189,1.11929
2025-05-15 08:00:00,1.11929,1.1228,1.11855,1.12101
2025-05-15 12:00:00,1.12102,1.1213899999999999,1.11795,1.12099
2025-05-15 16:00:00,1.12099,1.12239,1.11727,1.11809
2025-05-15 20:00:00,1.1181,1.11891,1.11704,1.11835
2025-05-16 00:00:00,1.11866,1.12083,1.11794,1.12049
2025-05-16 04:00:00,1.12049,1.12087,1.11964,1.12032
2025-05-16 08:00:00,1.12032,1.12197,1.1197300000000001,1.11991
2025-05-16 12:00:00,1.11991,1.12088,1.11882,1.11972
2025-05-16 16:00:00,1.11972,1.12058,1.1131199999999999,1.1145100000000001
2025-05-16 20:00:00,1.1145100000000001,1.11658,1.11396,1.11649
2025-05-19 00:00:00,1.11755,1.11987,1.11694,1.1197300000000001
2025-05-19 04:00:00,1.1197300000000001,1.1199,1.11725,1.11839
2025-05-19 08:00:00,1.11838,1.1259299999999999,1.11765,1.12574
2025-05-19 12:00:00,1.12574,1.12884,1.1255,1.12568
2025-05-19 16:00:00,1.1257,1.12653,1.12295,1.12353
2025-05-19 20:00:00,1.12353,1.12448,1.12243,1.124
2025-05-20 00:00:00,1.12358,1.12438,1.12181,1.1228
2025-05-20 04:00:00,1.1228,1.12514,1.1226099999999999,1.12424
2025-05-20 08:00:00,1.12424,1.12778,1.12419,1.12585
2025-05-20 12:00:00,1.12585,1.12672,1.12238,1.12344
2025-05-20 16:00:00,1.12345,1.12699,1.12248,1.12568
2025-05-20 20:00:00,1.12568,1.12857,1.12548,1.1284399999999999
2025-05-21 00:00:00,1.12821,1.13015,1.12798,1.1295600000000001
2025-05-21 04:00:00,1.1295600000000001,1.134,1.12867,1.13291
2025-05-21 08:00:00,1.13291,1.13532,1.13123,1.13226
2025-05-21 12:00:00,1.13226,1.1362,1.13148,1.13346
2025-05-21 16:00:00,1.13347,1.13545,1.13235,1.13405
2025-05-21 20:00:00,1.13405,1.13629,1.13157,1.1331
2025-05-22 00:00:00,1.1325,1.13437,1.13112,1.13273
2025-05-22 04:00:00,1.13273,1.13449,1.13174,1.13331
2025-05-22 08:00:00,1.13331,1.13421,1.12953,1.13019
2025-05-22 12:00:00,1.13019,1.13151,1.1285,1.1295
2025-05-22 16:00:00,1.1295,1.1309,1.1266,1.12694
2025-05-22 20:00:00,1.12696,1.12857,1.12559,1.12786
2025-05-23 00:00:00,1.12788,1.13,1.12763,1.12971
2025-05-23 04:00:00,1.12971,1.1320999999999999,1.12951,1.13179
2025-05-23 08:00:00,1.13179,1.13447,1.13083,1.1342
2025-05-23 12:00:00,1.1342,1.13755,1.12976,1.13336
2025-05-23 16:00:00,1.13336,1.13598,1.1311,1.13583
2025-05-23 20:00:00,1.13583,1.13694,1.13519,1.1364
2025-05-26 00:00:00,1.13626,1.13978,1.13601,1.1397
2025-05-26 04:00:00,1.13969,1.14188,1.1388099999999999,1.14095
2025-05-26 08:00:00,1.14095,1.14185,1.13831,1.13846
2025-05-26 12:00:00,1.13848,1.13869,1.1369,1.13752
2025-05-26 16:00:00,1.13752,1.1385399999999999,1.1373199999999999,1.13833
2025-05-26 20:00:00,1.13833,1.13882,1.13786,1.13868
2025-05-27 00:00:00,1.13828,1.1403,1.13805,1.1400000000000001
2025-05-27 04:00:00,1.1400000000000001,1.14073,1.13777,1.13784
2025-05-27 08:00:00,1.13784,1.1393,1.13373,1.13489
2025-05-27 12:00:00,1.13487,1.13679,1.13407,1.13669
2025-05-27 16:00:00,1.13669,1.13755,1.13233,1.13318
2025-05-27 20:00:00,1.13318,1.13388,1.13264,1.1327
2025-05-28 00:00:00,1.13254,1.13451,1.13225,1.13344
2025-05-28 04:00:00,1.13344,1.13392,1.13007,1.13063
2025-05-28 08:00:00,1.13063,1.13344,1.1295600000000001,1.13323
2025-05-28 12:00:00,1.13323,1.13407,1.13076,1.13111
2025-05-28 16:00:00,1.13111,1.13248,1.12839,1.12941
2025-05-28 20:00:00,1.12941,1.13008,1.1284399999999999,1.12894
2025-05-29 00:00:00,1.129,1.12973,1.12107,1.12349
2025-05-29 04:00:00,1.12348,1.12571,1.12237,1.12479
2025-05-29 08:00:00,1.12479,1.12828,1.12311,1.12719
2025-05-29 12:00:00,1.1272,1.13499,1.1268,1.13493
2025-05-29 16:00:00,1.13493,1.13799,1.1339299999999999,1.13716
2025-05-29 20:00:00,1.13716,1.13845,1.1360999999999999,1.13648
2025-05-30 00:00:00,1.13644,1.13851,1.1363,1.13725
2025-05-30 04:00:00,1.13725,1.13899,1.13457,1.13461
2025-05-30 08:00:00,1.13461,1.13547,1.13235,1.1324
2025-05-30 12:00:00,1.1324,1.13587,1.13232,1.13462
2025-05-30 16:00:00,1.13462,1.13583,1.13127,1.13504
2025-05-30 20:00:00,1.13504,1.13672,1.1345,1.1347800000000001
2025-06-02 00:00:00,1.13463,1.13748,1.13382,1.13687
2025-06-02 04:00:00,1.13687,1.13822,1.13544,1.13656
2025-06-02 08:00:00,1.13656,1.14369,1.1364,1.14203
2025-06-02 12:00:00,1.14203,1.1437,1.14092,1.14185
2025-06-02 16:00:00,1.14185,1.1449799999999999,1.14045,1.14187
2025-06-02 20:00:00,1.14186,1.1446399999999999,1.14161,1.14432
2025-06-03 00:00:00,1.1439,1.14547,1.14335,1.14433
2025-06-03 04:00:00,1.14433,1.14434,1.14161,1.14256
2025-06-03 08:00:00,1.14256,1.14325,1.14056,1.14118
2025-06-03 12:00:00,1.14117,1.14182,1.13772,1.1381999999999999
2025-06-03 16:00:00,1.1381999999999999,1.13951,1.13642,1.13735
2025-06-03 20:00:00,1.13734,1.13818,1.13677,1.13703
2025-06-04 00:00:00,1.13699,1.13891,1.13679,1.13827
2025-06-04 04:00:00,1.13827,1.13935,1.13649,1.13668
2025-06-04 08:00:00,1.13668,1.1404,1.1357,1.13995
2025-06-04 12:00:00,1.13995,1.1411,1.1374900000000001,1.14093
2025-06-04 16:00:00,1.14095,1.14346,1.13929,1.14331
2025-06-04 20:00:00,1.14331,1.14336,1.14101,1.1414900000000001
2025-06-05 00:00:00,1.14132,1.14294,1.14105,1.14292
2025-06-05 04:00:00,1.14292,1.1435,1.1408,1.14105
2025-06-05 08:00:00,1.14105,1.14251,1.14046,1.14131
2025-06-05 12:00:00,1.14131,1.1449,1.14097,1.14296
2025-06-05 16:00:00,1.14297,1.14951,1.14185,1.1448
2025-06-05 20:00:00,1.1448,1.14483,1.14312,1.1444
2025-06-06 00:00:00,1.1443699999999999,1.14575,1.1438,1.14502
2025-06-06 04:00:00,1.14502,1.14524,1.1433200000000001,1.144
2025-06-06 08:00:00,1.144,1.14425,1.14117,1.14146
2025-06-06 12:00:00,1.14147,1.1431499999999999,1.13858,1.13968
2025-06-06 16:00:00,1.13968,1.14164,1.13717,1.13873
2025-06-06 20:00:00,1.13873,1.1402,1.13847,1.13934
2025-06-09 00:00:00,1.13989,1.14115,1.13885,1.13938
2025-06-09 04:00:00,1.13938,1.14253,1.13938,1.14185
2025-06-09 08:00:00,1.14185,1.14363,1.14121,1.14284
2025-06-09 12:00:00,1.14284,1.1439300000000001,1.13946,1.14004
2025-06-09 16:00:00,1.14005,1.14257,1.13866,1.14247
2025-06-09 20:00:00,1.14246,1.1431,1.14184,1.14199
2025-06-10 00:00:00,1.1417,1.14356,1.14146,1.14243
2025-06-10 04:00:00,1.14243,1.14284,1.13862,1.13996
2025-06-10 08:00:00,1.13996,1.1414900000000001,1.1373,1.14083
2025-06-10 12:00:00,1.14083,1.14404,1.14034,1.14323
2025-06-10 16:00:00,1.14323,1.14477,1.14157,1.14236
2025-06-10 20:00:00,1.14236,1.1436600000000001,1.14166,1.14248
2025-06-11 00:00:00,1.14227,1.14396,1.1419,1.14211
2025-06-11 04:00:00,1.14211,1.14269,1.14062,1.14157
2025-06-11 08:00:00,1.14157,1.14386,1.14054,1.14308
2025-06-11 12:00:00,1.14308,1.14895,1.14267,1.14606
2025-06-11 16:00:00,1.14606,1.14962,1.1453,1.14896
2025-06-11 20:00:00,1.14896,1.14995,1.1479300000000001,1.14884
2025-06-12 00:00:00,1.14871,1.15267,1.14815,1.15214
2025-06-12 04:00:00,1.15214,1.15292,1.15066,1.15154
2025-06-12 08:00:00,1.15154,1.1547399999999999,1.15058,1.15442
2025-06-12 12:00:00,1.15443,1.16315,1.15404,1.16098
2025-06-12 16:00:00,1.16098,1.16172,1.15669,1.15761
2025-06-12 20:00:00,1.15761,1.15872,1.15638,1.15845
2025-06-13 00:00:00,1.1581,1.16146,1.15396,1.1559
2025-06-13 04:00:00,1.1559,1.15602,1.1514199999999999,1.15253
2025-06-13 08:00:00,1.15253,1.15605,1.1512,1.15288
2025-06-13 12:00:00,1.15288,1.15358,1.14889,1.15164
2025-06-13 16:00:00,1.15161,1.15696,1.15013,1.15545
2025-06-13 20:00:00,1.15545,1.15555,1.15336,1.15512
2025-06-16 00:00:00,1.1525,1.1548,1.15211,1.15348
2025-06-16 04:00:00,1.15343,1.15444,1.15237,1.15359
2025-06-16 08:00:00,1.1536,1.15865,1.15358,1.1578
2025-06-16 12:00:00,1.1578,1.15859,1.15697,1.15842
2025-06-16 16:00:00,1.15842,1.16148,1.15785,1.15841
2025-06-16 20:00:00,1.1584,1.1585,1.15544,1.15592
2025-06-17 00:00:00,1.1558,1.15648,1.15425,1.15501
2025-06-17 04:00:00,1.15501,1.15674,1.15455,1.15609
2025-06-17 08:00:00,1.15609,1.15726,1.15454,1.15511
2025-06-17 12:00:00,1.15515,1.158,1.15478,1.15503
2025-06-17 16:00:00,1.15503,1.15696,1.14987,1.15026
2025-06-17 20:00:00,1.15028,1.15088,1.14747,1.14799
2025-06-18 00:00:00,1.14795,1.1497,1.14738,1.14922
2025-06-18 04:00:00,1.14922,1.1508099999999999,1.14893,1.15056
2025-06-18 08:00:00,1.15055,1.15234,1.14985,1.15022
2025-06-18 12:00:00,1.15022,1.15165,1.14918,1.15062
2025-06-18 16:00:00,1.15062,1.15303,1.14844,1.15031
2025-06-18 20:00:00,1.15031,1.15293,1.1461000000000001,1.14832
2025-06-19 00:00:00,1.14771,1.1489,1.14705,1.14811
2025-06-19 04:00:00,1.14811,1.14822,1.14506,1.14694
2025-06-19 08:00:00,1.14694,1.14794,1.14463,1.1476600000000001
2025-06-19 12:00:00,1.1476600000000001,1.14875,1.14676,1.14775
2025-06-19 16:00:00,1.14776,1.14846,1.14546,1.14567
2025-06-19 20:00:00,1.14567,1.15003,1.14556,1.14965
2025-06-20 00:00:00,1.14918,1.15241,1.14882,1.15228
2025-06-20 04:00:00,1.15228,1.15323,1.1511,1.15271
2025-06-20 08:00:00,1.15271,1.15298,1.15101,1.15225
2025-06-20 12:00:00,1.15225,1.15349,1.15059,1.15129
2025-06-20 16:00:00,1.1513,1.15374,1.14951,1.1536
2025-06-20 20:00:00,1.1536,1.15441,1.15138,1.15212
2025-06-23 00:00:00,1.14562,1.15073,1.14507,1.14892
2025-06-23 04:00:00,1.14894,1.15069,1.14723,1.14906
2025-06-23 08:00:00,1.14906,1.15212,1.1480299999999999,1.14818
2025-06-23 12:00:00,1.14818,1.1482999999999999,1.14537,1.14676
2025-06-23 16:00:00,1.14676,1.15576,1.14649,1.15448
2025-06-23 20:00:00,1.15448,1.15817,1.15406,1.15783
2025-06-24 00:00:00,1.1574200000000001,1.16089,1.15719,1.15991
2025-06-24 04:00:00,1.15991,1.16143,1.1586400000000001,1.16063
2025-06-24 08:00:00,1.16063,1.16225,1.15801,1.15927
2025-06-24 12:00:00,1.15927,1.16182,1.15919,1.16007
2025-06-24 16:00:00,1.16007,1.16416,1.15823,1.1623999999999999
2025-06-24 20:00:00,1.1623999999999999,1.1632500000000001,1.1608,1.16084
2025-06-25 00:00:00,1.1609,1.16267,1.1597,1.16251
2025-06-25 04:00:00,1.16251,1.16315,1.16114,1.16139
2025-06-25 08:00:00,1.16139,1.16227,1.15899,1.16101
2025-06-25 12:00:00,1.16101,1.16135,1.159,1.15928
2025-06-25 16:00:00,1.15928,1.1635900000000001,1.15902,1.16308
2025-06-25 20:00:00,1.16308,1.16651,1.1627,1.16596
2025-06-26 00:00:00,1.16584,1.16892,1.16519,1.1682299999999999
2025-06-26 04:00:00,1.1682299999999999,1.17173,1.16672,1.168
2025-06-26 08:00:00,1.168,1.17449,1.16719,1.17276
2025-06-26 12:00:00,1.17276,1.1731,1.16901,1.17066
2025-06-26 16:00:00,1.17066,1.17403,1.16903,1.17295
2025-06-26 20:00:00,1.17296,1.17321,1.16939,1.17013
2025-06-27 00:00:00,1.17,1.17,1.16806,1.16924
2025-06-27 04:00:00,1.16919,1.17096,1.16851,1.16851
2025-06-27 08:00:00,1.16851,1.1727,1.16835,1.17095
2025-06-27 12:00:00,1.17097,1.17497,1.17014,1.1747
2025-06-27 16:00:00,1.1747,1.17541,1.17056,1.1722299999999999
2025-06-27 20:00:00,1.1722299999999999,1.1724,1.16878,1.17208
2025-06-30 00:00:00,1.17279,1.17387,1.17158,1.17182
2025-06-30 04:00:00,1.17181,1.17348,1.17118,1.17303
2025-06-30 08:00:00,1.17303,1.17507,1.17136,1.17295
2025-06-30 12:00:00,1.17295,1.17327,1.17077,1.17133
2025-06-30 16:00:00,1.17133,1.17719,1.17108,1.17628
2025-06-30 20:00:00,1.17628,1.1788,1.17605,1.17877
2025-07-01 00:00:00,1.17868,1.17981,1.1767,1.17977
2025-07-01 04:00:00,1.17977,1.18076,1.17779,1.17863
2025-07-01 08:00:00,1.17863,1.18174,1.17673,1.18047
2025-07-01 12:00:00,1.18034,1.18298,1.17966,1.18038
2025-07-01 16:00:00,1.18038,1.18119,1.17615,1.17654
2025-07-01 20:00:00,1.17654,1.18066,1.17654,1.18052
2025-07-02 00:00:00,1.18056,1.18081,1.17985,1.1807699999999999
2025-07-02 04:00:00,1.18076,1.1810100000000001,1.17882,1.17964
2025-07-02 08:00:00,1.17964,1.17982,1.177,1.17757
2025-07-02 12:00:00,1.17757,1.17884,1.1747,1.17567
2025-07-02 16:00:00,1.17566,1.17941,1.17506,1.17886
2025-07-02 20:00:00,1.17886,1.18033,1.17885,1.17982
2025-07-03 00:00:00,1.17983,1.18088,1.17869,1.18066
2025-07-03 04:00:00,1.18066,1.1810100000000001,1.17874,1.17893
2025-07-03 08:00:00,1.17893,1.181,1.1786699999999999,1.1797900000000001
2025-07-03 12:00:00,1.1797900000000001,1.18001,1.17172,1.17382
2025-07-03 16:00:00,1.17382,1.17898,1.17339,1.17524
2025-07-03 20:00:00,1.17524,1.17595,1.17444,1.17573
2025-07-04 00:00:00,1.1756199999999999,1.17715,1.17502,1.1767
2025-07-04 04:00:00,1.1767,1.17803,1.1756,1.17802
2025-07-04 08:00:00,1.17802,1.17856,1.17677,1.17746
2025-07-04 12:00:00,1.17746,1.17822,1.17639,1.17666
2025-07-04 16:00:00,1.17666,1.17876,1.17664,1.17743
2025-07-04 20:00:00,1.17743,1.17836,1.17697,1.17736
2025-07-07 00:00:00,1.17771,1.17903,1.17733,1.17797
2025-07-07 04:00:00,1.17797,1.17808,1.17642,1.17662
2025-07-07 08:00:00,1.17662,1.17737,1.17233,1.17244
2025-07-07 12:00:00,1.17244,1.17362,1.17183,1.17224
2025-07-07 16:00:00,1.17224,1.17454,1.16875,1.16942
2025-07-07 20:00:00,1.16942,1.17238,1.16868,1.17083
2025-07-08 00:00:00,1.17076,1.17479,1.1706,1.17433
2025-07-08 04:00:00,1.17433,1.175,1.17309,1.17414
2025-07-08 08:00:00,1.17414,1.17654,1.17318,1.17488
2025-07-08 12:00:00,1.17487,1.17507,1.1714,1.17209
2025-07-08 16:00:00,1.17209,1.17224,1.16826,1.17089
2025-07-08 20:00:00,1.17088,1.17298,1.17076,1.1724999999999999
2025-07-09 00:00:00,1.17243,1.17294,1.17075,1.1724700000000001
2025-07-09 04:00:00,1.1724700000000001,1.1726,1.17013,1.17126
2025-07-09 08:00:00,1.17126,1.17286,1.17023,1.17132
2025-07-09 12:00:00,1.17132,1.17198,1.16896,1.17155
2025-07-09 16:00:00,1.17155,1.17245,1.17004,1.17051
2025-07-09 20:00:00,1.17051,1.17233,1.17038,1.17222
2025-07-10 00:00:00,1.17173,1.17497,1.17094,1.17437
2025-07-10 04:00:00,1.17437,1.17444,1.17305,1.17351
2025-07-10 08:00:00,1.17351,1.17436,1.17261,1.17279
2025-07-10 12:00:00,1.17279,1.17344,1.17017,1.17065
2025-07-10 16:00:00,1.17065,1.17147,1.16626,1.16853
2025-07-10 20:00:00,1.16854,1.17002,1.16816,1.17
2025-07-11 00:00:00,1.16999,1.17074,1.16647,1.16749
2025-07-11 04:00:00,1.16748,1.16862,1.16685,1.16765
2025-07-11 08:00:00,1.16765,1.16958,1.16703,1.16824
2025-07-11 12:00:00,1.1682299999999999,1.17013,1.16814,1.1688399999999999
2025-07-11 16:00:00,1.1688399999999999,1.17141,1.1674,1.16915
2025-07-11 20:00:00,1.16915,1.16958,1.16785,1.16852
2025-07-14 00:00:00,1.1658,1.1694,1.1658,1.1693500000000001
2025-07-14 04:00:00,1.1693500000000001,1.16977,1.16727,1.16748
2025-07-14 08:00:00,1.16748,1.1689,1.16543,1.16827
2025-07-14 12:00:00,1.16827,1.16971,1.16794,1.16858
2025-07-14 16:00:00,1.16858,1.16959,1.16601,1.16624
2025-07-14 20:00:00,1.16624,1.1673,1.16592,1.16653
2025-07-15 00:00:00,1.16642,1.16773,1.16605,1.16722
2025-07-15 04:00:00,1.16722,1.168,1.16653,1.16759
2025-07-15 08:00:00,1.16759,1.16928,1.16719,1.16869
2025-07-15 12:00:00,1.16869,1.1691,1.16622,1.1678
2025-07-15 16:00:00,1.1678,1.16794,1.15937,1.15961
2025-07-15 20:00:00,1.15961,1.16054,1.15929,1.16022
2025-07-16 00:00:00,1.16005,1.16136,1.15955,1.16079
2025-07-16 04:00:00,1.16079,1.162,1.16059,1.16198
2025-07-16 08:00:00,1.16198,1.16285,1.16125,1.16253
2025-07-16 12:00:00,1.16253,1.16263,1.15923,1.1598600000000001
2025-07-16 16:00:00,1.1598600000000001,1.17215,1.15624,1.16391
2025-07-16 20:00:00,1.1639,1.16584,1.16205,1.16398
2025-07-17 00:00:00,1.16368,1.16425,1.16171,1.16239
2025-07-17 04:00:00,1.16239,1.16291,1.16134,1.16245
2025-07-17 08:00:00,1.16245,1.1627399999999999,1.15734,1.16017
2025-07-17 12:00:00,1.16017,1.16048,1.15562,1.15871
2025-07-17 16:00:00,1.15871,1.16027,1.1578,1.15862
2025-07-17 20:00:00,1.15862,1.16003,1.15798,1.15975
2025-07-18 00:00:00,1.1595,1.16278,1.15819,1.16246
2025-07-18 04:00:00,1.16246,1.16343,1.16182,1.16193
2025-07-18 08:00:00,1.16193,1.16456,1.1612,1.16357
2025-07-18 12:00:00,1.16357,1.16584,1.1632,1.16564
2025-07-18 16:00:00,1.16564,1.16719,1.1626400000000001,1.16286
2025-07-18 20:00:00,1.16286,1.16299,1.1617,1.1621
2025-07-21 00:00:00,1.16248,1.16364,1.16178,1.16192
2025-07-21 04:00:00,1.16192,1.1630099999999999,1.16145,1.16294
2025-07-21 08:00:00,1.16294,1.16522,1.16279,1.16424
2025-07-21 12:00:00,1.16424,1.16732,1.16336,1.16651
2025-07-21 16:00:00,1.16652,1.17168,1.16578,1.17001
2025-07-21 20:00:00,1.17001,1.17014,1.16859,1.1695
2025-07-22 00:00:00,1.16894,1.16959,1.16836,1.16885
2025-07-22 04:00:00,1.16885,1.16958,1.16825,1.1688399999999999
2025-07-22 08:00:00,1.1688399999999999,1.17034,1.16818,1.16985
2025-07-22 12:00:00,1.16985,1.17095,1.16832,1.16906
2025-07-22 16:00:00,1.16906,1.17605,1.1679,1.17551
2025-07-22 20:00:00,1.17551,1.17554,1.17419,1.17541
2025-07-23 00:00:00,1.17538,1.1756199999999999,1.17334,1.17472
2025-07-23 04:00:00,1.17472,1.17487,1.17306,1.1735
2025-07-23 08:00:00,1.1735,1.17529,1.17273,1.17329
2025-07-23 12:00:00,1.17329,1.1739600000000001,1.17201,1.17251
2025-07-23 16:00:00,1.17251,1.17609,1.17109,1.17511
2025-07-23 20:00:00,1.17512,1.17751,1.17458,1.17729
2025-07-24 00:00:00,1.1767,1.17788,1.17619,1.1767
2025-07-24 04:00:00,1.1767,1.17802,1.17668,1.17741
2025-07-24 08:00:00,1.17741,1.17784,1.1755,1.17582
2025-07-24 12:00:00,1.17582,1.17594,1.17319,1.1736
2025-07-24 16:00:00,1.1736,1.17887,1.17304,1.17625
2025-07-24 20:00:00,1.17626,1.1778,1.17436,1.17489
2025-07-25 00:00:00,1.17442,1.17588,1.17295,1.17544
2025-07-25 04:00:00,1.17544,1.17587,1.17341,1.17401
2025-07-25 08:00:00,1.17401,1.17608,1.17372,1.17432
2025-07-25 12:00:00,1.17431,1.17437,1.17116,1.17183
2025-07-25 16:00:00,1.17183,1.17386,1.17029,1.17289
2025-07-25 20:00:00,1.17289,1.1747,1.17288,1.17394
2025-07-28 00:00:00,1.1755200000000001,1.17704,1.17483,1.17639
2025-07-28 04:00:00,1.17639,1.17699,1.1745700000000001,1.17474
2025-07-28 08:00:00,1.17474,1.17476,1.16705,1.16791
2025-07-28 12:00:00,1.16791,1.16844,1.16438,1.1657899999999999
2025-07-28 16:00:00,1.1658,1.16622,1.15984,1.15991
2025-07-28 20:00:00,1.15991,1.16018,1.15838,1.15885
2025-07-29 00:00:00,1.15875,1.15977,1.15843,1.1585
2025-07-29 04:00:00,1.1585,1.15994,1.15747,1.15885
2025-07-29 08:00:00,1.15885,1.15904,1.15266,1.1569099999999999
2025-07-29 12:00:00,1.15693,1.15882,1.15247,1.15247
2025-07-29 16:00:00,1.15248,1.15521,1.15189,1.15415
2025-07-29 20:00:00,1.15415,1.15605,1.15375,1.15452
2025-07-30 00:00:00,1.15461,1.15678,1.1543,1.15671
2025-07-30 04:00:00,1.1567,1.15728,1.15503,1.15511
2025-07-30 08:00:00,1.15511,1.15686,1.15402,1.1556899999999999
2025-07-30 12:00:00,1.1556899999999999,1.15606,1.14691,1.14731
2025-07-30 16:00:00,1.1473,1.14851,1.14581,1.14737
2025-07-30 20:00:00,1.14738,1.15035,1.14002,1.14031
2025-07-31 00:00:00,1.14033,1.14373,1.13991,1.14343
2025-07-31 04:00:00,1.14343,1.1438,1.14074,1.14359
2025-07-31 08:00:00,1.14358,1.1461000000000001,1.1431,1.14501
2025-07-31 12:00:00,1.14501,1.1451,1.14208,1.14286
2025-07-31 16:00:00,1.14286,1.14499,1.1406100000000001,1.14226
2025-07-31 20:00:00,1.14226,1.1433,1.14093,1.14135
2025-08-01 00:00:00,1.14118,1.1429,1.14089,1.14243
2025-08-01 04:00:00,1.14243,1.14285,1.1405,1.14192
2025-08-01 08:00:00,1.14192,1.1438,1.14053,1.14066
2025-08-01 12:00:00,1.14066,1.15584,1.13917,1.15456
2025-08-01 16:00:00,1.15455,1.15883,1.1536,1.15394
2025-08-01 20:00:00,1.15393,1.15971,1.15165,1.1584699999999999
2025-08-04 00:00:00,1.15852,1.1595900000000001,1.1555900000000001,1.15579
2025-08-04 04:00:00,1.15579,1.15861,1.15503,1.15744
2025-08-04 08:00:00,1.15743,1.15833,1.15497,1.15581
2025-08-04 12:00:00,1.15581,1.15884,1.15552,1.1575199999999999
2025-08-04 16:00:00,1.15753,1.15883,1.15568,1.15722
2025-08-04 20:00:00,1.15722,1.15775,1.1562999999999999,1.15723
2025-08-05 00:00:00,1.15674,1.15878,1.15563,1.1571799999999999
2025-08-05 04:00:00,1.15719,1.15739,1.15541,1.15583
2025-08-05 08:00:00,1.15583,1.15623,1.15313,1.15367
2025-08-05 12:00:00,1.15368,1.15486,1.15277,1.15372
2025-08-05 16:00:00,1.15372,1.1586,1.15322,1.15828
2025-08-05 20:00:00,1.15828,1.15832,1.15663,1.15749
2025-08-06 00:00:00,1.15749,1.15853,1.156,1.15736
2025-08-06 04:00:00,1.15736,1.15862,1.15641,1.15828
2025-08-06 08:00:00,1.15828,1.15881,1.15704,1.1575
2025-08-06 12:00:00,1.1575,1.16287,1.1574200000000001,1.16236
2025-08-06 16:00:00,1.16236,1.1648399999999999,1.16174,1.16348
2025-08-06 20:00:00,1.16348,1.16687,1.16331,1.16599
2025-08-07 00:00:00,1.16589,1.1666,1.16432,1.16524
2025-08-07 04:00:00,1.16524,1.16764,1.16495,1.16714
2025-08-07 08:00:00,1.16714,1.16989,1.16681,1.16828
2025-08-07 12:00:00,1.16828,1.16849,1.16342,1.16512
2025-08-07 16:00:00,1.16512,1.16586,1.1611,1.16382
2025-08-07 20:00:00,1.16382,1.16713,1.16193,1.16641
2025-08-08 00:00:00,1.16644,1.16794,1.16574,1.1672500000000001
2025-08-08 04:00:00,1.1672500000000001,1.16737,1.16549,1.16583
2025-08-08 08:00:00,1.16583,1.16645,1.16345,1.16372
2025-08-08 12:00:00,1.16371,1.1654200000000001,1.16287,1.16418
2025-08-08 16:00:00,1.16418,1.16676,1.16414,1.16566
2025-08-08 20:00:00,1.16566,1.16668,1.16363,1.16404
2025-08-11 00:00:00,1.16412,1.16509,1.16394,1.16475
2025-08-11 04:00:00,1.16474,1.16756,1.16453,1.16721
2025-08-11 08:00:00,1.16721,1.16738,1.16441,1.16554
2025-08-11 12:00:00,1.16548,1.16581,1.1614,1.1620300000000001
2025-08-11 16:00:00,1.1620300000000001,1.16277,1.159,1.16076
2025-08-11 20:00:00,1.16076,1.16193,1.1598600000000001,1.16158
2025-08-12 00:00:00,1.16145,1.16199,1.16043,1.16153
2025-08-12 04:00:00,1.16153,1.16278,1.16145,1.16276
2025-08-12 08:00:00,1.16276,1.1629,1.1608,1.1615
2025-08-12 12:00:00,1.16149,1.16558,1.15985,1.16426
2025-08-12 16:00:00,1.16425,1.16973,1.16175,1.1679599999999999
2025-08-12 20:00:00,1.16797,1.16804,1.16645,1.1673
2025-08-13 00:00:00,1.1674,1.16808,1.16656,1.16799
2025-08-13 04:00:00,1.16799,1.16876,1.16704,1.16842
2025-08-13 08:00:00,1.16842,1.17206,1.16765,1.1714
2025-08-13 12:00:00,1.1714,1.17303,1.16972,1.16991
2025-08-13 16:00:00,1.16991,1.17236,1.16929,1.1706699999999999
2025-08-13 20:00:00,1.1706699999999999,1.17108,1.16959,1.17044
2025-08-14 00:00:00,1.17051,1.17149,1.16952,1.17112
2025-08-14 04:00:00,1.17112,1.1715200000000001,1.16989,1.1703999999999999
2025-08-14 08:00:00,1.1703999999999999,1.17066,1.16679,1.16685
2025-08-14 12:00:00,1.16685,1.16975,1.16492,1.16639
2025-08-14 16:00:00,1.16639,1.16714,1.1631,1.16345
2025-08-14 20:00:00,1.16345,1.16505,1.16314,1.16482
2025-08-15 00:00:00,1.16469,1.16534,1.16422,1.16523
2025-08-15 04:00:00,1.16523,1.16648,1.1648399999999999,1.16629
2025-08-15 08:00:00,1.16629,1.16851,1.16614,1.16822
2025-08-15 12:00:00,1.16822,1.17001,1.16731,1.16941
2025-08-15 16:00:00,1.16941,1.17153,1.16817,1.17038
2025-08-15 20:00:00,1.17038,1.17081,1.16986,1.17025
2025-08-18 00:00:00,1.17065,1.17145,1.17001,1.17019
2025-08-18 04:00:00,1.17017,1.17103,1.1693500000000001,1.17086
2025-08-18 08:00:00,1.17086,1.1709100000000001,1.1671,1.1682
2025-08-18 12:00:00,1.16819,1.16886,1.16662,1.16764
2025-08-18 16:00:00,1.16764,1.16846,1.1656,1.16578
2025-08-18 20:00:00,1.16578,1.16704,1.16568,1.16609
2025-08-19 00:00:00,1.16601,1.16749,1.16468,1.16584
2025-08-19 04:00:00,1.16584,1.16624,1.1639,1.16608
2025-08-19 08:00:00,1.16607,1.16844,1.1651,1.16749
2025-08-19 12:00:00,1.16749,1.16929,1.16727,1.16755
2025-08-19 16:00:00,1.16754,1.16784,1.16544,1.16564
2025-08-19 20:00:00,1.16563,1.16609,1.1642299999999999,1.16465
2025-08-20 00:00:00,1.16443,1.16491,1.16314,1.16388
2025-08-20 04:00:00,1.16388,1.1642299999999999,1.16222,1.16344
2025-08-20 08:00:00,1.16345,1.16467,1.16232,1.16379
2025-08-20 12:00:00,1.16379,1.16737,1.16349,1.1671
2025-08-20 16:00:00,1.1671,1.16719,1.16463,1.16598
2025-08-20 20:00:00,1.16598,1.1672500000000001,1.16469,1.16502
2025-08-21 00:00:00,1.16499,1.1655,1.16411,1.16469
2025-08-21 04:00:00,1.1647,1.16507,1.16413,1.16454
2025-08-21 08:00:00,1.16456,1.16612,1.1625,1.1655
2025-08-21 12:00:00,1.1655,1.1663000000000001,1.16367,1.16465
2025-08-21 16:00:00,1.16465,1.165,1.16011,1.16113
2025-08-21 20:00:00,1.16112,1.16187,1.16035,1.16059
2025-08-22 00:00:00,1.16051,1.16167,1.15916,1.16149
2025-08-22 04:00:00,1.16149,1.16158,1.15831,1.15846
2025-08-22 08:00:00,1.15846,1.1599599999999999,1.15833,1.15995
2025-08-22 12:00:00,1.15995,1.16138,1.15934,1.16088
2025-08-22 16:00:00,1.16088,1.17323,1.15976,1.1722
2025-08-22 20:00:00,1.17221,1.17426,1.17149,1.17217
2025-08-25 00:00:00,1.17185,1.17257,1.16954,1.1697899999999999
2025-08-25 04:00:00,1.1697899999999999,1.17079,1.16934,1.1706
2025-08-25 08:00:00,1.1706,1.17205,1.16943,1.17042
2025-08-25 12:00:00,1.17042,1.17047,1.16852,1.16999
2025-08-25 16:00:00,1.16998,1.1709100000000001,1.16513,1.1655
2025-08-25 20:00:00,1.1655,1.1656,1.16028,1.16193
2025-08-26 00:00:00,1.16155,1.16601,1.161,1.16479
2025-08-26 04:00:00,1.16478,1.16502,1.16238,1.16321
2025-08-26 08:00:00,1.1632,1.1644700000000001,1.16022,1.1618
2025-08-26 12:00:00,1.1617899999999999,1.16606,1.16175,1.16464
2025-08-26 16:00:00,1.16462,1.16654,1.16374,1.16489
2025-08-26 20:00:00,1.16488,1.16528,1.1633499999999999,1.16404
2025-08-27 00:00:00,1.16416,1.16477,1.16337,1.16369
2025-08-27 04:00:00,1.16369,1.16409,1.16122,1.1614200000000001
2025-08-27 08:00:00,1.16143,1.16239,1.1577,1.15889
2025-08-27 12:00:00,1.15889,1.15983,1.1574,1.15865
2025-08-27 16:00:00,1.15865,1.16408,1.15822,1.16383
2025-08-27 20:00:00,1.16383,1.16429,1.1628,1.16371
2025-08-28 00:00:00,1.16351,1.16493,1.16138,1.16456
2025-08-28 04:00:00,1.16456,1.16548,1.16387,1.16399
2025-08-28 08:00:00,1.16399,1.16497,1.1629,1.16426
2025-08-28 12:00:00,1.16427,1.1687,1.16426,1.16695
2025-08-28 16:00:00,1.16696,1.16902,1.16585,1.16893
2025-08-28 20:00:00,1.16893,1.16974,1.16774,1.16821
2025-08-29 00:00:00,1.16826,1.16826,1.16728,1.16749
2025-08-29 04:00:00,1.16749,1.16766,1.16563,1.16647
2025-08-29 08:00:00,1.16647,1.16901,1.16612,1.16757
2025-08-29 12:00:00,1.16757,1.16827,1.1651,1.16586
2025-08-29 16:00:00,1.16588,1.17089,1.16537,1.17017
2025-08-29 20:00:00,1.17017,1.17032,1.16798,1.16866
2025-09-01 00:00:00,1.16943,1.16981,1.16853,1.16973
2025-09-01 04:00:00,1.16973,1.17145,1.1688,1.17083
2025-09-01 08:00:00,1.17083,1.17363,1.17082,1.17353
2025-09-01 12:00:00,1.17353,1.17361,1.17066,1.17076
2025-09-01 16:00:00,1.17077,1.17164,1.16966,1.17049
2025-09-01 20:00:00,1.17049,1.17137,1.17012,1.17109
2025-09-02 00:00:00,1.17106,1.17185,1.16983,1.17044
2025-09-02 04:00:00,1.17043,1.17071,1.169,1.1693500000000001
2025-09-02 08:00:00,1.1693500000000001,1.17066,1.16337,1.16452
2025-09-02 12:00:00,1.16452,1.1653,1.16129,1.16173
2025-09-02 16:00:00,1.16174,1.16826,1.1615,1.16442
2025-09-02 20:00:00,1.16442,1.1648399999999999,1.16297,1.16411
2025-09-03 00:00:00,1.16358,1.16441,1.16236,1.16331
2025-09-03 04:00:00,1.1633,1.16356,1.1622,1.16319
2025-09-03 08:00:00,1.16319,1.16576,1.1608,1.16565
2025-09-03 12:00:00,1.16565,1.16646,1.16397,1.16483
2025-09-03 16:00:00,1.16483,1.16822,1.16384,1.16753
2025-09-03 20:00:00,1.16753,1.16771,1.16556,1.16606
2025-09-04 00:00:00,1.1656900000000001,1.16633,1.1648100000000001,1.16589
2025-09-04 04:00:00,1.16589,1.16694,1.16504,1.16516
2025-09-04 08:00:00,1.16516,1.1661299999999999,1.16442,1.16578
2025-09-04 12:00:00,1.16578,1.16599,1.163,1.1646
2025-09-04 16:00:00,1.1646,1.16557,1.16314,1.1639599999999999
2025-09-04 20:00:00,1.1639599999999999,1.16525,1.16344,1.1650800000000001
2025-09-05 00:00:00,1.16488,1.16607,1.1633,1.16595
2025-09-05 04:00:00,1.16596,1.16747,1.16594,1.16669
2025-09-05 08:00:00,1.16669,1.16844,1.16651,1.16834
2025-09-05 12:00:00,1.16835,1.17497,1.16777,1.17343
2025-09-05 16:00:00,1.17342,1.17596,1.1714,1.17389
2025-09-05 20:00:00,1.1739,1.17394,1.1713,1.17173
2025-09-08 00:00:00,1.17113,1.17184,1.17036,1.1713
2025-09-08 04:00:00,1.17131,1.17174,1.1706,1.17131
2025-09-08 08:00:00,1.17132,1.17429,1.17119,1.17314
2025-09-08 12:00:00,1.17315,1.17415,1.17202,1.17377
2025-09-08 16:00:00,1.17378,1.17564,1.1735,1.17408
2025-09-08 20:00:00,1.17408,1.17656,1.1735,1.17627
2025-09-09 00:00:00,1.17628,1.1774499999999999,1.1753,1.17715
2025-09-09 04:00:00,1.17715,1.1778,1.17633,1.17729
2025-09-09 08:00:00,1.17728,1.17801,1.17443,1.17595
2025-09-09 12:00:00,1.17595,1.17723,1.17276,1.17373
2025-09-09 16:00:00,1.17374,1.17627,1.17157,1.17188
2025-09-09 20:00:00,1.1718899999999999,1.17236,1.17037,1.17097
2025-09-10 00:00:00,1.17071,1.17139,1.1696,1.16971
2025-09-10 04:00:00,1.1697,1.17156,1.16895,1.1715
2025-09-10 08:00:00,1.17149,1.17184,1.16824,1.17
2025-09-10 12:00:00,1.17,1.17275,1.16912,1.17003
2025-09-10 16:00:00,1.17004,1.17306,1.16958,1.17057
2025-09-10 20:00:00,1.17057,1.17121,1.16933,1.16946
2025-09-11 00:00:00,1.16941,1.17069,1.1682299999999999,1.1694
2025-09-11 04:00:00,1.1694,1.17029,1.16931,1.16995
2025-09-11 08:00:00,1.16995,1.16995,1.16838,1.1692
2025-09-11 12:00:00,1.16919,1.17209,1.16606,1.1715
2025-09-11 16:00:00,1.17157,1.17461,1.17139,1.17365
2025-09-11 20:00:00,1.17365,1.17394,1.17277,1.17357
2025-09-12 00:00:00,1.17334,1.17407,1.17206,1.1733
2025-09-12 04:00:00,1.1733,1.1734499999999999,1.17209,1.17256
2025-09-12 08:00:00,1.17258,1.17478,1.17157,1.17175
2025-09-12 12:00:00,1.17175,1.17356,1.17012,1.17124
2025-09-12 16:00:00,1.17124,1.17318,1.17033,1.1727
2025-09-12 20:00:00,1.17273,1.17419,1.17269,1.17312
2025-09-15 00:00:00,1.17256,1.1735,1.17219,1.17268
2025-09-15 04:00:00,1.17268,1.17357,1.17229,1.17341
2025-09-15 08:00:00,1.17344,1.17443,1.17161,1.17372
2025-09-15 12:00:00,1.17372,1.17708,1.17363,1.17696
2025-09-15 16:00:00,1.17696,1.1774499999999999,1.17509,1.17585
2025-09-15 20:00:00,1.17584,1.1773,1.17582,1.17608
2025-09-16 00:00:00,1.1758899999999999,1.17661,1.17575,1.1762
2025-09-16 04:00:00,1.17621,1.1787,1.1757900000000001,1.17769
2025-09-16 08:00:00,1.17769,1.18038,1.17736,1.1795
2025-09-16 12:00:00,1.1795,1.18212,1.17886,1.18046
2025-09-16 16:00:00,1.18048,1.1871800000000001,1.18043,1.18646
2025-09-16 20:00:00,1.18644,1.18785,1.18582,1.1867
2025-09-17 00:00:00,1.18652,1.1873,1.18493,1.18584
2025-09-17 04:00:00,1.18584,1.18594,1.18513,1.18541
2025-09-17 08:00:00,1.18542,1.18597,1.18383,1.18483
2025-09-17 12:00:00,1.18484,1.18499,1.18327,1.18435
2025-09-17 16:00:00,1.18436,1.18592,1.18423,1.18532
2025-09-17 20:00:00,1.18532,1.19189,1.1808,1.18131
2025-09-18 00:00:00,1.18123,1.18287,1.18093,1.18254
2025-09-18 04:00:00,1.18254,1.18287,1.17938,1.17951
2025-09-18 08:00:00,1.17951,1.18388,1.17805,1.18278
2025-09-18 12:00:00,1.18278,1.18482,1.17953,1.17956
2025-09-18 16:00:00,1.17954,1.17963,1.1750099999999999,1.17872
2025-09-18 20:00:00,1.17871,1.17937,1.17814,1.17859
2025-09-19 00:00:00,1.17789,1.17907,1.17755,1.17866
2025-09-19 04:00:00,1.17866,1.17927,1.17702,1.1774
2025-09-19 08:00:00,1.1774,1.17785,1.17512,1.1761
2025-09-19 12:00:00,1.1761,1.17687,1.17288,1.17362
2025-09-19 16:00:00,1.17362,1.17679,1.17355,1.17532
2025-09-19 20:00:00,1.17532,1.1755200000000001,1.1740599999999999,1.17439
2025-09-22 00:00:00,1.17403,1.17479,1.17261,1.17346
2025-09-22 04:00:00,1.17346,1.17409,1.17264,1.1730800000000001
2025-09-22 08:00:00,1.1730800000000001,1.17692,1.17299,1.17625
2025-09-22 12:00:00,1.17624,1.17873,1.17616,1.17832
2025-09-22 16:00:00,1.17836,1.17903,1.17628,1.17881
2025-09-22 20:00:00,1.17882,1.18026,1.1785700000000001,1.18021
2025-09-23 00:00:00,1.18029,1.1807400000000001,1.17902,1.18063
2025-09-23 04:00:00,1.18062,1.18198,1.17966,1.17976
2025-09-23 08:00:00,1.17971,1.18054,1.17775,1.18028
2025-09-23 12:00:00,1.18029,1.18125,1.17843,1.17968
2025-09-23 16:00:00,1.17968,1.18093,1.17843,1.1804999999999999
2025-09-23 20:00:00,1.18049,1.18183,1.1803,1.18143
2025-09-24 00:00:00,1.18133,1.18191,1.18034,1.1804000000000001
2025-09-24 04:00:00,1.18039,1.18055,1.17951,1.18031
2025-09-24 08:00:00,1.18029,1.18049,1.17664,1.17721
2025-09-24 12:00:00,1.17721,1.17749,1.17393,1.17427
2025-09-24 16:00:00,1.17427,1.17464,1.17282,1.17327
2025-09-24 20:00:00,1.17327,1.1740599999999999,1.17318,1.17376
2025-09-25 00:00:00,1.17374,1.17483,1.17354,1.17474
2025-09-25 04:00:00,1.17474,1.17538,1.17405,1.1752
2025-09-25 08:00:00,1.1752,1.17524,1.17306,1.17428
2025-09-25 12:00:00,1.1743000000000001,1.1754,1.16875,1.16982
2025-09-25 16:00:00,1.16982,1.17104,1.16666,1.16708
2025-09-25 20:00:00,1.16706,1.16721,1.1645699999999999,1.16652
2025-09-26 00:00:00,1.16652,1.16714,1.16545,1.16713
2025-09-26 04:00:00,1.16714,1.16821,1.16657,1.168
2025-09-26 08:00:00,1.168,1.16878,1.16684,1.16806
2025-09-26 12:00:00,1.16806,1.16863,1.16614,1.16831
2025-09-26 16:00:00,1.16835,1.17046,1.16781,1.1693
2025-09-26 20:00:00,1.1693,1.17073,1.16909,1.17002
2025-09-29 00:00:00,1.16984,1.17233,1.16946,1.17216
2025-09-29 04:00:00,1.17215,1.17331,1.17144,1.17271
2025-09-29 08:00:00,1.17271,1.17334,1.17077,1.17238
2025-09-29 12:00:00,1.17237,1.17511,1.17092,1.17499
2025-09-29 16:00:00,1.17497,1.17546,1.17228,1.17294
2025-09-29 20:00:00,1.17293,1.17329,1.17202,1.17269
2025-09-30 00:00:00,1.17262,1.17325,1.17127,1.17209
2025-09-30 04:00:00,1.17211,1.17287,1.17122,1.17286
2025-09-30 08:00:00,1.17287,1.1761300000000001,1.17281,1.17556
2025-09-30 12:00:00,1.17556,1.17585,1.17331,1.17372
2025-09-30 16:00:00,1.17373,1.1759,1.17165,1.17565
2025-09-30 20:00:00,1.17567,1.17615,1.17328,1.17333
2025-10-01 00:00:00,1.17328,1.17426,1.17296,1.1736
2025-10-01 04:00:00,1.1736,1.17587,1.17303,1.17583
2025-10-01 08:00:00,1.17583,1.17787,1.1742,1.17498
2025-10-01 12:00:00,1.175,1.17687,1.1716,1.1749
2025-10-01 16:00:00,1.1749,1.17635,1.17155,1.17229
2025-10-01 20:00:00,1.17231,1.17419,1.17217,1.17302
2025-10-02 00:00:00,1.17248,1.17373,1.17228,1.17299
2025-10-02 04:00:00,1.17298,1.17421,1.17237,1.17344
2025-10-02 08:00:00,1.17344,1.17568,1.17295,1.17538
2025-10-02 12:00:00,1.17538,1.17583,1.17344,1.17375
2025-10-02 16:00:00,1.17376,1.17439,1.16831,1.17149
2025-10-02 20:00:00,1.17147,1.17266,1.17123,1.1716
2025-10-03 00:00:00,1.17116,1.1726,1.17075,1.17243
2025-10-03 04:00:00,1.17244,1.17293,1.17163,1.17181
2025-10-03 08:00:00,1.17181,1.17446,1.17149,1.17402
2025-10-03 12:00:00,1.17401,1.17429,1.1727400000000001,1.17395
2025-10-03 16:00:00,1.1739600000000001,1.17591,1.17328,1.17398
2025-10-03 20:00:00,1.17398,1.17446,1.17267,1.17413
2025-10-06 00:00:00,1.1718,1.17269,1.17064,1.17161
2025-10-06 04:00:00,1.17167,1.17309,1.171,1.17202
2025-10-06 08:00:00,1.17202,1.17253,1.16519,1.16677
2025-10-06 12:00:00,1.16668,1.16898,1.16525,1.16891
2025-10-06 16:00:00,1.16893,1.17208,1.16837,1.17123
2025-10-06 20:00:00,1.17122,1.17169,1.17084,1.17121
2025-10-07 00:00:00,1.17044,1.17149,1.16947,1.17089
2025-10-07 04:00:00,1.17089,1.17089,1.16944,1.16983
2025-10-07 08:00:00,1.16983,1.17,1.16651,1.1666
2025-10-07 12:00:00,1.16659,1.16759,1.16539,1.1667
2025-10-07 16:00:00,1.1667,1.16812,1.16547,1.167
2025-10-07 20:00:00,1.167,1.16794,1.16476,1.16573
2025-10-08 00:00:00,1.16565,1.16614,1.16446,1.16474
2025-10-08 04:00:00,1.16473,1.16473,1.1616,1.16195
2025-10-08 08:00:00,1.16194,1.16355,1.16071,1.16146
2025-10-08 12:00:00,1.16147,1.16379,1.16061,1.16326
2025-10-08 16:00:00,1.16326,1.1644700000000001,1.15985,1.16053
2025-10-08 20:00:00,1.16054,1.1632500000000001,1.15995,1.16284
2025-10-09 00:00:00,1.16131,1.16412,1.16114,1.16373
2025-10-09 04:00:00,1.16373,1.16478,1.16367,1.16456
2025-10-09 08:00:00,1.16456,1.16483,1.16032,1.16124
2025-10-09 12:00:00,1.16126,1.16275,1.1605,1.16151
2025-10-09 16:00:00,1.16151,1.16235,1.15472,1.1558
2025-10-09 20:00:00,1.15579,1.15671,1.15421,1.15644
2025-10-10 00:00:00,1.15642,1.15706,1.15504,1.15676
2025-10-10 04:00:00,1.15676,1.1574200000000001,1.15626,1.15736
2025-10-10 08:00:00,1.15736,1.15895,1.1561,1.15789
2025-10-10 12:00:00,1.15788,1.15835,1.15595,1.1572
2025-10-10 16:00:00,1.1572,1.16309,1.15619,1.16059
2025-10-10 20:00:00,1.16058,1.16285,1.15971,1.16241
2025-10-13 00:00:00,1.16101,1.1616,1.15919,1.16158
2025-10-13 04:00:00,1.16163,1.16277,1.16098,1.16205
2025-10-13 08:00:00,1.16205,1.16299,1.15816,1.15856
2025-10-13 12:00:00,1.15855,1.15983,1.15616,1.15687
2025-10-13 16:00:00,1.15687,1.15791,1.15576,1.15755
2025-10-13 20:00:00,1.15755,1.15777,1.15652,1.15702
2025-10-14 00:00:00,1.15678,1.1574,1.15551,1.15612
2025-10-14 04:00:00,1.15616,1.15927,1.15609,1.1592
2025-10-14 08:00:00,1.15922,1.15936,1.15428,1.15591
2025-10-14 12:00:00,1.15591,1.15651,1.15463,1.15558
2025-10-14 16:00:00,1.15557,1.1615,1.15545,1.16094
2025-10-14 20:00:00,1.1609,1.16122,1.15998,1.16075
2025-10-15 00:00:00,1.16058,1.1614200000000001,1.15995,1.16106
2025-10-15 04:00:00,1.16106,1.1626,1.16071,1.16184
2025-10-15 08:00:00,1.16186,1.16453,1.16177,1.16327
2025-10-15 12:00:00,1.16326,1.16392,1.16139,1.16177
2025-10-15 16:00:00,1.16177,1.16473,1.16105,1.16402
2025-10-15 20:00:00,1.16401,1.16478,1.16271,1.1647
2025-10-16 00:00:00,1.16465,1.16671,1.16366,1.1663000000000001
2025-10-16 04:00:00,1.16634,1.16754,1.16559,1.16563
2025-10-16 08:00:00,1.16561,1.1668,1.16431,1.16591
2025-10-16 12:00:00,1.16591,1.16639,1.16464,1.16606
2025-10-16 16:00:00,1.16606,1.1679,1.16501,1.16771
2025-10-16 20:00:00,1.16771,1.16944,1.16769,1.16875
2025-10-17 00:00:00,1.1687400000000001,1.17114,1.16803,1.17068
2025-10-17 04:00:00,1.1706699999999999,1.1712500000000001,1.16953,1.17099
2025-10-17 08:00:00,1.17099,1.17285,1.16916,1.16975
2025-10-17 12:00:00,1.16975,1.17079,1.16669,1.16764
2025-10-17 16:00:00,1.16764,1.16814,1.16566,1.16709
2025-10-17 20:00:00,1.16709,1.16759,1.16505,1.16511
2025-10-20 00:00:00,1.1662,1.16665,1.16519,1.16665
2025-10-20 04:00:00,1.16665,1.16739,1.16566,1.16716
2025-10-20 08:00:00,1.16716,1.16757,1.16538,1.16635
2025-10-20 12:00:00,1.16636,1.16677,1.16445,1.16535
2025-10-20 16:00:00,1.16535,1.16645,1.16464,1.16498
2025-10-20 20:00:00,1.16495,1.16529,1.16384,1.16409
2025-10-21 00:00:00,1.16411,1.16553,1.1630099999999999,1.16532
2025-10-21 04:00:00,1.16532,1.16532,1.1632,1.1636
2025-10-21 08:00:00,1.1636,1.16378,1.1613,1.1621299999999999
2025-10-21 12:00:00,1.16212,1.1627399999999999,1.16019,1.16112
2025-10-21 16:00:00,1.16112,1.16247,1.15977,1.1609
2025-10-21 20:00:00,1.1609,1.16101,1.15987,1.15993
2025-10-22 00:00:00,1.15992,1.16079,1.15875,1.1604700000000001
2025-10-22 04:00:00,1.16046,1.1611,1.16015,1.16092
2025-10-22 08:00:00,1.16092,1.16157,1.159,1.15977
2025-10-22 12:00:00,1.15977,1.16021,1.15769,1.15831
2025-10-22 16:00:00,1.15831,1.16227,1.15818,1.16195
2025-10-22 20:00:00,1.16195,1.16206,1.16049,1.16093
2025-10-23 00:00:00,1.16099,1.16145,1.15977,1.16041
2025-10-23 04:00:00,1.16042,1.16056,1.15906,1.1599
2025-10-23 08:00:00,1.1599,1.16064,1.1590799999999999,1.15962
2025-10-23 12:00:00,1.15962,1.16062,1.15855,1.16007
2025-10-23 16:00:00,1.16007,1.16199,1.15982,1.16069
2025-10-23 20:00:00,1.16069,1.16202,1.16044,1.16181
2025-10-24 00:00:00,1.16183,1.16216,1.16129,1.1618
2025-10-24 04:00:00,1.1618,1.16189,1.16058,1.16077
2025-10-24 08:00:00,1.16077,1.1628,1.16009,1.16104
2025-10-24 12:00:00,1.16097,1.16477,1.16054,1.16342
2025-10-24 16:00:00,1.16342,1.16435,1.16182,1.16256
2025-10-24 20:00:00,1.16256,1.16361,1.16211,1.16278
2025-10-27 00:00:00,1.16332,1.16377,1.16208,1.16349
2025-10-27 04:00:00,1.16349,1.16478,1.16207,1.16246
2025-10-27 08:00:00,1.16246,1.16332,1.16178,1.16283
2025-10-27 12:00:00,1.16283,1.16516,1.16261,1.16414
2025-10-27 16:00:00,1.16414,1.1643,1.16316,1.16388
2025-10-27 20:00:00,1.16388,1.16523,1.16352,1.1644
2025-10-28 00:00:00,1.16443,1.1659,1.16401,1.16557
2025-10-28 04:00:00,1.16557,1.16677,1.16541,1.16663
2025-10-28 08:00:00,1.16663,1.16681,1.16486,1.16522
2025-10-28 12:00:00,1.16521,1.16649,1.1635,1.16402
2025-10-28 16:00:00,1.16403,1.16679,1.16257,1.16678
2025-10-28 20:00:00,1.16679,1.16687,1.1651,1.16521
2025-10-29 00:00:00,1.16503,1.1661,1.1648100000000001,1.16544
2025-10-29 04:00:00,1.16544,1.1656,1.16314,1.16342
2025-10-29 08:00:00,1.16344,1.16379,1.16233,1.16233
2025-10-29 12:00:00,1.16233,1.16489,1.16189,1.1634
2025-10-29 16:00:00,1.16341,1.16661,1.16314,1.16573
2025-10-29 20:00:00,1.16572,1.1659,1.15777,1.16006
2025-10-30 00:00:00,1.16001,1.16155,1.1597,1.1612
2025-10-30 04:00:00,1.1612,1.16375,1.1607,1.16321
2025-10-30 08:00:00,1.16321,1.16342,1.16067,1.16171
2025-10-30 12:00:00,1.16172,1.16284,1.1553200000000001,1.15549
2025-10-30 16:00:00,1.1555,1.1586400000000001,1.15469,1.15693
2025-10-30 20:00:00,1.15694,1.15724,1.15603,1.1565
2025-10-31 00:00:00,1.15651,1.15771,1.15615,1.15738
2025-10-31 04:00:00,1.15738,1.1577600000000001,1.1565,1.1572
2025-10-31 08:00:00,1.1572,1.15735,1.15551,1.15704
2025-10-31 12:00:00,1.15706,1.15769,1.15533,1.1556
2025-10-31 16:00:00,1.1555900000000001,1.15563,1.15221,1.15302
2025-10-31 20:00:00,1.15304,1.15384,1.15216,1.1537600000000001
2025-11-03 00:00:00,1.1528,1.15379,1.15216,1.15271
2025-11-03 04:00:00,1.15273,1.15378,1.15265,1.1535
2025-11-03 08:00:00,1.1535,1.15414,1.15096,1.15144
2025-11-03 12:00:00,1.15144,1.15224,1.15059,1.15111
2025-11-03 16:00:00,1.15111,1.15379,1.15051,1.15272
2025-11-03 20:00:00,1.15272,1.1531,1.15161,1.15186
2025-11-04 00:00:00,1.1519,1.15212,1.14983,1.15101
2025-11-04 04:00:00,1.15101,1.15178,1.1505,1.15127
2025-11-04 08:00:00,1.15127,1.15336,1.15001,1.15011
2025-11-04 12:00:00,1.15011,1.15099,1.14771,1.14921
2025-11-04 16:00:00,1.1492,1.14967,1.1473200000000001,1.1484
2025-11-04 20:00:00,1.1484,1.14873,1.14751,1.14822
2025-11-05 00:00:00,1.14815,1.14981,1.14791,1.14894
2025-11-05 04:00:00,1.14894,1.14944,1.14851,1.14918
2025-11-05 08:00:00,1.14918,1.14955,1.14817,1.14845
2025-11-05 12:00:00,1.14845,1.14936,1.14729,1.14736
2025-11-05 16:00:00,1.14736,1.14932,1.14687,1.14805
2025-11-05 20:00:00,1.14805,1.1494,1.14788,1.14924
2025-11-06 00:00:00,1.14918,1.1509,1.1476899999999999,1.15073
2025-11-06 04:00:00,1.15073,1.1511,1.15031,1.15102
2025-11-06 08:00:00,1.15102,1.15238,1.15054,1.15135
2025-11-06 12:00:00,1.15135,1.15442,1.15102,1.15357
2025-11-06 16:00:00,1.15357,1.15429,1.15191,1.15408
2025-11-06 20:00:00,1.15408,1.15524,1.15393,1.15471
2025-11-07 00:00:00,1.1547,1.15515,1.15297,1.15382
2025-11-07 04:00:00,1.15382,1.1543,1.1532499999999999,1.15341
2025-11-07 08:00:00,1.15344,1.15423,1.15296,1.15383
2025-11-07 12:00:00,1.15382,1.15698,1.15375,1.15676
2025-11-07 16:00:00,1.15676,1.15912,1.15655,1.15805
2025-11-07 20:00:00,1.15805,1.15836,1.15555,1.15642
2025-11-10 00:00:00,1.15547,1.15605,1.15415,1.15582
2025-11-10 04:00:00,1.15583,1.15666,1.15513,1.15619
2025-11-10 08:00:00,1.15619,1.15831,1.15515,1.15683
2025-11-10 12:00:00,1.15683,1.1578,1.15541,1.15679
2025-11-10 16:00:00,1.15679,1.15685,1.15412,1.15607
2025-11-10 20:00:00,1.15607,1.1565,1.15551,1.1557
2025-11-11 00:00:00,1.15555,1.15604,1.15455,1.15547
2025-11-11 04:00:00,1.15547,1.15652,1.15519,1.15617
2025-11-11 08:00:00,1.15617,1.15686,1.15497,1.15648
2025-11-11 12:00:00,1.15647,1.16056,1.15625,1.1601
2025-11-11 16:00:00,1.16011,1.1605,1.15907,1.15952
2025-11-11 20:00:00,1.15949,1.15956,1.15808,1.1582
2025-11-12 00:00:00,1.1582,1.15873,1.15746,1.15754
2025-11-12 04:00:00,1.15754,1.15815,1.15701,1.15762
2025-11-12 08:00:00,1.15762,1.15884,1.15684,1.15703
2025-11-12 12:00:00,1.15703,1.1580300000000001,1.15651,1.15722
2025-11-12 16:00:00,1.15722,1.15978,1.15631,1.15932
2025-11-12 20:00:00,1.15932,1.15943,1.1584,1.15921
2025-11-13 00:00:00,1.15926,1.15942,1.15789,1.15895
2025-11-13 04:00:00,1.15895,1.15932,1.1580300000000001,1.1582
2025-11-13 08:00:00,1.15818,1.16349,1.15812,1.16166
2025-11-13 12:00:00,1.16167,1.1625,1.16046,1.16205
2025-11-13 16:00:00,1.16205,1.1656,1.1617,1.16512
2025-11-13 20:00:00,1.16512,1.1651799999999999,1.16309,1.16339
2025-11-14 00:00:00,1.16321,1.16392,1.16207,1.16334
2025-11-14 04:00:00,1.16332,1.16482,1.1629800000000001,1.16478
2025-11-14 08:00:00,1.16478,1.16487,1.1620300000000001,1.16221
2025-11-14 12:00:00,1.16215,1.16538,1.16089,1.16378
2025-11-14 16:00:00,1.16378,1.16385,1.16062,1.1614
2025-11-14 20:00:00,1.16141,1.16236,1.16097,1.1617899999999999
2025-11-17 00:00:00,1.16143,1.16247,1.1605,1.16066
2025-11-17 04:00:00,1.16066,1.16066,1.15964,1.16003
2025-11-17 08:00:00,1.16003,1.1615,1.15951,1.16015
2025-11-17 12:00:00,1.16015,1.1608100000000001,1.15887,1.15912
2025-11-17 16:00:00,1.15912,1.1602000000000001,1.15821,1.15938
2025-11-17 20:00:00,1.15938,1.15952,1.15826,1.1592
2025-11-18 00:00:00,1.15912,1.15943,1.15795,1.1590799999999999
2025-11-18 04:00:00,1.15909,1.16038,1.15881,1.15979
2025-11-18 08:00:00,1.15979,1.16064,1.15875,1.15894
2025-11-18 12:00:00,1.15893,1.16021,1.15796,1.1596899999999999
2025-11-18 16:00:00,1.15968,1.16078,1.1571500000000001,1.15756
2025-11-18 20:00:00,1.15757,1.15871,1.1575199999999999,1.1580300000000001
2025-11-19 00:00:00,1.1580300000000001,1.15851,1.15688,1.15767
2025-11-19 04:00:00,1.15767,1.1590799999999999,1.15725,1.1589
2025-11-19 08:00:00,1.15891,1.15973,1.15656,1.15733
2025-11-19 12:00:00,1.15732,1.15909,1.15675,1.15729
2025-11-19 16:00:00,1.15729,1.15739,1.1526,1.15331
2025-11-19 20:00:00,1.15333,1.15385,1.15181,1.15383
2025-11-20 00:00:00,1.15365,1.15421,1.15223,1.15228
2025-11-20 04:00:00,1.15228,1.15235,1.151,1.15158
2025-11-20 08:00:00,1.15157,1.15278,1.15115,1.15277
2025-11-20 12:00:00,1.15275,1.15398,1.14994,1.15278
2025-11-20 16:00:00,1.15277,1.155,1.15201,1.15288
2025-11-20 20:00:00,1.15288,1.15406,1.1524,1.15284
2025-11-21 00:00:00,1.15274,1.15384,1.1514199999999999,1.15326
2025-11-21 04:00:00,1.15326,1.15421,1.15324,1.1535199999999999
2025-11-21 08:00:00,1.1535199999999999,1.15526,1.1525,1.15252
2025-11-21 12:00:00,1.15253,1.1527,1.14965,1.15208
2025-11-21 16:00:00,1.15207,1.15235,1.14912,1.15072
2025-11-21 20:00:00,1.1507100000000001,1.15208,1.15021,1.1514
2025-11-24 00:00:00,1.15088,1.15147,1.1502,1.15105
2025-11-24 04:00:00,1.15105,1.15285,1.15104,1.15226
2025-11-24 08:00:00,1.15226,1.15344,1.1509800000000001,1.15298
2025-11-24 12:00:00,1.15297,1.15506,1.15297,1.15384
2025-11-24 16:00:00,1.15384,1.15412,1.15116,1.1518
2025-11-24 20:00:00,1.1518,1.1529099999999999,1.15173,1.1521
2025-11-25 00:00:00,1.15204,1.153,1.15144,1.15258
2025-11-25 04:00:00,1.15259,1.15303,1.15116,1.1516899999999999
2025-11-25 08:00:00,1.1516899999999999,1.15367,1.15148,1.1534
2025-11-25 12:00:00,1.15339,1.15623,1.15247,1.15583
2025-11-25 16:00:00,1.15584,1.15841,1.15499,1.15824
2025-11-25 20:00:00,1.15824,1.1586,1.15582,1.15694
2025-11-26 00:00:00,1.15695,1.15832,1.15633,1.15772
2025-11-26 04:00:00,1.15772,1.15917,1.15749,1.15911
2025-11-26 08:00:00,1.15911,1.1596,1.15659,1.1571799999999999
2025-11-26 12:00:00,1.15719,1.15841,1.15486,1.15524
2025-11-26 16:00:00,1.15524,1.16008,1.15471,1.1593
2025-11-26 20:00:00,1.15929,1.15975,1.15893,1.15968
2025-11-27 00:00:00,1.15909,1.16127,1.15878,1.16092
2025-11-27 04:00:00,1.16093,1.16136,1.16,1.16021
2025-11-27 08:00:00,1.16024,1.16054,1.15766,1.1577600000000001
2025-11-27 12:00:00,1.1577600000000001,1.1597,1.15773,1.15948
2025-11-27 16:00:00,1.15948,1.16014,1.15904,1.1595
2025-11-27 20:00:00,1.1595,1.15968,1.15912,1.15957
2025-11-28 00:00:00,1.15951,1.16021,1.15817,1.15832
2025-11-28 04:00:00,1.15833,1.1593,1.15814,1.15888
2025-11-28 08:00:00,1.15888,1.15905,1.15664,1.15684
2025-11-28 12:00:00,1.15688,1.15785,1.15552,1.15747
2025-11-28 16:00:00,1.15747,1.16076,1.15711,1.16028
2025-11-28 20:00:00,1.1602999999999999,1.16045,1.15942,1.15954
2025-12-01 00:00:00,1.15936,1.16158,1.15871,1.16052
2025-12-01 04:00:00,1.16052,1.16058,1.15895,1.1598
2025-12-01 08:00:00,1.15978,1.16236,1.15905,1.16222
2025-12-01 12:00:00,1.16222,1.16519,1.16191,1.1645
2025-12-01 16:00:00,1.1645,1.16451,1.1617899999999999,1.16207
2025-12-01 20:00:00,1.16208,1.16235,1.16067,1.16087
2025-12-02 00:00:00,1.16092,1.16111,1.16011,1.16093
2025-12-02 04:00:00,1.16092,1.1614200000000001,1.16072,1.16101
2025-12-02 08:00:00,1.16099,1.16164,1.16023,1.16103
2025-12-02 12:00:00,1.16103,1.16195,1.15984,1.16176
2025-12-02 16:00:00,1.16176,1.16233,1.15912,1.16072
2025-12-02 20:00:00,1.16072,1.16261,1.16055,1.16249
2025-12-03 00:00:00,1.16215,1.16375,1.16086,1.16369
2025-12-03 04:00:00,1.16369,1.16437,1.16354,1.16427
2025-12-03 08:00:00,1.16427,1.16527,1.16358,1.1645699999999999
2025-12-03 12:00:00,1.1645699999999999,1.16754,1.1645,1.16663
2025-12-03 16:00:00,1.16663,1.16708,1.16545,1.16686
2025-12-03 20:00:00,1.16687,1.16776,1.16642,1.16707
2025-12-04 00:00:00,1.16706,1.1673,1.16577,1.16633
2025-12-04 04:00:00,1.16633,1.1663999999999999,1.16534,1.16597
2025-12-04 08:00:00,1.16597,1.16819,1.16531,1.16777
2025-12-04 12:00:00,1.16777,1.16808,1.16522,1.16649
2025-12-04 16:00:00,1.16649,1.16767,1.16531,1.16562
2025-12-04 20:00:00,1.16562,1.16599,1.16411,1.16446
2025-12-05 00:00:00,1.1644,1.16538,1.1635900000000001,1.16535
2025-12-05 04:00:00,1.16535,1.16593,1.16466,1.16591
2025-12-05 08:00:00,1.16591,1.16717,1.16482,1.16544
2025-12-05 12:00:00,1.16545,1.1656900000000001,1.16416,1.1651799999999999
2025-12-05 16:00:00,1.1651799999999999,1.16601,1.1628,1.16441
2025-12-05 20:00:00,1.1644,1.16487,1.16398,1.16418
2025-12-08 00:00:00,1.16334,1.16534,1.16306,1.16516
2025-12-08 04:00:00,1.16519,1.16564,1.16487,1.16561
2025-12-08 08:00:00,1.16561,1.16721,1.16477,1.16488
2025-12-08 12:00:00,1.16488,1.16574,1.16458,1.16485
2025-12-08 16:00:00,1.16485,1.16547,1.16164,1.16391
2025-12-08 20:00:00,1.16392,1.1642000000000001,1.16343,1.16367
2025-12-09 00:00:00,1.1636199999999999,1.16477,1.1623,1.16473
2025-12-09 04:00:00,1.16471,1.16502,1.16436,1.16487
2025-12-09 08:00:00,1.16488,1.16573,1.16336,1.16524
2025-12-09 12:00:00,1.16524,1.1654200000000001,1.1629,1.16345
2025-12-09 16:00:00,1.16345,1.16412,1.16151,1.16242
2025-12-09 20:00:00,1.16242,1.16321,1.1616900000000001,1.16263
2025-12-10 00:00:00,1.16255,1.16289,1.16224,1.16238
2025-12-10 04:00:00,1.16238,1.16311,1.16217,1.16299
2025-12-10 08:00:00,1.16299,1.16577,1.16285,1.16365
2025-12-10 12:00:00,1.16366,1.1642299999999999,1.16275,1.16402
2025-12-10 16:00:00,1.16401,1.1660300000000001,1.16338,1.16587
2025-12-10 20:00:00,1.16586,1.16998,1.16389,1.16953
2025-12-11 00:00:00,1.16949,1.17075,1.1682299999999999,1.17017
2025-12-11 04:00:00,1.17017,1.17061,1.16845,1.16853
2025-12-11 08:00:00,1.16853,1.1706699999999999,1.16822,1.17023
2025-12-11 12:00:00,1.17024,1.17365,1.16988,1.17309
2025-12-11 16:00:00,1.1731,1.17628,1.17304,1.1755200000000001
2025-12-11 20:00:00,1.17551,1.17594,1.17364,1.17382
2025-12-12 00:00:00,1.17372,1.17464,1.17291,1.1735
2025-12-12 04:00:00,1.1735,1.17394,1.17312,1.17386
2025-12-12 08:00:00,1.17387,1.17435,1.17268,1.17328
2025-12-12 12:00:00,1.17328,1.17351,1.17196,1.1727400000000001
2025-12-12 16:00:00,1.17273,1.17482,1.1723,1.17478
2025-12-12 20:00:00,1.17478,1.17499,1.17352,1.174
2025-12-15 00:00:00,1.17365,1.17424,1.17241,1.17414
2025-12-15 04:00:00,1.17414,1.17449,1.17316,1.17346
2025-12-15 08:00:00,1.1734499999999999,1.17436,1.17264,1.17434
2025-12-15 12:00:00,1.17434,1.17597,1.17391,1.17474
2025-12-15 16:00:00,1.17472,1.17689,1.1743999999999999,1.1746
2025-12-15 20:00:00,1.1746,1.17536,1.17384,1.17534
2025-12-16 00:00:00,1.1752,1.1758,1.17395,1.1752
2025-12-16 04:00:00,1.17521,1.17591,1.17492,1.17506
2025-12-16 08:00:00,1.17506,1.17641,1.17444,1.17563
2025-12-16 12:00:00,1.17563,1.17947,1.17517,1.17757
2025-12-16 16:00:00,1.17758,1.1804000000000001,1.17612,1.17639
2025-12-16 20:00:00,1.17638,1.17638,1.17344,1.1746699999999999
2025-12-17 00:00:00,1.17445,1.17523,1.17404,1.17474
2025-12-17 04:00:00,1.17474,1.17481,1.1724700000000001,1.17292
2025-12-17 08:00:00,1.17292,1.17306,1.1703000000000001,1.1716
2025-12-17 12:00:00,1.17159,1.17332,1.17077,1.17318
2025-12-17 16:00:00,1.17317,1.1758,1.17283,1.17494
2025-12-17 20:00:00,1.17494,1.17556,1.17387,1.17403
2025-12-18 00:00:00,1.174,1.17459,1.1735,1.17384
2025-12-18 04:00:00,1.17384,1.17469,1.17368,1.17458
2025-12-18 08:00:00,1.17458,1.17496,1.17172,1.17221
2025-12-18 12:00:00,1.17217,1.17629,1.1712500000000001,1.17469
2025-12-18 16:00:00,1.1746699999999999,1.17557,1.17153,1.17185
2025-12-18 20:00:00,1.17191,1.17277,1.17154,1.17234
2025-12-19 00:00:00,1.17211,1.17289,1.1716199999999999,1.17245
2025-12-19 04:00:00,1.17244,1.17286,1.17154,1.17199
2025-12-19 08:00:00,1.17199,1.17217,1.17032,1.17121
2025-12-19 12:00:00,1.17121,1.17195,1.17029,1.17194
2025-12-19 16:00:00,1.17195,1.17378,1.17085,1.17193
2025-12-19 20:00:00,1.17193,1.17272,1.1703999999999999,1.17071
2025-12-22 00:00:00,1.17144,1.17194,1.1706,1.17173
2025-12-22 04:00:00,1.17173,1.17222,1.17136,1.17173
2025-12-22 08:00:00,1.17173,1.17382,1.1713,1.17301
2025-12-22 12:00:00,1.17301,1.17545,1.17287,1.17507
2025-12-22 16:00:00,1.17506,1.17693,1.1745,1.17583
2025-12-22 20:00:00,1.17583,1.17621,1.17489,1.17616
2025-12-23 00:00:00,1.17593,1.1776200000000001,1.17473,1.17731
2025-12-23 04:00:00,1.1773,1.17805,1.17724,1.17751
2025-12-23 08:00:00,1.17751,1.17929,1.17686,1.17926
2025-12-23 12:00:00,1.17927,1.1802,1.17741,1.17747
2025-12-23 16:00:00,1.17748,1.17804,1.17638,1.17706
2025-12-23 20:00:00,1.17706,1.17967,1.17695,1.17927
2025-12-24 00:00:00,1.17932,1.18065,1.17785,1.18054
2025-12-24 04:00:00,1.18054,1.18081,1.17859,1.17991
2025-12-24 08:00:00,1.1798899999999999,1.18041,1.17797,1.17997
2025-12-24 12:00:00,1.17997,1.18,1.17838,1.17853
2025-12-24 16:00:00,1.17849,1.17869,1.17726,1.17766
2025-12-24 20:00:00,1.17764,1.1782,1.17744,1.17768
2025-12-26 00:00:00,1.17773,1.1791800000000001,1.17758,1.17874
2025-12-26 04:00:00,1.17874,1.17935,1.17801,1.17862
2025-12-26 08:00:00,1.17862,1.17879,1.17664,1.17703
2025-12-26 12:00:00,1.17703,1.17968,1.17691,1.17915
2025-12-26 16:00:00,1.1791800000000001,1.17945,1.17615,1.17702
2025-12-26 20:00:00,1.17702,1.17816,1.17654,1.17696
2025-12-29 00:00:00,1.1759,1.17862,1.1759,1.17842
2025-12-29 04:00:00,1.17842,1.17853,1.17539,1.17561
2025-12-29 08:00:00,1.17563,1.1789,1.17544,1.17764
2025-12-29 12:00:00,1.17763,1.17801,1.17557,1.17699
2025-12-29 16:00:00,1.17699,1.17887,1.17494,1.17521
2025-12-29 20:00:00,1.1752,1.1774499999999999,1.17507,1.1772
2025-12-30 00:00:00,1.17721,1.17751,1.17627,1.1775
2025-12-30 04:00:00,1.17751,1.1779,1.17705,1.17751
2025-12-30 08:00:00,1.17751,1.17799,1.17643,1.17688
2025-12-30 12:00:00,1.17688,1.17774,1.17553,1.17634
2025-12-30 16:00:00,1.17634,1.17666,1.17453,1.17561
2025-12-30 20:00:00,1.1756199999999999,1.17595,1.17433,1.17476
2025-12-31 00:00:00,1.17472,1.1749100000000001,1.17419,1.17427
2025-12-31 04:00:00,1.17427,1.17435,1.1733,1.17386
2025-12-31 08:00:00,1.17386,1.17397,1.17201,1.1735
2025-12-31 12:00:00,1.17351,1.17594,1.17286,1.1742
2025-12-31 16:00:00,1.1742,1.17487,1.17202,1.1736
2025-12-31 20:00:00,1.1736,1.17531,1.17304,1.17456
2026-01-02 00:00:00,1.1746,1.17628,1.17383,1.1761
2026-01-02 04:00:00,1.1761,1.17649,1.17506,1.17514
2026-01-02 08:00:00,1.17513,1.17515,1.17207,1.17215
2026-01-02 12:00:00,1.17216,1.17291,1.17132,1.17217
2026-01-02 16:00:00,1.17218,1.17544,1.17158,1.17307
2026-01-02 20:00:00,1.17307,1.17312,1.17143,1.17194
2026-01-05 00:00:00,1.1718600000000001,1.17203,1.16998,1.17003
2026-01-05 04:00:00,1.17003,1.17017,1.16723,1.16854
2026-01-05 08:00:00,1.16854,1.16947,1.16738,1.16824
2026-01-05 12:00:00,1.16825,1.1691,1.16591,1.16744
2026-01-05 16:00:00,1.16745,1.17197,1.16733,1.17146
2026-01-05 20:00:00,1.17146,1.17288,1.17133,1.1721300000000001
2026-01-06 00:00:00,1.17202,1.17254,1.17078,1.17254
2026-01-06 04:00:00,1.17253,1.17383,1.17221,1.17289
2026-01-06 08:00:00,1.1729,1.17429,1.17079,1.17134
2026-01-06 12:00:00,1.17132,1.17172,1.16971,1.1711
2026-01-06 16:00:00,1.1711,1.17175,1.16839,1.17007
2026-01-06 20:00:00,1.1700599999999999,1.17022,1.16838,1.1688399999999999
2026-01-07 00:00:00,1.16883,1.1700599999999999,1.16748,1.16958
2026-01-07 04:00:00,1.16958,1.17028,1.16907,1.16932
2026-01-07 08:00:00,1.16932,1.16998,1.16727,1.16843
2026-01-07 12:00:00,1.16842,1.16949,1.16811,1.16917
2026-01-07 16:00:00,1.16916,1.16988,1.16799,1.16879
2026-01-07 20:00:00,1.1688,1.16903,1.1673499999999999,1.16755
2026-01-08 00:00:00,1.16723,1.16781,1.16712,1.16748
2026-01-08 04:00:00,1.16748,1.1683,1.16726,1.16825
2026-01-08 08:00:00,1.16825,1.1683,1.16689,1.16768
2026-01-08 12:00:00,1.16767,1.16818,1.16582,1.16629
2026-01-08 16:00:00,1.16628,1.16739,1.16437,1.16507
2026-01-08 20:00:00,1.16507,1.16623,1.16427,1.16582
2026-01-09 00:00:00,1.1659,1.16624,1.16445,1.16492
2026-01-09 04:00:00,1.16492,1.16593,1.1646,1.16511
2026-01-09 08:00:00,1.16511,1.1653,1.16401,1.16424
2026-01-09 12:00:00,1.16424,1.16606,1.16233,1.16452
2026-01-09 16:00:00,1.16448,1.16525,1.1618,1.16318
2026-01-09 20:00:00,1.16319,1.164,1.16289,1.16321
2026-01-12 00:00:00,1.16258,1.16714,1.16217,1.16563
2026-01-12 04:00:00,1.16562,1.1671,1.16529,1.16692
2026-01-12 08:00:00,1.16692,1.16959,1.1663999999999999,1.16819
2026-01-12 12:00:00,1.16818,1.16985,1.16755,1.1693
2026-01-12 16:00:00,1.16928,1.16929,1.16662,1.16687
2026-01-12 20:00:00,1.16687,1.16739,1.16631,1.16662
2026-01-13 00:00:00,1.16656,1.16709,1.16562,1.16586
2026-01-13 04:00:00,1.16585,1.16676,1.16564,1.16627
2026-01-13 08:00:00,1.16628,1.16726,1.16538,1.16719
2026-01-13 12:00:00,1.16718,1.16776,1.165,1.16684
2026-01-13 16:00:00,1.16684,1.16732,1.1634,1.1646
2026-01-13 20:00:00,1.16461,1.16545,1.16413,1.16426
2026-01-14 00:00:00,1.16412,1.16456,1.16333,1.16381
2026-01-14 04:00:00,1.16381,1.1649,1.1636199999999999,1.16422
2026-01-14 08:00:00,1.16422,1.16538,1.16408,1.16519
2026-01-14 12:00:00,1.16519,1.166,1.16439,1.165
2026-01-14 16:00:00,1.165,1.16617,1.16456,1.16469
2026-01-14 20:00:00,1.16467,1.16478,1.16354,1.16452
2026-01-15 00:00:00,1.1644,1.1647,1.16292,1.16387
2026-01-15 04:00:00,1.16387,1.16415,1.16334,1.16352
2026-01-15 08:00:00,1.16352,1.16399,1.16259,1.1635900000000001
2026-01-15 12:00:00,1.16358,1.1641,1.15988,1.16015
2026-01-15 16:00:00,1.16016,1.16137,1.1593,1.1609
2026-01-15 20:00:00,1.1609,1.16175,1.16028,1.16094
2026-01-16 00:00:00,1.16073,1.16103,1.16014,1.16071
2026-01-16 04:00:00,1.16071,1.16143,1.1606,1.16067
2026-01-16 08:00:00,1.16067,1.1615199999999999,1.16044,1.16084
2026-01-16 12:00:00,1.16083,1.16234,1.1608100000000001,1.16186
2026-01-16 16:00:00,1.16186,1.1627399999999999,1.15845,1.15958
2026-01-16 20:00:00,1.15956,1.16023,1.15893,1.15983
2026-01-19 00:00:00,1.15817,1.16378,1.15772,1.16226
2026-01-19 04:00:00,1.16228,1.16377,1.16157,1.16276
2026-01-19 08:00:00,1.16275,1.16414,1.16111,1.16243
2026-01-19 12:00:00,1.16245,1.16355,1.1620300000000001,1.1632
2026-01-19 16:00:00,1.16318,1.16474,1.16303,1.1645699999999999
2026-01-19 20:00:00,1.16458,1.16487,1.16418,1.16454
2026-01-20 00:00:00,1.16448,1.16461,1.16326,1.16439
2026-01-20 04:00:00,1.16439,1.1672500000000001,1.16405,1.16632
2026-01-20 08:00:00,1.16632,1.17328,1.1662,1.17264
2026-01-20 12:00:00,1.17263,1.1769,1.1715200000000001,1.17333
2026-01-20 16:00:00,1.17334,1.17428,1.1715200000000001,1.17315
2026-01-20 20:00:00,1.17315,1.17341,1.17108,1.17262
2026-01-21 00:00:00,1.17241,1.17343,1.17165,1.1729
2026-01-21 04:00:00,1.17291,1.17317,1.17109,1.17174
2026-01-21 08:00:00,1.17174,1.17254,1.17012,1.17035
2026-01-21 12:00:00,1.17035,1.1743000000000001,1.17014,1.1739600000000001
2026-01-21 16:00:00,1.1739600000000001,1.17408,1.16948,1.17028
2026-01-21 20:00:00,1.17028,1.17055,1.1676199999999999,1.16872
2026-01-22 00:00:00,1.16818,1.16902,1.167,1.16888
2026-01-22 04:00:00,1.16888,1.16972,1.16832,1.16883
2026-01-22 08:00:00,1.16883,1.16975,1.16841,1.16927
2026-01-22 12:00:00,1.16928,1.1718600000000001,1.16868,1.17139
2026-01-22 16:00:00,1.17139,1.17505,1.17109,1.1746699999999999
2026-01-22 20:00:00,1.17465,1.17561,1.17414,1.17549
2026-01-23 00:00:00,1.17543,1.17594,1.17444,1.17494
2026-01-23 04:00:00,1.17493,1.1754,1.17431,1.1751
2026-01-23 08:00:00,1.17509,1.17531,1.17282,1.17354
2026-01-23 12:00:00,1.17354,1.17473,1.17301,1.17341
2026-01-23 16:00:00,1.17341,1.17988,1.17318,1.17945
2026-01-23 20:00:00,1.17945,1.18336,1.1777199999999999,1.18263
2026-01-26 00:00:00,1.18637,1.18976,1.18445,1.18579
2026-01-26 04:00:00,1.18579,1.18765,1.18555,1.1865
2026-01-26 08:00:00,1.1865,1.18675,1.18366,1.18637
2026-01-26 12:00:00,1.18641,1.18653,1.18349,1.1856
2026-01-26 16:00:00,1.1856,1.19069,1.18525,1.18788
2026-01-26 20:00:00,1.18788,1.18903,1.18705,1.18797
2026-01-27 00:00:00,1.18794,1.18829,1.18716,1.18787
2026-01-27 04:00:00,1.18787,1.18994,1.187,1.18768
2026-01-27 08:00:00,1.18768,1.18898,1.18503,1.1889
2026-01-27 12:00:00,1.1889,1.19387,1.18742,1.19234
2026-01-27 16:00:00,1.19235,1.19902,1.19184,1.198
2026-01-27 20:00:00,1.198,1.20821,1.19711,1.20393
2026-01-28 00:00:00,1.2037200000000001,1.20447,1.19926,1.19928
2026-01-28 04:00:00,1.19928,1.20051,1.19749,1.19969
2026-01-28 08:00:00,1.1997,1.20258,1.19703,1.19868
2026-01-28 12:00:00,1.19868,1.1994799999999999,1.19518,1.19576
2026-01-28 16:00:00,1.19578,1.19775,1.19189,1.19411
2026-01-28 20:00:00,1.19412,1.19538,1.18957,1.19533
2026-01-29 00:00:00,1.19535,1.19853,1.19447,1.19614
2026-01-29 04:00:00,1.19614,1.19937,1.19532,1.19811
2026-01-29 08:00:00,1.19811,1.19966,1.19515,1.19558
2026-01-29 12:00:00,1.19558,1.1971,1.1938,1.19563
2026-01-29 16:00:00,1.19565,1.19725,1.19062,1.19562
2026-01-29 20:00:00,1.19558,1.19712,1.19456,1.19702
2026-01-30 00:00:00,1.1970399999999999,1.19746,1.19141,1.1917
2026-01-30 04:00:00,1.1917,1.19351,1.18948,1.19248
2026-01-30 08:00:00,1.19248,1.19432,1.18983,1.19087
2026-01-30 12:00:00,1.19081,1.19546,1.19018,1.19123
2026-01-30 16:00:00,1.19127,1.19212,1.18666,1.18724
2026-01-30 20:00:00,1.18723,1.1885,1.18499,1.18526
2026-02-02 00:00:00,1.18496,1.18748,1.18397,1.18706
2026-02-02 04:00:00,1.18706,1.18748,1.1841,1.18506
2026-02-02 08:00:00,1.18506,1.18666,1.1843,1.1862300000000001
2026-02-02 12:00:00,1.18622,1.18714,1.18179,1.18208
2026-02-02 16:00:00,1.18207,1.18297,1.17904,1.18
2026-02-02 20:00:00,1.18,1.18012,1.1776,1.179
2026-02-03 00:00:00,1.179,1.18147,1.17793,1.18139
2026-02-03 04:00:00,1.18139,1.18166,1.18008,1.18088
2026-02-03 08:00:00,1.18088,1.18245,1.17922,1.17922
2026-02-03 12:00:00,1.17923,1.18067,1.17826,1.1796
2026-02-03 16:00:00,1.1796,1.18289,1.17799,1.18163
2026-02-03 20:00:00,1.18163,1.18254,1.18057,1.18185
2026-02-04 00:00:00,1.18164,1.1832,1.18088,1.1826
2026-02-04 04:00:00,1.1826,1.18362,1.18189,1.18329
2026-02-04 08:00:00,1.18329,1.1837900000000001,1.1811099999999999,1.18139
2026-02-04 12:00:00,1.18138,1.18269,1.18047,1.18224
2026-02-04 16:00:00,1.18225,1.18256,1.18053,1.18114
