time,open,high,low,close
2025-04-16 09:00:00,1.13809,1.13827,1.13606,1.13607
2025-04-16 10:00:00,1.13607,1.13921,1.13593,1.13871
2025-04-16 11:00:00,1.13871,1.13882,1.13384,1.13696
2025-04-16 12:00:00,1.13697,1.13777,1.1356,1.13601
2025-04-16 13:00:00,1.13601,1.13741,1.13523,1.13582
2025-04-16 14:00:00,1.13578,1.13739,1.1354899999999999,1.13632
2025-04-16 15:00:00,1.13632,1.13655,1.13408,1.13519
2025-04-16 16:00:00,1.13516,1.13739,1.13498,1.13669
2025-04-16 17:00:00,1.13676,1.13843,1.13541,1.13839
2025-04-16 18:00:00,1.13839,1.13866,1.13571,1.13816
2025-04-16 19:00:00,1.13816,1.13871,1.13702,1.1375
2025-04-16 20:00:00,1.13751,1.13898,1.13593,1.1375
2025-04-16 21:00:00,1.13751,1.13885,1.13651,1.13865
2025-04-16 22:00:00,1.13865,1.14128,1.13849,1.13867
2025-04-16 23:00:00,1.13866,1.13997,1.13818,1.13985
2025-04-17 00:00:00,1.13986,1.13996,1.139,1.13962
2025-04-17 01:00:00,1.13962,1.14002,1.1395,1.13996
2025-04-17 02:00:00,1.13996,1.14093,1.13941,1.13955
2025-04-17 03:00:00,1.13955,1.13968,1.1365,1.13679
2025-04-17 04:00:00,1.13679,1.13694,1.13552,1.13655
2025-04-17 05:00:00,1.13655,1.13817,1.13651,1.1378300000000001
2025-04-17 06:00:00,1.1378300000000001,1.13808,1.1364,1.13642
2025-04-17 07:00:00,1.13642,1.13699,1.13603,1.13623
2025-04-17 08:00:00,1.13623,1.13711,1.13442,1.13524
2025-04-17 09:00:00,1.13524,1.1371,1.13434,1.13589
2025-04-17 10:00:00,1.13589,1.1379,1.13531,1.13767
2025-04-17 11:00:00,1.13767,1.13886,1.13683,1.13786
2025-04-17 12:00:00,1.13786,1.13809,1.13702,1.13725
2025-04-17 13:00:00,1.13726,1.13767,1.13575,1.13596
2025-04-17 14:00:00,1.13595,1.137,1.13559,1.13565
2025-04-17 15:00:00,1.13565,1.13678,1.13353,1.13565
2025-04-17 16:00:00,1.13565,1.13776,1.13512,1.13611
2025-04-17 17:00:00,1.13611,1.13858,1.13388,1.13494
2025-04-17 18:00:00,1.13495,1.13766,1.1347800000000001,1.13633
2025-04-17 19:00:00,1.13633,1.1371,1.134,1.13507
2025-04-17 20:00:00,1.13506,1.1353900000000001,1.13411,1.13511
2025-04-17 21:00:00,1.13511,1.13754,1.13432,1.13733
2025-04-17 22:00:00,1.13733,1.1376,1.13685,1.1373199999999999
2025-04-17 23:00:00,1.1373199999999999,1.13766,1.13622,1.13634
2025-04-18 00:00:00,1.13616,1.13678,1.13586,1.13676
2025-04-18 01:00:00,1.13676,1.13695,1.1366,1.1367099999999999
2025-04-18 02:00:00,1.1367099999999999,1.13748,1.1366100000000001,1.13721
2025-04-18 03:00:00,1.13723,1.13864,1.13621,1.13742
2025-04-18 04:00:00,1.13743,1.13763,1.13677,1.13709
2025-04-18 05:00:00,1.13709,1.13787,1.13666,1.1372
2025-04-18 06:00:00,1.1372,1.13757,1.1369,1.1373
2025-04-18 07:00:00,1.1373,1.13744,1.13686,1.13693
2025-04-18 08:00:00,1.13693,1.13741,1.13632,1.13706
2025-04-18 09:00:00,1.13706,1.13765,1.13615,1.13617
2025-04-18 10:00:00,1.13617,1.13758,1.13591,1.13692
2025-04-18 11:00:00,1.13693,1.13718,1.13668,1.13707
2025-04-18 12:00:00,1.13707,1.13727,1.13669,1.13692
2025-04-18 13:00:00,1.13692,1.13745,1.13687,1.13737
2025-04-18 14:00:00,1.13737,1.13833,1.1372,1.13805
2025-04-18 15:00:00,1.13805,1.13865,1.13802,1.13819
2025-04-18 16:00:00,1.13818,1.13828,1.13773,1.13794
2025-04-18 17:00:00,1.13794,1.13975,1.1378,1.13961
2025-04-18 18:00:00,1.13963,1.1396600000000001,1.13873,1.13919
2025-04-18 19:00:00,1.13919,1.13945,1.13874,1.1394
2025-04-18 20:00:00,1.1394,1.13944,1.13897,1.13918
2025-04-18 21:00:00,1.13918,1.13951,1.13906,1.13946
2025-04-18 22:00:00,1.13946,1.13962,1.13931,1.13946
2025-04-18 23:00:00,1.13946,1.1395,1.13903,1.13929
2025-04-21 00:00:00,1.13928,1.14236,1.1385399999999999,1.14026
2025-04-21 01:00:00,1.14026,1.14381,1.13799,1.14329
2025-04-21 02:00:00,1.14329,1.14584,1.14329,1.1449
2025-04-21 03:00:00,1.14491,1.1486399999999999,1.1449,1.14662
2025-04-21 04:00:00,1.14662,1.14787,1.14651,1.14768
2025-04-21 05:00:00,1.14768,1.15313,1.1472,1.15045
2025-04-21 06:00:00,1.15045,1.1525,1.15043,1.15152
2025-04-21 07:00:00,1.15152,1.15175,1.1499,1.15175
2025-04-21 08:00:00,1.15175,1.15346,1.15149,1.15314
2025-04-21 09:00:00,1.15314,1.15347,1.15049,1.15164
2025-04-21 10:00:00,1.15154,1.15676,1.15097,1.15557
2025-04-21 11:00:00,1.15557,1.15646,1.15377,1.15583
2025-04-21 12:00:00,1.15583,1.15733,1.1545,1.15472
2025-04-21 13:00:00,1.15471,1.15486,1.15215,1.15235
2025-04-21 14:00:00,1.15235,1.15476,1.1513200000000001,1.15429
2025-04-21 15:00:00,1.15429,1.15499,1.15216,1.15425
2025-04-21 16:00:00,1.15425,1.15428,1.15015,1.1519
2025-04-21 17:00:00,1.15191,1.15248,1.14898,1.14977
2025-04-21 18:00:00,1.14977,1.15078,1.14816,1.1507100000000001
2025-04-21 19:00:00,1.1507100000000001,1.15133,1.15004,1.15093
2025-04-21 20:00:00,1.15093,1.15145,1.14936,1.15138
2025-04-21 21:00:00,1.15138,1.15253,1.15122,1.15223
2025-04-21 22:00:00,1.15223,1.1527,1.15125,1.15126
2025-04-21 23:00:00,1.15126,1.15162,1.1505,1.15129
2025-04-22 00:00:00,1.15139,1.15141,1.15064,1.15068
2025-04-22 01:00:00,1.15068,1.15252,1.15067,1.15232
2025-04-22 02:00:00,1.15232,1.15239,1.15077,1.1514
2025-04-22 03:00:00,1.1514,1.1514199999999999,1.14821,1.14904
2025-04-22 04:00:00,1.14906,1.14985,1.14857,1.14945
2025-04-22 05:00:00,1.14945,1.15207,1.1494,1.15207
2025-04-22 06:00:00,1.15205,1.1540300000000001,1.15191,1.15347
2025-04-22 07:00:00,1.15347,1.15402,1.15274,1.15303
2025-04-22 08:00:00,1.15303,1.1547399999999999,1.15184,1.15422
2025-04-22 09:00:00,1.15422,1.15459,1.14962,1.15009
2025-04-22 10:00:00,1.15009,1.15091,1.14835,1.15056
2025-04-22 11:00:00,1.15056,1.15152,1.14947,1.14999
2025-04-22 12:00:00,1.14999,1.15077,1.14879,1.14907
2025-04-22 13:00:00,1.14907,1.15005,1.14881,1.1488800000000001
2025-04-22 14:00:00,1.14886,1.15006,1.1484,1.14862
2025-04-22 15:00:00,1.14858,1.14905,1.14617,1.147
2025-04-22 16:00:00,1.14703,1.14851,1.14561,1.1474199999999999
2025-04-22 17:00:00,1.14744,1.14923,1.14611,1.1478
2025-04-22 18:00:00,1.1478,1.14857,1.14638,1.14649
2025-04-22 19:00:00,1.14649,1.14688,1.1433200000000001,1.14339
2025-04-22 20:00:00,1.14339,1.14539,1.1431,1.14502
2025-04-22 21:00:00,1.14502,1.14503,1.14226,1.1427100000000001
2025-04-22 22:00:00,1.1427100000000001,1.14341,1.14199,1.14208
2025-04-22 23:00:00,1.14209,1.14303,1.14175,1.14206
2025-04-23 00:00:00,1.14207,1.14262,1.13618,1.1362
2025-04-23 01:00:00,1.13621,1.1369799999999999,1.13081,1.13373
2025-04-23 02:00:00,1.13376,1.13625,1.1329799999999999,1.13507
2025-04-23 03:00:00,1.13507,1.13982,1.13494,1.13975
2025-04-23 04:00:00,1.13975,1.14152,1.13843,1.14072
2025-04-23 05:00:00,1.14072,1.14107,1.13902,1.14047
2025-04-23 06:00:00,1.14047,1.14052,1.1373,1.1379299999999999
2025-04-23 07:00:00,1.13792,1.13917,1.1371,1.13899
2025-04-23 08:00:00,1.13899,1.13997,1.13713,1.13769
2025-04-23 09:00:00,1.1377,1.13965,1.1374900000000001,1.13849
2025-04-23 10:00:00,1.13851,1.1408800000000001,1.13785,1.13858
2025-04-23 11:00:00,1.13858,1.14153,1.13799,1.14131
2025-04-23 12:00:00,1.14129,1.14399,1.14128,1.1418300000000001
2025-04-23 13:00:00,1.14182,1.1419,1.139,1.14021
2025-04-23 14:00:00,1.14021,1.14161,1.13862,1.1411
2025-04-23 15:00:00,1.1411,1.14197,1.14021,1.14057
2025-04-23 16:00:00,1.14054,1.1412200000000001,1.1333,1.1333199999999999
2025-04-23 17:00:00,1.13334,1.13813,1.13281,1.13533
2025-04-23 18:00:00,1.13534,1.13834,1.13441,1.1348799999999999
2025-04-23 19:00:00,1.1348799999999999,1.13658,1.13367,1.13399
2025-04-23 20:00:00,1.13399,1.1344,1.13252,1.1329500000000001
2025-04-23 21:00:00,1.1329500000000001,1.13301,1.13154,1.13238
2025-04-23 22:00:00,1.13238,1.13319,1.13183,1.13274
2025-04-23 23:00:00,1.13274,1.13284,1.13105,1.13145
2025-04-24 00:00:00,1.13114,1.13213,1.13095,1.13178
2025-04-24 01:00:00,1.13178,1.13473,1.13178,1.1332200000000001
2025-04-24 02:00:00,1.1332200000000001,1.13384,1.13262,1.13294
2025-04-24 03:00:00,1.1329500000000001,1.13467,1.13216,1.13437
2025-04-24 04:00:00,1.13437,1.1357599999999999,1.134,1.13497
2025-04-24 05:00:00,1.13497,1.13572,1.13463,1.13552
2025-04-24 06:00:00,1.13552,1.13561,1.13366,1.13382
2025-04-24 07:00:00,1.13382,1.13423,1.13324,1.13392
2025-04-24 08:00:00,1.13392,1.13457,1.13308,1.13364
2025-04-24 09:00:00,1.13364,1.13544,1.1336,1.13523
2025-04-24 10:00:00,1.13523,1.13805,1.13517,1.13799
2025-04-24 11:00:00,1.138,1.1393,1.13631,1.13806
2025-04-24 12:00:00,1.13806,1.13912,1.13751,1.13845
2025-04-24 13:00:00,1.13845,1.13947,1.13762,1.13794
2025-04-24 14:00:00,1.13794,1.13903,1.13686,1.13729
2025-04-24 15:00:00,1.13729,1.13788,1.1358,1.13767
2025-04-24 16:00:00,1.13767,1.1384,1.13635,1.13761
2025-04-24 17:00:00,1.13762,1.13874,1.13632,1.13727
2025-04-24 18:00:00,1.13727,1.1375899999999999,1.13475,1.13609
2025-04-24 19:00:00,1.13609,1.13807,1.13577,1.13801
2025-04-24 20:00:00,1.13801,1.13856,1.13674,1.13692
2025-04-24 21:00:00,1.13692,1.13796,1.13638,1.13781
2025-04-24 22:00:00,1.13781,1.13977,1.13777,1.13845
2025-04-24 23:00:00,1.13845,1.13979,1.1381999999999999,1.13888
2025-04-25 00:00:00,1.13852,1.13912,1.1383,1.13865
2025-04-25 01:00:00,1.1387,1.13914,1.13843,1.13865
2025-04-25 02:00:00,1.13865,1.13882,1.13706,1.13726
2025-04-25 03:00:00,1.13726,1.13726,1.13469,1.13473
2025-04-25 04:00:00,1.13473,1.1355,1.13424,1.13439
2025-04-25 05:00:00,1.13439,1.13517,1.13413,1.13479
2025-04-25 06:00:00,1.13479,1.13592,1.13251,1.1326
2025-04-25 07:00:00,1.1326,1.13361,1.1316,1.1335
2025-04-25 08:00:00,1.1335,1.13418,1.13255,1.13314
2025-04-25 09:00:00,1.13313,1.13574,1.13217,1.13418
2025-04-25 10:00:00,1.13418,1.13682,1.13418,1.13599
2025-04-25 11:00:00,1.13598,1.13645,1.13399,1.1350500000000001
2025-04-25 12:00:00,1.13506,1.13609,1.1345,1.13462
2025-04-25 13:00:00,1.13462,1.13595,1.13342,1.1356
2025-04-25 14:00:00,1.1356,1.13667,1.1346,1.13494
2025-04-25 15:00:00,1.13494,1.1360000000000001,1.13492,1.13524
2025-04-25 16:00:00,1.13524,1.1355,1.1333,1.13533
2025-04-25 17:00:00,1.13533,1.13807,1.13527,1.13684
2025-04-25 18:00:00,1.13684,1.13823,1.13579,1.13803
2025-04-25 19:00:00,1.13803,1.13888,1.13682,1.13686
2025-04-25 20:00:00,1.13686,1.13828,1.1365,1.13769
2025-04-25 21:00:00,1.13768,1.13809,1.13692,1.13797
2025-04-25 22:00:00,1.13797,1.1381000000000001,1.13587,1.13592
2025-04-25 23:00:00,1.13592,1.13643,1.13571,1.13595
2025-04-28 00:00:00,1.13721,1.13721,1.13592,1.1360000000000001
2025-04-28 01:00:00,1.1360000000000001,1.13651,1.134,1.135
2025-04-28 02:00:00,1.135,1.13548,1.13413,1.1345
2025-04-28 03:00:00,1.1345,1.13646,1.13447,1.13639
2025-04-28 04:00:00,1.13639,1.13665,1.13494,1.13512
2025-04-28 05:00:00,1.13513,1.13572,1.13434,1.13535
2025-04-28 06:00:00,1.13535,1.13601,1.13511,1.13563
2025-04-28 07:00:00,1.13563,1.13726,1.13525,1.13723
2025-04-28 08:00:00,1.13723,1.13808,1.13717,1.13745
2025-04-28 09:00:00,1.13745,1.13745,1.13294,1.13317
2025-04-28 10:00:00,1.13315,1.13617,1.13309,1.13483
2025-04-28 11:00:00,1.13483,1.13517,1.13353,1.13438
2025-04-28 12:00:00,1.13438,1.13587,1.13422,1.13499
2025-04-28 13:00:00,1.13499,1.13604,1.1346,1.1350500000000001
2025-04-28 14:00:00,1.1350500000000001,1.13562,1.13411,1.13516
2025-04-28 15:00:00,1.13516,1.13729,1.13503,1.13511
2025-04-28 16:00:00,1.13511,1.13742,1.13395,1.13649
2025-04-28 17:00:00,1.13649,1.14138,1.13574,1.13786
2025-04-28 18:00:00,1.13786,1.13927,1.1371,1.13863
2025-04-28 19:00:00,1.13863,1.14224,1.13852,1.14116
2025-04-28 20:00:00,1.14116,1.14195,1.1400299999999999,1.14011
2025-04-28 21:00:00,1.14011,1.14141,1.1400299999999999,1.14135
2025-04-28 22:00:00,1.14135,1.14249,1.14133,1.14219
2025-04-28 23:00:00,1.14219,1.14249,1.14196,1.14216
2025-04-29 00:00:00,1.14197,1.14203,1.14152,1.142
2025-04-29 01:00:00,1.1421000000000001,1.14218,1.14118,1.14128
2025-04-29 02:00:00,1.14128,1.14218,1.14008,1.14078
2025-04-29 03:00:00,1.14078,1.14162,1.13992,1.13997
2025-04-29 04:00:00,1.13997,1.14089,1.13874,1.13925
2025-04-29 05:00:00,1.13925,1.142,1.13922,1.13984
2025-04-29 06:00:00,1.13984,1.1400000000000001,1.13865,1.13907
2025-04-29 07:00:00,1.13907,1.13938,1.13742,1.13781
2025-04-29 08:00:00,1.13781,1.1388099999999999,1.13761,1.1387
2025-04-29 09:00:00,1.1387,1.13994,1.13831,1.13895
2025-04-29 10:00:00,1.13896,1.1412200000000001,1.13875,1.14036
2025-04-29 11:00:00,1.1403699999999999,1.14083,1.13816,1.13853
2025-04-29 12:00:00,1.13853,1.13974,1.13806,1.13806
2025-04-29 13:00:00,1.13805,1.13853,1.1373,1.13781
2025-04-29 14:00:00,1.13781,1.13869,1.13711,1.13745
2025-04-29 15:00:00,1.13745,1.14146,1.13702,1.14107
2025-04-29 16:00:00,1.14108,1.1417,1.13904,1.14009
2025-04-29 17:00:00,1.1397,1.14176,1.1379,1.13832
2025-04-29 18:00:00,1.13832,1.14046,1.13824,1.13961
2025-04-29 19:00:00,1.13961,1.14191,1.13954,1.14035
2025-04-29 20:00:00,1.14033,1.14048,1.13838,1.1386
2025-04-29 21:00:00,1.1386,1.13933,1.13762,1.13825
2025-04-29 22:00:00,1.13825,1.13886,1.13762,1.13818
2025-04-29 23:00:00,1.13817,1.13922,1.13808,1.13828
2025-04-30 00:00:00,1.1384,1.13873,1.13789,1.13838
2025-04-30 01:00:00,1.13838,1.13959,1.13833,1.13921
2025-04-30 02:00:00,1.13921,1.13935,1.13861,1.13904
2025-04-30 03:00:00,1.13904,1.13954,1.13769,1.13827
2025-04-30 04:00:00,1.13827,1.13866,1.1357,1.13587
2025-04-30 05:00:00,1.13587,1.13726,1.1355,1.13706
2025-04-30 06:00:00,1.13706,1.13798,1.13668,1.13687
2025-04-30 07:00:00,1.1368800000000001,1.13781,1.13664,1.13734
2025-04-30 08:00:00,1.13735,1.1384400000000001,1.13718,1.13829
2025-04-30 09:00:00,1.13829,1.13996,1.13659,1.13903
2025-04-30 10:00:00,1.13902,1.13904,1.13736,1.13786
2025-04-30 11:00:00,1.13785,1.1385399999999999,1.13623,1.13716
2025-04-30 12:00:00,1.13719,1.13796,1.13603,1.13623
2025-04-30 13:00:00,1.13623,1.137,1.13609,1.13621
2025-04-30 14:00:00,1.13621,1.13806,1.1356,1.13736
2025-04-30 15:00:00,1.13736,1.13888,1.13649,1.13741
2025-04-30 16:00:00,1.13734,1.13776,1.13615,1.1369
2025-04-30 17:00:00,1.1368800000000001,1.1379299999999999,1.13498,1.1367099999999999
2025-04-30 18:00:00,1.1367,1.13751,1.1323400000000001,1.13482
2025-04-30 19:00:00,1.13482,1.13592,1.1345,1.13555
2025-04-30 20:00:00,1.13555,1.13649,1.13452,1.13458
2025-04-30 21:00:00,1.13458,1.13586,1.13431,1.13489
2025-04-30 22:00:00,1.13489,1.13534,1.13281,1.1329799999999999
2025-04-30 23:00:00,1.13299,1.13312,1.1317300000000001,1.13292
2025-05-01 00:00:00,1.13279,1.13314,1.1323699999999999,1.13253
2025-05-01 01:00:00,1.13253,1.13305,1.13224,1.13257
2025-05-01 02:00:00,1.13257,1.13263,1.13189,1.13222
2025-05-01 03:00:00,1.13222,1.13297,1.13208,1.13218
2025-05-01 04:00:00,1.13218,1.13221,1.1303,1.13083
2025-05-01 05:00:00,1.13083,1.13162,1.13061,1.13154
2025-05-01 06:00:00,1.13154,1.13186,1.12997,1.13123
2025-05-01 07:00:00,1.13123,1.13145,1.13024,1.1302699999999999
2025-05-01 08:00:00,1.1302699999999999,1.13065,1.12881,1.13001
2025-05-01 09:00:00,1.13001,1.13126,1.12984,1.13026
2025-05-01 10:00:00,1.13026,1.13108,1.12876,1.13101
2025-05-01 11:00:00,1.13101,1.1331,1.13099,1.13198
2025-05-01 12:00:00,1.13198,1.1325,1.13136,1.13143
2025-05-01 13:00:00,1.13144,1.13342,1.1312,1.13321
2025-05-01 14:00:00,1.13321,1.13411,1.13163,1.13203
2025-05-01 15:00:00,1.13203,1.13391,1.13083,1.13154
2025-05-01 16:00:00,1.13151,1.13278,1.13114,1.13193
2025-05-01 17:00:00,1.13193,1.13193,1.12704,1.12817
2025-05-01 18:00:00,1.12817,1.12903,1.12659,1.12793
2025-05-01 19:00:00,1.12793,1.1292200000000001,1.1273,1.12908
2025-05-01 20:00:00,1.12908,1.12914,1.12798,1.12831
2025-05-01 21:00:00,1.12831,1.12935,1.12753,1.12857
2025-05-01 22:00:00,1.12857,1.1292200000000001,1.12812,1.12885
2025-05-01 23:00:00,1.12885,1.12941,1.12847,1.129
2025-05-02 00:00:00,1.12888,1.1289,1.12855,1.12865
2025-05-02 01:00:00,1.12865,1.12994,1.12865,1.12949
2025-05-02 02:00:00,1.12949,1.12977,1.12912,1.12958
2025-05-02 03:00:00,1.12958,1.12995,1.12743,1.12823
2025-05-02 04:00:00,1.12823,1.12958,1.12786,1.12958
2025-05-02 05:00:00,1.12958,1.13034,1.1293,1.1294
2025-05-02 06:00:00,1.1294,1.13157,1.12939,1.13128
2025-05-02 07:00:00,1.13128,1.13141,1.13012,1.1304400000000001
2025-05-02 08:00:00,1.1304400000000001,1.1314,1.13025,1.13079
2025-05-02 09:00:00,1.13079,1.13292,1.1306,1.13258
2025-05-02 10:00:00,1.13258,1.13379,1.13179,1.13283
2025-05-02 11:00:00,1.13283,1.13349,1.13162,1.13324
2025-05-02 12:00:00,1.1333,1.13551,1.13259,1.13502
2025-05-02 13:00:00,1.13503,1.13519,1.13277,1.13312
2025-05-02 14:00:00,1.13312,1.13503,1.13243,1.13466
2025-05-02 15:00:00,1.13466,1.13474,1.13047,1.1319
2025-05-02 16:00:00,1.1319,1.138,1.1314899999999999,1.13728
2025-05-02 17:00:00,1.13728,1.1381000000000001,1.13577,1.13686
2025-05-02 18:00:00,1.13686,1.13686,1.13206,1.13291
2025-05-02 19:00:00,1.13291,1.13392,1.13172,1.13199
2025-05-02 20:00:00,1.13199,1.13204,1.12986,1.13042
2025-05-02 21:00:00,1.13042,1.13086,1.12926,1.12999
2025-05-02 22:00:00,1.12999,1.13089,1.12997,1.13046
2025-05-02 23:00:00,1.13046,1.13052,1.12937,1.12994
2025-05-05 00:00:00,1.13037,1.1308,1.12929,1.12979
2025-05-05 01:00:00,1.12979,1.13148,1.12979,1.13059
2025-05-05 02:00:00,1.13059,1.13279,1.13024,1.13212
2025-05-05 03:00:00,1.13212,1.13239,1.13145,1.13226
2025-05-05 04:00:00,1.13227,1.13401,1.13227,1.13349
2025-05-05 05:00:00,1.13349,1.13469,1.13317,1.13423
2025-05-05 06:00:00,1.13423,1.13425,1.13284,1.1332200000000001
2025-05-05 07:00:00,1.1332200000000001,1.13392,1.13287,1.13374
2025-05-05 08:00:00,1.13374,1.13475,1.13303,1.13334
2025-05-05 09:00:00,1.13333,1.13372,1.13182,1.1326
2025-05-05 10:00:00,1.13262,1.13311,1.13132,1.13132
2025-05-05 11:00:00,1.13131,1.13329,1.13116,1.1326
2025-05-05 12:00:00,1.13265,1.13441,1.13265,1.13414
2025-05-05 13:00:00,1.13414,1.13456,1.1333199999999999,1.13448
2025-05-05 14:00:00,1.13448,1.13577,1.13401,1.13426
2025-05-05 15:00:00,1.13426,1.13635,1.13403,1.13599
2025-05-05 16:00:00,1.13599,1.13649,1.13521,1.13535
2025-05-05 17:00:00,1.1353900000000001,1.1353900000000001,1.13308,1.13389
2025-05-05 18:00:00,1.13386,1.13413,1.13127,1.13144
2025-05-05 19:00:00,1.13144,1.13145,1.1299299999999999,1.13024
2025-05-05 20:00:00,1.13024,1.13113,1.12976,1.13001
2025-05-05 21:00:00,1.13001,1.13155,1.12973,1.13131
2025-05-05 22:00:00,1.13131,1.1320999999999999,1.13109,1.1314899999999999
2025-05-05 23:00:00,1.1314899999999999,1.13203,1.13121,1.13144
2025-05-06 00:00:00,1.13141,1.13179,1.1314,1.13156
2025-05-06 01:00:00,1.13156,1.13202,1.13134,1.13145
2025-05-06 02:00:00,1.13145,1.13164,1.131,1.13122
2025-05-06 03:00:00,1.13123,1.13123,1.1280999999999999,1.12862
2025-05-06 04:00:00,1.12862,1.12968,1.1280000000000001,1.12936
2025-05-06 05:00:00,1.12936,1.1314,1.1293,1.13072
2025-05-06 06:00:00,1.13072,1.13174,1.13036,1.13151
2025-05-06 07:00:00,1.13151,1.13275,1.13146,1.13246
2025-05-06 08:00:00,1.13246,1.13256,1.13135,1.13183
2025-05-06 09:00:00,1.13183,1.13357,1.13142,1.13262
2025-05-06 10:00:00,1.1326100000000001,1.1348,1.13223,1.13391
2025-05-06 11:00:00,1.13391,1.13497,1.13224,1.13273
2025-05-06 12:00:00,1.13273,1.13299,1.1305399999999999,1.13117
2025-05-06 13:00:00,1.13117,1.13276,1.13097,1.1326
2025-05-06 14:00:00,1.1326,1.1335,1.13226,1.13272
2025-05-06 15:00:00,1.13272,1.13438,1.13169,1.13405
2025-05-06 16:00:00,1.13405,1.1357599999999999,1.13263,1.13533
2025-05-06 17:00:00,1.13534,1.13699,1.1341,1.13413
2025-05-06 18:00:00,1.1341,1.13499,1.13354,1.13437
2025-05-06 19:00:00,1.13437,1.13558,1.13308,1.1348799999999999
2025-05-06 20:00:00,1.1348799999999999,1.13705,1.1348799999999999,1.13644
2025-05-06 21:00:00,1.13645,1.13724,1.13547,1.13717
2025-05-06 22:00:00,1.13717,1.13812,1.13669,1.13728
2025-05-06 23:00:00,1.13727,1.13797,1.13658,1.13685
2025-05-07 00:00:00,1.13691,1.13727,1.13624,1.1371
2025-05-07 01:00:00,1.13717,1.13746,1.1326,1.13427
2025-05-07 02:00:00,1.13427,1.13456,1.13333,1.13401
2025-05-07 03:00:00,1.13401,1.13517,1.13254,1.13411
2025-05-07 04:00:00,1.13411,1.13517,1.13263,1.13449
2025-05-07 05:00:00,1.13448,1.13496,1.1335600000000001,1.13411
2025-05-07 06:00:00,1.13411,1.13474,1.13367,1.1346
2025-05-07 07:00:00,1.1346,1.13516,1.13429,1.13437
2025-05-07 08:00:00,1.13437,1.13672,1.1343,1.13654
2025-05-07 09:00:00,1.13654,1.13782,1.13596,1.13739
2025-05-07 10:00:00,1.1374,1.1374,1.1355,1.13626
2025-05-07 11:00:00,1.13625,1.13738,1.13542,1.13583
2025-05-07 12:00:00,1.13583,1.13619,1.13472,1.13569
2025-05-07 13:00:00,1.13568,1.1367,1.13561,1.13655
2025-05-07 14:00:00,1.13655,1.13729,1.13564,1.13575
2025-05-07 15:00:00,1.13575,1.13666,1.13559,1.13591
2025-05-07 16:00:00,1.13591,1.13683,1.1353,1.13669
2025-05-07 17:00:00,1.13669,1.1371,1.13546,1.1367099999999999
2025-05-07 18:00:00,1.1367099999999999,1.13696,1.13418,1.13472
2025-05-07 19:00:00,1.13472,1.13542,1.1337,1.13491
2025-05-07 20:00:00,1.13489,1.13496,1.13349,1.13404
2025-05-07 21:00:00,1.13402,1.13651,1.13201,1.13339
2025-05-07 22:00:00,1.13339,1.13345,1.13009,1.13068
2025-05-07 23:00:00,1.13068,1.13081,1.12917,1.1301
2025-05-08 00:00:00,1.12978,1.13142,1.12963,1.13113
2025-05-08 01:00:00,1.13113,1.13113,1.13,1.13012
2025-05-08 02:00:00,1.13012,1.13103,1.13012,1.1303
2025-05-08 03:00:00,1.1303,1.13225,1.13022,1.13101
2025-05-08 04:00:00,1.13101,1.13328,1.13083,1.13318
2025-05-08 05:00:00,1.13318,1.1335600000000001,1.13225,1.13228
2025-05-08 06:00:00,1.13228,1.13364,1.13227,1.13276
2025-05-08 07:00:00,1.13276,1.1331,1.1318,1.13181
2025-05-08 08:00:00,1.13181,1.13184,1.1297,1.13039
2025-05-08 09:00:00,1.13039,1.13076,1.12766,1.12823
2025-05-08 10:00:00,1.12823,1.12977,1.12704,1.12973
2025-05-08 11:00:00,1.12973,1.13032,1.12836,1.1288
2025-05-08 12:00:00,1.1288,1.1298,1.12831,1.12848
2025-05-08 13:00:00,1.12848,1.12997,1.12754,1.12876
2025-05-08 14:00:00,1.12876,1.1305,1.12855,1.12961
2025-05-08 15:00:00,1.12961,1.13202,1.1293,1.12998
2025-05-08 16:00:00,1.12997,1.13118,1.12954,1.13061
2025-05-08 17:00:00,1.13063,1.13164,1.12759,1.12782
2025-05-08 18:00:00,1.12782,1.12898,1.12345,1.12485
2025-05-08 19:00:00,1.12481,1.12496,1.12206,1.12262
2025-05-08 20:00:00,1.12262,1.12299,1.12127,1.12267
2025-05-08 21:00:00,1.12267,1.12308,1.12197,1.12247
2025-05-08 22:00:00,1.12247,1.12284,1.1212,1.12262
2025-05-08 23:00:00,1.12262,1.12298,1.12199,1.12279
2025-05-09 00:00:00,1.12235,1.12269,1.12223,1.12269
2025-05-09 01:00:00,1.12269,1.12331,1.12257,1.12318
2025-05-09 02:00:00,1.12318,1.12325,1.12222,1.1227
2025-05-09 03:00:00,1.1227,1.12334,1.12131,1.12271
2025-05-09 04:00:00,1.12271,1.12293,1.12108,1.12123
2025-05-09 05:00:00,1.12123,1.12194,1.11968,1.12185
2025-05-09 06:00:00,1.12185,1.1227800000000001,1.12184,1.12228
2025-05-09 07:00:00,1.12228,1.123,1.12228,1.12279
2025-05-09 08:00:00,1.12279,1.12367,1.12185,1.12359
2025-05-09 09:00:00,1.12359,1.12476,1.12323,1.12405
2025-05-09 10:00:00,1.12405,1.12584,1.1237,1.12513
2025-05-09 11:00:00,1.12513,1.1259299999999999,1.12423,1.12565
2025-05-09 12:00:00,1.12565,1.12597,1.12451,1.12463
2025-05-09 13:00:00,1.12463,1.12514,1.12425,1.12458
2025-05-09 14:00:00,1.12457,1.12606,1.12437,1.12545
2025-05-09 15:00:00,1.12545,1.12568,1.12472,1.12541
2025-05-09 16:00:00,1.12541,1.12676,1.1253199999999999,1.12585
2025-05-09 17:00:00,1.12585,1.12929,1.12558,1.1267800000000001
2025-05-09 18:00:00,1.1267800000000001,1.12731,1.12603,1.12698
2025-05-09 19:00:00,1.12698,1.12754,1.12576,1.12586
2025-05-09 20:00:00,1.12586,1.12652,1.1252900000000001,1.12621
2025-05-09 21:00:00,1.12621,1.12664,1.12546,1.1259000000000001
2025-05-09 22:00:00,1.1259000000000001,1.126,1.12488,1.12572
2025-05-09 23:00:00,1.12572,1.12573,1.12473,1.12497
2025-05-12 00:00:00,1.1191,1.12234,1.11843,1.12116
2025-05-12 01:00:00,1.1211,1.12317,1.12083,1.12254
2025-05-12 02:00:00,1.12254,1.12365,1.12232,1.12281
2025-05-12 03:00:00,1.12281,1.12394,1.12249,1.12389
2025-05-12 04:00:00,1.12389,1.12429,1.12223,1.1226
2025-05-12 05:00:00,1.1226,1.12379,1.12252,1.12284
2025-05-12 06:00:00,1.12284,1.12343,1.12252,1.12331
2025-05-12 07:00:00,1.12331,1.12346,1.12263,1.12276
2025-05-12 08:00:00,1.12276,1.12301,1.12138,1.12222
2025-05-12 09:00:00,1.12222,1.12358,1.12162,1.12181
2025-05-12 10:00:00,1.12181,1.12186,1.10977,1.1105
2025-05-12 11:00:00,1.1105,1.11453,1.10826,1.11376
2025-05-12 12:00:00,1.11376,1.11419,1.11147,1.11188
2025-05-12 13:00:00,1.11186,1.11186,1.10721,1.10797
2025-05-12 14:00:00,1.10797,1.11176,1.10772,1.11114
2025-05-12 15:00:00,1.11114,1.11266,1.11007,1.11135
2025-05-12 16:00:00,1.11135,1.11345,1.11102,1.11189
2025-05-12 17:00:00,1.1118999999999999,1.11343,1.11074,1.11117
2025-05-12 18:00:00,1.11116,1.11238,1.11005,1.11051
2025-05-12 19:00:00,1.11052,1.11111,1.10838,1.10847
2025-05-12 20:00:00,1.10847,1.10885,1.10726,1.10792
2025-05-12 21:00:00,1.10792,1.10915,1.10655,1.10896
2025-05-12 22:00:00,1.10896,1.10968,1.10825,1.10923
2025-05-12 23:00:00,1.10923,1.10947,1.10844,1.10859
2025-05-13 00:00:00,1.10843,1.10904,1.10821,1.10882
2025-05-13 01:00:00,1.10882,1.10946,1.10882,1.10934
2025-05-13 02:00:00,1.10935,1.11001,1.10894,1.1096
2025-05-13 03:00:00,1.1096,1.11068,1.10952,1.11047
2025-05-13 04:00:00,1.11047,1.11093,1.10999,1.11066
2025-05-13 05:00:00,1.11066,1.11116,1.10993,1.1103
2025-05-13 06:00:00,1.1103,1.1117,1.10992,1.11165
2025-05-13 07:00:00,1.11165,1.11172,1.1109,1.11167
2025-05-13 08:00:00,1.11167,1.11195,1.11089,1.11105
2025-05-13 09:00:00,1.11105,1.11186,1.11016,1.11115
2025-05-13 10:00:00,1.11115,1.11245,1.11028,1.1116
2025-05-13 11:00:00,1.1116,1.11178,1.11029,1.11114
2025-05-13 12:00:00,1.11118,1.11153,1.11026,1.11071
2025-05-13 13:00:00,1.11071,1.11096,1.1097,1.11049
2025-05-13 14:00:00,1.11048,1.11121,1.1103399999999999,1.1107
2025-05-13 15:00:00,1.1107,1.11313,1.11069,1.11308
2025-05-13 16:00:00,1.11308,1.11487,1.11276,1.11356
2025-05-13 17:00:00,1.11356,1.11646,1.11304,1.11615
2025-05-13 18:00:00,1.11615,1.11778,1.11569,1.1175
2025-05-13 19:00:00,1.1175,1.11826,1.11647,1.1176
2025-05-13 20:00:00,1.1176,1.11799,1.1167799999999999,1.11772
2025-05-13 21:00:00,1.11772,1.1186099999999999,1.11753,1.1185100000000001
2025-05-13 22:00:00,1.1185100000000001,1.11919,1.11828,1.11898
2025-05-13 23:00:00,1.11899,1.11948,1.11837,1.11849
2025-05-14 00:00:00,1.11847,1.11867,1.11825,1.11855
2025-05-14 01:00:00,1.11855,1.1197300000000001,1.11855,1.1197300000000001
2025-05-14 02:00:00,1.1197300000000001,1.1197300000000001,1.11849,1.11859
2025-05-14 03:00:00,1.11859,1.11967,1.11824,1.11923
2025-05-14 04:00:00,1.11923,1.1198,1.11837,1.11883
2025-05-14 05:00:00,1.11884,1.11926,1.1183,1.11889
2025-05-14 06:00:00,1.11889,1.11961,1.11844,1.11954
2025-05-14 07:00:00,1.11955,1.1201,1.11879,1.11887
2025-05-14 08:00:00,1.11887,1.11926,1.11847,1.11864
2025-05-14 09:00:00,1.11864,1.11985,1.11802,1.11881
2025-05-14 10:00:00,1.11881,1.12167,1.11817,1.1215
2025-05-14 11:00:00,1.1215,1.12523,1.12127,1.12388
2025-05-14 12:00:00,1.12388,1.12659,1.12311,1.12522
2025-05-14 13:00:00,1.12522,1.1253,1.12273,1.12311
2025-05-14 14:00:00,1.12311,1.1235,1.12136,1.12175
2025-05-14 15:00:00,1.12174,1.12355,1.12096,1.12253
2025-05-14 16:00:00,1.12253,1.12349,1.12103,1.12201
2025-05-14 17:00:00,1.12201,1.12236,1.12027,1.12123
2025-05-14 18:00:00,1.1212,1.12151,1.11976,1.12054
2025-05-14 19:00:00,1.12054,1.12134,1.11756,1.11891
2025-05-14 20:00:00,1.11891,1.1197,1.11814,1.11894
2025-05-14 21:00:00,1.11894,1.11899,1.11722,1.11784
2025-05-14 22:00:00,1.11784,1.11784,1.11657,1.11674
2025-05-14 23:00:00,1.11674,1.11753,1.11646,1.11714
2025-05-15 00:00:00,1.117,1.11789,1.1166800000000001,1.11765
2025-05-15 01:00:00,1.11765,1.11844,1.11765,1.11827
2025-05-15 02:00:00,1.11827,1.11881,1.11804,1.11814
2025-05-15 03:00:00,1.11814,1.11947,1.11761,1.11914
2025-05-15 04:00:00,1.11916,1.11998,1.11908,1.11936
2025-05-15 05:00:00,1.11936,1.11965,1.1189,1.11948
2025-05-15 06:00:00,1.11948,1.12014,1.11924,1.11968
2025-05-15 07:00:00,1.11968,1.11999,1.11919,1.11929
2025-05-15 08:00:00,1.11929,1.11993,1.11855,1.11934
2025-05-15 09:00:00,1.11934,1.12277,1.11897,1.12274
2025-05-15 10:00:00,1.12272,1.1228,1.11916,1.1197300000000001
2025-05-15 11:00:00,1.1197300000000001,1.12115,1.11924,1.12101
2025-05-15 12:00:00,1.12102,1.12131,1.12008,1.12024
2025-05-15 13:00:00,1.12024,1.12114,1.11982,1.12001
2025-05-15 14:00:00,1.12004,1.12031,1.11795,1.11831
2025-05-15 15:00:00,1.11831,1.1213899999999999,1.11824,1.12099
2025-05-15 16:00:00,1.12099,1.12239,1.11951,1.12009
2025-05-15 17:00:00,1.12008,1.12109,1.11758,1.11864
2025-05-15 18:00:00,1.11864,1.1197,1.1172900000000001,1.1188
2025-05-15 19:00:00,1.1188,1.11907,1.11727,1.11809
2025-05-15 20:00:00,1.1181,1.11891,1.11704,1.11712
2025-05-15 21:00:00,1.11713,1.11797,1.1171,1.11772
2025-05-15 22:00:00,1.11772,1.11864,1.11727,1.11837
2025-05-15 23:00:00,1.11837,1.11876,1.11821,1.11835
2025-05-16 00:00:00,1.11866,1.11896,1.11794,1.11881
2025-05-16 01:00:00,1.11881,1.11931,1.11857,1.11922
2025-05-16 02:00:00,1.11922,1.1194,1.11897,1.1192
2025-05-16 03:00:00,1.1192,1.12083,1.11905,1.12049
2025-05-16 04:00:00,1.12049,1.12087,1.11984,1.12035
2025-05-16 05:00:00,1.12035,1.12087,1.11996,1.12022
2025-05-16 06:00:00,1.12022,1.12059,1.11991,1.12005
2025-05-16 07:00:00,1.12005,1.12045,1.11964,1.12032
2025-05-16 08:00:00,1.12032,1.12189,1.12012,1.12158
2025-05-16 09:00:00,1.12158,1.12197,1.12074,1.12124
2025-05-16 10:00:00,1.12124,1.12174,1.12062,1.12089
2025-05-16 11:00:00,1.12089,1.12094,1.1197300000000001,1.11991
2025-05-16 12:00:00,1.11991,1.12088,1.11917,1.11945
2025-05-16 13:00:00,1.11945,1.12002,1.11882,1.11998
2025-05-16 14:00:00,1.11998,1.12082,1.11904,1.11944
2025-05-16 15:00:00,1.11944,1.11989,1.11911,1.11972
2025-05-16 16:00:00,1.11972,1.12058,1.11882,1.12003
2025-05-16 17:00:00,1.12003,1.12024,1.11519,1.11548
2025-05-16 18:00:00,1.11548,1.11588,1.11402,1.11403
2025-05-16 19:00:00,1.11403,1.11477,1.1131199999999999,1.1145100000000001
2025-05-16 20:00:00,1.1145100000000001,1.11479,1.11396,1.1145
2025-05-16 21:00:00,1.1145,1.11554,1.11433,1.11527
2025-05-16 22:00:00,1.11527,1.11586,1.1148,1.11493
2025-05-16 23:00:00,1.11493,1.11658,1.11449,1.11649
2025-05-19 00:00:00,1.11755,1.11831,1.11694,1.11701
2025-05-19 01:00:00,1.11701,1.11943,1.11696,1.11903
2025-05-19 02:00:00,1.11903,1.11942,1.11819,1.1189
2025-05-19 03:00:00,1.1189,1.11987,1.11803,1.1197300000000001
2025-05-19 04:00:00,1.1197300000000001,1.1199,1.11732,1.11763
2025-05-19 05:00:00,1.11763,1.11885,1.11725,1.11823
2025-05-19 06:00:00,1.11823,1.11856,1.11787,1.11812
2025-05-19 07:00:00,1.11812,1.11874,1.11773,1.11839
2025-05-19 08:00:00,1.11838,1.11884,1.11765,1.1185
2025-05-19 09:00:00,1.1185,1.12124,1.11819,1.12092
2025-05-19 10:00:00,1.12093,1.1245,1.12058,1.1238299999999999
2025-05-19 11:00:00,1.1238299999999999,1.1259299999999999,1.1236,1.12574
2025-05-19 12:00:00,1.12574,1.12806,1.1255,1.12799
2025-05-19 13:00:00,1.12799,1.12884,1.1268799999999999,1.12784
2025-05-19 14:00:00,1.12784,1.12799,1.12621,1.12732
2025-05-19 15:00:00,1.12732,1.12736,1.12567,1.12568
2025-05-19 16:00:00,1.1257,1.12653,1.12472,1.12513
2025-05-19 17:00:00,1.12515,1.12578,1.12417,1.12538
2025-05-19 18:00:00,1.12538,1.12599,1.12335,1.12363
2025-05-19 19:00:00,1.12363,1.12397,1.12295,1.12353
2025-05-19 20:00:00,1.12353,1.12388,1.12243,1.12303
2025-05-19 21:00:00,1.12303,1.1237,1.12247,1.12351
2025-05-19 22:00:00,1.12351,1.12419,1.1233,1.12402
2025-05-19 23:00:00,1.12402,1.12448,1.12392,1.124
2025-05-20 00:00:00,1.12358,1.12433,1.12324,1.1242
2025-05-20 01:00:00,1.1242,1.12438,1.12351,1.12353
2025-05-20 02:00:00,1.12353,1.12363,1.12316,1.12324
2025-05-20 03:00:00,1.12324,1.12325,1.12181,1.1228
2025-05-20 04:00:00,1.1228,1.12514,1.1228,1.12384
2025-05-20 05:00:00,1.12384,1.12463,1.1226099999999999,1.12323
2025-05-20 06:00:00,1.12323,1.12476,1.12295,1.12451
2025-05-20 07:00:00,1.12451,1.1250499999999999,1.12404,1.12424
2025-05-20 08:00:00,1.12424,1.12585,1.12419,1.12547
2025-05-20 09:00:00,1.12547,1.12625,1.12509,1.12577
2025-05-20 10:00:00,1.12577,1.12778,1.1253,1.12764
2025-05-20 11:00:00,1.12764,1.12764,1.12476,1.12585
2025-05-20 12:00:00,1.12585,1.12672,1.125,1.12554
2025-05-20 13:00:00,1.12554,1.12579,1.12431,1.12446
2025-05-20 14:00:00,1.12446,1.12518,1.1244,1.12459
2025-05-20 15:00:00,1.12459,1.12473,1.12238,1.12344
2025-05-20 16:00:00,1.12345,1.12496,1.12248,1.12459
2025-05-20 17:00:00,1.12459,1.12692,1.12458,1.12686
2025-05-20 18:00:00,1.12686,1.12699,1.12497,1.1253199999999999
2025-05-20 19:00:00,1.1253199999999999,1.12579,1.12453,1.12568
2025-05-20 20:00:00,1.12568,1.12776,1.12548,1.1274
2025-05-20 21:00:00,1.1274,1.12804,1.1271200000000001,1.12725
2025-05-20 22:00:00,1.12725,1.12826,1.1272,1.12805
2025-05-20 23:00:00,1.12805,1.12857,1.12784,1.1284399999999999
2025-05-21 00:00:00,1.12821,1.12843,1.12798,1.12817
2025-05-21 01:00:00,1.12817,1.12869,1.12805,1.1280999999999999
2025-05-21 02:00:00,1.1280999999999999,1.12901,1.12806,1.12884
2025-05-21 03:00:00,1.12884,1.13015,1.12878,1.1295600000000001
2025-05-21 04:00:00,1.1295600000000001,1.13028,1.12867,1.12985
2025-05-21 05:00:00,1.12985,1.13262,1.12974,1.1322
2025-05-21 06:00:00,1.1322,1.134,1.13193,1.13342
2025-05-21 07:00:00,1.13342,1.13368,1.13257,1.13291
2025-05-21 08:00:00,1.13291,1.1338,1.13266,1.1332
2025-05-21 09:00:00,1.1332,1.13532,1.13223,1.13329
2025-05-21 10:00:00,1.13329,1.1334,1.13143,1.1323400000000001
2025-05-21 11:00:00,1.1323400000000001,1.1334,1.13123,1.13226
2025-05-21 12:00:00,1.13226,1.1335,1.13148,1.13349
2025-05-21 13:00:00,1.13349,1.1362,1.13316,1.13389
2025-05-21 14:00:00,1.13389,1.13448,1.1319,1.13235
2025-05-21 15:00:00,1.1324,1.13349,1.13175,1.13346
2025-05-21 16:00:00,1.13347,1.1339,1.13235,1.13369
2025-05-21 17:00:00,1.13369,1.13545,1.13324,1.13409
2025-05-21 18:00:00,1.13409,1.13486,1.13326,1.13427
2025-05-21 19:00:00,1.13427,1.13522,1.13391,1.13405
2025-05-21 20:00:00,1.13405,1.13629,1.13377,1.13484
2025-05-21 21:00:00,1.13483,1.13489,1.13318,1.13333
2025-05-21 22:00:00,1.13333,1.1339299999999999,1.13185,1.1319
2025-05-21 23:00:00,1.1319,1.13318,1.13157,1.1331
2025-05-22 00:00:00,1.1325,1.13292,1.13241,1.13279
2025-05-22 01:00:00,1.13279,1.13305,1.13152,1.13152
2025-05-22 02:00:00,1.13152,1.13326,1.13112,1.1332200000000001
2025-05-22 03:00:00,1.1332200000000001,1.13437,1.13262,1.13273
2025-05-22 04:00:00,1.13273,1.13408,1.13174,1.13379
2025-05-22 05:00:00,1.13379,1.13449,1.13286,1.1339
2025-05-22 06:00:00,1.13389,1.13423,1.13308,1.1333199999999999
2025-05-22 07:00:00,1.1333199999999999,1.13344,1.13248,1.13331
2025-05-22 08:00:00,1.13331,1.13354,1.13251,1.13335
2025-05-22 09:00:00,1.13335,1.13421,1.13177,1.13227
2025-05-22 10:00:00,1.13226,1.13248,1.12953,1.13209
2025-05-22 11:00:00,1.13211,1.13349,1.13014,1.13019
2025-05-22 12:00:00,1.13019,1.13035,1.1291,1.12943
2025-05-22 13:00:00,1.12943,1.12997,1.12903,1.12921
2025-05-22 14:00:00,1.12921,1.13131,1.12921,1.13087
2025-05-22 15:00:00,1.13087,1.13151,1.1285,1.1295
2025-05-22 16:00:00,1.1295,1.1309,1.12818,1.12835
2025-05-22 17:00:00,1.12833,1.1298,1.1275,1.1277300000000001
2025-05-22 18:00:00,1.12774,1.12885,1.1266,1.12806
2025-05-22 19:00:00,1.12804,1.12879,1.12685,1.12694
2025-05-22 20:00:00,1.12696,1.12711,1.12559,1.12681
2025-05-22 21:00:00,1.1268,1.12808,1.12674,1.12781
2025-05-22 22:00:00,1.12781,1.12857,1.1278,1.12787
2025-05-22 23:00:00,1.12787,1.12836,1.12776,1.12786
2025-05-23 00:00:00,1.12788,1.12809,1.12763,1.12798
2025-05-23 01:00:00,1.12798,1.12874,1.12798,1.12865
2025-05-23 02:00:00,1.12865,1.12892,1.12811,1.12824
2025-05-23 03:00:00,1.12823,1.13,1.1279,1.12971
2025-05-23 04:00:00,1.12971,1.13189,1.12951,1.13141
2025-05-23 05:00:00,1.13141,1.1318,1.13084,1.1314899999999999
2025-05-23 06:00:00,1.1314899999999999,1.13175,1.13113,1.13116
2025-05-23 07:00:00,1.13116,1.1320999999999999,1.13079,1.13179
2025-05-23 08:00:00,1.13179,1.13259,1.13083,1.13228
2025-05-23 09:00:00,1.13226,1.13269,1.13103,1.13123
2025-05-23 10:00:00,1.13123,1.13442,1.13095,1.13396
2025-05-23 11:00:00,1.13396,1.13447,1.13329,1.1342
2025-05-23 12:00:00,1.1342,1.13541,1.13385,1.13492
2025-05-23 13:00:00,1.13492,1.13578,1.13445,1.1349
2025-05-23 14:00:00,1.1349,1.13755,1.12987,1.13215
2025-05-23 15:00:00,1.13215,1.13502,1.12976,1.13336
2025-05-23 16:00:00,1.13336,1.1338,1.13133,1.13148
2025-05-23 17:00:00,1.1314899999999999,1.13463,1.1311,1.13451
2025-05-23 18:00:00,1.1345,1.13595,1.13317,1.13493
2025-05-23 19:00:00,1.13497,1.13598,1.1341,1.13583
2025-05-23 20:00:00,1.13583,1.13673,1.13519,1.13609
2025-05-23 21:00:00,1.13609,1.13694,1.13557,1.13594
2025-05-23 22:00:00,1.13597,1.13658,1.13554,1.13636
2025-05-23 23:00:00,1.13636,1.13681,1.13593,1.1364
2025-05-26 00:00:00,1.13626,1.13679,1.13601,1.13674
2025-05-26 01:00:00,1.13674,1.13796,1.13625,1.13741
2025-05-26 02:00:00,1.13741,1.13819,1.137,1.1375
2025-05-26 03:00:00,1.1375,1.13978,1.13747,1.1397
2025-05-26 04:00:00,1.13969,1.14158,1.1388099999999999,1.14126
2025-05-26 05:00:00,1.14126,1.14188,1.14081,1.14097
2025-05-26 06:00:00,1.14097,1.1412499999999999,1.14051,1.14116
2025-05-26 07:00:00,1.14116,1.14133,1.14034,1.14095
2025-05-26 08:00:00,1.14095,1.14185,1.14006,1.14172
2025-05-26 09:00:00,1.14172,1.14184,1.1408,1.14091
2025-05-26 10:00:00,1.1409,1.1412200000000001,1.13886,1.13892
2025-05-26 11:00:00,1.13892,1.13956,1.13831,1.13846
2025-05-26 12:00:00,1.13848,1.13859,1.13761,1.13791
2025-05-26 13:00:00,1.13791,1.13864,1.13765,1.13843
2025-05-26 14:00:00,1.13843,1.13869,1.13742,1.13771
2025-05-26 15:00:00,1.13771,1.13824,1.1369,1.13752
2025-05-26 16:00:00,1.13752,1.13835,1.1373199999999999,1.13817
2025-05-26 17:00:00,1.13817,1.1385,1.13767,1.1384400000000001
2025-05-26 18:00:00,1.1384400000000001,1.1385399999999999,1.13774,1.13815
2025-05-26 19:00:00,1.13815,1.13834,1.13761,1.13833
2025-05-26 20:00:00,1.13833,1.13839,1.13786,1.13808
2025-05-26 21:00:00,1.13808,1.13833,1.138,1.13809
2025-05-26 22:00:00,1.13809,1.13856,1.13804,1.1385399999999999
2025-05-26 23:00:00,1.1385399999999999,1.13882,1.13841,1.13868
2025-05-27 00:00:00,1.13828,1.13856,1.13805,1.13835
2025-05-27 01:00:00,1.1384400000000001,1.13947,1.1384400000000001,1.13904
2025-05-27 02:00:00,1.13904,1.13913,1.13871,1.13886
2025-05-27 03:00:00,1.13886,1.1403,1.1388,1.1400000000000001
2025-05-27 04:00:00,1.1400000000000001,1.14073,1.13912,1.13953
2025-05-27 05:00:00,1.13952,1.14031,1.13909,1.13928
2025-05-27 06:00:00,1.13928,1.1401,1.13903,1.13938
2025-05-27 07:00:00,1.13938,1.1398,1.13777,1.13784
2025-05-27 08:00:00,1.13784,1.13794,1.1367099999999999,1.13789
2025-05-27 09:00:00,1.13787,1.1393,1.13643,1.13652
2025-05-27 10:00:00,1.13651,1.13712,1.13373,1.13409
2025-05-27 11:00:00,1.13409,1.13578,1.13389,1.13489
2025-05-27 12:00:00,1.13487,1.13581,1.13448,1.13484
2025-05-27 13:00:00,1.13484,1.13519,1.13407,1.13439
2025-05-27 14:00:00,1.13439,1.13544,1.13413,1.13512
2025-05-27 15:00:00,1.13512,1.13679,1.1351,1.13669
2025-05-27 16:00:00,1.13669,1.13755,1.13557,1.13584
2025-05-27 17:00:00,1.13585,1.13614,1.13382,1.13412
2025-05-27 18:00:00,1.13412,1.13413,1.13233,1.13255
2025-05-27 19:00:00,1.13254,1.13354,1.13236,1.13318
2025-05-27 20:00:00,1.13318,1.1337,1.13303,1.13329
2025-05-27 21:00:00,1.13329,1.13388,1.13285,1.13372
2025-05-27 22:00:00,1.13372,1.13388,1.13301,1.13309
2025-05-27 23:00:00,1.13309,1.13328,1.13264,1.1327
2025-05-28 00:00:00,1.13254,1.13304,1.13225,1.13268
2025-05-28 01:00:00,1.13268,1.13373,1.13262,1.13368
2025-05-28 02:00:00,1.13368,1.13381,1.13315,1.1337
2025-05-28 03:00:00,1.1337,1.13451,1.13341,1.13344
2025-05-28 04:00:00,1.13344,1.13392,1.13154,1.13175
2025-05-28 05:00:00,1.13175,1.13256,1.13008,1.13053
2025-05-28 06:00:00,1.13056,1.13131,1.13007,1.13075
2025-05-28 07:00:00,1.13075,1.13106,1.1302699999999999,1.13063
2025-05-28 08:00:00,1.13063,1.1314899999999999,1.1295600000000001,1.13148
2025-05-28 09:00:00,1.13148,1.1317,1.13038,1.1304400000000001
2025-05-28 10:00:00,1.1304400000000001,1.13312,1.1303,1.13267
2025-05-28 11:00:00,1.13267,1.13344,1.13182,1.13323
2025-05-28 12:00:00,1.13323,1.13405,1.13282,1.13336
2025-05-28 13:00:00,1.13336,1.13407,1.13242,1.13258
2025-05-28 14:00:00,1.13258,1.13286,1.13166,1.13178
2025-05-28 15:00:00,1.13178,1.13245,1.13076,1.13111
2025-05-28 16:00:00,1.13111,1.13137,1.12971,1.1308799999999999
2025-05-28 17:00:00,1.13087,1.13248,1.13011,1.13023
2025-05-28 18:00:00,1.13023,1.13087,1.12839,1.12847
2025-05-28 19:00:00,1.12847,1.12968,1.12842,1.12941
2025-05-28 20:00:00,1.12941,1.13008,1.12907,1.12915
2025-05-28 21:00:00,1.12913,1.12981,1.1284399999999999,1.12935
2025-05-28 22:00:00,1.12936,1.12957,1.12878,1.12897
2025-05-28 23:00:00,1.12896,1.12957,1.12891,1.12894
2025-05-29 00:00:00,1.129,1.12949,1.12875,1.12934
2025-05-29 01:00:00,1.12934,1.12973,1.12907,1.12919
2025-05-29 02:00:00,1.12918,1.12924,1.12107,1.12297
2025-05-29 03:00:00,1.12297,1.12508,1.12235,1.12349
2025-05-29 04:00:00,1.12348,1.12534,1.12237,1.12519
2025-05-29 05:00:00,1.12519,1.12571,1.12418,1.1246
2025-05-29 06:00:00,1.1246,1.12565,1.12428,1.12486
2025-05-29 07:00:00,1.12486,1.12549,1.12441,1.12479
2025-05-29 08:00:00,1.12479,1.12507,1.12311,1.12438
2025-05-29 09:00:00,1.12439,1.12738,1.12424,1.12714
2025-05-29 10:00:00,1.12714,1.12828,1.12713,1.12758
2025-05-29 11:00:00,1.12757,1.12791,1.1262,1.12719
2025-05-29 12:00:00,1.1272,1.1284,1.12716,1.1278
2025-05-29 13:00:00,1.1278,1.12915,1.12766,1.12866
2025-05-29 14:00:00,1.12866,1.12908,1.1268,1.1271
2025-05-29 15:00:00,1.1271,1.13499,1.1271,1.13493
2025-05-29 16:00:00,1.13493,1.13601,1.1339299999999999,1.13513
2025-05-29 17:00:00,1.13516,1.13695,1.1343,1.13501
2025-05-29 18:00:00,1.13501,1.13708,1.1348799999999999,1.13701
2025-05-29 19:00:00,1.1369799999999999,1.13799,1.13672,1.13716
2025-05-29 20:00:00,1.13716,1.1384400000000001,1.13618,1.13771
2025-05-29 21:00:00,1.13772,1.13845,1.13744,1.13752
2025-05-29 22:00:00,1.13752,1.1378300000000001,1.13663,1.13668
2025-05-29 23:00:00,1.13669,1.13701,1.1360999999999999,1.13648
2025-05-30 00:00:00,1.13644,1.13715,1.1363,1.13657
2025-05-30 01:00:00,1.13657,1.13771,1.13654,1.13713
2025-05-30 02:00:00,1.13713,1.13794,1.13695,1.1377
2025-05-30 03:00:00,1.1377,1.13851,1.13645,1.13725
2025-05-30 04:00:00,1.13725,1.13899,1.13524,1.13548
2025-05-30 05:00:00,1.13548,1.13592,1.13484,1.13496
2025-05-30 06:00:00,1.13496,1.13572,1.13459,1.13497
2025-05-30 07:00:00,1.13497,1.13538,1.13457,1.13461
2025-05-30 08:00:00,1.13461,1.13547,1.13432,1.13513
2025-05-30 09:00:00,1.13513,1.13521,1.13361,1.13466
2025-05-30 10:00:00,1.13467,1.13482,1.13279,1.13378
2025-05-30 11:00:00,1.13378,1.13448,1.13235,1.1324
2025-05-30 12:00:00,1.1324,1.13323,1.13232,1.13256
2025-05-30 13:00:00,1.13256,1.13348,1.13248,1.13276
2025-05-30 14:00:00,1.13276,1.13388,1.13233,1.13381
2025-05-30 15:00:00,1.13381,1.13587,1.13348,1.13462
2025-05-30 16:00:00,1.13462,1.1348,1.13127,1.13177
2025-05-30 17:00:00,1.13177,1.13546,1.1313900000000001,1.13521
2025-05-30 18:00:00,1.13522,1.13583,1.13436,1.13464
2025-05-30 19:00:00,1.13465,1.13552,1.13436,1.13504
2025-05-30 20:00:00,1.13504,1.13672,1.13499,1.13573
2025-05-30 21:00:00,1.13573,1.13651,1.1354899999999999,1.13588
2025-05-30 22:00:00,1.13587,1.13608,1.13495,1.13564
2025-05-30 23:00:00,1.13565,1.13565,1.1345,1.1347800000000001
2025-06-02 00:00:00,1.13463,1.13523,1.13382,1.13463
2025-06-02 01:00:00,1.13463,1.13578,1.13426,1.13553
2025-06-02 02:00:00,1.13552,1.13604,1.1351,1.13531
2025-06-02 03:00:00,1.13531,1.13748,1.13527,1.13687
2025-06-02 04:00:00,1.13687,1.13822,1.13678,1.13702
2025-06-02 05:00:00,1.13702,1.13736,1.13619,1.13646
2025-06-02 06:00:00,1.13644,1.1366,1.13544,1.13621
2025-06-02 07:00:00,1.13621,1.1367,1.13601,1.13656
2025-06-02 08:00:00,1.13656,1.13806,1.1364,1.13796
2025-06-02 09:00:00,1.13796,1.14069,1.13786,1.14013
2025-06-02 10:00:00,1.14014,1.14369,1.13989,1.14238
2025-06-02 11:00:00,1.14238,1.14277,1.14128,1.14203
2025-06-02 12:00:00,1.14203,1.1437,1.14194,1.14234
2025-06-02 13:00:00,1.14234,1.1428099999999999,1.14132,1.14153
2025-06-02 14:00:00,1.14153,1.14265,1.14092,1.14143
2025-06-02 15:00:00,1.14143,1.14291,1.14113,1.14185
2025-06-02 16:00:00,1.14185,1.1423,1.14045,1.14195
2025-06-02 17:00:00,1.14194,1.1449799999999999,1.14194,1.14348
2025-06-02 18:00:00,1.14349,1.14389,1.14241,1.14307
2025-06-02 19:00:00,1.14307,1.1432,1.14118,1.14187
2025-06-02 20:00:00,1.14186,1.14261,1.14161,1.14226
2025-06-02 21:00:00,1.14226,1.14426,1.14189,1.14415
2025-06-02 22:00:00,1.14415,1.14457,1.14336,1.14452
2025-06-02 23:00:00,1.14453,1.1446399999999999,1.14399,1.14432
2025-06-03 00:00:00,1.1439,1.14408,1.14335,1.14389
2025-06-03 01:00:00,1.14389,1.1446,1.14373,1.14453
2025-06-03 02:00:00,1.14452,1.1454,1.14447,1.14531
2025-06-03 03:00:00,1.14531,1.14547,1.14389,1.14433
2025-06-03 04:00:00,1.14433,1.14434,1.14269,1.14278
2025-06-03 05:00:00,1.14278,1.14306,1.14187,1.14256
2025-06-03 06:00:00,1.14256,1.14274,1.14161,1.14199
2025-06-03 07:00:00,1.14199,1.14258,1.14172,1.14256
2025-06-03 08:00:00,1.14256,1.14276,1.14121,1.14221
2025-06-03 09:00:00,1.14221,1.14313,1.14155,1.14291
2025-06-03 10:00:00,1.14289,1.14325,1.14144,1.1415899999999999
2025-06-03 11:00:00,1.1416,1.14186,1.14056,1.14118
2025-06-03 12:00:00,1.14117,1.14182,1.14017,1.14119
2025-06-03 13:00:00,1.14119,1.14126,1.13964,1.13979
2025-06-03 14:00:00,1.13979,1.13992,1.13865,1.13906
2025-06-03 15:00:00,1.13906,1.13941,1.13772,1.1381999999999999
2025-06-03 16:00:00,1.1381999999999999,1.13951,1.13773,1.13877
2025-06-03 17:00:00,1.13875,1.13934,1.13642,1.1392
2025-06-03 18:00:00,1.1392,1.13931,1.13709,1.1372200000000001
2025-06-03 19:00:00,1.1372200000000001,1.13835,1.13676,1.13735
2025-06-03 20:00:00,1.13734,1.13818,1.1373,1.1378
2025-06-03 21:00:00,1.1378,1.1378,1.13693,1.1374900000000001
2025-06-03 22:00:00,1.1374900000000001,1.13762,1.13677,1.13689
2025-06-03 23:00:00,1.13689,1.13741,1.13684,1.13703
2025-06-04 00:00:00,1.13699,1.13754,1.13679,1.13747
2025-06-04 01:00:00,1.13747,1.13753,1.13704,1.13743
2025-06-04 02:00:00,1.13743,1.13862,1.13742,1.13843
2025-06-04 03:00:00,1.13841,1.13891,1.13784,1.13827
2025-06-04 04:00:00,1.13827,1.13935,1.13716,1.13857
2025-06-04 05:00:00,1.13857,1.1388,1.13736,1.13761
2025-06-04 06:00:00,1.13761,1.1381000000000001,1.13657,1.13678
2025-06-04 07:00:00,1.13678,1.13792,1.13649,1.13668
2025-06-04 08:00:00,1.13668,1.13718,1.1357,1.13625
2025-06-04 09:00:00,1.13625,1.13784,1.13575,1.1378
2025-06-04 10:00:00,1.13778,1.13969,1.13758,1.13867
2025-06-04 11:00:00,1.13867,1.1404,1.13829,1.13995
2025-06-04 12:00:00,1.13995,1.13995,1.13816,1.1383
2025-06-04 13:00:00,1.1383,1.13857,1.1374900000000001,1.13824
2025-06-04 14:00:00,1.13824,1.13875,1.13772,1.13794
2025-06-04 15:00:00,1.13794,1.1411,1.13794,1.14093
2025-06-04 16:00:00,1.14095,1.14138,1.13929,1.13979
2025-06-04 17:00:00,1.13992,1.14345,1.13992,1.14329
2025-06-04 18:00:00,1.14327,1.14339,1.14171,1.14236
2025-06-04 19:00:00,1.14236,1.14346,1.14198,1.14331
2025-06-04 20:00:00,1.14331,1.14336,1.14236,1.14249
2025-06-04 21:00:00,1.14249,1.14284,1.14202,1.14205
2025-06-04 22:00:00,1.14205,1.14218,1.1412200000000001,1.1412200000000001
2025-06-04 23:00:00,1.1412200000000001,1.14224,1.14101,1.1414900000000001
2025-06-05 00:00:00,1.14132,1.14186,1.14105,1.14138
2025-06-05 01:00:00,1.14138,1.1423,1.14136,1.14199
2025-06-05 02:00:00,1.14199,1.14288,1.14187,1.1421000000000001
2025-06-05 03:00:00,1.1421000000000001,1.14294,1.14163,1.14292
2025-06-05 04:00:00,1.14292,1.1435,1.14136,1.14166
2025-06-05 05:00:00,1.14166,1.14196,1.14105,1.14178
2025-06-05 06:00:00,1.14178,1.14228,1.1409,1.14107
2025-06-05 07:00:00,1.14107,1.14145,1.1408,1.14105
2025-06-05 08:00:00,1.14105,1.14137,1.14046,1.14063
2025-06-05 09:00:00,1.14063,1.14172,1.14054,1.14091
2025-06-05 10:00:00,1.14091,1.14251,1.1407,1.14119
2025-06-05 11:00:00,1.14119,1.14195,1.14091,1.14131
2025-06-05 12:00:00,1.14131,1.14218,1.14097,1.14188
2025-06-05 13:00:00,1.14188,1.14328,1.14178,1.14242
2025-06-05 14:00:00,1.14242,1.14284,1.14162,1.14265
2025-06-05 15:00:00,1.14261,1.1449,1.14134,1.14296
2025-06-05 16:00:00,1.14297,1.14951,1.14185,1.14806
2025-06-05 17:00:00,1.14806,1.14822,1.14544,1.14581
2025-06-05 18:00:00,1.14579,1.1459,1.14352,1.1439300000000001
2025-06-05 19:00:00,1.14394,1.1448,1.14316,1.1448
2025-06-05 20:00:00,1.1448,1.14483,1.14319,1.14431
2025-06-05 21:00:00,1.14431,1.14443,1.14312,1.14423
2025-06-05 22:00:00,1.14423,1.14481,1.14338,1.14381
2025-06-05 23:00:00,1.14381,1.14452,1.14354,1.1444
2025-06-06 00:00:00,1.1443699999999999,1.14467,1.1438,1.14396
2025-06-06 01:00:00,1.14396,1.14519,1.14394,1.14518
2025-06-06 02:00:00,1.14518,1.14541,1.14468,1.14536
2025-06-06 03:00:00,1.14536,1.14575,1.14499,1.14502
2025-06-06 04:00:00,1.14502,1.14524,1.14413,1.14425
2025-06-06 05:00:00,1.14425,1.14435,1.1433200000000001,1.14379
2025-06-06 06:00:00,1.14379,1.14439,1.14362,1.14402
2025-06-06 07:00:00,1.14402,1.14424,1.14373,1.144
2025-06-06 08:00:00,1.144,1.14404,1.14309,1.14359
2025-06-06 09:00:00,1.14359,1.14425,1.1425,1.14356
2025-06-06 10:00:00,1.14356,1.14369,1.14214,1.1427100000000001
2025-06-06 11:00:00,1.1427100000000001,1.14294,1.14117,1.14146
2025-06-06 12:00:00,1.14147,1.14214,1.14111,1.14195
2025-06-06 13:00:00,1.14195,1.14245,1.14174,1.14229
2025-06-06 14:00:00,1.14229,1.1429,1.14171,1.1418
2025-06-06 15:00:00,1.1418,1.1431499999999999,1.13858,1.13968
2025-06-06 16:00:00,1.13968,1.14025,1.13717,1.13903
2025-06-06 17:00:00,1.13906,1.14164,1.1381000000000001,1.13895
2025-06-06 18:00:00,1.13895,1.14024,1.13812,1.1396600000000001
2025-06-06 19:00:00,1.1396600000000001,1.14016,1.13861,1.13873
2025-06-06 20:00:00,1.13873,1.1398,1.13847,1.13932
2025-06-06 21:00:00,1.13932,1.13997,1.13928,1.13972
2025-06-06 22:00:00,1.13972,1.1402,1.13927,1.13962
2025-06-06 23:00:00,1.13962,1.1398,1.13914,1.13934
2025-06-09 00:00:00,1.13989,1.13989,1.13885,1.13925
2025-06-09 01:00:00,1.13925,1.14071,1.13925,1.14067
2025-06-09 02:00:00,1.14067,1.14115,1.14038,1.14066
2025-06-09 03:00:00,1.14066,1.14091,1.13929,1.13938
2025-06-09 04:00:00,1.13938,1.14173,1.13938,1.14154
2025-06-09 05:00:00,1.14155,1.14253,1.14143,1.14172
2025-06-09 06:00:00,1.14172,1.14211,1.1412,1.14121
2025-06-09 07:00:00,1.14121,1.14191,1.14111,1.14185
2025-06-09 08:00:00,1.14185,1.1424400000000001,1.14121,1.1421999999999999
2025-06-09 09:00:00,1.1421999999999999,1.14298,1.1418,1.14275
2025-06-09 10:00:00,1.14275,1.14287,1.14197,1.14225
2025-06-09 11:00:00,1.14225,1.14363,1.14187,1.14284
2025-06-09 12:00:00,1.14284,1.1439300000000001,1.14259,1.14261
2025-06-09 13:00:00,1.14261,1.1429,1.14161,1.14195
2025-06-09 14:00:00,1.14195,1.14232,1.14058,1.14176
2025-06-09 15:00:00,1.14176,1.1418300000000001,1.13946,1.14004
2025-06-09 16:00:00,1.14005,1.14045,1.13866,1.14021
2025-06-09 17:00:00,1.14021,1.1409,1.13937,1.1408
2025-06-09 18:00:00,1.1408,1.14256,1.14077,1.14243
2025-06-09 19:00:00,1.14243,1.14257,1.14153,1.14247
2025-06-09 20:00:00,1.14246,1.14263,1.14195,1.14221
2025-06-09 21:00:00,1.14221,1.1431,1.14193,1.14279
2025-06-09 22:00:00,1.14279,1.14295,1.14226,1.1423
2025-06-09 23:00:00,1.1423,1.1427100000000001,1.14184,1.14199
2025-06-10 00:00:00,1.1417,1.14213,1.14146,1.14194
2025-06-10 01:00:00,1.14194,1.14238,1.1419,1.14231
2025-06-10 02:00:00,1.14231,1.14284,1.14203,1.14264
2025-06-10 03:00:00,1.14264,1.14356,1.14219,1.14243
2025-06-10 04:00:00,1.14243,1.14284,1.13952,1.13969
2025-06-10 05:00:00,1.13968,1.14007,1.13862,1.1399
2025-06-10 06:00:00,1.1399,1.14052,1.13917,1.14031
2025-06-10 07:00:00,1.14031,1.14042,1.13916,1.13996
2025-06-10 08:00:00,1.13996,1.14137,1.1398,1.14052
2025-06-10 09:00:00,1.14051,1.1414900000000001,1.13921,1.13947
2025-06-10 10:00:00,1.13946,1.13998,1.1373,1.13922
2025-06-10 11:00:00,1.13922,1.14113,1.13916,1.14083
2025-06-10 12:00:00,1.14083,1.14184,1.14034,1.14166
2025-06-10 13:00:00,1.14166,1.14251,1.14116,1.14237
2025-06-10 14:00:00,1.14237,1.1434199999999999,1.14194,1.14292
2025-06-10 15:00:00,1.14292,1.14404,1.1425,1.14323
2025-06-10 16:00:00,1.14323,1.14477,1.14307,1.14429
2025-06-10 17:00:00,1.14428,1.1445,1.14205,1.14258
2025-06-10 18:00:00,1.14258,1.14279,1.14157,1.14227
2025-06-10 19:00:00,1.14227,1.14268,1.14162,1.14236
2025-06-10 20:00:00,1.14236,1.14288,1.14172,1.14229
2025-06-10 21:00:00,1.14229,1.14252,1.14166,1.14202
2025-06-10 22:00:00,1.14202,1.1436600000000001,1.14192,1.14262
2025-06-10 23:00:00,1.14262,1.14299,1.14189,1.14248
2025-06-11 00:00:00,1.14227,1.14264,1.1419,1.14239
2025-06-11 01:00:00,1.14239,1.14295,1.142,1.14289
2025-06-11 02:00:00,1.14289,1.14396,1.14221,1.14375
2025-06-11 03:00:00,1.14375,1.14389,1.14204,1.14211
2025-06-11 04:00:00,1.14211,1.14269,1.14062,1.14087
2025-06-11 05:00:00,1.14087,1.14179,1.14074,1.14155
2025-06-11 06:00:00,1.14155,1.14176,1.14115,1.14163
2025-06-11 07:00:00,1.14163,1.1418,1.1412,1.14157
2025-06-11 08:00:00,1.14157,1.14232,1.14136,1.14224
2025-06-11 09:00:00,1.14224,1.14236,1.14072,1.14101
2025-06-11 10:00:00,1.14101,1.14239,1.14054,1.14195
2025-06-11 11:00:00,1.14195,1.14386,1.14184,1.14308
2025-06-11 12:00:00,1.14308,1.14458,1.14299,1.14349
2025-06-11 13:00:00,1.14349,1.1442700000000001,1.14333,1.14383
2025-06-11 14:00:00,1.14383,1.14405,1.14267,1.14328
2025-06-11 15:00:00,1.14328,1.14895,1.14283,1.14606
2025-06-11 16:00:00,1.14606,1.14737,1.1453,1.14704
2025-06-11 17:00:00,1.14704,1.14868,1.14672,1.14818
2025-06-11 18:00:00,1.14818,1.14903,1.14748,1.14894
2025-06-11 19:00:00,1.14894,1.14962,1.1482,1.14896
2025-06-11 20:00:00,1.14896,1.14989,1.14883,1.14974
2025-06-11 21:00:00,1.14974,1.14995,1.14836,1.14862
2025-06-11 22:00:00,1.14862,1.14868,1.1479300000000001,1.1482700000000001
2025-06-11 23:00:00,1.14832,1.14893,1.14804,1.14884
2025-06-12 00:00:00,1.14871,1.14879,1.14815,1.14876
2025-06-12 01:00:00,1.14875,1.15089,1.14875,1.15058
2025-06-12 02:00:00,1.15058,1.15131,1.15046,1.15102
2025-06-12 03:00:00,1.15102,1.15267,1.15018,1.15214
2025-06-12 04:00:00,1.15214,1.15292,1.15147,1.15187
2025-06-12 05:00:00,1.15187,1.1519,1.15066,1.15114
2025-06-12 06:00:00,1.15114,1.15222,1.15105,1.15198
2025-06-12 07:00:00,1.15198,1.15198,1.15122,1.15154
2025-06-12 08:00:00,1.15154,1.15327,1.15109,1.1528
2025-06-12 09:00:00,1.15278,1.15316,1.15114,1.15222
2025-06-12 10:00:00,1.15222,1.15279,1.15058,1.1526399999999999
2025-06-12 11:00:00,1.1526399999999999,1.1547399999999999,1.15231,1.15442
2025-06-12 12:00:00,1.15443,1.15888,1.15404,1.15721
2025-06-12 13:00:00,1.15721,1.16103,1.15668,1.15929
2025-06-12 14:00:00,1.15929,1.16068,1.15842,1.15896
2025-06-12 15:00:00,1.15896,1.16315,1.15883,1.16098
2025-06-12 16:00:00,1.16098,1.16172,1.15794,1.1585
2025-06-12 17:00:00,1.15849,1.15902,1.15791,1.15821
2025-06-12 18:00:00,1.15821,1.15851,1.15675,1.1577
2025-06-12 19:00:00,1.1577,1.15797,1.15669,1.15761
2025-06-12 20:00:00,1.15761,1.15782,1.15638,1.1575199999999999
2025-06-12 21:00:00,1.15751,1.15809,1.15702,1.15777
2025-06-12 22:00:00,1.15777,1.15808,1.15748,1.15762
2025-06-12 23:00:00,1.15762,1.15872,1.15758,1.15845
2025-06-13 00:00:00,1.1581,1.1588,1.15765,1.15877
2025-06-13 01:00:00,1.15881,1.15929,1.15868,1.15899
2025-06-13 02:00:00,1.15899,1.16095,1.15868,1.16092
2025-06-13 03:00:00,1.16088,1.16146,1.15396,1.1559
2025-06-13 04:00:00,1.1559,1.15602,1.15373,1.15485
2025-06-13 05:00:00,1.15484,1.15585,1.15371,1.15454
2025-06-13 06:00:00,1.15454,1.15466,1.15277,1.15374
2025-06-13 07:00:00,1.15374,1.15409,1.1514199999999999,1.15253
2025-06-13 08:00:00,1.15253,1.15372,1.1512,1.15294
2025-06-13 09:00:00,1.15294,1.15465,1.1524,1.15424
2025-06-13 10:00:00,1.15425,1.15605,1.15354,1.15355
2025-06-13 11:00:00,1.15355,1.15472,1.15256,1.15288
2025-06-13 12:00:00,1.15288,1.15358,1.15185,1.15235
2025-06-13 13:00:00,1.15235,1.15297,1.14889,1.15048
2025-06-13 14:00:00,1.15048,1.15109,1.14905,1.15102
2025-06-13 15:00:00,1.15102,1.15227,1.15066,1.15164
2025-06-13 16:00:00,1.15161,1.15276,1.15013,1.15233
2025-06-13 17:00:00,1.1522999999999999,1.15463,1.15211,1.15445
2025-06-13 18:00:00,1.15446,1.15696,1.15381,1.15565
2025-06-13 19:00:00,1.15564,1.15661,1.15524,1.15545
2025-06-13 20:00:00,1.15545,1.15555,1.15373,1.15492
2025-06-13 21:00:00,1.15492,1.15509,1.15336,1.15416
2025-06-13 22:00:00,1.15411,1.15518,1.15367,1.15501
2025-06-13 23:00:00,1.15501,1.15515,1.15377,1.15512
2025-06-16 00:00:00,1.1525,1.1535,1.15211,1.15282
2025-06-16 01:00:00,1.15282,1.1548,1.15247,1.1541299999999999
2025-06-16 02:00:00,1.1541299999999999,1.15421,1.15277,1.15379
2025-06-16 03:00:00,1.15379,1.15468,1.15309,1.15348
2025-06-16 04:00:00,1.15343,1.15444,1.1532,1.15323
2025-06-16 05:00:00,1.15323,1.15364,1.1526399999999999,1.15304
2025-06-16 06:00:00,1.15304,1.1535,1.15237,1.15274
2025-06-16 07:00:00,1.15274,1.15371,1.15272,1.15359
2025-06-16 08:00:00,1.1536,1.15626,1.15358,1.1556899999999999
2025-06-16 09:00:00,1.1556899999999999,1.15761,1.15399,1.15737
2025-06-16 10:00:00,1.15736,1.15865,1.1567,1.15782
2025-06-16 11:00:00,1.15782,1.15848,1.1575199999999999,1.1578
2025-06-16 12:00:00,1.1578,1.15848,1.15761,1.15846
2025-06-16 13:00:00,1.15846,1.15859,1.15724,1.15753
2025-06-16 14:00:00,1.15753,1.15839,1.15697,1.15733
2025-06-16 15:00:00,1.15733,1.15849,1.1571,1.15842
2025-06-16 16:00:00,1.15842,1.16051,1.15842,1.16011
2025-06-16 17:00:00,1.16013,1.16148,1.15894,1.15914
2025-06-16 18:00:00,1.15914,1.1595,1.15791,1.158
2025-06-16 19:00:00,1.158,1.15861,1.15785,1.15841
2025-06-16 20:00:00,1.1584,1.1585,1.15727,1.15783
2025-06-16 21:00:00,1.15779,1.15815,1.15738,1.15802
2025-06-16 22:00:00,1.15802,1.15802,1.15551,1.15558
2025-06-16 23:00:00,1.15557,1.15634,1.15544,1.15592
2025-06-17 00:00:00,1.1558,1.15648,1.15566,1.15595
2025-06-17 01:00:00,1.15595,1.15623,1.15533,1.15557
2025-06-17 02:00:00,1.15556,1.15621,1.15491,1.15539
2025-06-17 03:00:00,1.15539,1.15544,1.15425,1.15501
2025-06-17 04:00:00,1.15501,1.15605,1.15499,1.15548
2025-06-17 05:00:00,1.15548,1.1561,1.15455,1.15586
2025-06-17 06:00:00,1.15586,1.1564,1.1555,1.15622
2025-06-17 07:00:00,1.15622,1.15674,1.15595,1.15609
2025-06-17 08:00:00,1.15609,1.15655,1.15526,1.15575
2025-06-17 09:00:00,1.15575,1.15726,1.15526,1.15624
2025-06-17 10:00:00,1.15624,1.15637,1.15454,1.15584
2025-06-17 11:00:00,1.15584,1.15598,1.15501,1.15511
2025-06-17 12:00:00,1.15515,1.15609,1.15503,1.15566
2025-06-17 13:00:00,1.15566,1.15688,1.15552,1.1568100000000001
2025-06-17 14:00:00,1.1568100000000001,1.15738,1.15574,1.15617
2025-06-17 15:00:00,1.15617,1.158,1.15478,1.15503
2025-06-17 16:00:00,1.15503,1.15696,1.15503,1.15589
2025-06-17 17:00:00,1.15589,1.1561,1.1510799999999999,1.15267
2025-06-17 18:00:00,1.15267,1.15357,1.15187,1.15341
2025-06-17 19:00:00,1.15341,1.15392,1.14987,1.15026
2025-06-17 20:00:00,1.15028,1.15088,1.14784,1.14866
2025-06-17 21:00:00,1.14866,1.14905,1.1475,1.14796
2025-06-17 22:00:00,1.14797,1.14889,1.14772,1.14847
2025-06-17 23:00:00,1.14847,1.14855,1.14747,1.14799
2025-06-18 00:00:00,1.14795,1.1486399999999999,1.14738,1.14813
2025-06-18 01:00:00,1.14813,1.14837,1.14747,1.14751
2025-06-18 02:00:00,1.14751,1.1482700000000001,1.14751,1.14819
2025-06-18 03:00:00,1.14819,1.1497,1.14807,1.14922
2025-06-18 04:00:00,1.14922,1.15009,1.14893,1.1497
2025-06-18 05:00:00,1.1497,1.15013,1.14933,1.14979
2025-06-18 06:00:00,1.14979,1.15052,1.14962,1.15
2025-06-18 07:00:00,1.15,1.1508099999999999,1.14965,1.15056
2025-06-18 08:00:00,1.15055,1.15073,1.15004,1.15046
2025-06-18 09:00:00,1.15046,1.15154,1.15007,1.15103
2025-06-18 10:00:00,1.15103,1.15234,1.15091,1.15133
2025-06-18 11:00:00,1.15133,1.15162,1.14985,1.15022
2025-06-18 12:00:00,1.15022,1.15107,1.14972,1.15038
2025-06-18 13:00:00,1.15038,1.15109,1.14918,1.14936
2025-06-18 14:00:00,1.14934,1.15086,1.14922,1.15074
2025-06-18 15:00:00,1.15074,1.15165,1.1501000000000001,1.15062
2025-06-18 16:00:00,1.15062,1.15088,1.14883,1.1488800000000001
2025-06-18 17:00:00,1.1488800000000001,1.15228,1.14844,1.15074
2025-06-18 18:00:00,1.15074,1.15303,1.15059,1.15202
2025-06-18 19:00:00,1.15202,1.15252,1.15015,1.15031
2025-06-18 20:00:00,1.15031,1.15092,1.14881,1.14961
2025-06-18 21:00:00,1.14957,1.15293,1.14743,1.14747
2025-06-18 22:00:00,1.14753,1.14877,1.1461000000000001,1.14745
2025-06-18 23:00:00,1.14745,1.14841,1.14722,1.14832
2025-06-19 00:00:00,1.14771,1.14819,1.14705,1.14808
2025-06-19 01:00:00,1.14808,1.1489,1.1475,1.1480299999999999
2025-06-19 02:00:00,1.1480299999999999,1.14817,1.14711,1.14761
2025-06-19 03:00:00,1.14761,1.14839,1.1474199999999999,1.14811
2025-06-19 04:00:00,1.14811,1.14822,1.14522,1.14532
2025-06-19 05:00:00,1.14532,1.14583,1.14506,1.14553
2025-06-19 06:00:00,1.14553,1.14683,1.14536,1.14658
2025-06-19 07:00:00,1.14658,1.14694,1.14635,1.14694
2025-06-19 08:00:00,1.14694,1.14695,1.1451,1.14569
2025-06-19 09:00:00,1.14569,1.14677,1.14463,1.14668
2025-06-19 10:00:00,1.14668,1.1476899999999999,1.14602,1.14618
2025-06-19 11:00:00,1.14618,1.14794,1.14564,1.1476600000000001
2025-06-19 12:00:00,1.1476600000000001,1.14799,1.14696,1.14756
2025-06-19 13:00:00,1.14756,1.1479300000000001,1.14695,1.14736
2025-06-19 14:00:00,1.14737,1.14875,1.14676,1.14809
2025-06-19 15:00:00,1.14809,1.14862,1.14694,1.14775
2025-06-19 16:00:00,1.14776,1.14846,1.14714,1.14728
2025-06-19 17:00:00,1.14728,1.14807,1.14619,1.14684
2025-06-19 18:00:00,1.14684,1.14723,1.14587,1.14602
2025-06-19 19:00:00,1.14597,1.14617,1.14546,1.14567
2025-06-19 20:00:00,1.14567,1.14831,1.14556,1.14791
2025-06-19 21:00:00,1.14791,1.14873,1.14774,1.14851
2025-06-19 22:00:00,1.14851,1.15003,1.14845,1.14981
2025-06-19 23:00:00,1.14981,1.14994,1.14924,1.14965
2025-06-20 00:00:00,1.14918,1.14969,1.14882,1.14928
2025-06-20 01:00:00,1.14928,1.15005,1.14913,1.14977
2025-06-20 02:00:00,1.14977,1.15127,1.14971,1.1512
2025-06-20 03:00:00,1.1512,1.15241,1.1510799999999999,1.15228
2025-06-20 04:00:00,1.15228,1.15233,1.15131,1.15133
2025-06-20 05:00:00,1.15133,1.15219,1.1511,1.15179
2025-06-20 06:00:00,1.15179,1.15304,1.15153,1.15295
2025-06-20 07:00:00,1.15295,1.15323,1.15245,1.15271
2025-06-20 08:00:00,1.15271,1.15292,1.15191,1.15275
2025-06-20 09:00:00,1.15275,1.15298,1.15139,1.15166
2025-06-20 10:00:00,1.15166,1.15195,1.15101,1.15165
2025-06-20 11:00:00,1.15165,1.15266,1.15115,1.15225
2025-06-20 12:00:00,1.15225,1.15285,1.15196,1.15269
2025-06-20 13:00:00,1.15269,1.15349,1.15224,1.15242
2025-06-20 14:00:00,1.15242,1.1526,1.15119,1.15212
2025-06-20 15:00:00,1.15212,1.15269,1.15059,1.15129
2025-06-20 16:00:00,1.1513,1.15214,1.15091,1.15185
2025-06-20 17:00:00,1.15183,1.15192,1.14951,1.15135
2025-06-20 18:00:00,1.15134,1.15289,1.1511,1.15196
2025-06-20 19:00:00,1.15196,1.15374,1.1519300000000001,1.1536
2025-06-20 20:00:00,1.1536,1.15441,1.15318,1.15323
2025-06-20 21:00:00,1.15323,1.15371,1.15272,1.15286
2025-06-20 22:00:00,1.15286,1.15318,1.15156,1.15158
2025-06-20 23:00:00,1.15158,1.15226,1.15138,1.15212
2025-06-23 00:00:00,1.14562,1.14738,1.14507,1.14686
2025-06-23 01:00:00,1.14686,1.1495,1.14686,1.14885
2025-06-23 02:00:00,1.14886,1.15073,1.14863,1.14997
2025-06-23 03:00:00,1.14997,1.15059,1.14809,1.14892
2025-06-23 04:00:00,1.14894,1.14929,1.14723,1.14924
2025-06-23 05:00:00,1.14924,1.15069,1.14924,1.14994
2025-06-23 06:00:00,1.14996,1.15034,1.14923,1.1494
2025-06-23 07:00:00,1.1494,1.14964,1.14851,1.14906
2025-06-23 08:00:00,1.14906,1.15146,1.14906,1.15131
2025-06-23 09:00:00,1.15131,1.15212,1.15036,1.1507
2025-06-23 10:00:00,1.1507,1.15163,1.14912,1.14987
2025-06-23 11:00:00,1.1498599999999999,1.1502,1.1480299999999999,1.14818
2025-06-23 12:00:00,1.14818,1.1482999999999999,1.14537,1.14719
2025-06-23 13:00:00,1.14719,1.14819,1.14595,1.14626
2025-06-23 14:00:00,1.14626,1.14746,1.14605,1.14727
2025-06-23 15:00:00,1.14727,1.1478,1.1457,1.14676
2025-06-23 16:00:00,1.14676,1.14941,1.14649,1.14898
2025-06-23 17:00:00,1.14897,1.15407,1.14893,1.15309
2025-06-23 18:00:00,1.15309,1.15523,1.15289,1.15373
2025-06-23 19:00:00,1.15373,1.15576,1.15179,1.15448
2025-06-23 20:00:00,1.15448,1.15735,1.15406,1.15693
2025-06-23 21:00:00,1.15693,1.1578,1.15661,1.15743
2025-06-23 22:00:00,1.15743,1.15789,1.15704,1.15785
2025-06-23 23:00:00,1.15785,1.15817,1.15748,1.15783
2025-06-24 00:00:00,1.1574200000000001,1.1579,1.15719,1.15772
2025-06-24 01:00:00,1.15772,1.16025,1.15725,1.15927
2025-06-24 02:00:00,1.15927,1.16084,1.15868,1.15981
2025-06-24 03:00:00,1.15981,1.16089,1.15896,1.15991
2025-06-24 04:00:00,1.15991,1.1605699999999999,1.15901,1.15909
2025-06-24 05:00:00,1.15909,1.16015,1.1586400000000001,1.16003
2025-06-24 06:00:00,1.16003,1.16099,1.16,1.16058
2025-06-24 07:00:00,1.16058,1.16143,1.16025,1.16063
2025-06-24 08:00:00,1.16063,1.16138,1.16012,1.16107
2025-06-24 09:00:00,1.16107,1.16225,1.16015,1.16052
2025-06-24 10:00:00,1.16052,1.16106,1.15801,1.15923
2025-06-24 11:00:00,1.15915,1.1599599999999999,1.15855,1.15927
2025-06-24 12:00:00,1.15927,1.16182,1.15919,1.16096
2025-06-24 13:00:00,1.16096,1.16096,1.15944,1.15966
2025-06-24 14:00:00,1.15967,1.1615199999999999,1.15966,1.16085
2025-06-24 15:00:00,1.16084,1.16114,1.1593499999999999,1.16007
2025-06-24 16:00:00,1.16007,1.16032,1.15823,1.1592
2025-06-24 17:00:00,1.1592,1.16416,1.15907,1.1616900000000001
2025-06-24 18:00:00,1.1616900000000001,1.16365,1.16065,1.16071
2025-06-24 19:00:00,1.16071,1.1625,1.16053,1.1623999999999999
2025-06-24 20:00:00,1.1623999999999999,1.1632500000000001,1.16224,1.1626
2025-06-24 21:00:00,1.1626,1.16291,1.162,1.16236
2025-06-24 22:00:00,1.16236,1.16251,1.16121,1.16126
2025-06-24 23:00:00,1.16127,1.16156,1.1608,1.16084
2025-06-25 00:00:00,1.1609,1.1609,1.1597,1.16035
2025-06-25 01:00:00,1.16035,1.16111,1.16022,1.16079
2025-06-25 02:00:00,1.16079,1.16155,1.16077,1.16122
2025-06-25 03:00:00,1.16122,1.16267,1.16111,1.16251
2025-06-25 04:00:00,1.16251,1.16315,1.16176,1.16287
2025-06-25 05:00:00,1.16287,1.16297,1.16177,1.16207
2025-06-25 06:00:00,1.16207,1.16233,1.16114,1.16119
2025-06-25 07:00:00,1.16119,1.16181,1.16117,1.16139
2025-06-25 08:00:00,1.16139,1.16205,1.16093,1.16194
2025-06-25 09:00:00,1.16194,1.16227,1.16037,1.16072
2025-06-25 10:00:00,1.16072,1.16093,1.15899,1.15988
2025-06-25 11:00:00,1.15989,1.16114,1.15931,1.16101
2025-06-25 12:00:00,1.16101,1.16113,1.15921,1.16007
2025-06-25 13:00:00,1.16007,1.1608100000000001,1.15972,1.16036
2025-06-25 14:00:00,1.16036,1.16135,1.15967,1.15993
2025-06-25 15:00:00,1.15993,1.16053,1.159,1.15928
2025-06-25 16:00:00,1.15928,1.16076,1.15902,1.16012
2025-06-25 17:00:00,1.1601,1.16236,1.1601,1.16209
2025-06-25 18:00:00,1.16209,1.16297,1.16168,1.16199
2025-06-25 19:00:00,1.16198,1.1635900000000001,1.16197,1.16308
2025-06-25 20:00:00,1.16308,1.16444,1.1627,1.16426
2025-06-25 21:00:00,1.16426,1.16615,1.16419,1.16611
2025-06-25 22:00:00,1.16611,1.16651,1.16564,1.16583
2025-06-25 23:00:00,1.16584,1.1661,1.16512,1.16596
2025-06-26 00:00:00,1.16584,1.16584,1.16519,1.16556
2025-06-26 01:00:00,1.16556,1.16602,1.16555,1.16596
2025-06-26 02:00:00,1.16596,1.16849,1.16595,1.16835
2025-06-26 03:00:00,1.16835,1.16892,1.16802,1.1682299999999999
2025-06-26 04:00:00,1.1682299999999999,1.16879,1.16672,1.16862
2025-06-26 05:00:00,1.16862,1.16953,1.16822,1.16907
2025-06-26 06:00:00,1.16907,1.17173,1.16888,1.16946
2025-06-26 07:00:00,1.16946,1.16949,1.1678600000000001,1.168
2025-06-26 08:00:00,1.168,1.1686,1.16756,1.16855
2025-06-26 09:00:00,1.16854,1.17005,1.16719,1.16997
2025-06-26 10:00:00,1.16996,1.17135,1.16915,1.17103
2025-06-26 11:00:00,1.17103,1.17449,1.17069,1.17276
2025-06-26 12:00:00,1.17276,1.17288,1.17124,1.17251
2025-06-26 13:00:00,1.17251,1.1731,1.17135,1.17149
2025-06-26 14:00:00,1.17149,1.17156,1.16939,1.16948
2025-06-26 15:00:00,1.16948,1.17129,1.16901,1.17066
2025-06-26 16:00:00,1.17066,1.17209,1.16944,1.17171
2025-06-26 17:00:00,1.17171,1.17192,1.17063,1.17085
2025-06-26 18:00:00,1.17085,1.17175,1.16903,1.17167
2025-06-26 19:00:00,1.17167,1.17403,1.1710099999999999,1.17295
2025-06-26 20:00:00,1.17296,1.17321,1.17209,1.17249
2025-06-26 21:00:00,1.17249,1.17286,1.17179,1.17205
2025-06-26 22:00:00,1.17205,1.17206,1.17041,1.17045
2025-06-26 23:00:00,1.17045,1.17086,1.16939,1.17013
2025-06-27 00:00:00,1.17,1.17,1.1683,1.16944
2025-06-27 01:00:00,1.16944,1.16973,1.16806,1.16833
2025-06-27 02:00:00,1.16833,1.16983,1.16833,1.16929
2025-06-27 03:00:00,1.16933,1.1697899999999999,1.1688399999999999,1.16924
2025-06-27 04:00:00,1.16919,1.17043,1.16859,1.17016
2025-06-27 05:00:00,1.17016,1.17057,1.16859,1.16998
2025-06-27 06:00:00,1.16998,1.17096,1.16954,1.16957
2025-06-27 07:00:00,1.16956,1.16983,1.16851,1.16851
2025-06-27 08:00:00,1.16851,1.16936,1.16846,1.16893
2025-06-27 09:00:00,1.16893,1.17187,1.16835,1.17187
2025-06-27 10:00:00,1.17187,1.1727,1.17072,1.17146
2025-06-27 11:00:00,1.17146,1.17263,1.17087,1.17095
2025-06-27 12:00:00,1.17097,1.17113,1.17016,1.17095
2025-06-27 13:00:00,1.17095,1.17156,1.17014,1.17138
2025-06-27 14:00:00,1.17141,1.17201,1.17109,1.17142
2025-06-27 15:00:00,1.17141,1.17497,1.17028,1.1747
2025-06-27 16:00:00,1.1747,1.17541,1.17156,1.17282
2025-06-27 17:00:00,1.17271,1.17383,1.17056,1.17184
2025-06-27 18:00:00,1.17184,1.17303,1.17117,1.17235
2025-06-27 19:00:00,1.17237,1.17323,1.17175,1.1722299999999999
2025-06-27 20:00:00,1.1722299999999999,1.1724,1.16954,1.17021
2025-06-27 21:00:00,1.17021,1.17057,1.16878,1.16996
2025-06-27 22:00:00,1.16996,1.1709,1.1699,1.1706699999999999
2025-06-27 23:00:00,1.1706699999999999,1.17209,1.17061,1.17208
2025-06-30 00:00:00,1.17279,1.17301,1.17173,1.173
2025-06-30 01:00:00,1.173,1.1733,1.1722,1.17302
2025-06-30 02:00:00,1.17302,1.17387,1.1726,1.17267
2025-06-30 03:00:00,1.17267,1.17286,1.17158,1.17182
2025-06-30 04:00:00,1.17181,1.17348,1.1715200000000001,1.17205
2025-06-30 05:00:00,1.17205,1.17314,1.1718,1.1719
2025-06-30 06:00:00,1.1719,1.17221,1.17118,1.17121
2025-06-30 07:00:00,1.17121,1.17321,1.17121,1.17303
2025-06-30 08:00:00,1.17303,1.17385,1.17233,1.17264
2025-06-30 09:00:00,1.17264,1.17507,1.17208,1.17433
2025-06-30 10:00:00,1.17433,1.17433,1.17244,1.1724700000000001
2025-06-30 11:00:00,1.17248,1.17303,1.17136,1.17295
2025-06-30 12:00:00,1.17295,1.17327,1.17173,1.17195
2025-06-30 13:00:00,1.17195,1.1724999999999999,1.17166,1.1724700000000001
2025-06-30 14:00:00,1.1724700000000001,1.17317,1.17229,1.17232
2025-06-30 15:00:00,1.17232,1.17253,1.17077,1.17133
2025-06-30 16:00:00,1.17133,1.17216,1.17122,1.1721300000000001
2025-06-30 17:00:00,1.17215,1.17509,1.17108,1.17387
2025-06-30 18:00:00,1.17386,1.17719,1.1733500000000001,1.17698
2025-06-30 19:00:00,1.17698,1.177,1.1749,1.17628
2025-06-30 20:00:00,1.17628,1.17707,1.17605,1.17659
2025-06-30 21:00:00,1.17659,1.17798,1.17646,1.17759
2025-06-30 22:00:00,1.17759,1.17807,1.17726,1.17797
2025-06-30 23:00:00,1.17797,1.1788,1.17774,1.17877
2025-07-01 00:00:00,1.17868,1.17868,1.1767,1.17798
2025-07-01 01:00:00,1.17798,1.17914,1.17781,1.17858
2025-07-01 02:00:00,1.17858,1.17877,1.17835,1.17864
2025-07-01 03:00:00,1.17864,1.17981,1.17863,1.17977
2025-07-01 04:00:00,1.17977,1.18076,1.17798,1.17803
2025-07-01 05:00:00,1.17802,1.1789399999999999,1.17779,1.17883
2025-07-01 06:00:00,1.17882,1.17941,1.1786699999999999,1.17895
2025-07-01 07:00:00,1.17896,1.17941,1.17829,1.17863
2025-07-01 08:00:00,1.17863,1.17897,1.17802,1.17864
2025-07-01 09:00:00,1.17864,1.17869,1.17761,1.17792
2025-07-01 10:00:00,1.17792,1.17879,1.17673,1.17862
2025-07-01 11:00:00,1.17861,1.18174,1.1774499999999999,1.18047
2025-07-01 12:00:00,1.18034,1.18298,1.17966,1.18136
2025-07-01 13:00:00,1.18136,1.18235,1.18109,1.18117
2025-07-01 14:00:00,1.18117,1.18193,1.18058,1.18139
2025-07-01 15:00:00,1.18139,1.18174,1.18023,1.18038
2025-07-01 16:00:00,1.18038,1.18119,1.17929,1.17986
2025-07-01 17:00:00,1.17994,1.18022,1.17753,1.17797
2025-07-01 18:00:00,1.1779600000000001,1.1779600000000001,1.17689,1.17758
2025-07-01 19:00:00,1.17758,1.17758,1.17615,1.17654
2025-07-01 20:00:00,1.17654,1.17837,1.17654,1.17828
2025-07-01 21:00:00,1.17828,1.17836,1.1775,1.17809
2025-07-01 22:00:00,1.17809,1.17914,1.17794,1.17912
2025-07-01 23:00:00,1.17912,1.18066,1.17909,1.18052
2025-07-02 00:00:00,1.18056,1.18056,1.17985,1.18033
2025-07-02 01:00:00,1.18033,1.18065,1.18022,1.18028
2025-07-02 02:00:00,1.18028,1.18069,1.17991,1.18054
2025-07-02 03:00:00,1.18054,1.18081,1.17992,1.1807699999999999
2025-07-02 04:00:00,1.18076,1.1810100000000001,1.17921,1.17936
2025-07-02 05:00:00,1.17936,1.1802,1.17882,1.18003
2025-07-02 06:00:00,1.18003,1.18031,1.17961,1.18003
2025-07-02 07:00:00,1.18002,1.18012,1.17958,1.17964
2025-07-02 08:00:00,1.17964,1.17982,1.17845,1.17873
2025-07-02 09:00:00,1.17874,1.17937,1.1773500000000001,1.17816
2025-07-02 10:00:00,1.17816,1.17836,1.17712,1.17742
2025-07-02 11:00:00,1.17742,1.17816,1.177,1.17757
2025-07-02 12:00:00,1.17757,1.17778,1.17671,1.17703
2025-07-02 13:00:00,1.17703,1.17809,1.1764999999999999,1.1767400000000001
2025-07-02 14:00:00,1.1767400000000001,1.17712,1.1747,1.17497
2025-07-02 15:00:00,1.17497,1.17884,1.17473,1.17567
2025-07-02 16:00:00,1.17566,1.17775,1.1755,1.176
2025-07-02 17:00:00,1.176,1.17708,1.17506,1.17675
2025-07-02 18:00:00,1.17675,1.17897,1.17662,1.1789399999999999
2025-07-02 19:00:00,1.1789399999999999,1.17941,1.17855,1.17886
2025-07-02 20:00:00,1.17886,1.18001,1.17885,1.1795499999999999
2025-07-02 21:00:00,1.1795499999999999,1.18,1.17935,1.17996
2025-07-02 22:00:00,1.17996,1.18033,1.17956,1.18023
2025-07-02 23:00:00,1.18023,1.18025,1.17956,1.17982
2025-07-03 00:00:00,1.17983,1.17983,1.17869,1.1795200000000001
2025-07-03 01:00:00,1.1795200000000001,1.18001,1.17937,1.17984
2025-07-03 02:00:00,1.17984,1.18021,1.17972,1.17988
2025-07-03 03:00:00,1.17988,1.18088,1.17981,1.18066
2025-07-03 04:00:00,1.18066,1.1810100000000001,1.18041,1.18045
2025-07-03 05:00:00,1.18045,1.18048,1.17946,1.17977
2025-07-03 06:00:00,1.17977,1.17996,1.17893,1.1791800000000001
2025-07-03 07:00:00,1.1791800000000001,1.17933,1.17874,1.17893
2025-07-03 08:00:00,1.17893,1.17961,1.1786699999999999,1.17961
2025-07-03 09:00:00,1.17961,1.18029,1.17916,1.18023
2025-07-03 10:00:00,1.18023,1.181,1.17945,1.1801300000000001
2025-07-03 11:00:00,1.1801300000000001,1.18086,1.17956,1.1797900000000001
2025-07-03 12:00:00,1.1797900000000001,1.17982,1.17886,1.17924
2025-07-03 13:00:00,1.17924,1.18001,1.1787,1.17934
2025-07-03 14:00:00,1.17933,1.17969,1.17831,1.17849
2025-07-03 15:00:00,1.17847,1.17896,1.17172,1.17382
2025-07-03 16:00:00,1.17382,1.17794,1.17339,1.1773
2025-07-03 17:00:00,1.17738,1.17898,1.17513,1.17533
2025-07-03 18:00:00,1.17532,1.17664,1.17493,1.1757
2025-07-03 19:00:00,1.17571,1.17581,1.17399,1.17524
2025-07-03 20:00:00,1.17524,1.17584,1.17504,1.1754
2025-07-03 21:00:00,1.1754,1.17566,1.17482,1.17489
2025-07-03 22:00:00,1.17489,1.17524,1.17444,1.17478
2025-07-03 23:00:00,1.17478,1.17595,1.17465,1.17573
2025-07-04 00:00:00,1.1756199999999999,1.17586,1.17502,1.17567
2025-07-04 01:00:00,1.17567,1.17595,1.17538,1.17595
2025-07-04 02:00:00,1.17595,1.17715,1.1756,1.17692
2025-07-04 03:00:00,1.17692,1.17708,1.17637,1.1767
2025-07-04 04:00:00,1.1767,1.17696,1.1756,1.17596
2025-07-04 05:00:00,1.17596,1.17708,1.17596,1.17654
2025-07-04 06:00:00,1.17654,1.17726,1.17644,1.17703
2025-07-04 07:00:00,1.17703,1.17803,1.17692,1.17802
2025-07-04 08:00:00,1.17802,1.17856,1.17799,1.17841
2025-07-04 09:00:00,1.17842,1.17851,1.17744,1.1781
2025-07-04 10:00:00,1.17811,1.17826,1.17677,1.17697
2025-07-04 11:00:00,1.17697,1.17776,1.17683,1.17746
2025-07-04 12:00:00,1.17746,1.17822,1.17722,1.17783
2025-07-04 13:00:00,1.17783,1.17809,1.1775,1.17777
2025-07-04 14:00:00,1.17777,1.1782,1.17685,1.17691
2025-07-04 15:00:00,1.17692,1.17719,1.17639,1.17666
2025-07-04 16:00:00,1.17666,1.1781,1.17664,1.1779600000000001
2025-07-04 17:00:00,1.17798,1.17876,1.17752,1.17785
2025-07-04 18:00:00,1.17782,1.17847,1.1776,1.17787
2025-07-04 19:00:00,1.17787,1.17819,1.17737,1.17743
2025-07-04 20:00:00,1.17743,1.17779,1.17724,1.17757
2025-07-04 21:00:00,1.17757,1.17795,1.17744,1.17791
2025-07-04 22:00:00,1.17791,1.17798,1.17734,1.17746
2025-07-04 23:00:00,1.17746,1.17836,1.17697,1.17736
2025-07-07 00:00:00,1.17771,1.17823,1.17742,1.1778
2025-07-07 01:00:00,1.1778,1.17818,1.17733,1.17799
2025-07-07 02:00:00,1.17799,1.17823,1.17752,1.17803
2025-07-07 03:00:00,1.17803,1.17903,1.17787,1.17797
2025-07-07 04:00:00,1.17797,1.17808,1.1770100000000001,1.1772
2025-07-07 05:00:00,1.1772,1.17753,1.17647,1.17675
2025-07-07 06:00:00,1.17675,1.17746,1.17665,1.1769
2025-07-07 07:00:00,1.1769,1.17724,1.17642,1.17662
2025-07-07 08:00:00,1.17662,1.17737,1.17635,1.17714
2025-07-07 09:00:00,1.17714,1.17736,1.1750099999999999,1.17561
2025-07-07 10:00:00,1.17561,1.17587,1.17453,1.17456
2025-07-07 11:00:00,1.17456,1.17476,1.17233,1.17244
2025-07-07 12:00:00,1.17244,1.17348,1.17222,1.17342
2025-07-07 13:00:00,1.17342,1.17362,1.17231,1.17276
2025-07-07 14:00:00,1.17276,1.17342,1.1724999999999999,1.17296
2025-07-07 15:00:00,1.17295,1.1731,1.17183,1.17224
2025-07-07 16:00:00,1.17224,1.17407,1.1722,1.17351
2025-07-07 17:00:00,1.17351,1.17454,1.17328,1.17389
2025-07-07 18:00:00,1.17388,1.1740599999999999,1.17303,1.17328
2025-07-07 19:00:00,1.17333,1.17399,1.16875,1.16942
2025-07-07 20:00:00,1.16942,1.17141,1.16868,1.17069
2025-07-07 21:00:00,1.17069,1.17196,1.16999,1.1719
2025-07-07 22:00:00,1.1719,1.17238,1.17163,1.17195
2025-07-07 23:00:00,1.17195,1.17214,1.17063,1.17083
2025-07-08 00:00:00,1.17076,1.17087,1.1706,1.17073
2025-07-08 01:00:00,1.17071,1.17374,1.17071,1.17353
2025-07-08 02:00:00,1.17353,1.17387,1.17314,1.17368
2025-07-08 03:00:00,1.17368,1.17479,1.17368,1.17433
2025-07-08 04:00:00,1.17433,1.17442,1.17309,1.17381
2025-07-08 05:00:00,1.17381,1.17489,1.1736,1.17386
2025-07-08 06:00:00,1.17386,1.17489,1.1737,1.17469
2025-07-08 07:00:00,1.17469,1.175,1.17407,1.17414
2025-07-08 08:00:00,1.17414,1.17448,1.17337,1.17346
2025-07-08 09:00:00,1.17346,1.17449,1.17318,1.17418
2025-07-08 10:00:00,1.17418,1.17654,1.17418,1.176
2025-07-08 11:00:00,1.176,1.17603,1.17475,1.17488
2025-07-08 12:00:00,1.17487,1.17507,1.17389,1.17421
2025-07-08 13:00:00,1.17421,1.17424,1.17233,1.1728399999999999
2025-07-08 14:00:00,1.17283,1.17386,1.17215,1.17217
2025-07-08 15:00:00,1.17218,1.1724700000000001,1.1714,1.17209
2025-07-08 16:00:00,1.17209,1.17224,1.16937,1.17051
2025-07-08 17:00:00,1.17051,1.17066,1.16826,1.16922
2025-07-08 18:00:00,1.16922,1.17127,1.16897,1.17068
2025-07-08 19:00:00,1.1706699999999999,1.17131,1.16962,1.17089
2025-07-08 20:00:00,1.17088,1.1726,1.17076,1.17244
2025-07-08 21:00:00,1.17244,1.17287,1.17182,1.17252
2025-07-08 22:00:00,1.17252,1.17298,1.17194,1.17244
2025-07-08 23:00:00,1.17242,1.17288,1.17226,1.1724999999999999
2025-07-09 00:00:00,1.17243,1.17243,1.17075,1.17174
2025-07-09 01:00:00,1.17174,1.17294,1.17174,1.17287
2025-07-09 02:00:00,1.17287,1.17289,1.17218,1.17234
2025-07-09 03:00:00,1.17234,1.1726,1.17177,1.1724700000000001
2025-07-09 04:00:00,1.1724700000000001,1.1726,1.17171,1.17206
2025-07-09 05:00:00,1.17206,1.17255,1.17047,1.17115
2025-07-09 06:00:00,1.17115,1.17117,1.17029,1.17038
2025-07-09 07:00:00,1.17038,1.17139,1.17013,1.17126
2025-07-09 08:00:00,1.17126,1.17215,1.17109,1.17167
2025-07-09 09:00:00,1.17167,1.17286,1.17123,1.17259
2025-07-09 10:00:00,1.17259,1.17285,1.17045,1.17076
2025-07-09 11:00:00,1.17076,1.17201,1.17023,1.17132
2025-07-09 12:00:00,1.17132,1.17198,1.17074,1.17134
2025-07-09 13:00:00,1.17134,1.17177,1.17017,1.1702
2025-07-09 14:00:00,1.1702,1.1706699999999999,1.16896,1.16913
2025-07-09 15:00:00,1.16913,1.17171,1.16913,1.17155
2025-07-09 16:00:00,1.17155,1.17226,1.17004,1.17035
2025-07-09 17:00:00,1.17035,1.17245,1.17029,1.17148
2025-07-09 18:00:00,1.17148,1.17163,1.17051,1.17061
2025-07-09 19:00:00,1.17061,1.17092,1.17005,1.17051
2025-07-09 20:00:00,1.17051,1.17111,1.17038,1.17082
2025-07-09 21:00:00,1.17097,1.17179,1.1705,1.17134
2025-07-09 22:00:00,1.17133,1.17233,1.17129,1.1719
2025-07-09 23:00:00,1.1719,1.17232,1.17117,1.17222
2025-07-10 00:00:00,1.17173,1.1722,1.17094,1.17181
2025-07-10 01:00:00,1.17218,1.17251,1.17178,1.1724700000000001
2025-07-10 02:00:00,1.1724700000000001,1.17399,1.1723,1.17381
2025-07-10 03:00:00,1.17381,1.17497,1.17358,1.17437
2025-07-10 04:00:00,1.17437,1.17444,1.17379,1.17408
2025-07-10 05:00:00,1.17408,1.17444,1.17373,1.17391
2025-07-10 06:00:00,1.17391,1.17399,1.17338,1.17339
2025-07-10 07:00:00,1.17341,1.1736,1.17305,1.17351
2025-07-10 08:00:00,1.17351,1.17409,1.17349,1.17392
2025-07-10 09:00:00,1.1739,1.17436,1.17294,1.17327
2025-07-10 10:00:00,1.17328,1.1738,1.17262,1.17332
2025-07-10 11:00:00,1.17333,1.17342,1.17261,1.17279
2025-07-10 12:00:00,1.17279,1.17344,1.17279,1.17309
2025-07-10 13:00:00,1.17309,1.1734,1.17276,1.17285
2025-07-10 14:00:00,1.17285,1.17296,1.17082,1.17117
2025-07-10 15:00:00,1.1712,1.17141,1.17017,1.17065
2025-07-10 16:00:00,1.17065,1.17147,1.16866,1.16927
2025-07-10 17:00:00,1.16927,1.16938,1.16626,1.16801
2025-07-10 18:00:00,1.16801,1.16885,1.16739,1.1687400000000001
2025-07-10 19:00:00,1.1687400000000001,1.16901,1.16821,1.16853
2025-07-10 20:00:00,1.16854,1.16914,1.16816,1.16893
2025-07-10 21:00:00,1.16893,1.16949,1.16879,1.16923
2025-07-10 22:00:00,1.16923,1.16991,1.169,1.16957
2025-07-10 23:00:00,1.16957,1.17002,1.1694499999999999,1.17
2025-07-11 00:00:00,1.16999,1.17025,1.16948,1.17025
2025-07-11 01:00:00,1.17025,1.17074,1.17016,1.17059
2025-07-11 02:00:00,1.17059,1.17063,1.16997,1.17018
2025-07-11 03:00:00,1.17018,1.1705,1.16647,1.16749
2025-07-11 04:00:00,1.16748,1.16862,1.16685,1.16753
2025-07-11 05:00:00,1.16753,1.16782,1.16707,1.1671
2025-07-11 06:00:00,1.1671,1.16846,1.16703,1.16817
2025-07-11 07:00:00,1.16817,1.1683,1.1669100000000001,1.16765
2025-07-11 08:00:00,1.16765,1.16842,1.1675200000000001,1.1678
2025-07-11 09:00:00,1.1678,1.16851,1.16703,1.16749
2025-07-11 10:00:00,1.16749,1.16958,1.16749,1.1689
2025-07-11 11:00:00,1.1689,1.16924,1.16795,1.16824
2025-07-11 12:00:00,1.1682299999999999,1.16955,1.16814,1.16952
2025-07-11 13:00:00,1.16952,1.16968,1.1687400000000001,1.16925
2025-07-11 14:00:00,1.16925,1.17013,1.16863,1.16879
2025-07-11 15:00:00,1.16879,1.17001,1.16824,1.1688399999999999
2025-07-11 16:00:00,1.1688399999999999,1.17141,1.16865,1.16887
2025-07-11 17:00:00,1.16887,1.16942,1.1674,1.16921
2025-07-11 18:00:00,1.16921,1.17042,1.16892,1.16962
2025-07-11 19:00:00,1.16962,1.1698,1.16887,1.16915
2025-07-11 20:00:00,1.16915,1.16949,1.16864,1.16934
2025-07-11 21:00:00,1.16934,1.16958,1.16883,1.16885
2025-07-11 22:00:00,1.16885,1.16921,1.16858,1.1688
2025-07-11 23:00:00,1.1688,1.16936,1.16785,1.16852
2025-07-14 00:00:00,1.1658,1.16719,1.1658,1.16688
2025-07-14 01:00:00,1.16688,1.1684700000000001,1.16628,1.16647
2025-07-14 02:00:00,1.16647,1.1683,1.16635,1.16826
2025-07-14 03:00:00,1.16826,1.1694,1.16817,1.1693500000000001
2025-07-14 04:00:00,1.1693500000000001,1.16977,1.16842,1.16846
2025-07-14 05:00:00,1.16846,1.16905,1.16727,1.16742
2025-07-14 06:00:00,1.16744,1.1685,1.16732,1.16812
2025-07-14 07:00:00,1.16812,1.16819,1.16747,1.16748
2025-07-14 08:00:00,1.16748,1.16787,1.16649,1.16697
2025-07-14 09:00:00,1.16697,1.16703,1.16543,1.16637
2025-07-14 10:00:00,1.16637,1.1687400000000001,1.16629,1.1685699999999999
2025-07-14 11:00:00,1.1685699999999999,1.1689,1.16801,1.16827
2025-07-14 12:00:00,1.16827,1.16922,1.16794,1.16915
2025-07-14 13:00:00,1.16913,1.16951,1.16879,1.16947
2025-07-14 14:00:00,1.16947,1.16971,1.16862,1.16887
2025-07-14 15:00:00,1.16887,1.16919,1.168,1.16858
2025-07-14 16:00:00,1.16858,1.16867,1.16746,1.16821
2025-07-14 17:00:00,1.16821,1.16943,1.1678600000000001,1.16835
2025-07-14 18:00:00,1.16835,1.16959,1.16673,1.16715
2025-07-14 19:00:00,1.16714,1.16756,1.16601,1.16624
2025-07-14 20:00:00,1.16624,1.16669,1.16592,1.16628
2025-07-14 21:00:00,1.16628,1.1673,1.16627,1.16704
2025-07-14 22:00:00,1.16704,1.16718,1.16646,1.16683
2025-07-14 23:00:00,1.16683,1.16692,1.16631,1.16653
2025-07-15 00:00:00,1.16642,1.16659,1.16611,1.16635
2025-07-15 01:00:00,1.16635,1.16679,1.16634,1.16667
2025-07-15 02:00:00,1.16667,1.16671,1.16605,1.16654
2025-07-15 03:00:00,1.16654,1.16773,1.16647,1.16722
2025-07-15 04:00:00,1.16722,1.16748,1.1666,1.1669100000000001
2025-07-15 05:00:00,1.1669100000000001,1.1675,1.16653,1.16745
2025-07-15 06:00:00,1.16745,1.16778,1.1673,1.16759
2025-07-15 07:00:00,1.16759,1.168,1.16739,1.16759
2025-07-15 08:00:00,1.16759,1.16863,1.16758,1.16859
2025-07-15 09:00:00,1.16859,1.16881,1.16745,1.16778
2025-07-15 10:00:00,1.16779,1.16928,1.16719,1.16905
2025-07-15 11:00:00,1.16905,1.16914,1.16819,1.16869
2025-07-15 12:00:00,1.16869,1.1691,1.16814,1.1685
2025-07-15 13:00:00,1.1685,1.16875,1.16763,1.16838
2025-07-15 14:00:00,1.16838,1.16842,1.16675,1.16697
2025-07-15 15:00:00,1.16697,1.1690800000000001,1.16622,1.1678
2025-07-15 16:00:00,1.1678,1.16794,1.16394,1.16433
2025-07-15 17:00:00,1.16433,1.16442,1.16155,1.16186
2025-07-15 18:00:00,1.16186,1.16186,1.16007,1.16181
2025-07-15 19:00:00,1.16181,1.16204,1.15937,1.15961
2025-07-15 20:00:00,1.15961,1.16012,1.15929,1.15968
2025-07-15 21:00:00,1.15968,1.16054,1.15955,1.1602999999999999
2025-07-15 22:00:00,1.1602999999999999,1.16035,1.15992,1.1601
2025-07-15 23:00:00,1.1601,1.16038,1.15993,1.16022
2025-07-16 00:00:00,1.16005,1.16006,1.15955,1.15987
2025-07-16 01:00:00,1.15987,1.16045,1.15977,1.16044
2025-07-16 02:00:00,1.16044,1.16079,1.16029,1.16073
2025-07-16 03:00:00,1.16073,1.16136,1.16024,1.16079
2025-07-16 04:00:00,1.16079,1.16155,1.16065,1.16138
2025-07-16 05:00:00,1.16138,1.16138,1.16072,1.16105
2025-07-16 06:00:00,1.16104,1.16155,1.16059,1.16111
2025-07-16 07:00:00,1.16111,1.162,1.16104,1.16198
2025-07-16 08:00:00,1.16198,1.16207,1.16144,1.16207
2025-07-16 09:00:00,1.16207,1.1628,1.16187,1.16277
2025-07-16 10:00:00,1.16277,1.16285,1.16125,1.16188
2025-07-16 11:00:00,1.16188,1.16258,1.1618,1.16253
2025-07-16 12:00:00,1.16253,1.16263,1.16131,1.16158
2025-07-16 13:00:00,1.16158,1.16191,1.1609,1.16173
2025-07-16 14:00:00,1.16173,1.1621,1.16009,1.16035
2025-07-16 15:00:00,1.16036,1.16139,1.15923,1.1598600000000001
2025-07-16 16:00:00,1.1598600000000001,1.16033,1.15629,1.15725
2025-07-16 17:00:00,1.15726,1.16056,1.15624,1.15929
2025-07-16 18:00:00,1.15929,1.17215,1.15923,1.16296
2025-07-16 19:00:00,1.16293,1.16562,1.16155,1.16391
2025-07-16 20:00:00,1.1639,1.16584,1.16364,1.16414
2025-07-16 21:00:00,1.16414,1.16446,1.16275,1.16282
2025-07-16 22:00:00,1.16282,1.16372,1.16205,1.1635900000000001
2025-07-16 23:00:00,1.1635900000000001,1.16424,1.1633499999999999,1.16398
2025-07-17 00:00:00,1.16368,1.16408,1.16224,1.16339
2025-07-17 01:00:00,1.16341,1.16425,1.16323,1.16363
2025-07-17 02:00:00,1.16363,1.164,1.16333,1.16355
2025-07-17 03:00:00,1.16355,1.16363,1.16171,1.16239
2025-07-17 04:00:00,1.16239,1.16291,1.16134,1.16279
2025-07-17 05:00:00,1.16279,1.16279,1.16168,1.16183
2025-07-17 06:00:00,1.16183,1.16196,1.16141,1.16193
2025-07-17 07:00:00,1.16191,1.16247,1.1616,1.16245
2025-07-17 08:00:00,1.16245,1.1627399999999999,1.16167,1.1616900000000001
2025-07-17 09:00:00,1.16168,1.16176,1.15734,1.15832
2025-07-17 10:00:00,1.15832,1.15966,1.1574200000000001,1.15907
2025-07-17 11:00:00,1.15907,1.16052,1.15896,1.16017
2025-07-17 12:00:00,1.16017,1.16048,1.15886,1.1590799999999999
2025-07-17 13:00:00,1.1590799999999999,1.15912,1.15833,1.1586
2025-07-17 14:00:00,1.1586,1.159,1.15703,1.15745
2025-07-17 15:00:00,1.15745,1.1592500000000001,1.15562,1.15871
2025-07-17 16:00:00,1.15871,1.1598600000000001,1.15801,1.15863
2025-07-17 17:00:00,1.15863,1.15928,1.1578,1.15878
2025-07-17 18:00:00,1.15878,1.16027,1.15854,1.15964
2025-07-17 19:00:00,1.15965,1.16019,1.15834,1.15862
2025-07-17 20:00:00,1.15862,1.15907,1.15823,1.15851
2025-07-17 21:00:00,1.15851,1.1588,1.15798,1.15844
2025-07-17 22:00:00,1.15844,1.15998,1.15843,1.15977
2025-07-17 23:00:00,1.15976,1.16003,1.15943,1.15975
2025-07-18 00:00:00,1.1595,1.15974,1.15819,1.15955
2025-07-18 01:00:00,1.15955,1.16192,1.15955,1.16168
2025-07-18 02:00:00,1.16168,1.16197,1.16145,1.16149
2025-07-18 03:00:00,1.16149,1.16278,1.16144,1.16246
2025-07-18 04:00:00,1.16246,1.16343,1.162,1.1629
2025-07-18 05:00:00,1.1629,1.16312,1.16241,1.16293
2025-07-18 06:00:00,1.16293,1.16317,1.16219,1.16238
2025-07-18 07:00:00,1.16238,1.1623999999999999,1.16182,1.16193
2025-07-18 08:00:00,1.16193,1.16206,1.16122,1.16173
2025-07-18 09:00:00,1.16172,1.16226,1.1612,1.16204
2025-07-18 10:00:00,1.16204,1.16313,1.162,1.1629
2025-07-18 11:00:00,1.1629,1.16456,1.16281,1.16357
2025-07-18 12:00:00,1.16357,1.16431,1.16331,1.1633499999999999
2025-07-18 13:00:00,1.1633499999999999,1.16421,1.1632,1.164
2025-07-18 14:00:00,1.164,1.16482,1.1639599999999999,1.16444
2025-07-18 15:00:00,1.16444,1.16584,1.16432,1.16564
2025-07-18 16:00:00,1.16564,1.16677,1.1648,1.16657
2025-07-18 17:00:00,1.16657,1.16719,1.16445,1.16479
2025-07-18 18:00:00,1.1648,1.16578,1.16427,1.16446
2025-07-18 19:00:00,1.16446,1.16489,1.1626400000000001,1.16286
2025-07-18 20:00:00,1.16286,1.16299,1.16178,1.16271
2025-07-18 21:00:00,1.16271,1.1628,1.16194,1.16217
2025-07-18 22:00:00,1.16217,1.16232,1.1617,1.16225
2025-07-18 23:00:00,1.16225,1.16276,1.16188,1.1621
2025-07-21 00:00:00,1.16248,1.1633499999999999,1.16178,1.16303
2025-07-21 01:00:00,1.16303,1.16326,1.16225,1.16265
2025-07-21 02:00:00,1.1626400000000001,1.16316,1.16248,1.16296
2025-07-21 03:00:00,1.16296,1.16364,1.1619,1.16192
2025-07-21 04:00:00,1.16192,1.16255,1.1616,1.16175
2025-07-21 05:00:00,1.16175,1.16243,1.16145,1.16221
2025-07-21 06:00:00,1.16221,1.16258,1.16197,1.16254
2025-07-21 07:00:00,1.16254,1.1630099999999999,1.16229,1.16294
2025-07-21 08:00:00,1.16294,1.16355,1.16279,1.16337
2025-07-21 09:00:00,1.16337,1.16428,1.16291,1.16414
2025-07-21 10:00:00,1.16414,1.16475,1.16355,1.16437
2025-07-21 11:00:00,1.16437,1.16522,1.16365,1.16424
2025-07-21 12:00:00,1.16424,1.16485,1.16384,1.16444
2025-07-21 13:00:00,1.16448,1.16462,1.16336,1.16456
2025-07-21 14:00:00,1.16456,1.16699,1.16446,1.16677
2025-07-21 15:00:00,1.16677,1.16732,1.16626,1.16651
2025-07-21 16:00:00,1.16652,1.16655,1.16578,1.16649
2025-07-21 17:00:00,1.16649,1.16985,1.16639,1.16965
2025-07-21 18:00:00,1.16964,1.17168,1.16955,1.17046
2025-07-21 19:00:00,1.17047,1.17058,1.16955,1.17001
2025-07-21 20:00:00,1.17001,1.17014,1.16859,1.16909
2025-07-21 21:00:00,1.16909,1.16954,1.16869,1.1694
2025-07-21 22:00:00,1.1694,1.16961,1.16894,1.16897
2025-07-21 23:00:00,1.16897,1.16962,1.16881,1.1695
2025-07-22 00:00:00,1.16894,1.16942,1.16862,1.16914
2025-07-22 01:00:00,1.16914,1.16949,1.16912,1.16948
2025-07-22 02:00:00,1.16948,1.16959,1.16905,1.16949
2025-07-22 03:00:00,1.16949,1.16954,1.16836,1.16885
2025-07-22 04:00:00,1.16885,1.16903,1.16825,1.16883
2025-07-22 05:00:00,1.16883,1.16958,1.16881,1.1690800000000001
2025-07-22 06:00:00,1.1690800000000001,1.16912,1.16851,1.16872
2025-07-22 07:00:00,1.16872,1.16947,1.16863,1.1688399999999999
2025-07-22 08:00:00,1.1688399999999999,1.16923,1.16831,1.16873
2025-07-22 09:00:00,1.16873,1.16922,1.16842,1.16909
2025-07-22 10:00:00,1.16909,1.16923,1.16818,1.1686
2025-07-22 11:00:00,1.1686,1.17034,1.1684,1.16985
2025-07-22 12:00:00,1.16985,1.1707,1.16932,1.17056
2025-07-22 13:00:00,1.17056,1.17095,1.16997,1.17019
2025-07-22 14:00:00,1.17017,1.17038,1.16944,1.17015
2025-07-22 15:00:00,1.17015,1.1705,1.16832,1.16906
2025-07-22 16:00:00,1.16906,1.17045,1.1679,1.17044
2025-07-22 17:00:00,1.17044,1.17266,1.16909,1.1722299999999999
2025-07-22 18:00:00,1.1722,1.1749,1.17146,1.17481
2025-07-22 19:00:00,1.17481,1.17605,1.17448,1.17551
2025-07-22 20:00:00,1.17551,1.17554,1.17431,1.17459
2025-07-22 21:00:00,1.17459,1.17484,1.17419,1.1748
2025-07-22 22:00:00,1.1748,1.17529,1.1745,1.17517
2025-07-22 23:00:00,1.17517,1.17546,1.17453,1.17541
2025-07-23 00:00:00,1.17538,1.17538,1.17418,1.1746
2025-07-23 01:00:00,1.1746,1.1750099999999999,1.1740599999999999,1.17481
2025-07-23 02:00:00,1.17481,1.1756199999999999,1.17362,1.17381
2025-07-23 03:00:00,1.17381,1.17478,1.17334,1.17472
2025-07-23 04:00:00,1.17472,1.17487,1.17306,1.1737
2025-07-23 05:00:00,1.1737,1.17418,1.17327,1.17348
2025-07-23 06:00:00,1.17348,1.17462,1.1734,1.17391
2025-07-23 07:00:00,1.17391,1.17398,1.17322,1.1735
2025-07-23 08:00:00,1.1735,1.1738,1.17273,1.17305
2025-07-23 09:00:00,1.17305,1.17427,1.17303,1.17423
2025-07-23 10:00:00,1.17423,1.17529,1.17338,1.17421
2025-07-23 11:00:00,1.17421,1.17481,1.17309,1.17329
2025-07-23 12:00:00,1.17329,1.1739600000000001,1.17304,1.1736
2025-07-23 13:00:00,1.1736,1.17366,1.17231,1.17261
2025-07-23 14:00:00,1.17261,1.17315,1.17236,1.17256
2025-07-23 15:00:00,1.17256,1.17333,1.17201,1.17251
2025-07-23 16:00:00,1.17251,1.17304,1.17109,1.17262
2025-07-23 17:00:00,1.17263,1.17378,1.17233,1.17337
2025-07-23 18:00:00,1.17337,1.1754,1.17217,1.17468
2025-07-23 19:00:00,1.17468,1.17609,1.17432,1.17511
2025-07-23 20:00:00,1.17512,1.17651,1.17458,1.17597
2025-07-23 21:00:00,1.17597,1.17739,1.17595,1.17714
2025-07-23 22:00:00,1.17714,1.17749,1.1768,1.17733
2025-07-23 23:00:00,1.17732,1.17751,1.17663,1.17729
2025-07-24 00:00:00,1.1767,1.1773500000000001,1.17632,1.17664
2025-07-24 01:00:00,1.17664,1.17749,1.17664,1.1773500000000001
2025-07-24 02:00:00,1.1773500000000001,1.17788,1.1773,1.17732
2025-07-24 03:00:00,1.17732,1.17737,1.17619,1.1767
2025-07-24 04:00:00,1.1767,1.17797,1.17668,1.17751
2025-07-24 05:00:00,1.17751,1.17787,1.17709,1.17768
2025-07-24 06:00:00,1.17768,1.17802,1.17738,1.17752
2025-07-24 07:00:00,1.17752,1.17779,1.17729,1.17741
2025-07-24 08:00:00,1.17741,1.17784,1.17704,1.17709
2025-07-24 09:00:00,1.17709,1.1773,1.1757,1.1757
2025-07-24 10:00:00,1.1757,1.17698,1.1755,1.17616
2025-07-24 11:00:00,1.17615,1.17682,1.17555,1.17582
2025-07-24 12:00:00,1.17582,1.17594,1.1746699999999999,1.17525
2025-07-24 13:00:00,1.17525,1.17548,1.17434,1.1749
2025-07-24 14:00:00,1.1749,1.17564,1.17456,1.1756
2025-07-24 15:00:00,1.1756,1.17588,1.17319,1.1736
2025-07-24 16:00:00,1.1736,1.17769,1.17304,1.17715
2025-07-24 17:00:00,1.17713,1.17887,1.17615,1.17661
2025-07-24 18:00:00,1.17661,1.17784,1.1755200000000001,1.17647
2025-07-24 19:00:00,1.17647,1.17727,1.17568,1.17625
2025-07-24 20:00:00,1.17626,1.1778,1.17602,1.17698
2025-07-24 21:00:00,1.17698,1.17709,1.17622,1.17659
2025-07-24 22:00:00,1.17659,1.17702,1.17581,1.17583
2025-07-24 23:00:00,1.17582,1.176,1.17436,1.17489
2025-07-25 00:00:00,1.17442,1.1749,1.17295,1.17451
2025-07-25 01:00:00,1.17451,1.17533,1.17439,1.1751800000000001
2025-07-25 02:00:00,1.1751800000000001,1.17573,1.17498,1.17547
2025-07-25 03:00:00,1.17547,1.17588,1.17486,1.17544
2025-07-25 04:00:00,1.17544,1.17587,1.17391,1.1743000000000001
2025-07-25 05:00:00,1.1743000000000001,1.17438,1.17341,1.17394
2025-07-25 06:00:00,1.17394,1.17453,1.1736900000000001,1.17425
2025-07-25 07:00:00,1.17425,1.17464,1.17341,1.17401
2025-07-25 08:00:00,1.17401,1.1749100000000001,1.17372,1.17468
2025-07-25 09:00:00,1.17468,1.17608,1.17418,1.17479
2025-07-25 10:00:00,1.17479,1.17595,1.17479,1.17529
2025-07-25 11:00:00,1.17529,1.17581,1.17416,1.17432
2025-07-25 12:00:00,1.17431,1.17437,1.1733,1.17351
2025-07-25 13:00:00,1.17351,1.17373,1.17248,1.17283
2025-07-25 14:00:00,1.17283,1.1731,1.17116,1.1721
2025-07-25 15:00:00,1.1721,1.17273,1.17116,1.17183
2025-07-25 16:00:00,1.17183,1.17299,1.17029,1.17218
2025-07-25 17:00:00,1.17218,1.17358,1.17218,1.17295
2025-07-25 18:00:00,1.17295,1.17386,1.17222,1.17291
2025-07-25 19:00:00,1.17291,1.1730800000000001,1.17203,1.17289
2025-07-25 20:00:00,1.17289,1.17397,1.17288,1.17365
2025-07-25 21:00:00,1.17365,1.1746699999999999,1.17358,1.17456
2025-07-25 22:00:00,1.17456,1.1747,1.17413,1.17438
2025-07-25 23:00:00,1.17438,1.1743999999999999,1.17375,1.17394
2025-07-28 00:00:00,1.1755200000000001,1.17624,1.17483,1.17596
2025-07-28 01:00:00,1.17596,1.17689,1.17514,1.17551
2025-07-28 02:00:00,1.17551,1.17607,1.17538,1.17554
2025-07-28 03:00:00,1.17554,1.17704,1.17547,1.17639
2025-07-28 04:00:00,1.17639,1.17699,1.17474,1.17524
2025-07-28 05:00:00,1.17524,1.17575,1.17463,1.17548
2025-07-28 06:00:00,1.17548,1.17572,1.1751,1.17567
2025-07-28 07:00:00,1.17567,1.17582,1.1745700000000001,1.17474
2025-07-28 08:00:00,1.17474,1.17476,1.17398,1.17408
2025-07-28 09:00:00,1.17408,1.17446,1.1711,1.1721300000000001
2025-07-28 10:00:00,1.1721300000000001,1.17239,1.16705,1.1675
2025-07-28 11:00:00,1.1675,1.16903,1.16709,1.16791
2025-07-28 12:00:00,1.16791,1.16844,1.16583,1.1667
2025-07-28 13:00:00,1.1667,1.1672,1.16551,1.16582
2025-07-28 14:00:00,1.16582,1.16588,1.16438,1.16512
2025-07-28 15:00:00,1.16511,1.16652,1.16482,1.1657899999999999
2025-07-28 16:00:00,1.1658,1.16622,1.16257,1.16341
2025-07-28 17:00:00,1.16333,1.16473,1.16306,1.16373
2025-07-28 18:00:00,1.16373,1.16393,1.1608,1.16089
2025-07-28 19:00:00,1.16089,1.16109,1.15984,1.15991
2025-07-28 20:00:00,1.15991,1.16018,1.15893,1.15922
2025-07-28 21:00:00,1.15922,1.15948,1.15853,1.15947
2025-07-28 22:00:00,1.15947,1.15961,1.15892,1.15916
2025-07-28 23:00:00,1.15916,1.15943,1.15838,1.15885
2025-07-29 00:00:00,1.15875,1.15903,1.15859,1.15901
2025-07-29 01:00:00,1.15901,1.15944,1.15877,1.15938
2025-07-29 02:00:00,1.15938,1.15968,1.15891,1.15965
2025-07-29 03:00:00,1.15965,1.15977,1.15843,1.1585
2025-07-29 04:00:00,1.1585,1.15983,1.15848,1.15911
2025-07-29 05:00:00,1.15911,1.15994,1.15911,1.15971
2025-07-29 06:00:00,1.15971,1.1598600000000001,1.15814,1.15829
2025-07-29 07:00:00,1.15829,1.15887,1.15747,1.15885
2025-07-29 08:00:00,1.15885,1.15904,1.15769,1.15788
2025-07-29 09:00:00,1.15789,1.1586,1.15319,1.15338
2025-07-29 10:00:00,1.15338,1.15549,1.15266,1.15549
2025-07-29 11:00:00,1.15549,1.15695,1.15525,1.1569099999999999
2025-07-29 12:00:00,1.15693,1.15849,1.15631,1.15767
2025-07-29 13:00:00,1.15768,1.15882,1.1573,1.1574
2025-07-29 14:00:00,1.1574,1.15749,1.15374,1.1540300000000001
2025-07-29 15:00:00,1.1540300000000001,1.15421,1.15247,1.15247
2025-07-29 16:00:00,1.15248,1.15469,1.15189,1.1544699999999999
2025-07-29 17:00:00,1.15454,1.15521,1.15217,1.15229
2025-07-29 18:00:00,1.15229,1.15411,1.15219,1.15333
2025-07-29 19:00:00,1.15333,1.15496,1.15333,1.15415
2025-07-29 20:00:00,1.15415,1.15605,1.154,1.15416
2025-07-29 21:00:00,1.15416,1.15506,1.15375,1.15502
2025-07-29 22:00:00,1.15503,1.15576,1.15489,1.15499
2025-07-29 23:00:00,1.15499,1.15526,1.1543700000000001,1.15452
2025-07-30 00:00:00,1.15461,1.15479,1.1543,1.15478
2025-07-30 01:00:00,1.15478,1.15507,1.15456,1.15497
2025-07-30 02:00:00,1.15497,1.15509,1.15467,1.15509
2025-07-30 03:00:00,1.15509,1.15678,1.1550799999999999,1.15671
2025-07-30 04:00:00,1.1567,1.15728,1.15605,1.15644
2025-07-30 05:00:00,1.15643,1.15686,1.15605,1.15638
2025-07-30 06:00:00,1.15638,1.15708,1.15582,1.15618
2025-07-30 07:00:00,1.15618,1.15621,1.15503,1.15511
2025-07-30 08:00:00,1.15511,1.15597,1.15482,1.15502
2025-07-30 09:00:00,1.15502,1.15608,1.15402,1.15566
2025-07-30 10:00:00,1.15565,1.15686,1.15511,1.1553499999999999
2025-07-30 11:00:00,1.1553499999999999,1.15595,1.15486,1.1556899999999999
2025-07-30 12:00:00,1.1556899999999999,1.15606,1.15449,1.15521
2025-07-30 13:00:00,1.15518,1.15551,1.15321,1.15395
2025-07-30 14:00:00,1.15395,1.15408,1.1522000000000001,1.15313
2025-07-30 15:00:00,1.15313,1.15348,1.14691,1.14731
2025-07-30 16:00:00,1.1473,1.14809,1.14581,1.14693
2025-07-30 17:00:00,1.14693,1.1482,1.14651,1.14805
2025-07-30 18:00:00,1.14805,1.14851,1.14636,1.14687
2025-07-30 19:00:00,1.14687,1.14744,1.1464699999999999,1.14737
2025-07-30 20:00:00,1.14738,1.1482,1.14737,1.14786
2025-07-30 21:00:00,1.14786,1.15035,1.1424400000000001,1.14245
2025-07-30 22:00:00,1.14245,1.14361,1.14139,1.1424
2025-07-30 23:00:00,1.1424,1.14294,1.14002,1.14031
2025-07-31 00:00:00,1.14033,1.14089,1.13991,1.14035
2025-07-31 01:00:00,1.14035,1.1424400000000001,1.1403,1.1423
2025-07-31 02:00:00,1.1423,1.1430500000000001,1.14195,1.14284
2025-07-31 03:00:00,1.14283,1.14373,1.1428099999999999,1.14343
2025-07-31 04:00:00,1.14343,1.1438,1.14235,1.14309
2025-07-31 05:00:00,1.14309,1.14319,1.14213,1.14293
2025-07-31 06:00:00,1.14293,1.14344,1.14074,1.14233
2025-07-31 07:00:00,1.14233,1.14365,1.14194,1.14359
2025-07-31 08:00:00,1.14358,1.14431,1.1431,1.14368
2025-07-31 09:00:00,1.14367,1.1461000000000001,1.14354,1.14584
2025-07-31 10:00:00,1.14584,1.14584,1.1433200000000001,1.14491
2025-07-31 11:00:00,1.14491,1.14551,1.14382,1.14501
2025-07-31 12:00:00,1.14501,1.14509,1.14325,1.14334
2025-07-31 13:00:00,1.14333,1.14413,1.14208,1.14397
2025-07-31 14:00:00,1.14397,1.14509,1.14361,1.14491
2025-07-31 15:00:00,1.14492,1.1451,1.14249,1.14286
2025-07-31 16:00:00,1.14286,1.14298,1.1406100000000001,1.14114
2025-07-31 17:00:00,1.14114,1.14497,1.14074,1.14447
2025-07-31 18:00:00,1.14447,1.14499,1.1428099999999999,1.14301
2025-07-31 19:00:00,1.14301,1.14329,1.14216,1.14226
2025-07-31 20:00:00,1.14226,1.14246,1.1415,1.14196
2025-07-31 21:00:00,1.14196,1.1433,1.14155,1.14266
2025-07-31 22:00:00,1.14266,1.14319,1.1412200000000001,1.1412499999999999
2025-07-31 23:00:00,1.1412499999999999,1.1418300000000001,1.14093,1.14135
2025-08-01 00:00:00,1.14118,1.14186,1.14089,1.14166
2025-08-01 01:00:00,1.14166,1.14231,1.1414,1.1418
2025-08-01 02:00:00,1.1418,1.14262,1.14118,1.14219
2025-08-01 03:00:00,1.1421999999999999,1.1429,1.14156,1.14243
2025-08-01 04:00:00,1.14243,1.14285,1.1405,1.14073
2025-08-01 05:00:00,1.14073,1.1415,1.14059,1.14115
2025-08-01 06:00:00,1.14114,1.14223,1.14103,1.14181
2025-08-01 07:00:00,1.14181,1.14216,1.14156,1.14192
2025-08-01 08:00:00,1.14192,1.14348,1.14161,1.14308
2025-08-01 09:00:00,1.14308,1.1438,1.14261,1.14293
2025-08-01 10:00:00,1.14293,1.1434,1.1412499999999999,1.14187
2025-08-01 11:00:00,1.14187,1.14206,1.14053,1.14066
2025-08-01 12:00:00,1.14066,1.14128,1.13931,1.14009
2025-08-01 13:00:00,1.14013,1.14176,1.14012,1.14121
2025-08-01 14:00:00,1.14121,1.14225,1.14043,1.14046
2025-08-01 15:00:00,1.14046,1.15584,1.13917,1.15456
2025-08-01 16:00:00,1.15455,1.15832,1.15368,1.15616
2025-08-01 17:00:00,1.15617,1.15883,1.15511,1.15562
2025-08-01 18:00:00,1.15562,1.15652,1.1536,1.15544
2025-08-01 19:00:00,1.15544,1.15647,1.15379,1.15394
2025-08-01 20:00:00,1.15393,1.15393,1.15165,1.15267
2025-08-01 21:00:00,1.15267,1.15479,1.15217,1.15258
2025-08-01 22:00:00,1.15258,1.15823,1.15236,1.15689
2025-08-01 23:00:00,1.15692,1.15971,1.15688,1.1584699999999999
2025-08-04 00:00:00,1.15852,1.15957,1.1584,1.15869
2025-08-04 01:00:00,1.15869,1.1595900000000001,1.15784,1.1584
2025-08-04 02:00:00,1.1584,1.15901,1.15782,1.15876
2025-08-04 03:00:00,1.15876,1.1589,1.1555900000000001,1.15579
2025-08-04 04:00:00,1.15579,1.15724,1.15503,1.15713
2025-08-04 05:00:00,1.15713,1.15782,1.15675,1.15758
2025-08-04 06:00:00,1.15758,1.15861,1.15758,1.15793
2025-08-04 07:00:00,1.15793,1.15855,1.15743,1.15744
2025-08-04 08:00:00,1.15743,1.15821,1.15673,1.15703
2025-08-04 09:00:00,1.15703,1.15833,1.15633,1.1571
2025-08-04 10:00:00,1.1571799999999999,1.15786,1.15505,1.15637
2025-08-04 11:00:00,1.15637,1.1565400000000001,1.15497,1.15581
2025-08-04 12:00:00,1.15581,1.1577600000000001,1.15554,1.15644
2025-08-04 13:00:00,1.15644,1.15774,1.15552,1.15739
2025-08-04 14:00:00,1.15739,1.15863,1.15646,1.15668
2025-08-04 15:00:00,1.15668,1.15884,1.15607,1.1575199999999999
2025-08-04 16:00:00,1.15753,1.15883,1.1573,1.15753
2025-08-04 17:00:00,1.15761,1.1587399999999999,1.15568,1.15641
2025-08-04 18:00:00,1.15641,1.15766,1.15611,1.15671
2025-08-04 19:00:00,1.15671,1.15754,1.15568,1.15722
2025-08-04 20:00:00,1.15722,1.1574200000000001,1.15644,1.1573
2025-08-04 21:00:00,1.1573,1.15775,1.15642,1.1565400000000001
2025-08-04 22:00:00,1.1565400000000001,1.15727,1.1562999999999999,1.15682
2025-08-04 23:00:00,1.1568100000000001,1.15762,1.15655,1.15723
2025-08-05 00:00:00,1.15674,1.15701,1.15563,1.15686
2025-08-05 01:00:00,1.15686,1.15814,1.15685,1.15793
2025-08-05 02:00:00,1.15793,1.15855,1.15779,1.15841
2025-08-05 03:00:00,1.15841,1.15878,1.15707,1.1571799999999999
2025-08-05 04:00:00,1.15719,1.15739,1.15595,1.1564
2025-08-05 05:00:00,1.1564,1.15645,1.15556,1.15605
2025-08-05 06:00:00,1.15605,1.15616,1.15543,1.15556
2025-08-05 07:00:00,1.15556,1.15604,1.15541,1.15583
2025-08-05 08:00:00,1.15583,1.15583,1.15443,1.15481
2025-08-05 09:00:00,1.1548,1.15614,1.15428,1.15509
2025-08-05 10:00:00,1.15507,1.15623,1.15332,1.15462
2025-08-05 11:00:00,1.15462,1.15491,1.15313,1.15367
2025-08-05 12:00:00,1.15368,1.15464,1.153,1.15422
2025-08-05 13:00:00,1.15422,1.15458,1.1534200000000001,1.15442
2025-08-05 14:00:00,1.15442,1.15479,1.15277,1.15397
2025-08-05 15:00:00,1.15397,1.15486,1.15302,1.15372
2025-08-05 16:00:00,1.15372,1.15544,1.15322,1.15337
2025-08-05 17:00:00,1.15333,1.15662,1.15333,1.15652
2025-08-05 18:00:00,1.15652,1.15848,1.15629,1.15796
2025-08-05 19:00:00,1.15796,1.1586,1.15772,1.15828
2025-08-05 20:00:00,1.15828,1.15832,1.15755,1.15782
2025-08-05 21:00:00,1.15782,1.15796,1.15703,1.15735
2025-08-05 22:00:00,1.15735,1.1575,1.15663,1.15727
2025-08-05 23:00:00,1.15727,1.15772,1.1571500000000001,1.15749
2025-08-06 00:00:00,1.15749,1.15755,1.156,1.15732
2025-08-06 01:00:00,1.15732,1.15779,1.1571,1.15762
2025-08-06 02:00:00,1.15762,1.1581299999999999,1.15731,1.15785
2025-08-06 03:00:00,1.15785,1.15853,1.15727,1.15736
2025-08-06 04:00:00,1.15736,1.15737,1.15648,1.15669
2025-08-06 05:00:00,1.15669,1.1571799999999999,1.15641,1.15694
2025-08-06 06:00:00,1.15694,1.1582,1.15694,1.1580300000000001
2025-08-06 07:00:00,1.1580300000000001,1.15862,1.1577600000000001,1.15828
2025-08-06 08:00:00,1.15828,1.15835,1.15745,1.15788
2025-08-06 09:00:00,1.15787,1.15881,1.15765,1.15786
2025-08-06 10:00:00,1.15786,1.15821,1.15713,1.15811
2025-08-06 11:00:00,1.15811,1.15836,1.15704,1.1575
2025-08-06 12:00:00,1.1575,1.1588,1.1574200000000001,1.15851
2025-08-06 13:00:00,1.15851,1.16107,1.15843,1.1607
2025-08-06 14:00:00,1.1607,1.1615,1.15977,1.16041
2025-08-06 15:00:00,1.16041,1.16287,1.16004,1.16236
2025-08-06 16:00:00,1.16236,1.1635900000000001,1.16174,1.16358
2025-08-06 17:00:00,1.16358,1.16375,1.16222,1.1627399999999999
2025-08-06 18:00:00,1.1627399999999999,1.16469,1.16228,1.16463
2025-08-06 19:00:00,1.16461,1.1648399999999999,1.16307,1.16348
2025-08-06 20:00:00,1.16348,1.16551,1.16331,1.1649
2025-08-06 21:00:00,1.16493,1.16687,1.1648100000000001,1.16626
2025-08-06 22:00:00,1.16626,1.1663999999999999,1.16526,1.16566
2025-08-06 23:00:00,1.16566,1.1660300000000001,1.16506,1.16599
2025-08-07 00:00:00,1.16589,1.16589,1.16432,1.16568
2025-08-07 01:00:00,1.16568,1.1666,1.16562,1.16638
2025-08-07 02:00:00,1.16638,1.16642,1.16594,1.16632
2025-08-07 03:00:00,1.16631,1.1663999999999999,1.16509,1.16524
2025-08-07 04:00:00,1.16524,1.16629,1.16495,1.16577
2025-08-07 05:00:00,1.16577,1.16652,1.16561,1.16576
2025-08-07 06:00:00,1.16576,1.16655,1.16532,1.16647
2025-08-07 07:00:00,1.16647,1.16764,1.16632,1.16714
2025-08-07 08:00:00,1.16714,1.16765,1.16684,1.1675200000000001
2025-08-07 09:00:00,1.1675200000000001,1.16798,1.16681,1.16761
2025-08-07 10:00:00,1.1676,1.16913,1.16732,1.16895
2025-08-07 11:00:00,1.16895,1.16989,1.16755,1.16828
2025-08-07 12:00:00,1.16828,1.16849,1.16704,1.16706
2025-08-07 13:00:00,1.16706,1.16718,1.16614,1.16703
2025-08-07 14:00:00,1.16703,1.16766,1.16342,1.16446
2025-08-07 15:00:00,1.16442,1.16625,1.16374,1.16512
2025-08-07 16:00:00,1.16512,1.16586,1.16378,1.16428
2025-08-07 17:00:00,1.16428,1.16499,1.16141,1.16244
2025-08-07 18:00:00,1.16244,1.1642000000000001,1.1611,1.164
2025-08-07 19:00:00,1.16399,1.1644700000000001,1.16351,1.16382
2025-08-07 20:00:00,1.16382,1.1639599999999999,1.16322,1.16331
2025-08-07 21:00:00,1.16331,1.16372,1.16215,1.16221
2025-08-07 22:00:00,1.16221,1.16567,1.16193,1.16545
2025-08-07 23:00:00,1.16545,1.16713,1.16545,1.16641
2025-08-08 00:00:00,1.16644,1.1667,1.16574,1.16641
2025-08-08 01:00:00,1.16641,1.16747,1.1663999999999999,1.1672500000000001
2025-08-08 02:00:00,1.1672500000000001,1.16783,1.1670099999999999,1.1677
2025-08-08 03:00:00,1.1677,1.16794,1.16672,1.1672500000000001
2025-08-08 04:00:00,1.1672500000000001,1.16737,1.16551,1.16573
2025-08-08 05:00:00,1.16573,1.16652,1.16572,1.16609
2025-08-08 06:00:00,1.16609,1.16611,1.16549,1.16598
2025-08-08 07:00:00,1.16598,1.16634,1.16576,1.16583
2025-08-08 08:00:00,1.16583,1.16599,1.16388,1.16411
2025-08-08 09:00:00,1.16411,1.16529,1.16407,1.16501
2025-08-08 10:00:00,1.16501,1.16645,1.16488,1.16592
2025-08-08 11:00:00,1.16592,1.1663000000000001,1.16345,1.16372
2025-08-08 12:00:00,1.16371,1.1644,1.163,1.16416
2025-08-08 13:00:00,1.16416,1.16475,1.16287,1.16358
2025-08-08 14:00:00,1.16358,1.16494,1.16352,1.16439
2025-08-08 15:00:00,1.16439,1.1654200000000001,1.16377,1.16418
2025-08-08 16:00:00,1.16418,1.16553,1.16414,1.16487
2025-08-08 17:00:00,1.16487,1.1663000000000001,1.16465,1.16561
2025-08-08 18:00:00,1.16561,1.16676,1.16543,1.16597
2025-08-08 19:00:00,1.16598,1.16631,1.16497,1.16566
2025-08-08 20:00:00,1.16566,1.16668,1.16536,1.16587
2025-08-08 21:00:00,1.16592,1.16629,1.16478,1.16559
2025-08-08 22:00:00,1.16559,1.16561,1.16363,1.16424
2025-08-08 23:00:00,1.16424,1.16436,1.16382,1.16404
2025-08-11 00:00:00,1.16412,1.16468,1.16394,1.1643
2025-08-11 01:00:00,1.1643,1.16509,1.16407,1.16469
2025-08-11 02:00:00,1.16469,1.16509,1.16446,1.16477
2025-08-11 03:00:00,1.16477,1.16486,1.16419,1.16475
2025-08-11 04:00:00,1.16474,1.1659,1.16453,1.16588
2025-08-11 05:00:00,1.16588,1.16685,1.16588,1.16659
2025-08-11 06:00:00,1.16659,1.16756,1.16648,1.16712
2025-08-11 07:00:00,1.16712,1.16756,1.16708,1.16721
2025-08-11 08:00:00,1.16721,1.16726,1.16673,1.16694
2025-08-11 09:00:00,1.16694,1.16738,1.16632,1.16644
2025-08-11 10:00:00,1.16644,1.16661,1.16459,1.16472
2025-08-11 11:00:00,1.16472,1.16604,1.16441,1.16554
2025-08-11 12:00:00,1.16548,1.16581,1.16383,1.16413
2025-08-11 13:00:00,1.16413,1.16479,1.16406,1.1647
2025-08-11 14:00:00,1.1647,1.16471,1.1623,1.16288
2025-08-11 15:00:00,1.16288,1.16312,1.1614,1.1620300000000001
2025-08-11 16:00:00,1.1620300000000001,1.16277,1.1616,1.16195
2025-08-11 17:00:00,1.16195,1.16205,1.15904,1.1595900000000001
2025-08-11 18:00:00,1.1595900000000001,1.16071,1.159,1.16055
2025-08-11 19:00:00,1.16055,1.16119,1.16019,1.16076
2025-08-11 20:00:00,1.16076,1.16124,1.1598600000000001,1.1611
2025-08-11 21:00:00,1.1611,1.16143,1.16072,1.16123
2025-08-11 22:00:00,1.16123,1.16129,1.16021,1.1605
2025-08-11 23:00:00,1.1605,1.16193,1.16043,1.16158
2025-08-12 00:00:00,1.16145,1.16149,1.16043,1.16138
2025-08-12 01:00:00,1.16138,1.16181,1.16103,1.16129
2025-08-12 02:00:00,1.16129,1.16177,1.16125,1.16164
2025-08-12 03:00:00,1.16164,1.16199,1.16119,1.16153
2025-08-12 04:00:00,1.16153,1.16256,1.16145,1.16192
2025-08-12 05:00:00,1.16192,1.16255,1.16174,1.16228
2025-08-12 06:00:00,1.16227,1.16245,1.16184,1.16206
2025-08-12 07:00:00,1.16206,1.16278,1.16156,1.16276
2025-08-12 08:00:00,1.16276,1.1629,1.16132,1.16139
2025-08-12 09:00:00,1.16139,1.16186,1.16082,1.16092
2025-08-12 10:00:00,1.16093,1.16239,1.1608,1.1620300000000001
2025-08-12 11:00:00,1.1620300000000001,1.16225,1.1611799999999999,1.1615
2025-08-12 12:00:00,1.16149,1.16183,1.16003,1.16068
2025-08-12 13:00:00,1.16064,1.16132,1.1605699999999999,1.16104
2025-08-12 14:00:00,1.16104,1.16112,1.15985,1.16054
2025-08-12 15:00:00,1.16054,1.16558,1.15993,1.16426
2025-08-12 16:00:00,1.16425,1.16679,1.16175,1.16523
2025-08-12 17:00:00,1.16524,1.16628,1.16417,1.1658
2025-08-12 18:00:00,1.1658,1.16973,1.16563,1.16723
2025-08-12 19:00:00,1.16723,1.16861,1.16657,1.1679599999999999
2025-08-12 20:00:00,1.16797,1.16804,1.16711,1.16731
2025-08-12 21:00:00,1.16732,1.16787,1.16646,1.16689
2025-08-12 22:00:00,1.16689,1.16757,1.16645,1.16748
2025-08-12 23:00:00,1.16748,1.16768,1.16715,1.1673
2025-08-13 00:00:00,1.1674,1.16741,1.16656,1.16719
2025-08-13 01:00:00,1.1672,1.16775,1.16716,1.16768
2025-08-13 02:00:00,1.16768,1.16794,1.16754,1.16776
2025-08-13 03:00:00,1.16776,1.16808,1.16708,1.16799
2025-08-13 04:00:00,1.16799,1.16866,1.16759,1.1677
2025-08-13 05:00:00,1.1677,1.16859,1.16704,1.1682
2025-08-13 06:00:00,1.1682,1.16876,1.16795,1.16838
2025-08-13 07:00:00,1.16838,1.16862,1.16816,1.16842
2025-08-13 08:00:00,1.16842,1.16854,1.16765,1.16791
2025-08-13 09:00:00,1.16792,1.16971,1.16789,1.16923
2025-08-13 10:00:00,1.16923,1.1712799999999999,1.16919,1.17082
2025-08-13 11:00:00,1.1708,1.17206,1.1707,1.1714
2025-08-13 12:00:00,1.1714,1.17303,1.17139,1.17293
2025-08-13 13:00:00,1.17293,1.17302,1.17163,1.17165
2025-08-13 14:00:00,1.17165,1.17192,1.17079,1.17191
2025-08-13 15:00:00,1.17191,1.17217,1.16972,1.16991
2025-08-13 16:00:00,1.16991,1.17071,1.16929,1.17048
2025-08-13 17:00:00,1.17045,1.17236,1.17029,1.172
2025-08-13 18:00:00,1.172,1.17227,1.17081,1.17137
2025-08-13 19:00:00,1.17136,1.1715,1.17064,1.1706699999999999
2025-08-13 20:00:00,1.1706699999999999,1.17108,1.17028,1.1703999999999999
2025-08-13 21:00:00,1.17041,1.17045,1.16959,1.1700599999999999
2025-08-13 22:00:00,1.1700599999999999,1.17042,1.16974,1.16995
2025-08-13 23:00:00,1.16995,1.1706699999999999,1.16993,1.17044
2025-08-14 00:00:00,1.17051,1.17054,1.16952,1.17045
2025-08-14 01:00:00,1.17045,1.17082,1.17037,1.17082
2025-08-14 02:00:00,1.17082,1.1712500000000001,1.17076,1.17123
2025-08-14 03:00:00,1.17123,1.17149,1.1709100000000001,1.17112
2025-08-14 04:00:00,1.17112,1.1715200000000001,1.1709,1.17131
2025-08-14 05:00:00,1.17131,1.17131,1.16989,1.17048
2025-08-14 06:00:00,1.17048,1.17053,1.16995,1.17037
2025-08-14 07:00:00,1.17037,1.17068,1.17014,1.1703999999999999
2025-08-14 08:00:00,1.1703999999999999,1.1703999999999999,1.1696900000000001,1.17014
2025-08-14 09:00:00,1.17015,1.17066,1.16848,1.1685
2025-08-14 10:00:00,1.16851,1.16929,1.16779,1.16797
2025-08-14 11:00:00,1.16797,1.16854,1.16679,1.16685
2025-08-14 12:00:00,1.16685,1.16869,1.16684,1.16819
2025-08-14 13:00:00,1.16819,1.16975,1.16814,1.16955
2025-08-14 14:00:00,1.16955,1.16965,1.16827,1.16878
2025-08-14 15:00:00,1.16885,1.16926,1.16492,1.16639
2025-08-14 16:00:00,1.16639,1.16714,1.1649,1.16504
2025-08-14 17:00:00,1.16503,1.16665,1.16377,1.1661
2025-08-14 18:00:00,1.1661,1.16622,1.16376,1.16431
2025-08-14 19:00:00,1.16431,1.16455,1.1631,1.16345
2025-08-14 20:00:00,1.16345,1.16437,1.16314,1.16368
2025-08-14 21:00:00,1.16367,1.16425,1.1633,1.16416
2025-08-14 22:00:00,1.16416,1.16505,1.16415,1.16482
2025-08-14 23:00:00,1.16482,1.16503,1.16446,1.16482
2025-08-15 00:00:00,1.16469,1.16498,1.16422,1.16496
2025-08-15 01:00:00,1.16496,1.16532,1.16478,1.165
2025-08-15 02:00:00,1.165,1.1653,1.1646,1.16504
2025-08-15 03:00:00,1.16504,1.16534,1.16469,1.16523
2025-08-15 04:00:00,1.16523,1.16581,1.1648399999999999,1.1653
2025-08-15 05:00:00,1.1653,1.16578,1.16495,1.16568
2025-08-15 06:00:00,1.16568,1.16648,1.16566,1.16601
2025-08-15 07:00:00,1.16601,1.16638,1.1659,1.16629
2025-08-15 08:00:00,1.16629,1.16712,1.16614,1.1671
2025-08-15 09:00:00,1.1671,1.16748,1.1665,1.16719
2025-08-15 10:00:00,1.16719,1.16843,1.16719,1.16829
2025-08-15 11:00:00,1.16829,1.16851,1.16766,1.16822
2025-08-15 12:00:00,1.16822,1.16898,1.16801,1.16877
2025-08-15 13:00:00,1.16877,1.16914,1.16805,1.16858
2025-08-15 14:00:00,1.16858,1.16919,1.16817,1.16878
2025-08-15 15:00:00,1.16878,1.17001,1.16731,1.16941
2025-08-15 16:00:00,1.16941,1.1708,1.16817,1.17033
2025-08-15 17:00:00,1.17033,1.17153,1.16997,1.17118
2025-08-15 18:00:00,1.17118,1.1715,1.17032,1.1707
2025-08-15 19:00:00,1.17069,1.17083,1.16996,1.17038
2025-08-15 20:00:00,1.17038,1.1706,1.16994,1.17045
2025-08-15 21:00:00,1.17045,1.1706699999999999,1.16986,1.17026
2025-08-15 22:00:00,1.17026,1.17035,1.17,1.1701
2025-08-15 23:00:00,1.1701,1.17081,1.17001,1.17025
2025-08-18 00:00:00,1.17065,1.17138,1.17054,1.17126
2025-08-18 01:00:00,1.17126,1.17144,1.1709100000000001,1.17136
2025-08-18 02:00:00,1.17141,1.17145,1.17036,1.17062
2025-08-18 03:00:00,1.17063,1.17106,1.17001,1.17019
2025-08-18 04:00:00,1.17017,1.17048,1.1693500000000001,1.17032
2025-08-18 05:00:00,1.17033,1.17055,1.16973,1.17013
2025-08-18 06:00:00,1.17012,1.17049,1.16996,1.17038
2025-08-18 07:00:00,1.17038,1.17103,1.17027,1.17086
2025-08-18 08:00:00,1.17086,1.1709100000000001,1.17012,1.17061
2025-08-18 09:00:00,1.17058,1.1708,1.1693500000000001,1.16965
2025-08-18 10:00:00,1.16967,1.17035,1.16804,1.16815
2025-08-18 11:00:00,1.16815,1.16875,1.1671,1.1682
2025-08-18 12:00:00,1.16819,1.1686,1.16732,1.16805
2025-08-18 13:00:00,1.16798,1.16831,1.16775,1.16809
2025-08-18 14:00:00,1.1681,1.16886,1.16716,1.1675
2025-08-18 15:00:00,1.16758,1.16791,1.16662,1.16764
2025-08-18 16:00:00,1.16764,1.16779,1.16699,1.16778
2025-08-18 17:00:00,1.16777,1.16846,1.16602,1.16643
2025-08-18 18:00:00,1.16642,1.16747,1.16609,1.16672
2025-08-18 19:00:00,1.16671,1.16675,1.1656,1.16578
2025-08-18 20:00:00,1.16578,1.16668,1.16568,1.16628
2025-08-18 21:00:00,1.16628,1.1668,1.16586,1.16602
2025-08-18 22:00:00,1.16602,1.16704,1.166,1.16672
2025-08-18 23:00:00,1.16672,1.16693,1.16601,1.16609
2025-08-19 00:00:00,1.16601,1.16606,1.16468,1.16599
2025-08-19 01:00:00,1.16601,1.16749,1.16593,1.16696
2025-08-19 02:00:00,1.16697,1.16697,1.16622,1.1668
2025-08-19 03:00:00,1.1668,1.16703,1.16557,1.16584
2025-08-19 04:00:00,1.16584,1.16624,1.1639,1.16496
2025-08-19 05:00:00,1.16493,1.16562,1.16472,1.16527
2025-08-19 06:00:00,1.1653,1.1659,1.16504,1.1655
2025-08-19 07:00:00,1.1655,1.16619,1.16535,1.16608
2025-08-19 08:00:00,1.16607,1.16659,1.16541,1.16555
2025-08-19 09:00:00,1.16556,1.16748,1.1651,1.16745
2025-08-19 10:00:00,1.16746,1.16844,1.16737,1.16837
2025-08-19 11:00:00,1.16837,1.16844,1.16716,1.16749
2025-08-19 12:00:00,1.16749,1.1682299999999999,1.16727,1.16803
2025-08-19 13:00:00,1.16802,1.16923,1.16791,1.16888
2025-08-19 14:00:00,1.16887,1.16929,1.168,1.16858
2025-08-19 15:00:00,1.16858,1.16881,1.1673,1.16755
2025-08-19 16:00:00,1.16754,1.16784,1.16681,1.16764
2025-08-19 17:00:00,1.1676199999999999,1.16774,1.16638,1.16722
2025-08-19 18:00:00,1.16721,1.16755,1.16575,1.16586
2025-08-19 19:00:00,1.1659,1.16631,1.16544,1.16564
2025-08-19 20:00:00,1.16563,1.16609,1.1653,1.16548
2025-08-19 21:00:00,1.16547,1.16548,1.1642299999999999,1.16474
2025-08-19 22:00:00,1.16474,1.16483,1.16427,1.16465
2025-08-19 23:00:00,1.16464,1.1648,1.16446,1.16465
2025-08-20 00:00:00,1.16443,1.16483,1.16375,1.16441
2025-08-20 01:00:00,1.16436,1.16491,1.16433,1.16485
2025-08-20 02:00:00,1.16485,1.16486,1.1641,1.16415
2025-08-20 03:00:00,1.16415,1.16426,1.16314,1.16388
2025-08-20 04:00:00,1.16388,1.1642299999999999,1.16271,1.16276
2025-08-20 05:00:00,1.16276,1.16296,1.16222,1.16266
2025-08-20 06:00:00,1.16266,1.16365,1.16265,1.1633
2025-08-20 07:00:00,1.1633,1.16382,1.16324,1.16344
2025-08-20 08:00:00,1.16345,1.16402,1.16322,1.16393
2025-08-20 09:00:00,1.16393,1.16422,1.16232,1.16336
2025-08-20 10:00:00,1.1633499999999999,1.16467,1.16334,1.1645
2025-08-20 11:00:00,1.16449,1.16466,1.16317,1.16379
2025-08-20 12:00:00,1.16379,1.16462,1.16349,1.1645
2025-08-20 13:00:00,1.1645,1.16575,1.16436,1.16469
2025-08-20 14:00:00,1.1647,1.16501,1.16402,1.1642000000000001
2025-08-20 15:00:00,1.1642299999999999,1.16737,1.1642299999999999,1.1671
2025-08-20 16:00:00,1.1671,1.16719,1.16559,1.16589
2025-08-20 17:00:00,1.16589,1.1669,1.1648399999999999,1.16631
2025-08-20 18:00:00,1.16631,1.16632,1.16463,1.16482
2025-08-20 19:00:00,1.16482,1.16619,1.16479,1.16598
2025-08-20 20:00:00,1.16598,1.1672500000000001,1.16592,1.16717
2025-08-20 21:00:00,1.16715,1.16715,1.16548,1.16549
2025-08-20 22:00:00,1.16549,1.16586,1.16524,1.16529
2025-08-20 23:00:00,1.1653,1.16531,1.16469,1.16502
2025-08-21 00:00:00,1.16499,1.16521,1.16463,1.16487
2025-08-21 01:00:00,1.16485,1.1655,1.16459,1.16527
2025-08-21 02:00:00,1.16527,1.16537,1.16483,1.1651
2025-08-21 03:00:00,1.16509,1.16517,1.16411,1.16469
2025-08-21 04:00:00,1.1647,1.16507,1.16413,1.1646
2025-08-21 05:00:00,1.16459,1.16498,1.16435,1.16467
2025-08-21 06:00:00,1.16467,1.16489,1.16417,1.16462
2025-08-21 07:00:00,1.16462,1.1648399999999999,1.16429,1.16454
2025-08-21 08:00:00,1.16456,1.16496,1.16418,1.16494
2025-08-21 09:00:00,1.16495,1.16498,1.16258,1.163
2025-08-21 10:00:00,1.1630099999999999,1.16612,1.1625,1.16588
2025-08-21 11:00:00,1.16581,1.16596,1.16501,1.1655
2025-08-21 12:00:00,1.1655,1.1663000000000001,1.16536,1.16548
2025-08-21 13:00:00,1.16547,1.16567,1.16482,1.16494
2025-08-21 14:00:00,1.16494,1.16574,1.16395,1.16406
2025-08-21 15:00:00,1.16407,1.16564,1.16367,1.16465
2025-08-21 16:00:00,1.16465,1.165,1.16155,1.16212
2025-08-21 17:00:00,1.16212,1.16296,1.1606,1.16158
2025-08-21 18:00:00,1.16157,1.1626,1.16011,1.16044
2025-08-21 19:00:00,1.16044,1.16119,1.16015,1.16113
2025-08-21 20:00:00,1.16112,1.16187,1.16112,1.16151
2025-08-21 21:00:00,1.16151,1.1617,1.16069,1.16098
2025-08-21 22:00:00,1.16098,1.16102,1.16038,1.16051
2025-08-21 23:00:00,1.16051,1.16084,1.16035,1.16059
2025-08-22 00:00:00,1.16051,1.16088,1.15916,1.16037
2025-08-22 01:00:00,1.16037,1.16136,1.16035,1.16133
2025-08-22 02:00:00,1.16133,1.16148,1.16093,1.16125
2025-08-22 03:00:00,1.16125,1.16167,1.16105,1.16149
2025-08-22 04:00:00,1.16149,1.16158,1.1604,1.1608100000000001
2025-08-22 05:00:00,1.1608,1.16143,1.16049,1.16087
2025-08-22 06:00:00,1.16087,1.1609,1.15888,1.1589800000000001
2025-08-22 07:00:00,1.1589800000000001,1.15942,1.15831,1.15846
2025-08-22 08:00:00,1.15846,1.15891,1.15835,1.15871
2025-08-22 09:00:00,1.15866,1.15953,1.15833,1.15887
2025-08-22 10:00:00,1.15888,1.1599,1.15885,1.15945
2025-08-22 11:00:00,1.15945,1.1599599999999999,1.1591,1.15995
2025-08-22 12:00:00,1.15995,1.16025,1.15953,1.15965
2025-08-22 13:00:00,1.15964,1.16001,1.15934,1.1596
2025-08-22 14:00:00,1.15961,1.16064,1.15949,1.16045
2025-08-22 15:00:00,1.16046,1.16138,1.16046,1.16088
2025-08-22 16:00:00,1.16088,1.16192,1.15976,1.15998
2025-08-22 17:00:00,1.16001,1.17201,1.16001,1.17183
2025-08-22 18:00:00,1.17183,1.17323,1.17123,1.17123
2025-08-22 19:00:00,1.17123,1.17265,1.1712,1.1722
2025-08-22 20:00:00,1.17221,1.17426,1.17221,1.1736900000000001
2025-08-22 21:00:00,1.17368,1.17394,1.17212,1.1721300000000001
2025-08-22 22:00:00,1.17216,1.17226,1.17149,1.17201
2025-08-22 23:00:00,1.172,1.17266,1.1718,1.17217
2025-08-25 00:00:00,1.17185,1.17257,1.17165,1.17216
2025-08-25 01:00:00,1.17216,1.17235,1.17107,1.17127
2025-08-25 02:00:00,1.17127,1.17146,1.17074,1.17082
2025-08-25 03:00:00,1.17082,1.17082,1.16954,1.1697899999999999
2025-08-25 04:00:00,1.1697899999999999,1.17038,1.16934,1.16961
2025-08-25 05:00:00,1.16961,1.17002,1.16938,1.1696900000000001
2025-08-25 06:00:00,1.1696900000000001,1.17077,1.1696900000000001,1.17068
2025-08-25 07:00:00,1.17068,1.17079,1.17035,1.1706
2025-08-25 08:00:00,1.1706,1.1706,1.16983,1.17007
2025-08-25 09:00:00,1.17007,1.17205,1.17007,1.17146
2025-08-25 10:00:00,1.17146,1.1718,1.16943,1.16977
2025-08-25 11:00:00,1.16977,1.17108,1.1697,1.17042
2025-08-25 12:00:00,1.17042,1.17047,1.16899,1.16934
2025-08-25 13:00:00,1.16934,1.16974,1.16852,1.16878
2025-08-25 14:00:00,1.16878,1.17032,1.16876,1.17028
2025-08-25 15:00:00,1.17029,1.17036,1.16938,1.16999
2025-08-25 16:00:00,1.16998,1.1709100000000001,1.16948,1.17031
2025-08-25 17:00:00,1.17031,1.17057,1.1689,1.16901
2025-08-25 18:00:00,1.16902,1.16916,1.16655,1.16693
2025-08-25 19:00:00,1.16693,1.16695,1.16513,1.1655
2025-08-25 20:00:00,1.1655,1.1656,1.16408,1.16469
2025-08-25 21:00:00,1.16469,1.16485,1.1619,1.16206
2025-08-25 22:00:00,1.16206,1.16214,1.16028,1.16096
2025-08-25 23:00:00,1.16095,1.16252,1.16094,1.16193
2025-08-26 00:00:00,1.16155,1.16194,1.16122,1.16192
2025-08-26 01:00:00,1.16192,1.16227,1.16173,1.16206
2025-08-26 02:00:00,1.16206,1.16215,1.16125,1.16144
2025-08-26 03:00:00,1.16145,1.16601,1.161,1.16479
2025-08-26 04:00:00,1.16478,1.16502,1.16349,1.16419
2025-08-26 05:00:00,1.16419,1.16475,1.1632500000000001,1.16367
2025-08-26 06:00:00,1.16367,1.16368,1.1623999999999999,1.16258
2025-08-26 07:00:00,1.16257,1.16324,1.16238,1.16321
2025-08-26 08:00:00,1.1632,1.1644700000000001,1.16296,1.16412
2025-08-26 09:00:00,1.16408,1.16411,1.16136,1.16222
2025-08-26 10:00:00,1.16221,1.16287,1.16022,1.16218
2025-08-26 11:00:00,1.16218,1.16251,1.16059,1.1618
2025-08-26 12:00:00,1.1617899999999999,1.16437,1.16175,1.16427
2025-08-26 13:00:00,1.16427,1.16475,1.16371,1.16449
2025-08-26 14:00:00,1.16449,1.16606,1.16414,1.16539
2025-08-26 15:00:00,1.16539,1.16599,1.16449,1.16464
2025-08-26 16:00:00,1.16462,1.16566,1.16374,1.16517
2025-08-26 17:00:00,1.16515,1.16654,1.16435,1.16548
2025-08-26 18:00:00,1.16548,1.16638,1.16487,1.16558
2025-08-26 19:00:00,1.16562,1.16616,1.16486,1.16489
2025-08-26 20:00:00,1.16488,1.16528,1.16376,1.16379
2025-08-26 21:00:00,1.16378,1.16476,1.16337,1.16436
2025-08-26 22:00:00,1.16437,1.16488,1.16397,1.16408
2025-08-26 23:00:00,1.16408,1.1643,1.1633499999999999,1.16404
2025-08-27 00:00:00,1.16416,1.16465,1.16351,1.1644
2025-08-27 01:00:00,1.1644,1.16477,1.16411,1.16432
2025-08-27 02:00:00,1.16432,1.1644,1.16369,1.16372
2025-08-27 03:00:00,1.16371,1.16419,1.16337,1.16369
2025-08-27 04:00:00,1.16369,1.16409,1.16306,1.16338
2025-08-27 05:00:00,1.16338,1.16342,1.16248,1.16314
2025-08-27 06:00:00,1.16314,1.1633,1.16217,1.16252
2025-08-27 07:00:00,1.16252,1.16256,1.16122,1.1614200000000001
2025-08-27 08:00:00,1.16143,1.16204,1.16136,1.1620300000000001
2025-08-27 09:00:00,1.16201,1.16239,1.16145,1.16209
2025-08-27 10:00:00,1.1621,1.1622,1.15962,1.16034
2025-08-27 11:00:00,1.16034,1.16037,1.1577,1.15889
2025-08-27 12:00:00,1.15889,1.1595,1.15865,1.15901
2025-08-27 13:00:00,1.15902,1.15927,1.15787,1.15796
2025-08-27 14:00:00,1.15796,1.15899,1.1574,1.15862
2025-08-27 15:00:00,1.15861,1.15983,1.15846,1.15865
2025-08-27 16:00:00,1.15865,1.16038,1.15845,1.1598
2025-08-27 17:00:00,1.15977,1.16029,1.15822,1.15924
2025-08-27 18:00:00,1.15924,1.16123,1.15922,1.16106
2025-08-27 19:00:00,1.16107,1.16408,1.16104,1.16383
2025-08-27 20:00:00,1.16383,1.16429,1.16326,1.16377
2025-08-27 21:00:00,1.16377,1.16382,1.1628,1.16306
2025-08-27 22:00:00,1.16307,1.16352,1.16291,1.16338
2025-08-27 23:00:00,1.16337,1.16381,1.16315,1.16371
2025-08-28 00:00:00,1.16351,1.16381,1.16138,1.16353
2025-08-28 01:00:00,1.16353,1.16442,1.16353,1.16436
2025-08-28 02:00:00,1.16437,1.16477,1.16422,1.16476
2025-08-28 03:00:00,1.16476,1.16493,1.16425,1.16456
2025-08-28 04:00:00,1.16456,1.16505,1.16414,1.16454
2025-08-28 05:00:00,1.16455,1.16548,1.16448,1.16525
2025-08-28 06:00:00,1.16527,1.16545,1.1642299999999999,1.16431
2025-08-28 07:00:00,1.16431,1.16441,1.16387,1.16399
2025-08-28 08:00:00,1.16399,1.16409,1.1635900000000001,1.16375
2025-08-28 09:00:00,1.16375,1.16452,1.16339,1.16429
2025-08-28 10:00:00,1.16428,1.16497,1.16341,1.16438
2025-08-28 11:00:00,1.16438,1.1645699999999999,1.1629,1.16426
2025-08-28 12:00:00,1.16427,1.16547,1.16426,1.16488
2025-08-28 13:00:00,1.16487,1.16748,1.16482,1.16714
2025-08-28 14:00:00,1.16711,1.16737,1.16594,1.16666
2025-08-28 15:00:00,1.16668,1.1687,1.16623,1.16695
2025-08-28 16:00:00,1.16696,1.16774,1.16585,1.16721
2025-08-28 17:00:00,1.16722,1.1686,1.1666,1.16703
2025-08-28 18:00:00,1.16705,1.16754,1.16612,1.1672
2025-08-28 19:00:00,1.16721,1.16902,1.16719,1.16893
2025-08-28 20:00:00,1.16893,1.16974,1.16869,1.1688
2025-08-28 21:00:00,1.1688,1.16902,1.16848,1.16891
2025-08-28 22:00:00,1.16891,1.16903,1.16822,1.16826
2025-08-28 23:00:00,1.16826,1.16834,1.16774,1.16821
2025-08-29 00:00:00,1.16826,1.16826,1.16751,1.16772
2025-08-29 01:00:00,1.16773,1.16807,1.16737,1.16741
2025-08-29 02:00:00,1.16742,1.16821,1.16738,1.16785
2025-08-29 03:00:00,1.1678600000000001,1.16821,1.16728,1.16749
2025-08-29 04:00:00,1.16749,1.16766,1.16563,1.1659
2025-08-29 05:00:00,1.1659,1.16652,1.1659,1.1662
2025-08-29 06:00:00,1.16621,1.16648,1.16601,1.16626
2025-08-29 07:00:00,1.16626,1.16648,1.16585,1.16647
2025-08-29 08:00:00,1.16647,1.16703,1.16615,1.1670099999999999
2025-08-29 09:00:00,1.167,1.16707,1.16612,1.1667
2025-08-29 10:00:00,1.16665,1.16772,1.16628,1.1676199999999999
2025-08-29 11:00:00,1.16761,1.16901,1.16694,1.16757
2025-08-29 12:00:00,1.16757,1.16827,1.16688,1.16729
2025-08-29 13:00:00,1.16729,1.16746,1.1665,1.16679
2025-08-29 14:00:00,1.16678,1.16683,1.1661,1.16629
2025-08-29 15:00:00,1.16628,1.16642,1.1651,1.16586
2025-08-29 16:00:00,1.16588,1.16733,1.16537,1.16687
2025-08-29 17:00:00,1.1670099999999999,1.17053,1.16681,1.17043
2025-08-29 18:00:00,1.17043,1.17089,1.1694499999999999,1.1694499999999999
2025-08-29 19:00:00,1.1694499999999999,1.17073,1.16937,1.17017
2025-08-29 20:00:00,1.17017,1.17032,1.16961,1.16964
2025-08-29 21:00:00,1.16964,1.16996,1.16934,1.16986
2025-08-29 22:00:00,1.16986,1.16997,1.16932,1.16983
2025-08-29 23:00:00,1.16984,1.17007,1.16798,1.16866
2025-09-01 00:00:00,1.16943,1.1694499999999999,1.16853,1.1687400000000001
2025-09-01 01:00:00,1.1687400000000001,1.1690800000000001,1.16858,1.16887
2025-09-01 02:00:00,1.16888,1.16906,1.16868,1.16903
2025-09-01 03:00:00,1.16903,1.16981,1.16898,1.16973
2025-09-01 04:00:00,1.16973,1.16975,1.1688,1.1695
2025-09-01 05:00:00,1.1695,1.17138,1.16948,1.17119
2025-09-01 06:00:00,1.17118,1.17145,1.17046,1.17082
2025-09-01 07:00:00,1.17081,1.17102,1.17047,1.17083
2025-09-01 08:00:00,1.17083,1.17155,1.17082,1.17144
2025-09-01 09:00:00,1.17141,1.17336,1.17133,1.17254
2025-09-01 10:00:00,1.17253,1.17279,1.17151,1.17254
2025-09-01 11:00:00,1.17248,1.17363,1.1716,1.17353
2025-09-01 12:00:00,1.17353,1.17361,1.17187,1.17195
2025-09-01 13:00:00,1.17195,1.17264,1.17181,1.17195
2025-09-01 14:00:00,1.17195,1.17293,1.17129,1.17146
2025-09-01 15:00:00,1.17146,1.17181,1.17066,1.17076
2025-09-01 16:00:00,1.17077,1.17164,1.17051,1.17079
2025-09-01 17:00:00,1.17079,1.17144,1.17056,1.17109
2025-09-01 18:00:00,1.17106,1.17114,1.16995,1.16998
2025-09-01 19:00:00,1.16998,1.17049,1.16966,1.17049
2025-09-01 20:00:00,1.17049,1.17054,1.17012,1.17044
2025-09-01 21:00:00,1.17044,1.17076,1.17039,1.17075
2025-09-01 22:00:00,1.17076,1.17137,1.17076,1.17129
2025-09-01 23:00:00,1.17122,1.17136,1.17104,1.17109
2025-09-02 00:00:00,1.17106,1.17106,1.16983,1.17064
2025-09-02 01:00:00,1.17065,1.17133,1.1705,1.1711
2025-09-02 02:00:00,1.17111,1.17185,1.17109,1.17148
2025-09-02 03:00:00,1.17148,1.17156,1.17031,1.17044
2025-09-02 04:00:00,1.17043,1.17071,1.16993,1.17038
2025-09-02 05:00:00,1.17038,1.17043,1.16921,1.16984
2025-09-02 06:00:00,1.16984,1.16995,1.1693,1.16953
2025-09-02 07:00:00,1.16951,1.1696,1.169,1.1693500000000001
2025-09-02 08:00:00,1.1693500000000001,1.16972,1.16871,1.16943
2025-09-02 09:00:00,1.16944,1.17065,1.16944,1.17031
2025-09-02 10:00:00,1.17031,1.17066,1.16428,1.16458
2025-09-02 11:00:00,1.16465,1.16559,1.16337,1.16452
2025-09-02 12:00:00,1.16452,1.1648399999999999,1.16239,1.16377
2025-09-02 13:00:00,1.16377,1.16421,1.16268,1.16318
2025-09-02 14:00:00,1.16318,1.16495,1.1628,1.16467
2025-09-02 15:00:00,1.16468,1.1653,1.16129,1.16173
2025-09-02 16:00:00,1.16174,1.16513,1.1615,1.165
2025-09-02 17:00:00,1.16499,1.16826,1.16499,1.16624
2025-09-02 18:00:00,1.16624,1.16686,1.16496,1.16526
2025-09-02 19:00:00,1.16527,1.16548,1.1643,1.16442
2025-09-02 20:00:00,1.16442,1.1648399999999999,1.16415,1.16424
2025-09-02 21:00:00,1.1642299999999999,1.16435,1.16297,1.16334
2025-09-02 22:00:00,1.16337,1.16413,1.16321,1.16413
2025-09-02 23:00:00,1.16417,1.16431,1.16388,1.16411
2025-09-03 00:00:00,1.16358,1.16419,1.16236,1.16406
2025-09-03 01:00:00,1.16404,1.16441,1.16366,1.1637
2025-09-03 02:00:00,1.16372,1.16379,1.16328,1.16328
2025-09-03 03:00:00,1.16329,1.1636199999999999,1.16289,1.16331
2025-09-03 04:00:00,1.1633,1.16353,1.1626400000000001,1.16305
2025-09-03 05:00:00,1.16305,1.16356,1.16249,1.1627399999999999
2025-09-03 06:00:00,1.1627399999999999,1.16304,1.16229,1.16235
2025-09-03 07:00:00,1.16235,1.16319,1.1622,1.16319
2025-09-03 08:00:00,1.16319,1.16347,1.16261,1.163
2025-09-03 09:00:00,1.163,1.1643,1.16284,1.16334
2025-09-03 10:00:00,1.1633,1.16361,1.1608,1.16358
2025-09-03 11:00:00,1.16358,1.16576,1.16355,1.16565
2025-09-03 12:00:00,1.16565,1.16646,1.1652,1.16564
2025-09-03 13:00:00,1.16563,1.16577,1.16397,1.16435
2025-09-03 14:00:00,1.16435,1.16547,1.16398,1.16517
2025-09-03 15:00:00,1.16514,1.1659,1.16446,1.16483
2025-09-03 16:00:00,1.16483,1.16541,1.16384,1.16478
2025-09-03 17:00:00,1.16478,1.16803,1.16467,1.16637
2025-09-03 18:00:00,1.16637,1.16822,1.16631,1.1675
2025-09-03 19:00:00,1.1675,1.16776,1.1666400000000001,1.16753
2025-09-03 20:00:00,1.16753,1.16771,1.16589,1.16611
2025-09-03 21:00:00,1.16611,1.16679,1.16581,1.16619
2025-09-03 22:00:00,1.16619,1.16629,1.16559,1.16583
2025-09-03 23:00:00,1.16582,1.16647,1.16556,1.16606
2025-09-04 00:00:00,1.1656900000000001,1.16623,1.1648100000000001,1.166
2025-09-04 01:00:00,1.166,1.16633,1.16598,1.16605
2025-09-04 02:00:00,1.16605,1.16624,1.16568,1.16612
2025-09-04 03:00:00,1.1661299999999999,1.16624,1.16547,1.16589
2025-09-04 04:00:00,1.16589,1.16694,1.16524,1.16584
2025-09-04 05:00:00,1.16582,1.16589,1.1651,1.16529
2025-09-04 06:00:00,1.16529,1.1656,1.16505,1.16531
2025-09-04 07:00:00,1.16531,1.16551,1.16504,1.16516
2025-09-04 08:00:00,1.16516,1.16554,1.16482,1.16553
2025-09-04 09:00:00,1.16554,1.1661299999999999,1.165,1.1651799999999999
2025-09-04 10:00:00,1.16517,1.16586,1.16442,1.16506
2025-09-04 11:00:00,1.16501,1.16593,1.16482,1.16578
2025-09-04 12:00:00,1.16578,1.16599,1.16397,1.16433
2025-09-04 13:00:00,1.16433,1.16597,1.1643,1.16528
2025-09-04 14:00:00,1.16526,1.16528,1.16393,1.1643
2025-09-04 15:00:00,1.1643,1.16576,1.163,1.1646
2025-09-04 16:00:00,1.1646,1.16557,1.16376,1.16494
2025-09-04 17:00:00,1.16389,1.16517,1.16317,1.16347
2025-09-04 18:00:00,1.16349,1.16499,1.16314,1.16477
2025-09-04 19:00:00,1.16478,1.16483,1.16338,1.1639599999999999
2025-09-04 20:00:00,1.1639599999999999,1.16401,1.16344,1.16376
2025-09-04 21:00:00,1.16376,1.16478,1.16366,1.16439
2025-09-04 22:00:00,1.16439,1.1652,1.16437,1.16509
2025-09-04 23:00:00,1.1651,1.16525,1.16485,1.1650800000000001
2025-09-05 00:00:00,1.16488,1.16494,1.1633,1.16489
2025-09-05 01:00:00,1.16489,1.16536,1.16478,1.16489
2025-09-05 02:00:00,1.16489,1.16578,1.16486,1.16568
2025-09-05 03:00:00,1.16568,1.16607,1.16524,1.16595
2025-09-05 04:00:00,1.16596,1.16721,1.16594,1.16706
2025-09-05 05:00:00,1.16706,1.16747,1.16683,1.16686
2025-09-05 06:00:00,1.16682,1.16733,1.16659,1.16714
2025-09-05 07:00:00,1.16714,1.16718,1.16648,1.16669
2025-09-05 08:00:00,1.16669,1.16778,1.16665,1.16769
2025-09-05 09:00:00,1.1677,1.16775,1.16651,1.16692
2025-09-05 10:00:00,1.16692,1.16789,1.1666400000000001,1.16777
2025-09-05 11:00:00,1.1677,1.16844,1.1675200000000001,1.16834
2025-09-05 12:00:00,1.16835,1.16923,1.1681300000000001,1.16881
2025-09-05 13:00:00,1.16881,1.16966,1.16868,1.16914
2025-09-05 14:00:00,1.16914,1.16917,1.16777,1.16873
2025-09-05 15:00:00,1.16873,1.17497,1.16862,1.17343
2025-09-05 16:00:00,1.17342,1.17503,1.1714,1.1749
2025-09-05 17:00:00,1.17494,1.17594,1.1723,1.17367
2025-09-05 18:00:00,1.17367,1.17592,1.17349,1.17585
2025-09-05 19:00:00,1.17582,1.17596,1.17366,1.17389
2025-09-05 20:00:00,1.1739,1.17394,1.17248,1.1726
2025-09-05 21:00:00,1.17259,1.17265,1.17146,1.17171
2025-09-05 22:00:00,1.17171,1.17232,1.1713,1.1718
2025-09-05 23:00:00,1.17182,1.17217,1.17147,1.17173
2025-09-08 00:00:00,1.17113,1.1717,1.17085,1.17154
2025-09-08 01:00:00,1.17153,1.17184,1.17036,1.1706
2025-09-08 02:00:00,1.17063,1.1716,1.17058,1.17124
2025-09-08 03:00:00,1.1712500000000001,1.17133,1.1705,1.1713
2025-09-08 04:00:00,1.17131,1.17174,1.17075,1.17129
2025-09-08 05:00:00,1.1713,1.17165,1.17106,1.1715
2025-09-08 06:00:00,1.1715,1.17159,1.17081,1.17095
2025-09-08 07:00:00,1.17095,1.17143,1.1706,1.17131
2025-09-08 08:00:00,1.17132,1.17209,1.17122,1.1715200000000001
2025-09-08 09:00:00,1.17154,1.17278,1.17119,1.17268
2025-09-08 10:00:00,1.17269,1.1734,1.17204,1.17329
2025-09-08 11:00:00,1.17327,1.17429,1.17259,1.17314
2025-09-08 12:00:00,1.17315,1.17316,1.17209,1.17237
2025-09-08 13:00:00,1.17238,1.17288,1.17202,1.17259
2025-09-08 14:00:00,1.17257,1.17319,1.17246,1.17291
2025-09-08 15:00:00,1.17288,1.17415,1.17228,1.17377
2025-09-08 16:00:00,1.17378,1.17564,1.17364,1.17511
2025-09-08 17:00:00,1.17512,1.17545,1.17399,1.17455
2025-09-08 18:00:00,1.17455,1.17523,1.17432,1.17503
2025-09-08 19:00:00,1.17503,1.1751800000000001,1.1735,1.17408
2025-09-08 20:00:00,1.17408,1.17471,1.1735,1.17398
2025-09-08 21:00:00,1.17398,1.17627,1.1739600000000001,1.17611
2025-09-08 22:00:00,1.17612,1.17656,1.17595,1.17627
2025-09-08 23:00:00,1.17625,1.17638,1.17594,1.17627
2025-09-09 00:00:00,1.17628,1.17628,1.1753,1.17601
2025-09-09 01:00:00,1.17599,1.1764999999999999,1.17599,1.1762
2025-09-09 02:00:00,1.17622,1.17729,1.17622,1.17686
2025-09-09 03:00:00,1.17687,1.1774499999999999,1.17656,1.17715
2025-09-09 04:00:00,1.17715,1.1778,1.1766,1.17752
2025-09-09 05:00:00,1.17752,1.1777,1.17677,1.17689
2025-09-09 06:00:00,1.17689,1.1770100000000001,1.17633,1.1764000000000001
2025-09-09 07:00:00,1.1764000000000001,1.17759,1.17637,1.17729
2025-09-09 08:00:00,1.17728,1.17801,1.17712,1.17788
2025-09-09 09:00:00,1.17791,1.17799,1.17563,1.17648
2025-09-09 10:00:00,1.17648,1.17685,1.17478,1.17526
2025-09-09 11:00:00,1.17526,1.17622,1.17443,1.17595
2025-09-09 12:00:00,1.17595,1.17723,1.17594,1.17676
2025-09-09 13:00:00,1.17676,1.17714,1.17526,1.17541
2025-09-09 14:00:00,1.17541,1.17546,1.17412,1.17421
2025-09-09 15:00:00,1.17421,1.17452,1.17276,1.17373
2025-09-09 16:00:00,1.17374,1.1749,1.1734,1.17422
2025-09-09 17:00:00,1.17428,1.17627,1.17228,1.17307
2025-09-09 18:00:00,1.17307,1.17317,1.17157,1.17221
2025-09-09 19:00:00,1.17222,1.17298,1.17187,1.17188
2025-09-09 20:00:00,1.1718899999999999,1.17236,1.17084,1.17092
2025-09-09 21:00:00,1.17093,1.17147,1.17042,1.17065
2025-09-09 22:00:00,1.17065,1.1709100000000001,1.17037,1.1706699999999999
2025-09-09 23:00:00,1.1706699999999999,1.17112,1.17045,1.17097
2025-09-10 00:00:00,1.17071,1.17109,1.16996,1.17109
2025-09-10 01:00:00,1.1711,1.17139,1.17072,1.1712
2025-09-10 02:00:00,1.17118,1.1712,1.16975,1.17026
2025-09-10 03:00:00,1.17025,1.17026,1.1696,1.16971
2025-09-10 04:00:00,1.1697,1.17029,1.16895,1.16994
2025-09-10 05:00:00,1.16995,1.17085,1.16994,1.17075
2025-09-10 06:00:00,1.17075,1.17102,1.17069,1.17081
2025-09-10 07:00:00,1.17082,1.17156,1.17074,1.1715
2025-09-10 08:00:00,1.17149,1.17161,1.1705,1.17084
2025-09-10 09:00:00,1.17085,1.17184,1.16915,1.16976
2025-09-10 10:00:00,1.16976,1.17079,1.16824,1.17028
2025-09-10 11:00:00,1.17029,1.17037,1.16909,1.17
2025-09-10 12:00:00,1.17,1.17171,1.16985,1.17133
2025-09-10 13:00:00,1.17133,1.17147,1.16963,1.17004
2025-09-10 14:00:00,1.17004,1.17068,1.16953,1.17046
2025-09-10 15:00:00,1.17047,1.17275,1.16912,1.17003
2025-09-10 16:00:00,1.17004,1.17246,1.16958,1.17201
2025-09-10 17:00:00,1.17201,1.17306,1.1715,1.17278
2025-09-10 18:00:00,1.17277,1.17301,1.1713,1.17145
2025-09-10 19:00:00,1.17146,1.1716,1.17026,1.17057
2025-09-10 20:00:00,1.17057,1.17112,1.17018,1.1706
2025-09-10 21:00:00,1.17059,1.17121,1.17025,1.17046
2025-09-10 22:00:00,1.17046,1.17046,1.16933,1.17003
2025-09-10 23:00:00,1.17002,1.17014,1.1693500000000001,1.16946
2025-09-11 00:00:00,1.16941,1.1699,1.1682299999999999,1.16976
2025-09-11 01:00:00,1.16975,1.17036,1.16967,1.17034
2025-09-11 02:00:00,1.17034,1.17069,1.17014,1.17026
2025-09-11 03:00:00,1.17027,1.17027,1.16937,1.1694
2025-09-11 04:00:00,1.1694,1.17029,1.16931,1.16973
2025-09-11 05:00:00,1.16973,1.16987,1.1693500000000001,1.16964
2025-09-11 06:00:00,1.16964,1.17002,1.16948,1.1696
2025-09-11 07:00:00,1.1696,1.16995,1.1694,1.16995
2025-09-11 08:00:00,1.16995,1.16995,1.1689,1.16901
2025-09-11 09:00:00,1.16901,1.16968,1.16838,1.16906
2025-09-11 10:00:00,1.16906,1.16963,1.16868,1.16927
2025-09-11 11:00:00,1.16927,1.16952,1.16886,1.1692
2025-09-11 12:00:00,1.16919,1.16931,1.16772,1.1685699999999999
2025-09-11 13:00:00,1.1685699999999999,1.16883,1.168,1.16831
2025-09-11 14:00:00,1.16831,1.16911,1.16782,1.16837
2025-09-11 15:00:00,1.16837,1.17209,1.16606,1.1715
2025-09-11 16:00:00,1.17157,1.1741,1.17139,1.17393
2025-09-11 17:00:00,1.17392,1.17444,1.17256,1.1728
2025-09-11 18:00:00,1.17279,1.17461,1.17261,1.17315
2025-09-11 19:00:00,1.17315,1.174,1.17307,1.17365
2025-09-11 20:00:00,1.17365,1.17389,1.17277,1.17318
2025-09-11 21:00:00,1.17317,1.17384,1.17307,1.17355
2025-09-11 22:00:00,1.17356,1.17391,1.17339,1.1736900000000001
2025-09-11 23:00:00,1.17368,1.17394,1.17356,1.17357
2025-09-12 00:00:00,1.17334,1.17354,1.17206,1.17338
2025-09-12 01:00:00,1.17338,1.17407,1.17334,1.17391
2025-09-12 02:00:00,1.17392,1.17402,1.17329,1.17333
2025-09-12 03:00:00,1.17331,1.17344,1.17271,1.1733
2025-09-12 04:00:00,1.1733,1.1734499999999999,1.17252,1.17256
2025-09-12 05:00:00,1.17256,1.17292,1.17237,1.17268
2025-09-12 06:00:00,1.17268,1.17272,1.17227,1.17252
2025-09-12 07:00:00,1.17251,1.1727,1.17209,1.17256
2025-09-12 08:00:00,1.17258,1.17334,1.17241,1.17304
2025-09-12 09:00:00,1.17309,1.17404,1.1722,1.17395
2025-09-12 10:00:00,1.1739600000000001,1.17478,1.1737,1.17407
2025-09-12 11:00:00,1.1740599999999999,1.17411,1.17157,1.17175
2025-09-12 12:00:00,1.17175,1.17253,1.1712500000000001,1.17222
2025-09-12 13:00:00,1.17224,1.17348,1.1722,1.17339
2025-09-12 14:00:00,1.17339,1.17356,1.17207,1.17212
2025-09-12 15:00:00,1.1721300000000001,1.1723,1.17012,1.17124
2025-09-12 16:00:00,1.17124,1.17165,1.17033,1.17133
2025-09-12 17:00:00,1.1713,1.17283,1.17126,1.1724999999999999
2025-09-12 18:00:00,1.1724999999999999,1.17276,1.17133,1.1714
2025-09-12 19:00:00,1.1714,1.17318,1.171,1.1727
2025-09-12 20:00:00,1.17273,1.17379,1.17269,1.17322
2025-09-12 21:00:00,1.17321,1.17419,1.17321,1.17412
2025-09-12 22:00:00,1.17412,1.17416,1.17337,1.17365
2025-09-12 23:00:00,1.17361,1.17365,1.17288,1.17312
2025-09-15 00:00:00,1.17256,1.17307,1.1724,1.17301
2025-09-15 01:00:00,1.17301,1.1735,1.17278,1.17285
2025-09-15 02:00:00,1.17285,1.17312,1.17251,1.17256
2025-09-15 03:00:00,1.17256,1.17278,1.17219,1.17268
2025-09-15 04:00:00,1.17268,1.17295,1.17229,1.17275
2025-09-15 05:00:00,1.17276,1.17294,1.1724700000000001,1.17277
2025-09-15 06:00:00,1.17278,1.17344,1.17273,1.17313
2025-09-15 07:00:00,1.17313,1.17357,1.17307,1.17341
2025-09-15 08:00:00,1.17344,1.17344,1.17278,1.17282
2025-09-15 09:00:00,1.17282,1.173,1.17161,1.1724999999999999
2025-09-15 10:00:00,1.1724999999999999,1.17443,1.17242,1.1733500000000001
2025-09-15 11:00:00,1.1733500000000001,1.17437,1.17299,1.17372
2025-09-15 12:00:00,1.17372,1.1751800000000001,1.17363,1.17463
2025-09-15 13:00:00,1.17461,1.17628,1.1746,1.1752799999999999
2025-09-15 14:00:00,1.1753,1.17633,1.17527,1.17611
2025-09-15 15:00:00,1.17612,1.17708,1.17612,1.17696
2025-09-15 16:00:00,1.17696,1.17733,1.17576,1.17588
2025-09-15 17:00:00,1.17586,1.17605,1.17509,1.1758
2025-09-15 18:00:00,1.17578,1.17722,1.17565,1.17715
2025-09-15 19:00:00,1.17714,1.1774499999999999,1.1756199999999999,1.17585
2025-09-15 20:00:00,1.17584,1.1773,1.17582,1.1771
2025-09-15 21:00:00,1.1771099999999999,1.17723,1.17663,1.17694
2025-09-15 22:00:00,1.17694,1.17721,1.17645,1.17658
2025-09-15 23:00:00,1.17656,1.17687,1.17599,1.17608
2025-09-16 00:00:00,1.1758899999999999,1.17654,1.17588,1.17651
2025-09-16 01:00:00,1.17651,1.1766,1.17619,1.17631
2025-09-16 02:00:00,1.17634,1.17661,1.1763,1.17631
2025-09-16 03:00:00,1.17629,1.17661,1.17575,1.1762
2025-09-16 04:00:00,1.17621,1.17693,1.1757900000000001,1.17676
2025-09-16 05:00:00,1.17676,1.17775,1.17673,1.17766
2025-09-16 06:00:00,1.17766,1.1787,1.17742,1.17802
2025-09-16 07:00:00,1.17802,1.17804,1.1774,1.17769
2025-09-16 08:00:00,1.17769,1.17803,1.17736,1.17782
2025-09-16 09:00:00,1.17783,1.17911,1.17777,1.17874
2025-09-16 10:00:00,1.17874,1.18018,1.17863,1.17944
2025-09-16 11:00:00,1.17944,1.18038,1.17901,1.1795
2025-09-16 12:00:00,1.1795,1.18181,1.1795,1.18142
2025-09-16 13:00:00,1.18141,1.18155,1.18041,1.18083
2025-09-16 14:00:00,1.18083,1.18212,1.1801300000000001,1.18142
2025-09-16 15:00:00,1.18143,1.18154,1.17886,1.18046
2025-09-16 16:00:00,1.18048,1.1827,1.18043,1.18241
2025-09-16 17:00:00,1.1824,1.18532,1.18213,1.18519
2025-09-16 18:00:00,1.18519,1.18533,1.18352,1.18472
2025-09-16 19:00:00,1.18472,1.1871800000000001,1.18464,1.18646
2025-09-16 20:00:00,1.18644,1.18785,1.18635,1.18661
2025-09-16 21:00:00,1.18661,1.18711,1.18614,1.18668
2025-09-16 22:00:00,1.18666,1.18689,1.18582,1.18605
2025-09-16 23:00:00,1.18602,1.18685,1.18583,1.1867
2025-09-17 00:00:00,1.18652,1.18667,1.18493,1.18609
2025-09-17 01:00:00,1.18609,1.18686,1.18606,1.18661
2025-09-17 02:00:00,1.18663,1.1873,1.1865999999999999,1.18711
2025-09-17 03:00:00,1.18711,1.1873,1.1858,1.18584
2025-09-17 04:00:00,1.18584,1.18594,1.18522,1.18561
2025-09-17 05:00:00,1.1856,1.18579,1.18513,1.18555
2025-09-17 06:00:00,1.18555,1.18577,1.18516,1.18522
2025-09-17 07:00:00,1.18522,1.18554,1.18513,1.18541
2025-09-17 08:00:00,1.18542,1.18597,1.18541,1.18582
2025-09-17 09:00:00,1.18588,1.18591,1.18515,1.1856
2025-09-17 10:00:00,1.1856,1.1856200000000001,1.18383,1.18405
2025-09-17 11:00:00,1.18405,1.18512,1.18397,1.18483
2025-09-17 12:00:00,1.18484,1.18499,1.18412,1.18456
2025-09-17 13:00:00,1.18456,1.18468,1.18327,1.18363
2025-09-17 14:00:00,1.18363,1.1846,1.1835,1.18392
2025-09-17 15:00:00,1.18392,1.1844999999999999,1.18342,1.18435
2025-09-17 16:00:00,1.18436,1.18529,1.18423,1.185
2025-09-17 17:00:00,1.185,1.18592,1.1846,1.18497
2025-09-17 18:00:00,1.18496,1.18526,1.18436,1.18447
2025-09-17 19:00:00,1.18447,1.18564,1.18424,1.18532
2025-09-17 20:00:00,1.18532,1.18553,1.18469,1.18493
2025-09-17 21:00:00,1.18497,1.19189,1.18191,1.18344
2025-09-17 22:00:00,1.18347,1.18569,1.1820599999999999,1.18244
2025-09-17 23:00:00,1.18246,1.18274,1.1808,1.18131
2025-09-18 00:00:00,1.18123,1.18146,1.18093,1.1813
2025-09-18 01:00:00,1.18129,1.18222,1.18123,1.18192
2025-09-18 02:00:00,1.18193,1.18287,1.1818,1.18251
2025-09-18 03:00:00,1.18251,1.18283,1.1815,1.18254
2025-09-18 04:00:00,1.18254,1.18287,1.18076,1.18139
2025-09-18 05:00:00,1.18139,1.18225,1.18128,1.18195
2025-09-18 06:00:00,1.18195,1.18226,1.18119,1.18122
2025-09-18 07:00:00,1.18122,1.18137,1.17938,1.17951
2025-09-18 08:00:00,1.17951,1.18003,1.17854,1.17909
2025-09-18 09:00:00,1.17911,1.17994,1.17805,1.17944
2025-09-18 10:00:00,1.17942,1.18388,1.17938,1.18319
2025-09-18 11:00:00,1.1831800000000001,1.18342,1.1821,1.18278
2025-09-18 12:00:00,1.18278,1.18482,1.18271,1.1838
2025-09-18 13:00:00,1.1837900000000001,1.18402,1.1831,1.18369
2025-09-18 14:00:00,1.18369,1.18374,1.18199,1.18253
2025-09-18 15:00:00,1.18254,1.18261,1.17953,1.17956
2025-09-18 16:00:00,1.17954,1.17963,1.1750099999999999,1.17672
2025-09-18 17:00:00,1.17675,1.17816,1.17628,1.17755
2025-09-18 18:00:00,1.17756,1.17877,1.17694,1.1779600000000001
2025-09-18 19:00:00,1.1779600000000001,1.1788,1.17723,1.17872
2025-09-18 20:00:00,1.17871,1.17937,1.1785700000000001,1.17878
2025-09-18 21:00:00,1.17875,1.17896,1.17819,1.17878
2025-09-18 22:00:00,1.17878,1.17912,1.17826,1.17848
2025-09-18 23:00:00,1.1785,1.17859,1.17814,1.17859
2025-09-19 00:00:00,1.17789,1.17876,1.17785,1.17862
2025-09-19 01:00:00,1.17862,1.17899,1.17846,1.17871
2025-09-19 02:00:00,1.17871,1.17907,1.17866,1.1789
2025-09-19 03:00:00,1.1789100000000001,1.17906,1.17755,1.17866
2025-09-19 04:00:00,1.17866,1.1787,1.1774499999999999,1.17755
2025-09-19 05:00:00,1.17754,1.17809,1.17721,1.17798
2025-09-19 06:00:00,1.17798,1.17927,1.17797,1.17816
2025-09-19 07:00:00,1.17817,1.17898,1.17702,1.1774
2025-09-19 08:00:00,1.1774,1.1778,1.1771,1.17731
2025-09-19 09:00:00,1.1773,1.17774,1.17633,1.17665
2025-09-19 10:00:00,1.17668,1.17785,1.17574,1.17702
2025-09-19 11:00:00,1.1770100000000001,1.1771,1.17512,1.1761
2025-09-19 12:00:00,1.1761,1.17687,1.17563,1.17599
2025-09-19 13:00:00,1.17599,1.17652,1.17585,1.17612
2025-09-19 14:00:00,1.17612,1.1762299999999999,1.17351,1.17368
2025-09-19 15:00:00,1.1736900000000001,1.17434,1.17288,1.17362
2025-09-19 16:00:00,1.17362,1.17638,1.17355,1.17583
2025-09-19 17:00:00,1.17582,1.17679,1.17561,1.17572
2025-09-19 18:00:00,1.17572,1.17591,1.17374,1.17524
2025-09-19 19:00:00,1.17524,1.1755200000000001,1.17409,1.17532
2025-09-19 20:00:00,1.17532,1.1755200000000001,1.17487,1.17508
2025-09-19 21:00:00,1.17509,1.17513,1.17469,1.17483
2025-09-19 22:00:00,1.17482,1.17509,1.17452,1.17476
2025-09-19 23:00:00,1.17476,1.17478,1.1740599999999999,1.17439
2025-09-22 00:00:00,1.17403,1.17455,1.173,1.17448
2025-09-22 01:00:00,1.17448,1.17479,1.17391,1.17409
2025-09-22 02:00:00,1.17409,1.17418,1.17356,1.17365
2025-09-22 03:00:00,1.17363,1.1738,1.17261,1.17346
2025-09-22 04:00:00,1.17346,1.17409,1.17318,1.17325
2025-09-22 05:00:00,1.17325,1.17337,1.17272,1.17281
2025-09-22 06:00:00,1.17281,1.17352,1.17277,1.17326
2025-09-22 07:00:00,1.17326,1.17326,1.17264,1.1730800000000001
2025-09-22 08:00:00,1.1730800000000001,1.17388,1.17299,1.17386
2025-09-22 09:00:00,1.17384,1.17484,1.1736,1.17433
2025-09-22 10:00:00,1.17435,1.17545,1.17393,1.17485
2025-09-22 11:00:00,1.17484,1.17692,1.17468,1.17625
2025-09-22 12:00:00,1.17624,1.17761,1.17616,1.1776
2025-09-22 13:00:00,1.1776,1.17859,1.17737,1.17742
2025-09-22 14:00:00,1.17742,1.17821,1.17692,1.17782
2025-09-22 15:00:00,1.17784,1.17873,1.17733,1.17832
2025-09-22 16:00:00,1.17836,1.17876,1.17687,1.17768
2025-09-22 17:00:00,1.17766,1.1777199999999999,1.17628,1.17698
2025-09-22 18:00:00,1.17697,1.17757,1.17642,1.17724
2025-09-22 19:00:00,1.17724,1.17903,1.17713,1.17881
2025-09-22 20:00:00,1.17882,1.1797,1.1785700000000001,1.17966
2025-09-22 21:00:00,1.17966,1.1799,1.17923,1.17963
2025-09-22 22:00:00,1.17963,1.18022,1.17954,1.17999
2025-09-22 23:00:00,1.17998,1.18026,1.1797900000000001,1.18021
2025-09-23 00:00:00,1.18029,1.18029,1.17902,1.17978
2025-09-23 01:00:00,1.17978,1.18037,1.17973,1.1801
2025-09-23 02:00:00,1.18012,1.18029,1.17994,1.18006
2025-09-23 03:00:00,1.18006,1.1807400000000001,1.17969,1.18063
2025-09-23 04:00:00,1.18062,1.18198,1.18041,1.1815
2025-09-23 05:00:00,1.1815,1.18167,1.18014,1.18043
2025-09-23 06:00:00,1.18043,1.18064,1.17966,1.18058
2025-09-23 07:00:00,1.18058,1.18079,1.17975,1.17976
2025-09-23 08:00:00,1.17971,1.18049,1.1795,1.17985
2025-09-23 09:00:00,1.17984,1.18045,1.17899,1.17949
2025-09-23 10:00:00,1.17948,1.18002,1.17775,1.17908
2025-09-23 11:00:00,1.17909,1.18054,1.17842,1.18028
2025-09-23 12:00:00,1.18029,1.18125,1.18004,1.18022
2025-09-23 13:00:00,1.18022,1.18067,1.17909,1.17961
2025-09-23 14:00:00,1.17962,1.17998,1.17915,1.1791800000000001
2025-09-23 15:00:00,1.1792,1.17986,1.17843,1.17968
2025-09-23 16:00:00,1.17968,1.18046,1.17843,1.17995
2025-09-23 17:00:00,1.17994,1.18052,1.17925,1.17954
2025-09-23 18:00:00,1.17954,1.17992,1.17881,1.17984
2025-09-23 19:00:00,1.17984,1.18093,1.17917,1.1804999999999999
2025-09-23 20:00:00,1.18049,1.18179,1.1803,1.18118
2025-09-23 21:00:00,1.18119,1.18169,1.18083,1.18112
2025-09-23 22:00:00,1.1811099999999999,1.1818,1.18071,1.1816200000000001
2025-09-23 23:00:00,1.18163,1.18183,1.18117,1.18143
2025-09-24 00:00:00,1.18133,1.18146,1.18047,1.18131
2025-09-24 01:00:00,1.18131,1.18191,1.18131,1.18147
2025-09-24 02:00:00,1.18148,1.18174,1.18127,1.18154
2025-09-24 03:00:00,1.18153,1.18165,1.18034,1.1804000000000001
2025-09-24 04:00:00,1.18039,1.18055,1.17977,1.18002
2025-09-24 05:00:00,1.18001,1.1804000000000001,1.17961,1.1797
2025-09-24 06:00:00,1.17968,1.18,1.17951,1.17974
2025-09-24 07:00:00,1.17975,1.18045,1.1795499999999999,1.18031
2025-09-24 08:00:00,1.18029,1.18049,1.17921,1.1797900000000001
2025-09-24 09:00:00,1.17977,1.18028,1.17862,1.17875
2025-09-24 10:00:00,1.17874,1.17948,1.17844,1.17888
2025-09-24 11:00:00,1.17888,1.17888,1.17664,1.17721
2025-09-24 12:00:00,1.17721,1.17749,1.1762299999999999,1.17678
2025-09-24 13:00:00,1.17676,1.177,1.17509,1.1752
2025-09-24 14:00:00,1.1752,1.17556,1.17466,1.17492
2025-09-24 15:00:00,1.17492,1.17581,1.17393,1.17427
2025-09-24 16:00:00,1.17427,1.17438,1.17303,1.17385
2025-09-24 17:00:00,1.17388,1.17464,1.17282,1.17431
2025-09-24 18:00:00,1.1743000000000001,1.17458,1.17371,1.17417
2025-09-24 19:00:00,1.17417,1.17437,1.17302,1.17327
2025-09-24 20:00:00,1.17327,1.1740599999999999,1.17318,1.17376
2025-09-24 21:00:00,1.17377,1.17387,1.17326,1.17368
2025-09-24 22:00:00,1.17368,1.17392,1.17321,1.17379
2025-09-24 23:00:00,1.1738,1.17393,1.17351,1.17376
2025-09-25 00:00:00,1.17374,1.17398,1.17354,1.17383
2025-09-25 01:00:00,1.17383,1.17453,1.17383,1.17447
2025-09-25 02:00:00,1.17448,1.17462,1.17421,1.17422
2025-09-25 03:00:00,1.17422,1.17483,1.1740599999999999,1.17474
2025-09-25 04:00:00,1.17474,1.17495,1.17405,1.17444
2025-09-25 05:00:00,1.17444,1.1751800000000001,1.17434,1.17497
2025-09-25 06:00:00,1.17497,1.17538,1.17476,1.17523
2025-09-25 07:00:00,1.17523,1.17534,1.17487,1.1752
2025-09-25 08:00:00,1.1752,1.17523,1.17405,1.17423
2025-09-25 09:00:00,1.17423,1.17524,1.17381,1.1745700000000001
2025-09-25 10:00:00,1.17459,1.17481,1.17315,1.17333
2025-09-25 11:00:00,1.1733500000000001,1.17445,1.17306,1.17428
2025-09-25 12:00:00,1.1743000000000001,1.1751800000000001,1.17388,1.1745
2025-09-25 13:00:00,1.17453,1.1754,1.17445,1.17466
2025-09-25 14:00:00,1.17468,1.17471,1.1734499999999999,1.17402
2025-09-25 15:00:00,1.17402,1.17456,1.16875,1.16982
2025-09-25 16:00:00,1.16982,1.17104,1.16831,1.1686
2025-09-25 17:00:00,1.16859,1.16947,1.16737,1.16763
2025-09-25 18:00:00,1.16763,1.16808,1.16666,1.16723
2025-09-25 19:00:00,1.16722,1.16834,1.16687,1.16708
2025-09-25 20:00:00,1.16706,1.16721,1.16521,1.16576
2025-09-25 21:00:00,1.16578,1.166,1.1645699999999999,1.16524
2025-09-25 22:00:00,1.16524,1.1663000000000001,1.1651799999999999,1.16607
2025-09-25 23:00:00,1.16606,1.16688,1.16593,1.16652
2025-09-26 00:00:00,1.16652,1.16653,1.16545,1.16597
2025-09-26 01:00:00,1.16597,1.1669,1.16597,1.16684
2025-09-26 02:00:00,1.16684,1.16684,1.16597,1.16618
2025-09-26 03:00:00,1.16618,1.16714,1.16581,1.16713
2025-09-26 04:00:00,1.16714,1.16737,1.16657,1.16678
2025-09-26 05:00:00,1.16678,1.1679599999999999,1.16676,1.1677
2025-09-26 06:00:00,1.1677,1.16789,1.16749,1.16783
2025-09-26 07:00:00,1.16783,1.16821,1.16743,1.168
2025-09-26 08:00:00,1.168,1.1682,1.16764,1.16772
2025-09-26 09:00:00,1.16772,1.1684,1.16717,1.16799
2025-09-26 10:00:00,1.16795,1.16831,1.16684,1.16731
2025-09-26 11:00:00,1.16731,1.16878,1.16707,1.16806
2025-09-26 12:00:00,1.16806,1.16844,1.16759,1.16785
2025-09-26 13:00:00,1.16783,1.16812,1.16614,1.16631
2025-09-26 14:00:00,1.16631,1.16761,1.16626,1.16677
2025-09-26 15:00:00,1.16677,1.16863,1.16667,1.16831
2025-09-26 16:00:00,1.16835,1.16944,1.16781,1.1684
2025-09-26 17:00:00,1.16842,1.17046,1.1684,1.16913
2025-09-26 18:00:00,1.16912,1.17,1.1687,1.16913
2025-09-26 19:00:00,1.16913,1.1697,1.16866,1.1693
2025-09-26 20:00:00,1.1693,1.17019,1.16909,1.16999
2025-09-26 21:00:00,1.16999,1.17058,1.16958,1.17039
2025-09-26 22:00:00,1.17039,1.17059,1.16984,1.17059
2025-09-26 23:00:00,1.17057,1.17073,1.16986,1.17002
2025-09-29 00:00:00,1.16984,1.17051,1.16946,1.17035
2025-09-29 01:00:00,1.17035,1.17064,1.17028,1.17046
2025-09-29 02:00:00,1.17045,1.171,1.1703999999999999,1.17049
2025-09-29 03:00:00,1.17049,1.17233,1.17044,1.17216
2025-09-29 04:00:00,1.17215,1.17255,1.17144,1.17232
2025-09-29 05:00:00,1.17232,1.1728399999999999,1.17225,1.17261
2025-09-29 06:00:00,1.17261,1.17294,1.17248,1.1724999999999999
2025-09-29 07:00:00,1.1724999999999999,1.17331,1.17228,1.17271
2025-09-29 08:00:00,1.17271,1.17334,1.17239,1.17285
2025-09-29 09:00:00,1.17281,1.17288,1.17181,1.17199
2025-09-29 10:00:00,1.17195,1.1733,1.17174,1.17269
2025-09-29 11:00:00,1.17271,1.17289,1.17077,1.17238
2025-09-29 12:00:00,1.17237,1.17262,1.17169,1.17175
2025-09-29 13:00:00,1.17175,1.17217,1.17156,1.17199
2025-09-29 14:00:00,1.172,1.1730800000000001,1.17092,1.1729
2025-09-29 15:00:00,1.17291,1.17511,1.17185,1.17499
2025-09-29 16:00:00,1.17497,1.17546,1.17373,1.1741
2025-09-29 17:00:00,1.17407,1.17446,1.17293,1.17304
2025-09-29 18:00:00,1.17304,1.17342,1.17228,1.17291
2025-09-29 19:00:00,1.17292,1.17333,1.17255,1.17294
2025-09-29 20:00:00,1.17293,1.17316,1.17214,1.17216
2025-09-29 21:00:00,1.17217,1.17329,1.17202,1.17314
2025-09-29 22:00:00,1.17314,1.17317,1.1726,1.17276
2025-09-29 23:00:00,1.1727400000000001,1.17277,1.17234,1.17269
2025-09-30 00:00:00,1.17262,1.17267,1.17145,1.17256
2025-09-30 01:00:00,1.17254,1.17279,1.17243,1.17276
2025-09-30 02:00:00,1.17276,1.17325,1.17272,1.17307
2025-09-30 03:00:00,1.1730800000000001,1.17317,1.17127,1.17209
2025-09-30 04:00:00,1.17211,1.17259,1.17136,1.17141
2025-09-30 05:00:00,1.17141,1.17239,1.17122,1.17224
2025-09-30 06:00:00,1.17224,1.17264,1.17205,1.17237
2025-09-30 07:00:00,1.17238,1.17287,1.1718600000000001,1.17286
2025-09-30 08:00:00,1.17287,1.1737,1.17281,1.17334
2025-09-30 09:00:00,1.17333,1.17439,1.17309,1.17375
2025-09-30 10:00:00,1.17373,1.17484,1.17365,1.1742
2025-09-30 11:00:00,1.17432,1.1761300000000001,1.17432,1.17556
2025-09-30 12:00:00,1.17556,1.17585,1.17452,1.17483
2025-09-30 13:00:00,1.17483,1.17514,1.17404,1.17456
2025-09-30 14:00:00,1.1745700000000001,1.17486,1.17365,1.17423
2025-09-30 15:00:00,1.17422,1.17477,1.17331,1.17372
2025-09-30 16:00:00,1.17373,1.17393,1.17165,1.17305
2025-09-30 17:00:00,1.17305,1.17525,1.17226,1.17498
2025-09-30 18:00:00,1.17497,1.17505,1.17257,1.17343
2025-09-30 19:00:00,1.17344,1.1759,1.17338,1.17565
2025-09-30 20:00:00,1.17567,1.17615,1.17469,1.17494
2025-09-30 21:00:00,1.17494,1.17495,1.17356,1.17409
2025-09-30 22:00:00,1.17409,1.17412,1.17363,1.17398
2025-09-30 23:00:00,1.17402,1.17403,1.17328,1.17333
2025-10-01 00:00:00,1.17328,1.17352,1.1731,1.17339
2025-10-01 01:00:00,1.17339,1.17422,1.17332,1.1734499999999999
2025-10-01 02:00:00,1.1734499999999999,1.17426,1.17336,1.1734499999999999
2025-10-01 03:00:00,1.17344,1.17383,1.17296,1.1736
2025-10-01 04:00:00,1.1736,1.17409,1.17303,1.17393
2025-10-01 05:00:00,1.17393,1.17397,1.17324,1.17379
2025-10-01 06:00:00,1.17378,1.1739,1.1734,1.17379
2025-10-01 07:00:00,1.17379,1.17587,1.17379,1.17583
2025-10-01 08:00:00,1.17583,1.1767,1.17522,1.17524
2025-10-01 09:00:00,1.17525,1.17746,1.17506,1.17678
2025-10-01 10:00:00,1.17677,1.17787,1.1742,1.175
2025-10-01 11:00:00,1.17503,1.17659,1.17495,1.17498
2025-10-01 12:00:00,1.175,1.17542,1.1730800000000001,1.1733
2025-10-01 13:00:00,1.1733,1.17337,1.1716,1.17254
2025-10-01 14:00:00,1.17255,1.174,1.17253,1.17343
2025-10-01 15:00:00,1.17343,1.17687,1.17222,1.1749
2025-10-01 16:00:00,1.1749,1.17616,1.17462,1.17547
2025-10-01 17:00:00,1.17525,1.17635,1.17309,1.17466
2025-10-01 18:00:00,1.17461,1.17493,1.1721300000000001,1.17229
2025-10-01 19:00:00,1.17228,1.17268,1.17155,1.17229
2025-10-01 20:00:00,1.17231,1.17324,1.17229,1.17238
2025-10-01 21:00:00,1.17242,1.17419,1.17217,1.17347
2025-10-01 22:00:00,1.17347,1.1737,1.17298,1.17305
2025-10-01 23:00:00,1.17305,1.17309,1.1726,1.17302
2025-10-02 00:00:00,1.17248,1.17325,1.17228,1.17306
2025-10-02 01:00:00,1.17306,1.17373,1.17295,1.1734
2025-10-02 02:00:00,1.17341,1.17371,1.17328,1.17328
2025-10-02 03:00:00,1.17327,1.1735,1.1724700000000001,1.17299
2025-10-02 04:00:00,1.17298,1.17391,1.17237,1.17389
2025-10-02 05:00:00,1.17389,1.17421,1.17366,1.1737
2025-10-02 06:00:00,1.1737,1.17387,1.17326,1.17348
2025-10-02 07:00:00,1.17348,1.17359,1.173,1.17344
2025-10-02 08:00:00,1.17344,1.17372,1.17295,1.17357
2025-10-02 09:00:00,1.17358,1.17449,1.1734,1.17428
2025-10-02 10:00:00,1.1743000000000001,1.17568,1.1741,1.175
2025-10-02 11:00:00,1.175,1.17568,1.1745,1.17538
2025-10-02 12:00:00,1.17538,1.17583,1.17506,1.1755
2025-10-02 13:00:00,1.17549,1.17549,1.17462,1.17519
2025-10-02 14:00:00,1.1752,1.17564,1.17472,1.17505
2025-10-02 15:00:00,1.17503,1.17583,1.17344,1.17375
2025-10-02 16:00:00,1.17376,1.17439,1.17135,1.17225
2025-10-02 17:00:00,1.17225,1.17225,1.1705,1.17134
2025-10-02 18:00:00,1.17131,1.17133,1.16831,1.16967
2025-10-02 19:00:00,1.16966,1.1715,1.16951,1.17149
2025-10-02 20:00:00,1.17147,1.17204,1.17123,1.17137
2025-10-02 21:00:00,1.17136,1.1722299999999999,1.17126,1.17211
2025-10-02 22:00:00,1.17211,1.17266,1.17175,1.17188
2025-10-02 23:00:00,1.17188,1.17244,1.17145,1.1716
2025-10-03 00:00:00,1.17116,1.17188,1.17075,1.17168
2025-10-03 01:00:00,1.17168,1.17209,1.17154,1.17192
2025-10-03 02:00:00,1.17193,1.1726,1.1718600000000001,1.1724700000000001
2025-10-03 03:00:00,1.1724700000000001,1.1724700000000001,1.1718899999999999,1.17243
2025-10-03 04:00:00,1.17244,1.17293,1.17163,1.17267
2025-10-03 05:00:00,1.17268,1.17277,1.17207,1.1724700000000001
2025-10-03 06:00:00,1.1724700000000001,1.17269,1.17198,1.17262
2025-10-03 07:00:00,1.17262,1.17283,1.17179,1.17181
2025-10-03 08:00:00,1.17181,1.17215,1.17149,1.17171
2025-10-03 09:00:00,1.17172,1.17291,1.17164,1.17203
2025-10-03 10:00:00,1.17208,1.17341,1.17208,1.17323
2025-10-03 11:00:00,1.17324,1.17446,1.17312,1.17402
2025-10-03 12:00:00,1.17401,1.17407,1.17313,1.17372
2025-10-03 13:00:00,1.17372,1.17398,1.17338,1.17365
2025-10-03 14:00:00,1.17364,1.17429,1.17311,1.1734
2025-10-03 15:00:00,1.17346,1.17408,1.1727400000000001,1.17395
2025-10-03 16:00:00,1.1739600000000001,1.17445,1.17328,1.17384
2025-10-03 17:00:00,1.17425,1.17591,1.17343,1.17409
2025-10-03 18:00:00,1.17411,1.17488,1.17367,1.17462
2025-10-03 19:00:00,1.17462,1.17485,1.17378,1.17398
2025-10-03 20:00:00,1.17398,1.17417,1.17321,1.17339
2025-10-03 21:00:00,1.17339,1.17403,1.17267,1.17397
2025-10-03 22:00:00,1.17394,1.17423,1.17372,1.17411
2025-10-03 23:00:00,1.17411,1.17446,1.17385,1.17413
2025-10-06 00:00:00,1.1718,1.17254,1.17141,1.17235
2025-10-06 01:00:00,1.17235,1.17269,1.17156,1.17161
2025-10-06 02:00:00,1.17161,1.17165,1.17064,1.1712
2025-10-06 03:00:00,1.1712500000000001,1.17192,1.1710099999999999,1.17161
2025-10-06 04:00:00,1.17167,1.17251,1.171,1.17242
2025-10-06 05:00:00,1.17242,1.17309,1.17239,1.1727
2025-10-06 06:00:00,1.1727,1.17303,1.17233,1.17245
2025-10-06 07:00:00,1.17245,1.17275,1.17196,1.17202
2025-10-06 08:00:00,1.17202,1.17253,1.1714,1.17172
2025-10-06 09:00:00,1.17174,1.17196,1.169,1.16937
2025-10-06 10:00:00,1.16936,1.17121,1.16622,1.16626
2025-10-06 11:00:00,1.16623,1.16793,1.16519,1.16677
2025-10-06 12:00:00,1.16668,1.16697,1.16573,1.16663
2025-10-06 13:00:00,1.16663,1.16669,1.16525,1.16634
2025-10-06 14:00:00,1.16634,1.16789,1.16575,1.16754
2025-10-06 15:00:00,1.16753,1.16898,1.16729,1.16891
2025-10-06 16:00:00,1.16893,1.17031,1.16837,1.16993
2025-10-06 17:00:00,1.16994,1.17177,1.16951,1.17166
2025-10-06 18:00:00,1.17165,1.17208,1.17028,1.17066
2025-10-06 19:00:00,1.17066,1.17123,1.1703000000000001,1.17123
2025-10-06 20:00:00,1.17122,1.17159,1.17097,1.17103
2025-10-06 21:00:00,1.17103,1.17156,1.17095,1.17126
2025-10-06 22:00:00,1.17126,1.17169,1.1710099999999999,1.17106
2025-10-06 23:00:00,1.17105,1.17141,1.17084,1.17121
2025-10-07 00:00:00,1.17044,1.17127,1.16947,1.1709100000000001
2025-10-07 01:00:00,1.1709100000000001,1.17149,1.17086,1.17098
2025-10-07 02:00:00,1.17098,1.17143,1.17083,1.17093
2025-10-07 03:00:00,1.17097,1.17111,1.17042,1.17089
2025-10-07 04:00:00,1.17089,1.17089,1.16965,1.16968
2025-10-07 05:00:00,1.16968,1.17059,1.16967,1.17018
2025-10-07 06:00:00,1.17018,1.17073,1.16997,1.17033
2025-10-07 07:00:00,1.17033,1.17074,1.16944,1.16983
2025-10-07 08:00:00,1.16983,1.17,1.1687400000000001,1.1692
2025-10-07 09:00:00,1.1692,1.1692,1.16832,1.16869
2025-10-07 10:00:00,1.16868,1.16881,1.16703,1.16765
2025-10-07 11:00:00,1.16764,1.16827,1.16651,1.1666
2025-10-07 12:00:00,1.16659,1.16712,1.16606,1.16666
2025-10-07 13:00:00,1.16666,1.16759,1.16631,1.1674
2025-10-07 14:00:00,1.1674,1.16741,1.16539,1.16626
2025-10-07 15:00:00,1.16626,1.16671,1.16543,1.1667
2025-10-07 16:00:00,1.1667,1.16703,1.16596,1.16604
2025-10-07 17:00:00,1.1660300000000001,1.16662,1.16547,1.16631
2025-10-07 18:00:00,1.1663000000000001,1.16799,1.16616,1.16731
2025-10-07 19:00:00,1.16731,1.16812,1.16698,1.167
2025-10-07 20:00:00,1.167,1.16794,1.16665,1.16672
2025-10-07 21:00:00,1.16672,1.16678,1.16566,1.1657899999999999
2025-10-07 22:00:00,1.1657899999999999,1.16583,1.16476,1.16505
2025-10-07 23:00:00,1.16505,1.16582,1.16491,1.16573
2025-10-08 00:00:00,1.16565,1.16581,1.16446,1.16566
2025-10-08 01:00:00,1.16566,1.16614,1.16565,1.16592
2025-10-08 02:00:00,1.16593,1.16593,1.16525,1.16527
2025-10-08 03:00:00,1.16527,1.1653,1.16455,1.16474
2025-10-08 04:00:00,1.16473,1.16473,1.16261,1.16267
2025-10-08 05:00:00,1.16268,1.1627399999999999,1.16171,1.16241
2025-10-08 06:00:00,1.1623999999999999,1.16247,1.16175,1.16241
2025-10-08 07:00:00,1.16241,1.16254,1.1616,1.16195
2025-10-08 08:00:00,1.16194,1.16194,1.16121,1.16173
2025-10-08 09:00:00,1.16174,1.16205,1.16071,1.16165
2025-10-08 10:00:00,1.1616900000000001,1.16343,1.16117,1.16311
2025-10-08 11:00:00,1.16312,1.16355,1.16106,1.16146
2025-10-08 12:00:00,1.16147,1.16205,1.16061,1.16113
2025-10-08 13:00:00,1.16112,1.16365,1.1609099999999999,1.16337
2025-10-08 14:00:00,1.16336,1.16346,1.16251,1.16263
2025-10-08 15:00:00,1.16262,1.16379,1.16247,1.16326
2025-10-08 16:00:00,1.16326,1.1644700000000001,1.16275,1.16319
2025-10-08 17:00:00,1.16319,1.16364,1.16204,1.16218
2025-10-08 18:00:00,1.16218,1.16222,1.16031,1.16059
2025-10-08 19:00:00,1.16061,1.1607,1.15985,1.16053
2025-10-08 20:00:00,1.16054,1.16095,1.16025,1.16078
2025-10-08 21:00:00,1.16078,1.16223,1.15995,1.162
2025-10-08 22:00:00,1.16202,1.16284,1.16202,1.1628
2025-10-08 23:00:00,1.1628,1.1632500000000001,1.16266,1.16284
2025-10-09 00:00:00,1.16131,1.16289,1.16114,1.16281
2025-10-09 01:00:00,1.16282,1.16353,1.16272,1.16336
2025-10-09 02:00:00,1.16338,1.16338,1.16281,1.16293
2025-10-09 03:00:00,1.16291,1.16412,1.16281,1.16373
2025-10-09 04:00:00,1.16373,1.16456,1.16367,1.16402
2025-10-09 05:00:00,1.16402,1.16478,1.16391,1.16439
2025-10-09 06:00:00,1.16438,1.16467,1.16405,1.16449
2025-10-09 07:00:00,1.16449,1.16473,1.1642000000000001,1.16456
2025-10-09 08:00:00,1.16456,1.16483,1.16384,1.1638600000000001
2025-10-09 09:00:00,1.1638600000000001,1.16388,1.16116,1.16157
2025-10-09 10:00:00,1.16159,1.16234,1.16064,1.16111
2025-10-09 11:00:00,1.16111,1.16146,1.16032,1.16124
2025-10-09 12:00:00,1.16126,1.1627399999999999,1.1610800000000001,1.16258
2025-10-09 13:00:00,1.1626400000000001,1.16275,1.16133,1.16186
2025-10-09 14:00:00,1.16186,1.16222,1.16093,1.16123
2025-10-09 15:00:00,1.16123,1.16163,1.1605,1.16151
2025-10-09 16:00:00,1.16151,1.16235,1.15915,1.16027
2025-10-09 17:00:00,1.16027,1.16029,1.15766,1.15811
2025-10-09 18:00:00,1.15809,1.15819,1.15472,1.1559
2025-10-09 19:00:00,1.15591,1.15636,1.15525,1.1558
2025-10-09 20:00:00,1.15579,1.15665,1.15541,1.15599
2025-10-09 21:00:00,1.15599,1.15606,1.15421,1.15465
2025-10-09 22:00:00,1.1547399999999999,1.15616,1.15468,1.15597
2025-10-09 23:00:00,1.1559300000000001,1.15671,1.15589,1.15644
2025-10-10 00:00:00,1.15642,1.15652,1.15504,1.15639
2025-10-10 01:00:00,1.15639,1.15666,1.1562000000000001,1.15648
2025-10-10 02:00:00,1.15647,1.15664,1.1557,1.15655
2025-10-10 03:00:00,1.15655,1.15706,1.15609,1.15676
2025-10-10 04:00:00,1.15676,1.15714,1.15627,1.15629
2025-10-10 05:00:00,1.1562999999999999,1.15729,1.15626,1.15698
2025-10-10 06:00:00,1.15698,1.1574200000000001,1.15674,1.1573
2025-10-10 07:00:00,1.1573,1.15738,1.15675,1.15736
2025-10-10 08:00:00,1.15736,1.15781,1.15696,1.157
2025-10-10 09:00:00,1.15699,1.1575,1.1561,1.15706
2025-10-10 10:00:00,1.15706,1.15801,1.15638,1.1578
2025-10-10 11:00:00,1.1578,1.15895,1.15754,1.15789
2025-10-10 12:00:00,1.15788,1.15801,1.15688,1.15746
2025-10-10 13:00:00,1.15746,1.15835,1.15705,1.15716
2025-10-10 14:00:00,1.15716,1.1575,1.15606,1.1561
2025-10-10 15:00:00,1.15609,1.15761,1.15595,1.1572
2025-10-10 16:00:00,1.1572,1.15736,1.15619,1.15693
2025-10-10 17:00:00,1.15692,1.15825,1.15646,1.15787
2025-10-10 18:00:00,1.15787,1.16309,1.15782,1.16125
2025-10-10 19:00:00,1.16124,1.16259,1.16041,1.16059
2025-10-10 20:00:00,1.16058,1.16095,1.15971,1.16013
2025-10-10 21:00:00,1.16013,1.16132,1.16002,1.16086
2025-10-10 22:00:00,1.16086,1.16153,1.16039,1.16127
2025-10-10 23:00:00,1.16127,1.16285,1.16039,1.16241
2025-10-13 00:00:00,1.16101,1.16147,1.16052,1.1611799999999999
2025-10-13 01:00:00,1.1611799999999999,1.1611799999999999,1.15919,1.16033
2025-10-13 02:00:00,1.16035,1.16101,1.16004,1.16015
2025-10-13 03:00:00,1.16016,1.1616,1.16,1.16158
2025-10-13 04:00:00,1.16163,1.1621299999999999,1.16098,1.16199
2025-10-13 05:00:00,1.162,1.16277,1.16168,1.16196
2025-10-13 06:00:00,1.16196,1.1622,1.16162,1.16208
2025-10-13 07:00:00,1.16208,1.16253,1.1617899999999999,1.16205
2025-10-13 08:00:00,1.16205,1.16241,1.16132,1.16149
2025-10-13 09:00:00,1.1615,1.16299,1.16107,1.16141
2025-10-13 10:00:00,1.16141,1.16158,1.15976,1.16
2025-10-13 11:00:00,1.15999,1.16049,1.15816,1.15856
2025-10-13 12:00:00,1.15855,1.15983,1.15845,1.15942
2025-10-13 13:00:00,1.15941,1.1596,1.15814,1.1583700000000001
2025-10-13 14:00:00,1.1583700000000001,1.15943,1.15656,1.15685
2025-10-13 15:00:00,1.15689,1.15767,1.15616,1.15687
2025-10-13 16:00:00,1.15687,1.1577600000000001,1.15646,1.1575199999999999
2025-10-13 17:00:00,1.1575199999999999,1.15753,1.15576,1.15613
2025-10-13 18:00:00,1.15612,1.15756,1.15601,1.1574
2025-10-13 19:00:00,1.1574,1.15791,1.15697,1.15755
2025-10-13 20:00:00,1.15755,1.15771,1.157,1.15732
2025-10-13 21:00:00,1.15732,1.15777,1.15659,1.15686
2025-10-13 22:00:00,1.15686,1.15737,1.1566,1.15662
2025-10-13 23:00:00,1.15662,1.15705,1.15652,1.15702
2025-10-14 00:00:00,1.15678,1.15717,1.15573,1.15704
2025-10-14 01:00:00,1.15704,1.1574,1.15678,1.15678
2025-10-14 02:00:00,1.15678,1.15699,1.15636,1.15656
2025-10-14 03:00:00,1.15652,1.15673,1.15551,1.15612
2025-10-14 04:00:00,1.15616,1.15734,1.15609,1.15708
2025-10-14 05:00:00,1.15708,1.15763,1.15703,1.15738
2025-10-14 06:00:00,1.15738,1.1582,1.15713,1.15786
2025-10-14 07:00:00,1.15786,1.15927,1.15783,1.1592
2025-10-14 08:00:00,1.15922,1.15936,1.15825,1.15845
2025-10-14 09:00:00,1.15845,1.15897,1.15631,1.15702
2025-10-14 10:00:00,1.15701,1.15746,1.15428,1.15495
2025-10-14 11:00:00,1.15495,1.15609,1.15456,1.15591
2025-10-14 12:00:00,1.15591,1.15634,1.15516,1.15551
2025-10-14 13:00:00,1.15546,1.1559599999999999,1.15513,1.1553499999999999
2025-10-14 14:00:00,1.15534,1.15585,1.15463,1.15522
2025-10-14 15:00:00,1.15523,1.15651,1.1548,1.15558
2025-10-14 16:00:00,1.15557,1.15831,1.15545,1.15741
2025-10-14 17:00:00,1.1574,1.15973,1.15692,1.15943
2025-10-14 18:00:00,1.15944,1.16083,1.15866,1.16074
2025-10-14 19:00:00,1.16074,1.1615,1.16012,1.16094
2025-10-14 20:00:00,1.1609,1.16122,1.16017,1.16095
2025-10-14 21:00:00,1.16094,1.16119,1.16035,1.16051
2025-10-14 22:00:00,1.1605,1.16113,1.16045,1.16055
2025-10-14 23:00:00,1.16055,1.16077,1.15998,1.16075
2025-10-15 00:00:00,1.16058,1.16067,1.15995,1.16061
2025-10-15 01:00:00,1.16061,1.16094,1.16035,1.16036
2025-10-15 02:00:00,1.16036,1.16058,1.16019,1.16033
2025-10-15 03:00:00,1.16031,1.1614200000000001,1.16019,1.16106
2025-10-15 04:00:00,1.16106,1.1623,1.16071,1.16192
2025-10-15 05:00:00,1.16193,1.1626,1.1617899999999999,1.1623
2025-10-15 06:00:00,1.16229,1.16243,1.16184,1.16224
2025-10-15 07:00:00,1.16226,1.16243,1.1616900000000001,1.16184
2025-10-15 08:00:00,1.16186,1.16266,1.16185,1.16195
2025-10-15 09:00:00,1.16197,1.16385,1.16177,1.16343
2025-10-15 10:00:00,1.16351,1.16444,1.16293,1.16357
2025-10-15 11:00:00,1.16355,1.16453,1.16316,1.16327
2025-10-15 12:00:00,1.16326,1.16392,1.1628,1.16347
2025-10-15 13:00:00,1.16345,1.16349,1.1620300000000001,1.16245
2025-10-15 14:00:00,1.16244,1.16324,1.16197,1.162
2025-10-15 15:00:00,1.162,1.16276,1.16139,1.16177
2025-10-15 16:00:00,1.16177,1.1632,1.16105,1.1627399999999999
2025-10-15 17:00:00,1.1627399999999999,1.1630099999999999,1.16196,1.16246
2025-10-15 18:00:00,1.16246,1.16473,1.16186,1.16371
2025-10-15 19:00:00,1.16371,1.16409,1.16285,1.16402
2025-10-15 20:00:00,1.16401,1.16404,1.16271,1.16294
2025-10-15 21:00:00,1.16294,1.16376,1.16281,1.16332
2025-10-15 22:00:00,1.16332,1.16448,1.1633,1.16444
2025-10-15 23:00:00,1.16444,1.16478,1.16425,1.1647
2025-10-16 00:00:00,1.16465,1.16465,1.16366,1.16433
2025-10-16 01:00:00,1.16433,1.1652,1.16431,1.16464
2025-10-16 02:00:00,1.16467,1.16473,1.16448,1.16461
2025-10-16 03:00:00,1.1646,1.16671,1.16429,1.1663000000000001
2025-10-16 04:00:00,1.16634,1.16754,1.16611,1.167
2025-10-16 05:00:00,1.16703,1.16748,1.16643,1.16662
2025-10-16 06:00:00,1.16661,1.16672,1.16616,1.16621
2025-10-16 07:00:00,1.16621,1.16623,1.16559,1.16563
2025-10-16 08:00:00,1.16561,1.16615,1.16541,1.16602
2025-10-16 09:00:00,1.16602,1.1668,1.16521,1.16539
2025-10-16 10:00:00,1.16539,1.1656900000000001,1.16431,1.16521
2025-10-16 11:00:00,1.1651799999999999,1.16599,1.16487,1.16591
2025-10-16 12:00:00,1.16591,1.16639,1.16526,1.16583
2025-10-16 13:00:00,1.16585,1.16631,1.1653,1.16555
2025-10-16 14:00:00,1.16555,1.16565,1.16464,1.1654
2025-10-16 15:00:00,1.1654,1.16617,1.16491,1.16606
2025-10-16 16:00:00,1.16606,1.16643,1.16501,1.16574
2025-10-16 17:00:00,1.16574,1.16781,1.16536,1.16771
2025-10-16 18:00:00,1.16771,1.16782,1.1661299999999999,1.16646
2025-10-16 19:00:00,1.16646,1.1679,1.16642,1.16771
2025-10-16 20:00:00,1.16771,1.16937,1.16769,1.16882
2025-10-16 21:00:00,1.16882,1.16934,1.16805,1.16894
2025-10-16 22:00:00,1.16896,1.16944,1.16871,1.16889
2025-10-16 23:00:00,1.16889,1.16914,1.16849,1.16875
2025-10-17 00:00:00,1.1687400000000001,1.1688399999999999,1.16803,1.16865
2025-10-17 01:00:00,1.16865,1.16961,1.16862,1.16946
2025-10-17 02:00:00,1.16946,1.16998,1.16933,1.16992
2025-10-17 03:00:00,1.16992,1.17114,1.16953,1.17068
2025-10-17 04:00:00,1.1706699999999999,1.17098,1.17,1.1701
2025-10-17 05:00:00,1.1701,1.17115,1.16953,1.17053
2025-10-17 06:00:00,1.17053,1.1712500000000001,1.17047,1.17094
2025-10-17 07:00:00,1.17094,1.17123,1.17064,1.17099
2025-10-17 08:00:00,1.17099,1.17285,1.17098,1.17233
2025-10-17 09:00:00,1.17233,1.17266,1.17085,1.17108
2025-10-17 10:00:00,1.17105,1.17151,1.16934,1.17117
2025-10-17 11:00:00,1.17118,1.17163,1.16916,1.16975
2025-10-17 12:00:00,1.16975,1.17079,1.16966,1.17014
2025-10-17 13:00:00,1.17011,1.17028,1.1687400000000001,1.16896
2025-10-17 14:00:00,1.16896,1.16971,1.16806,1.1685
2025-10-17 15:00:00,1.16853,1.16863,1.16669,1.16764
2025-10-17 16:00:00,1.16764,1.16814,1.1669,1.16707
2025-10-17 17:00:00,1.16705,1.16733,1.16566,1.1667
2025-10-17 18:00:00,1.16668,1.16733,1.16608,1.16733
2025-10-17 19:00:00,1.16734,1.16794,1.16698,1.16709
2025-10-17 20:00:00,1.16709,1.16759,1.16671,1.16679
2025-10-17 21:00:00,1.16679,1.16743,1.1663999999999999,1.16681
2025-10-17 22:00:00,1.16681,1.16714,1.16661,1.16707
2025-10-17 23:00:00,1.16706,1.16708,1.16505,1.16511
2025-10-20 00:00:00,1.1662,1.16657,1.16544,1.16558
2025-10-20 01:00:00,1.16558,1.1657899999999999,1.16519,1.16563
2025-10-20 02:00:00,1.16561,1.16617,1.16545,1.1658
2025-10-20 03:00:00,1.1658,1.16665,1.1657899999999999,1.16665
2025-10-20 04:00:00,1.16665,1.16675,1.16566,1.166
2025-10-20 05:00:00,1.16601,1.16707,1.16601,1.16657
2025-10-20 06:00:00,1.16658,1.16688,1.16649,1.16683
2025-10-20 07:00:00,1.16684,1.16739,1.16657,1.16716
2025-10-20 08:00:00,1.16716,1.16757,1.167,1.16737
2025-10-20 09:00:00,1.16737,1.16737,1.16567,1.16585
2025-10-20 10:00:00,1.16586,1.16682,1.16538,1.16624
2025-10-20 11:00:00,1.16624,1.16665,1.1658,1.16635
2025-10-20 12:00:00,1.16636,1.16677,1.16592,1.16621
2025-10-20 13:00:00,1.16621,1.1663000000000001,1.16512,1.16535
2025-10-20 14:00:00,1.16535,1.16565,1.16445,1.16565
2025-10-20 15:00:00,1.16565,1.16605,1.16502,1.16535
2025-10-20 16:00:00,1.16535,1.16546,1.16464,1.16491
2025-10-20 17:00:00,1.16491,1.16644,1.16476,1.16538
2025-10-20 18:00:00,1.16538,1.16645,1.16525,1.16551
2025-10-20 19:00:00,1.1655,1.16582,1.16494,1.16498
2025-10-20 20:00:00,1.16495,1.16529,1.16414,1.16434
2025-10-20 21:00:00,1.16434,1.16485,1.16384,1.16464
2025-10-20 22:00:00,1.16464,1.16493,1.164,1.16409
2025-10-20 23:00:00,1.1641,1.16445,1.16403,1.16409
2025-10-21 00:00:00,1.16411,1.16446,1.1630099999999999,1.16439
2025-10-21 01:00:00,1.16439,1.16456,1.16429,1.16432
2025-10-21 02:00:00,1.16432,1.16451,1.16426,1.16444
2025-10-21 03:00:00,1.16441,1.16553,1.16433,1.16532
2025-10-21 04:00:00,1.16532,1.16532,1.1642000000000001,1.16448
2025-10-21 05:00:00,1.16452,1.16453,1.16328,1.16343
2025-10-21 06:00:00,1.16342,1.16361,1.1633,1.16348
2025-10-21 07:00:00,1.16348,1.16368,1.1632,1.1636
2025-10-21 08:00:00,1.1636,1.16378,1.16244,1.16254
2025-10-21 09:00:00,1.16252,1.16341,1.16187,1.16319
2025-10-21 10:00:00,1.16319,1.16355,1.16218,1.16254
2025-10-21 11:00:00,1.16253,1.16276,1.1613,1.1621299999999999
2025-10-21 12:00:00,1.16212,1.1627399999999999,1.16161,1.16207
2025-10-21 13:00:00,1.16207,1.16235,1.16066,1.1618
2025-10-21 14:00:00,1.1618,1.1626,1.16092,1.16129
2025-10-21 15:00:00,1.16128,1.16168,1.16019,1.16112
2025-10-21 16:00:00,1.16112,1.1617,1.16025,1.16126
2025-10-21 17:00:00,1.16126,1.16182,1.15977,1.16045
2025-10-21 18:00:00,1.16044,1.16165,1.16042,1.16151
2025-10-21 19:00:00,1.1615199999999999,1.16247,1.16078,1.1609
2025-10-21 20:00:00,1.1609,1.16101,1.16015,1.1604
2025-10-21 21:00:00,1.1604,1.16086,1.16035,1.16051
2025-10-21 22:00:00,1.16051,1.16077,1.16,1.16007
2025-10-21 23:00:00,1.16009,1.16027,1.15987,1.15993
2025-10-22 00:00:00,1.15992,1.1604,1.15875,1.16028
2025-10-22 01:00:00,1.16028,1.16028,1.1599599999999999,1.16002
2025-10-22 02:00:00,1.16002,1.16018,1.15991,1.15995
2025-10-22 03:00:00,1.15995,1.16079,1.15995,1.1604700000000001
2025-10-22 04:00:00,1.16046,1.16095,1.16015,1.16049
2025-10-22 05:00:00,1.16048,1.1611,1.16048,1.16085
2025-10-22 06:00:00,1.16085,1.1609099999999999,1.16048,1.16071
2025-10-22 07:00:00,1.16071,1.16095,1.16048,1.16092
2025-10-22 08:00:00,1.16092,1.16157,1.1609099999999999,1.16136
2025-10-22 09:00:00,1.16136,1.1615,1.16043,1.16095
2025-10-22 10:00:00,1.16096,1.16129,1.1599599999999999,1.16008
2025-10-22 11:00:00,1.16008,1.16008,1.159,1.15977
2025-10-22 12:00:00,1.15977,1.16021,1.15926,1.15949
2025-10-22 13:00:00,1.15946,1.1597,1.15828,1.15858
2025-10-22 14:00:00,1.15857,1.15892,1.15824,1.15827
2025-10-22 15:00:00,1.15827,1.15909,1.15769,1.15831
2025-10-22 16:00:00,1.15831,1.15978,1.15818,1.15949
2025-10-22 17:00:00,1.15949,1.16116,1.15924,1.16112
2025-10-22 18:00:00,1.16112,1.1617,1.16086,1.16113
2025-10-22 19:00:00,1.16113,1.16227,1.16104,1.16195
2025-10-22 20:00:00,1.16195,1.16206,1.16127,1.16147
2025-10-22 21:00:00,1.16147,1.16156,1.16078,1.16092
2025-10-22 22:00:00,1.16092,1.16112,1.16049,1.16059
2025-10-22 23:00:00,1.1606,1.1611,1.16058,1.16093
2025-10-23 00:00:00,1.16099,1.1611799999999999,1.16041,1.16114
2025-10-23 01:00:00,1.16114,1.16145,1.16096,1.16122
2025-10-23 02:00:00,1.16125,1.16128,1.16067,1.16072
2025-10-23 03:00:00,1.1607,1.16077,1.15977,1.16041
2025-10-23 04:00:00,1.16042,1.16056,1.15976,1.15979
2025-10-23 05:00:00,1.15979,1.15995,1.15952,1.15965
2025-10-23 06:00:00,1.15965,1.15987,1.15921,1.15929
2025-10-23 07:00:00,1.15929,1.15994,1.15906,1.1599
2025-10-23 08:00:00,1.1599,1.16042,1.1596899999999999,1.16015
2025-10-23 09:00:00,1.16014,1.16038,1.1590799999999999,1.15945
2025-10-23 10:00:00,1.15945,1.16015,1.15909,1.16001
2025-10-23 11:00:00,1.16001,1.16064,1.1593,1.15962
2025-10-23 12:00:00,1.15962,1.16003,1.15932,1.15937
2025-10-23 13:00:00,1.15937,1.15949,1.15856,1.1588
2025-10-23 14:00:00,1.1588,1.15931,1.15855,1.15871
2025-10-23 15:00:00,1.15875,1.16062,1.15866,1.16007
2025-10-23 16:00:00,1.16007,1.16106,1.15982,1.16069
2025-10-23 17:00:00,1.16069,1.16199,1.1605699999999999,1.16132
2025-10-23 18:00:00,1.16132,1.1616,1.16064,1.16117
2025-10-23 19:00:00,1.1611799999999999,1.16163,1.16065,1.16069
2025-10-23 20:00:00,1.16069,1.16123,1.16044,1.1611799999999999
2025-10-23 21:00:00,1.16117,1.1617899999999999,1.16098,1.16176
2025-10-23 22:00:00,1.16176,1.16202,1.16154,1.16166
2025-10-23 23:00:00,1.16166,1.16194,1.16136,1.16181
2025-10-24 00:00:00,1.16183,1.16183,1.16129,1.16171
2025-10-24 01:00:00,1.16171,1.1621299999999999,1.16165,1.1618
2025-10-24 02:00:00,1.1618,1.1619,1.16149,1.1617
2025-10-24 03:00:00,1.1617,1.16216,1.1616900000000001,1.1618
2025-10-24 04:00:00,1.1618,1.16189,1.16089,1.16094
2025-10-24 05:00:00,1.16095,1.16127,1.16077,1.16079
2025-10-24 06:00:00,1.16079,1.1611799999999999,1.1607,1.1609099999999999
2025-10-24 07:00:00,1.1609099999999999,1.16092,1.16058,1.16077
2025-10-24 08:00:00,1.16077,1.1608100000000001,1.1602000000000001,1.16055
2025-10-24 09:00:00,1.16056,1.1614,1.16009,1.16139
2025-10-24 10:00:00,1.16136,1.1628,1.16019,1.16181
2025-10-24 11:00:00,1.16181,1.16236,1.16064,1.16104
2025-10-24 12:00:00,1.16097,1.16127,1.16054,1.16119
2025-10-24 13:00:00,1.1612,1.16168,1.1611,1.16129
2025-10-24 14:00:00,1.16128,1.16158,1.16071,1.16151
2025-10-24 15:00:00,1.16154,1.16477,1.16088,1.16342
2025-10-24 16:00:00,1.16342,1.16435,1.16206,1.16268
2025-10-24 17:00:00,1.16265,1.1636,1.16182,1.16261
2025-10-24 18:00:00,1.16261,1.16357,1.1621299999999999,1.16254
2025-10-24 19:00:00,1.16254,1.16277,1.1621299999999999,1.16256
2025-10-24 20:00:00,1.16256,1.1632,1.16245,1.16275
2025-10-24 21:00:00,1.16275,1.1628,1.16249,1.16261
2025-10-24 22:00:00,1.16261,1.1633499999999999,1.16261,1.16316
2025-10-24 23:00:00,1.16316,1.16361,1.16211,1.16278
2025-10-27 00:00:00,1.16332,1.16353,1.16208,1.16284
2025-10-27 01:00:00,1.16284,1.16356,1.16246,1.16286
2025-10-27 02:00:00,1.16285,1.1633,1.16258,1.16312
2025-10-27 03:00:00,1.16312,1.16377,1.16279,1.16349
2025-10-27 04:00:00,1.16349,1.16478,1.1633499999999999,1.16391
2025-10-27 05:00:00,1.16391,1.16397,1.16303,1.16309
2025-10-27 06:00:00,1.16309,1.16324,1.16271,1.16277
2025-10-27 07:00:00,1.16277,1.16278,1.16207,1.16246
2025-10-27 08:00:00,1.16246,1.16272,1.1621,1.16262
2025-10-27 09:00:00,1.16263,1.16324,1.16248,1.16263
2025-10-27 10:00:00,1.16266,1.16279,1.16199,1.16199
2025-10-27 11:00:00,1.16199,1.16332,1.16178,1.16283
2025-10-27 12:00:00,1.16283,1.164,1.16261,1.16378
2025-10-27 13:00:00,1.16379,1.1644700000000001,1.16354,1.16417
2025-10-27 14:00:00,1.16417,1.16474,1.16361,1.16461
2025-10-27 15:00:00,1.16461,1.16516,1.16377,1.16414
2025-10-27 16:00:00,1.16414,1.1643,1.16316,1.16357
2025-10-27 17:00:00,1.16357,1.16425,1.1632500000000001,1.16409
2025-10-27 18:00:00,1.16409,1.16418,1.16329,1.16352
2025-10-27 19:00:00,1.16353,1.16411,1.16326,1.16388
2025-10-27 20:00:00,1.16388,1.16416,1.16357,1.1638
2025-10-27 21:00:00,1.16381,1.16523,1.16352,1.16504
2025-10-27 22:00:00,1.16504,1.16506,1.16441,1.16477
2025-10-27 23:00:00,1.16477,1.16489,1.16432,1.1644
2025-10-28 00:00:00,1.16443,1.1645699999999999,1.16401,1.16448
2025-10-28 01:00:00,1.16448,1.16507,1.16442,1.16498
2025-10-28 02:00:00,1.16498,1.16547,1.16496,1.16509
2025-10-28 03:00:00,1.16509,1.1659,1.16465,1.16557
2025-10-28 04:00:00,1.16557,1.16639,1.16552,1.16575
2025-10-28 05:00:00,1.16575,1.16631,1.16541,1.16545
2025-10-28 06:00:00,1.16545,1.16631,1.16543,1.166
2025-10-28 07:00:00,1.166,1.16677,1.16589,1.16663
2025-10-28 08:00:00,1.16663,1.16681,1.16628,1.16638
2025-10-28 09:00:00,1.16638,1.16672,1.1655,1.16559
2025-10-28 10:00:00,1.16558,1.16616,1.16511,1.16551
2025-10-28 11:00:00,1.16552,1.16628,1.16486,1.16522
2025-10-28 12:00:00,1.16521,1.16588,1.16451,1.1656900000000001
2025-10-28 13:00:00,1.1656900000000001,1.16649,1.1655,1.16642
2025-10-28 14:00:00,1.16642,1.16642,1.1655,1.16592
2025-10-28 15:00:00,1.16591,1.166,1.1635,1.16402
2025-10-28 16:00:00,1.16403,1.16404,1.16257,1.16395
2025-10-28 17:00:00,1.16395,1.16636,1.16372,1.16606
2025-10-28 18:00:00,1.16606,1.16672,1.1655,1.1659
2025-10-28 19:00:00,1.1659,1.16679,1.16529,1.16678
2025-10-28 20:00:00,1.16679,1.16687,1.16594,1.16631
2025-10-28 21:00:00,1.16632,1.16638,1.16562,1.16622
2025-10-28 22:00:00,1.16623,1.16651,1.1651799999999999,1.16524
2025-10-28 23:00:00,1.16524,1.16573,1.1651,1.16521
2025-10-29 00:00:00,1.16503,1.16522,1.1648100000000001,1.16507
2025-10-29 01:00:00,1.16507,1.16543,1.16498,1.16507
2025-10-29 02:00:00,1.16507,1.16575,1.16485,1.16573
2025-10-29 03:00:00,1.16573,1.1661,1.16532,1.16544
2025-10-29 04:00:00,1.16544,1.1656,1.16464,1.16473
2025-10-29 05:00:00,1.16474,1.1648,1.16416,1.16464
2025-10-29 06:00:00,1.16465,1.16467,1.16369,1.16372
2025-10-29 07:00:00,1.16373,1.16376,1.16314,1.16342
2025-10-29 08:00:00,1.16344,1.16356,1.16273,1.16315
2025-10-29 09:00:00,1.16316,1.16327,1.16252,1.16299
2025-10-29 10:00:00,1.1629800000000001,1.16379,1.16284,1.16329
2025-10-29 11:00:00,1.16327,1.16341,1.16233,1.16233
2025-10-29 12:00:00,1.16233,1.16472,1.16189,1.16412
2025-10-29 13:00:00,1.16412,1.16489,1.1637,1.16473
2025-10-29 14:00:00,1.16473,1.16487,1.1633,1.16398
2025-10-29 15:00:00,1.16398,1.16451,1.1627399999999999,1.1634
2025-10-29 16:00:00,1.16341,1.16459,1.16336,1.16367
2025-10-29 17:00:00,1.16367,1.16515,1.16314,1.16505
2025-10-29 18:00:00,1.16505,1.16647,1.16451,1.16637
2025-10-29 19:00:00,1.16638,1.16661,1.16553,1.16573
2025-10-29 20:00:00,1.16572,1.1659,1.16456,1.16456
2025-10-29 21:00:00,1.16451,1.16509,1.15841,1.15944
2025-10-29 22:00:00,1.15944,1.16001,1.15777,1.15994
2025-10-29 23:00:00,1.15993,1.16074,1.15907,1.16006
2025-10-30 00:00:00,1.16001,1.16038,1.15987,1.16022
2025-10-30 01:00:00,1.16021,1.16055,1.16012,1.16039
2025-10-30 02:00:00,1.1604,1.16054,1.16015,1.16031
2025-10-30 03:00:00,1.16031,1.16155,1.1597,1.1612
2025-10-30 04:00:00,1.1612,1.16153,1.16087,1.16139
2025-10-30 05:00:00,1.16138,1.16198,1.16124,1.16173
2025-10-30 06:00:00,1.16173,1.16199,1.1607,1.16155
2025-10-30 07:00:00,1.16156,1.16375,1.16136,1.16321
2025-10-30 08:00:00,1.16321,1.16342,1.16236,1.1623999999999999
2025-10-30 09:00:00,1.1623999999999999,1.16299,1.16181,1.16197
2025-10-30 10:00:00,1.16196,1.1623,1.16095,1.16184
2025-10-30 11:00:00,1.16191,1.16204,1.16067,1.16171
2025-10-30 12:00:00,1.16172,1.16284,1.16144,1.16166
2025-10-30 13:00:00,1.16171,1.16199,1.1606,1.16067
2025-10-30 14:00:00,1.16068,1.16112,1.15963,1.15978
2025-10-30 15:00:00,1.15978,1.15992,1.1553200000000001,1.15549
2025-10-30 16:00:00,1.1555,1.15792,1.15469,1.15792
2025-10-30 17:00:00,1.15798,1.1586400000000001,1.15678,1.15732
2025-10-30 18:00:00,1.15735,1.15774,1.15607,1.15636
2025-10-30 19:00:00,1.15636,1.15714,1.15594,1.15693
2025-10-30 20:00:00,1.15694,1.15699,1.15603,1.15665
2025-10-30 21:00:00,1.15665,1.15704,1.15643,1.15679
2025-10-30 22:00:00,1.15678,1.15716,1.15619,1.15642
2025-10-30 23:00:00,1.15642,1.15724,1.15637,1.1565
2025-10-31 00:00:00,1.15651,1.15698,1.15615,1.1569
2025-10-31 01:00:00,1.1569,1.15699,1.15656,1.1568100000000001
2025-10-31 02:00:00,1.1568100000000001,1.15733,1.15659,1.15717
2025-10-31 03:00:00,1.15716,1.15771,1.15702,1.15738
2025-10-31 04:00:00,1.15738,1.1577600000000001,1.15666,1.15676
2025-10-31 05:00:00,1.15677,1.15747,1.1565,1.1568
2025-10-31 06:00:00,1.1568100000000001,1.15711,1.1566,1.15673
2025-10-31 07:00:00,1.15673,1.15734,1.15664,1.1572
2025-10-31 08:00:00,1.1572,1.15721,1.15663,1.15682
2025-10-31 09:00:00,1.15682,1.15735,1.15607,1.15614
2025-10-31 10:00:00,1.15615,1.15659,1.15551,1.15649
2025-10-31 11:00:00,1.15649,1.15713,1.15598,1.15704
2025-10-31 12:00:00,1.15706,1.15769,1.15655,1.15763
2025-10-31 13:00:00,1.15762,1.15763,1.15673,1.1571
2025-10-31 14:00:00,1.1571,1.15743,1.15581,1.15668
2025-10-31 15:00:00,1.15667,1.15667,1.15533,1.1556
2025-10-31 16:00:00,1.1555900000000001,1.15563,1.153,1.15389
2025-10-31 17:00:00,1.15388,1.15428,1.15221,1.1534200000000001
2025-10-31 18:00:00,1.1534200000000001,1.1543,1.15238,1.15409
2025-10-31 19:00:00,1.15409,1.15435,1.15282,1.15302
2025-10-31 20:00:00,1.15304,1.15312,1.15221,1.15241
2025-10-31 21:00:00,1.15239,1.15272,1.15216,1.15248
2025-10-31 22:00:00,1.15252,1.15318,1.15231,1.15258
2025-10-31 23:00:00,1.15257,1.15384,1.15255,1.1537600000000001
2025-11-03 00:00:00,1.1528,1.15324,1.1528,1.15303
2025-11-03 01:00:00,1.15302,1.15379,1.15256,1.15274
2025-11-03 02:00:00,1.15274,1.1531,1.15242,1.15259
2025-11-03 03:00:00,1.15259,1.15292,1.15216,1.15271
2025-11-03 04:00:00,1.15273,1.1534200000000001,1.15265,1.15316
2025-11-03 05:00:00,1.15316,1.15345,1.15302,1.15337
2025-11-03 06:00:00,1.15337,1.15373,1.1532,1.1534200000000001
2025-11-03 07:00:00,1.15341,1.15378,1.15323,1.1535
2025-11-03 08:00:00,1.1535,1.15414,1.15343,1.15379
2025-11-03 09:00:00,1.15378,1.15411,1.15336,1.15398
2025-11-03 10:00:00,1.15399,1.15402,1.15096,1.15135
2025-11-03 11:00:00,1.15136,1.15209,1.15111,1.15144
2025-11-03 12:00:00,1.15144,1.15201,1.1508,1.15153
2025-11-03 13:00:00,1.15152,1.152,1.15126,1.15155
2025-11-03 14:00:00,1.15155,1.15224,1.1514199999999999,1.15174
2025-11-03 15:00:00,1.15171,1.1518,1.15059,1.15111
2025-11-03 16:00:00,1.15111,1.15129,1.15051,1.15103
2025-11-03 17:00:00,1.15126,1.15253,1.15061,1.15252
2025-11-03 18:00:00,1.15252,1.15319,1.15215,1.1531
2025-11-03 19:00:00,1.1531,1.15379,1.15267,1.15272
2025-11-03 20:00:00,1.15272,1.1531,1.15207,1.15233
2025-11-03 21:00:00,1.15233,1.15248,1.15168,1.15196
2025-11-03 22:00:00,1.15197,1.15233,1.1518,1.15196
2025-11-03 23:00:00,1.15195,1.15201,1.15161,1.15186
2025-11-04 00:00:00,1.1519,1.15201,1.15127,1.152
2025-11-04 01:00:00,1.152,1.15212,1.15185,1.15186
2025-11-04 02:00:00,1.15186,1.15186,1.15057,1.15083
2025-11-04 03:00:00,1.15083,1.15101,1.14983,1.15101
2025-11-04 04:00:00,1.15101,1.15111,1.1505,1.1511
2025-11-04 05:00:00,1.15111,1.15178,1.15106,1.15134
2025-11-04 06:00:00,1.15134,1.15177,1.15094,1.15096
2025-11-04 07:00:00,1.15095,1.15143,1.15075,1.15127
2025-11-04 08:00:00,1.15127,1.15267,1.15115,1.15234
2025-11-04 09:00:00,1.15235,1.15336,1.15227,1.15272
2025-11-04 10:00:00,1.15271,1.15289,1.15136,1.1514
2025-11-04 11:00:00,1.1514,1.15171,1.15001,1.15011
2025-11-04 12:00:00,1.15011,1.15099,1.1499,1.15039
2025-11-04 13:00:00,1.1503700000000001,1.15057,1.14894,1.14901
2025-11-04 14:00:00,1.14902,1.14932,1.14771,1.14893
2025-11-04 15:00:00,1.14893,1.1497,1.14883,1.14921
2025-11-04 16:00:00,1.1492,1.14948,1.1473200000000001,1.14809
2025-11-04 17:00:00,1.14807,1.14929,1.14745,1.14916
2025-11-04 18:00:00,1.14916,1.14967,1.14874,1.14897
2025-11-04 19:00:00,1.14899,1.14902,1.14836,1.1484
2025-11-04 20:00:00,1.1484,1.14867,1.14812,1.14841
2025-11-04 21:00:00,1.1484,1.14873,1.14788,1.1479300000000001
2025-11-04 22:00:00,1.1479300000000001,1.14834,1.14751,1.14799
2025-11-04 23:00:00,1.14799,1.14828,1.14791,1.14822
2025-11-05 00:00:00,1.14815,1.14844,1.14791,1.14826
2025-11-05 01:00:00,1.14826,1.14859,1.14824,1.14853
2025-11-05 02:00:00,1.14853,1.14856,1.14807,1.1484
2025-11-05 03:00:00,1.1484,1.14981,1.14797,1.14894
2025-11-05 04:00:00,1.14894,1.14923,1.14851,1.14887
2025-11-05 05:00:00,1.14885,1.1492499999999999,1.14859,1.1489
2025-11-05 06:00:00,1.1489,1.14919,1.14877,1.14909
2025-11-05 07:00:00,1.14909,1.14944,1.14895,1.14918
2025-11-05 08:00:00,1.14918,1.14944,1.14869,1.1488
2025-11-05 09:00:00,1.1488,1.1491,1.14834,1.14869
2025-11-05 10:00:00,1.14872,1.14955,1.14858,1.14889
2025-11-05 11:00:00,1.14885,1.14927,1.14817,1.14845
2025-11-05 12:00:00,1.14845,1.14852,1.14761,1.14833
2025-11-05 13:00:00,1.14834,1.14892,1.14788,1.14882
2025-11-05 14:00:00,1.14882,1.14926,1.14871,1.1491
2025-11-05 15:00:00,1.14909,1.14936,1.14729,1.14736
2025-11-05 16:00:00,1.14736,1.14932,1.14687,1.14872
2025-11-05 17:00:00,1.14792,1.14874,1.14701,1.14791
2025-11-05 18:00:00,1.1479300000000001,1.14856,1.14702,1.14839
2025-11-05 19:00:00,1.1484,1.14861,1.14764,1.14805
2025-11-05 20:00:00,1.14805,1.14836,1.14788,1.14816
2025-11-05 21:00:00,1.14816,1.14876,1.14805,1.14862
2025-11-05 22:00:00,1.14863,1.14918,1.14863,1.14883
2025-11-05 23:00:00,1.14887,1.1494,1.14875,1.14924
2025-11-06 00:00:00,1.14918,1.14923,1.1476899999999999,1.14918
2025-11-06 01:00:00,1.14918,1.14969,1.14907,1.14959
2025-11-06 02:00:00,1.14958,1.1502,1.14933,1.15008
2025-11-06 03:00:00,1.1501000000000001,1.1509,1.1501000000000001,1.15073
2025-11-06 04:00:00,1.15073,1.15088,1.15031,1.15054
2025-11-06 05:00:00,1.15054,1.15079,1.15033,1.1507100000000001
2025-11-06 06:00:00,1.1507100000000001,1.15084,1.15038,1.1507100000000001
2025-11-06 07:00:00,1.1507100000000001,1.1511,1.1503700000000001,1.15102
2025-11-06 08:00:00,1.15102,1.15136,1.15054,1.15073
2025-11-06 09:00:00,1.15073,1.15134,1.1507,1.15083
2025-11-06 10:00:00,1.15085,1.15236,1.15061,1.15213
2025-11-06 11:00:00,1.15214,1.15238,1.15112,1.15135
2025-11-06 12:00:00,1.15135,1.15175,1.15102,1.15106
2025-11-06 13:00:00,1.15105,1.1521,1.15103,1.1520299999999999
2025-11-06 14:00:00,1.1520299999999999,1.15328,1.15141,1.15308
2025-11-06 15:00:00,1.15308,1.15442,1.1529099999999999,1.15357
2025-11-06 16:00:00,1.15357,1.15375,1.152,1.15204
2025-11-06 17:00:00,1.15204,1.15429,1.15191,1.15395
2025-11-06 18:00:00,1.15395,1.15418,1.15316,1.15379
2025-11-06 19:00:00,1.15379,1.15428,1.15298,1.15408
2025-11-06 20:00:00,1.15408,1.15501,1.15393,1.15471
2025-11-06 21:00:00,1.15471,1.15524,1.15419,1.15444
2025-11-06 22:00:00,1.15444,1.1549,1.15429,1.15476
2025-11-06 23:00:00,1.15477,1.15489,1.1544699999999999,1.15471
2025-11-07 00:00:00,1.1547,1.15478,1.15297,1.1541299999999999
2025-11-07 01:00:00,1.15418,1.15515,1.15418,1.15487
2025-11-07 02:00:00,1.1549,1.15492,1.15377,1.15396
2025-11-07 03:00:00,1.15395,1.1541299999999999,1.15362,1.15382
2025-11-07 04:00:00,1.15382,1.1543,1.15382,1.15401
2025-11-07 05:00:00,1.15404,1.15412,1.1535,1.15382
2025-11-07 06:00:00,1.15382,1.15382,1.1532499999999999,1.15366
2025-11-07 07:00:00,1.15366,1.15387,1.15326,1.15341
2025-11-07 08:00:00,1.15344,1.15359,1.15296,1.1531
2025-11-07 09:00:00,1.1531,1.15362,1.15308,1.15328
2025-11-07 10:00:00,1.15328,1.15404,1.15297,1.1535
2025-11-07 11:00:00,1.15349,1.15423,1.15345,1.15383
2025-11-07 12:00:00,1.15382,1.1552,1.15375,1.15501
2025-11-07 13:00:00,1.15501,1.15611,1.15494,1.15582
2025-11-07 14:00:00,1.15581,1.15653,1.15538,1.15557
2025-11-07 15:00:00,1.1556,1.15698,1.15558,1.15676
2025-11-07 16:00:00,1.15676,1.15789,1.15655,1.15738
2025-11-07 17:00:00,1.15734,1.15912,1.15713,1.1571799999999999
2025-11-07 18:00:00,1.1571799999999999,1.15824,1.15713,1.15778
2025-11-07 19:00:00,1.15777,1.15823,1.1571500000000001,1.15805
2025-11-07 20:00:00,1.15805,1.15836,1.15677,1.15683
2025-11-07 21:00:00,1.15683,1.15729,1.15555,1.1559599999999999
2025-11-07 22:00:00,1.15595,1.15669,1.15576,1.15643
2025-11-07 23:00:00,1.15643,1.15669,1.15592,1.15642
2025-11-10 00:00:00,1.15547,1.15574,1.15541,1.15551
2025-11-10 01:00:00,1.15551,1.1557,1.15415,1.15434
2025-11-10 02:00:00,1.15434,1.15598,1.15432,1.15545
2025-11-10 03:00:00,1.15545,1.15605,1.15466,1.15582
2025-11-10 04:00:00,1.15583,1.15608,1.15549,1.15578
2025-11-10 05:00:00,1.15579,1.15586,1.15513,1.15546
2025-11-10 06:00:00,1.15547,1.15626,1.15547,1.15611
2025-11-10 07:00:00,1.15611,1.15666,1.15578,1.15619
2025-11-10 08:00:00,1.15619,1.15649,1.15515,1.1554
2025-11-10 09:00:00,1.1554,1.1572,1.15534,1.15678
2025-11-10 10:00:00,1.15677,1.15831,1.15653,1.15723
2025-11-10 11:00:00,1.15723,1.15739,1.15641,1.15683
2025-11-10 12:00:00,1.15683,1.15714,1.15613,1.15627
2025-11-10 13:00:00,1.15626,1.15643,1.15541,1.15634
2025-11-10 14:00:00,1.15634,1.15757,1.15629,1.1568100000000001
2025-11-10 15:00:00,1.1568100000000001,1.1578,1.15669,1.15679
2025-11-10 16:00:00,1.15679,1.15685,1.15594,1.15646
2025-11-10 17:00:00,1.15645,1.1567,1.15452,1.15454
2025-11-10 18:00:00,1.15455,1.1555,1.1543,1.15449
2025-11-10 19:00:00,1.15449,1.15613,1.15412,1.15607
2025-11-10 20:00:00,1.15607,1.1565,1.1558,1.15585
2025-11-10 21:00:00,1.15585,1.15631,1.1558,1.1561
2025-11-10 22:00:00,1.1561,1.15646,1.15605,1.1564
2025-11-10 23:00:00,1.1564,1.15641,1.15551,1.1557
2025-11-11 00:00:00,1.15555,1.1558,1.15455,1.15561
2025-11-11 01:00:00,1.15561,1.15604,1.15553,1.15567
2025-11-11 02:00:00,1.1556899999999999,1.1559599999999999,1.15519,1.15523
2025-11-11 03:00:00,1.15523,1.15548,1.15472,1.15547
2025-11-11 04:00:00,1.15547,1.15571,1.15519,1.15534
2025-11-11 05:00:00,1.15534,1.15582,1.15534,1.15565
2025-11-11 06:00:00,1.15564,1.15594,1.15554,1.1558
2025-11-11 07:00:00,1.1558,1.15652,1.15577,1.15617
2025-11-11 08:00:00,1.15617,1.15631,1.15504,1.15522
2025-11-11 09:00:00,1.15525,1.15608,1.15497,1.15599
2025-11-11 10:00:00,1.15601,1.15683,1.15545,1.15545
2025-11-11 11:00:00,1.15545,1.15686,1.1553499999999999,1.15648
2025-11-11 12:00:00,1.15647,1.15747,1.15625,1.1573
2025-11-11 13:00:00,1.1573,1.15778,1.15701,1.15719
2025-11-11 14:00:00,1.1572,1.15772,1.15686,1.15704
2025-11-11 15:00:00,1.15704,1.16056,1.15704,1.1601
2025-11-11 16:00:00,1.16011,1.1605,1.15934,1.16006
2025-11-11 17:00:00,1.16006,1.16032,1.15915,1.1595
2025-11-11 18:00:00,1.15951,1.16,1.15907,1.15933
2025-11-11 19:00:00,1.15933,1.15993,1.15907,1.15952
2025-11-11 20:00:00,1.15949,1.15956,1.15913,1.15926
2025-11-11 21:00:00,1.15926,1.1593,1.15835,1.15843
2025-11-11 22:00:00,1.15843,1.15892,1.15834,1.15834
2025-11-11 23:00:00,1.15834,1.15856,1.15808,1.1582
2025-11-12 00:00:00,1.1582,1.15854,1.15779,1.15845
2025-11-12 01:00:00,1.15845,1.15873,1.15817,1.15869
2025-11-12 02:00:00,1.15869,1.15869,1.1579,1.15794
2025-11-12 03:00:00,1.15794,1.15822,1.15746,1.15754
2025-11-12 04:00:00,1.15754,1.15798,1.15753,1.1579
2025-11-12 05:00:00,1.1579,1.15815,1.15755,1.15775
2025-11-12 06:00:00,1.15775,1.15786,1.15701,1.15722
2025-11-12 07:00:00,1.15722,1.15787,1.15712,1.15762
2025-11-12 08:00:00,1.15762,1.15824,1.1575199999999999,1.15822
2025-11-12 09:00:00,1.15824,1.15884,1.1581299999999999,1.15835
2025-11-12 10:00:00,1.15838,1.15878,1.1577,1.15773
2025-11-12 11:00:00,1.15774,1.15805,1.15684,1.15703
2025-11-12 12:00:00,1.15703,1.15755,1.15651,1.15702
2025-11-12 13:00:00,1.15701,1.1578,1.15656,1.1578
2025-11-12 14:00:00,1.1578,1.1580300000000001,1.15717,1.15769
2025-11-12 15:00:00,1.15769,1.15798,1.15663,1.15722
2025-11-12 16:00:00,1.15722,1.15757,1.15631,1.15756
2025-11-12 17:00:00,1.15755,1.1595900000000001,1.15729,1.15941
2025-11-12 18:00:00,1.1594,1.15978,1.15884,1.15912
2025-11-12 19:00:00,1.15913,1.15972,1.15912,1.15932
2025-11-12 20:00:00,1.15932,1.15943,1.15889,1.15896
2025-11-12 21:00:00,1.15896,1.15903,1.1584,1.15866
2025-11-12 22:00:00,1.15866,1.1590799999999999,1.15855,1.15892
2025-11-12 23:00:00,1.15894,1.15928,1.1585,1.15921
2025-11-13 00:00:00,1.15926,1.15926,1.15867,1.15888
2025-11-13 01:00:00,1.15888,1.15942,1.15868,1.15915
2025-11-13 02:00:00,1.15917,1.15919,1.1580300000000001,1.15804
2025-11-13 03:00:00,1.1580300000000001,1.1589800000000001,1.15789,1.15895
2025-11-13 04:00:00,1.15895,1.15932,1.15853,1.15895
2025-11-13 05:00:00,1.15895,1.15916,1.15868,1.1589800000000001
2025-11-13 06:00:00,1.1589800000000001,1.15918,1.1587399999999999,1.15901
2025-11-13 07:00:00,1.15901,1.1591,1.1580300000000001,1.1582
2025-11-13 08:00:00,1.15818,1.15859,1.15812,1.15857
2025-11-13 09:00:00,1.15857,1.16124,1.15831,1.16115
2025-11-13 10:00:00,1.16115,1.16294,1.16102,1.1628
2025-11-13 11:00:00,1.1628,1.16349,1.16109,1.16166
2025-11-13 12:00:00,1.16167,1.16236,1.16114,1.16159
2025-11-13 13:00:00,1.16158,1.16205,1.16046,1.16063
2025-11-13 14:00:00,1.16063,1.16231,1.1605699999999999,1.16229
2025-11-13 15:00:00,1.16231,1.1625,1.1611799999999999,1.16205
2025-11-13 16:00:00,1.16205,1.16311,1.1617,1.16279
2025-11-13 17:00:00,1.16279,1.16432,1.16231,1.16392
2025-11-13 18:00:00,1.16392,1.16489,1.16366,1.16488
2025-11-13 19:00:00,1.16488,1.1656,1.16459,1.16512
2025-11-13 20:00:00,1.16512,1.1651799999999999,1.16367,1.16383
2025-11-13 21:00:00,1.16383,1.16414,1.16351,1.16357
2025-11-13 22:00:00,1.16354,1.16393,1.16326,1.16331
2025-11-13 23:00:00,1.16331,1.16375,1.16309,1.16339
2025-11-14 00:00:00,1.16321,1.16368,1.16207,1.16347
2025-11-14 01:00:00,1.16347,1.1635,1.16234,1.16303
2025-11-14 02:00:00,1.16303,1.16338,1.16271,1.16329
2025-11-14 03:00:00,1.16329,1.16392,1.16303,1.16334
2025-11-14 04:00:00,1.16332,1.16375,1.1629800000000001,1.16358
2025-11-14 05:00:00,1.16357,1.1645,1.16355,1.16383
2025-11-14 06:00:00,1.16383,1.1643,1.16379,1.16421
2025-11-14 07:00:00,1.16421,1.16482,1.16394,1.16478
2025-11-14 08:00:00,1.16478,1.16487,1.1633499999999999,1.16377
2025-11-14 09:00:00,1.16377,1.16466,1.1632,1.1633
2025-11-14 10:00:00,1.1633,1.16369,1.16204,1.16297
2025-11-14 11:00:00,1.16297,1.16313,1.1620300000000001,1.16221
2025-11-14 12:00:00,1.16215,1.16219,1.16125,1.16136
2025-11-14 13:00:00,1.16135,1.162,1.16089,1.16196
2025-11-14 14:00:00,1.16197,1.16529,1.16168,1.16527
2025-11-14 15:00:00,1.16528,1.16538,1.16338,1.16378
2025-11-14 16:00:00,1.16378,1.16385,1.16212,1.16233
2025-11-14 17:00:00,1.16233,1.16253,1.16062,1.16132
2025-11-14 18:00:00,1.16132,1.16227,1.16099,1.1616900000000001
2025-11-14 19:00:00,1.1616900000000001,1.1618,1.16079,1.1614
2025-11-14 20:00:00,1.16141,1.1618,1.16097,1.16164
2025-11-14 21:00:00,1.16164,1.162,1.16159,1.1617899999999999
2025-11-14 22:00:00,1.1617899999999999,1.16232,1.1617,1.16206
2025-11-14 23:00:00,1.16207,1.16236,1.16148,1.1617899999999999
2025-11-17 00:00:00,1.16143,1.1623,1.16072,1.16202
2025-11-17 01:00:00,1.16202,1.16247,1.16115,1.16147
2025-11-17 02:00:00,1.16147,1.16148,1.1605,1.16063
2025-11-17 03:00:00,1.16063,1.16101,1.16053,1.16066
2025-11-17 04:00:00,1.16066,1.16066,1.16014,1.16021
2025-11-17 05:00:00,1.16021,1.16021,1.15964,1.15988
2025-11-17 06:00:00,1.15988,1.16034,1.15976,1.16029
2025-11-17 07:00:00,1.16029,1.16052,1.15991,1.16003
2025-11-17 08:00:00,1.16003,1.16087,1.15951,1.16076
2025-11-17 09:00:00,1.16075,1.1615,1.16066,1.16133
2025-11-17 10:00:00,1.16133,1.16149,1.15994,1.16032
2025-11-17 11:00:00,1.16032,1.1604700000000001,1.1597,1.16015
2025-11-17 12:00:00,1.16015,1.1608100000000001,1.15961,1.15966
2025-11-17 13:00:00,1.15965,1.16031,1.1595,1.16012
2025-11-17 14:00:00,1.16012,1.1604700000000001,1.15958,1.15988
2025-11-17 15:00:00,1.15989,1.15995,1.15887,1.15912
2025-11-17 16:00:00,1.15912,1.15952,1.15832,1.15859
2025-11-17 17:00:00,1.15859,1.15982,1.15821,1.15975
2025-11-17 18:00:00,1.15976,1.1602000000000001,1.15937,1.15972
2025-11-17 19:00:00,1.15973,1.15993,1.15913,1.15938
2025-11-17 20:00:00,1.15938,1.15947,1.15882,1.1591
2025-11-17 21:00:00,1.1590799999999999,1.15952,1.15836,1.1584
2025-11-17 22:00:00,1.1584,1.1590799999999999,1.15826,1.15886
2025-11-17 23:00:00,1.15887,1.15922,1.15872,1.1592
2025-11-18 00:00:00,1.15912,1.15919,1.15795,1.15896
2025-11-18 01:00:00,1.15896,1.15943,1.15869,1.15901
2025-11-18 02:00:00,1.15901,1.15901,1.1585,1.1587
2025-11-18 03:00:00,1.1587,1.15933,1.1584699999999999,1.1590799999999999
2025-11-18 04:00:00,1.15909,1.15939,1.15881,1.1593
2025-11-18 05:00:00,1.15931,1.1595900000000001,1.15912,1.15924
2025-11-18 06:00:00,1.1592500000000001,1.16038,1.1589,1.15995
2025-11-18 07:00:00,1.15995,1.16005,1.15954,1.15979
2025-11-18 08:00:00,1.15979,1.16011,1.15932,1.15944
2025-11-18 09:00:00,1.15944,1.15999,1.15911,1.15911
2025-11-18 10:00:00,1.15911,1.16064,1.15899,1.15919
2025-11-18 11:00:00,1.15919,1.15957,1.15875,1.15894
2025-11-18 12:00:00,1.15893,1.15909,1.15796,1.15821
2025-11-18 13:00:00,1.15821,1.15887,1.15801,1.15848
2025-11-18 14:00:00,1.15848,1.15928,1.15831,1.15923
2025-11-18 15:00:00,1.1592,1.16021,1.15884,1.1596899999999999
2025-11-18 16:00:00,1.15968,1.16023,1.15929,1.16001
2025-11-18 17:00:00,1.16001,1.16078,1.15817,1.15819
2025-11-18 18:00:00,1.1582,1.1584,1.15726,1.15789
2025-11-18 19:00:00,1.15789,1.15807,1.1571500000000001,1.15756
2025-11-18 20:00:00,1.15757,1.15858,1.1575199999999999,1.15821
2025-11-18 21:00:00,1.15821,1.15871,1.15804,1.15855
2025-11-18 22:00:00,1.15855,1.15871,1.15788,1.15807
2025-11-18 23:00:00,1.15807,1.15835,1.15777,1.1580300000000001
2025-11-19 00:00:00,1.1580300000000001,1.15815,1.15688,1.15753
2025-11-19 01:00:00,1.15753,1.15818,1.15743,1.15802
2025-11-19 02:00:00,1.15802,1.15841,1.15786,1.15824
2025-11-19 03:00:00,1.15824,1.15851,1.15759,1.15767
2025-11-19 04:00:00,1.15767,1.15819,1.15725,1.15788
2025-11-19 05:00:00,1.15789,1.1584,1.1577,1.15838
2025-11-19 06:00:00,1.15838,1.15843,1.15775,1.15843
2025-11-19 07:00:00,1.15843,1.1590799999999999,1.15834,1.1589
2025-11-19 08:00:00,1.15891,1.15916,1.15866,1.15869
2025-11-19 09:00:00,1.15868,1.15973,1.15774,1.1581299999999999
2025-11-19 10:00:00,1.1581299999999999,1.1589,1.15712,1.15738
2025-11-19 11:00:00,1.15737,1.15806,1.15656,1.15733
2025-11-19 12:00:00,1.15732,1.1577600000000001,1.15675,1.15692
2025-11-19 13:00:00,1.1569099999999999,1.15875,1.15685,1.1586400000000001
2025-11-19 14:00:00,1.15866,1.15893,1.1576,1.15783
2025-11-19 15:00:00,1.15783,1.15909,1.1571,1.15729
2025-11-19 16:00:00,1.15729,1.15739,1.15549,1.15554
2025-11-19 17:00:00,1.15553,1.15563,1.15404,1.15468
2025-11-19 18:00:00,1.15467,1.15476,1.15348,1.15397
2025-11-19 19:00:00,1.15397,1.15424,1.1526,1.15331
2025-11-19 20:00:00,1.15333,1.15375,1.15292,1.15299
2025-11-19 21:00:00,1.15297,1.15311,1.15181,1.15211
2025-11-19 22:00:00,1.1521,1.15287,1.15202,1.1526399999999999
2025-11-19 23:00:00,1.15263,1.15385,1.15232,1.15383
2025-11-20 00:00:00,1.15365,1.15383,1.15295,1.15375
2025-11-20 01:00:00,1.15375,1.15421,1.15365,1.15394
2025-11-20 02:00:00,1.15394,1.15394,1.15288,1.15343
2025-11-20 03:00:00,1.15343,1.15354,1.15223,1.15228
2025-11-20 04:00:00,1.15228,1.15235,1.15151,1.15202
2025-11-20 05:00:00,1.15202,1.15225,1.151,1.1514199999999999
2025-11-20 06:00:00,1.1514199999999999,1.15205,1.1513200000000001,1.15196
2025-11-20 07:00:00,1.15196,1.15198,1.15141,1.15158
2025-11-20 08:00:00,1.15157,1.15232,1.15136,1.15199
2025-11-20 09:00:00,1.15197,1.15229,1.15151,1.15199
2025-11-20 10:00:00,1.15199,1.15234,1.15115,1.15211
2025-11-20 11:00:00,1.1521,1.15278,1.15172,1.15277
2025-11-20 12:00:00,1.15275,1.15295,1.15244,1.15273
2025-11-20 13:00:00,1.15273,1.15273,1.15131,1.15144
2025-11-20 14:00:00,1.15145,1.15168,1.15072,1.15109
2025-11-20 15:00:00,1.15109,1.15398,1.14994,1.15278
2025-11-20 16:00:00,1.15277,1.155,1.15232,1.1535
2025-11-20 17:00:00,1.15349,1.15368,1.15201,1.15276
2025-11-20 18:00:00,1.15276,1.15412,1.15276,1.15336
2025-11-20 19:00:00,1.15338,1.15382,1.15251,1.15288
2025-11-20 20:00:00,1.15288,1.15367,1.15269,1.15366
2025-11-20 21:00:00,1.15366,1.15406,1.15355,1.1538
2025-11-20 22:00:00,1.1538,1.15385,1.1526,1.15261
2025-11-20 23:00:00,1.15262,1.15284,1.1524,1.15284
2025-11-21 00:00:00,1.15274,1.15292,1.1514199999999999,1.15274
2025-11-21 01:00:00,1.15274,1.15346,1.15236,1.15336
2025-11-21 02:00:00,1.15336,1.1536,1.15283,1.15353
2025-11-21 03:00:00,1.1535199999999999,1.15384,1.1532499999999999,1.15326
2025-11-21 04:00:00,1.15326,1.1539,1.15324,1.15358
2025-11-21 05:00:00,1.15358,1.15379,1.15336,1.15363
2025-11-21 06:00:00,1.15363,1.15421,1.15362,1.15387
2025-11-21 07:00:00,1.15388,1.15419,1.15346,1.1535199999999999
2025-11-21 08:00:00,1.1535199999999999,1.15468,1.15351,1.15415
2025-11-21 09:00:00,1.15415,1.15479,1.15389,1.1541299999999999
2025-11-21 10:00:00,1.15414,1.15526,1.1534200000000001,1.15411
2025-11-21 11:00:00,1.15412,1.15428,1.1525,1.15252
2025-11-21 12:00:00,1.15253,1.1527,1.15123,1.15199
2025-11-21 13:00:00,1.15199,1.15228,1.15046,1.15061
2025-11-21 14:00:00,1.1506,1.1526,1.14965,1.15248
2025-11-21 15:00:00,1.15246,1.1527,1.15157,1.15208
2025-11-21 16:00:00,1.15207,1.15234,1.15054,1.15138
2025-11-21 17:00:00,1.1514,1.15235,1.14991,1.15029
2025-11-21 18:00:00,1.1503,1.15055,1.14912,1.15051
2025-11-21 19:00:00,1.15051,1.15129,1.15006,1.15072
2025-11-21 20:00:00,1.1507100000000001,1.15084,1.15021,1.15042
2025-11-21 21:00:00,1.15042,1.15168,1.15041,1.1513200000000001
2025-11-21 22:00:00,1.1513200000000001,1.1518,1.15092,1.15176
2025-11-21 23:00:00,1.15175,1.15208,1.15127,1.1514
2025-11-24 00:00:00,1.15088,1.15135,1.15085,1.15131
2025-11-24 01:00:00,1.1513,1.15147,1.15061,1.1507100000000001
2025-11-24 02:00:00,1.15072,1.15083,1.1502,1.1507
2025-11-24 03:00:00,1.1507100000000001,1.15131,1.15049,1.15105
2025-11-24 04:00:00,1.15105,1.15183,1.15104,1.1516
2025-11-24 05:00:00,1.1516,1.15191,1.15133,1.15161
2025-11-24 06:00:00,1.15161,1.15217,1.15157,1.15208
2025-11-24 07:00:00,1.15208,1.15285,1.15207,1.15226
2025-11-24 08:00:00,1.15226,1.15271,1.15201,1.15208
2025-11-24 09:00:00,1.15207,1.15225,1.15113,1.1512
2025-11-24 10:00:00,1.15121,1.15344,1.1509800000000001,1.15279
2025-11-24 11:00:00,1.15277,1.15344,1.15246,1.15298
2025-11-24 12:00:00,1.15297,1.15422,1.15297,1.15409
2025-11-24 13:00:00,1.15409,1.15471,1.15363,1.15454
2025-11-24 14:00:00,1.15454,1.15506,1.15363,1.15475
2025-11-24 15:00:00,1.15475,1.155,1.15373,1.15384
2025-11-24 16:00:00,1.15384,1.15412,1.15263,1.15269
2025-11-24 17:00:00,1.15268,1.15301,1.15168,1.1529
2025-11-24 18:00:00,1.1529,1.15309,1.15173,1.15179
2025-11-24 19:00:00,1.15179,1.15198,1.15116,1.1518
2025-11-24 20:00:00,1.1518,1.15284,1.15173,1.15278
2025-11-24 21:00:00,1.15278,1.1529099999999999,1.15231,1.15277
2025-11-24 22:00:00,1.15278,1.15284,1.15222,1.15224
2025-11-24 23:00:00,1.15224,1.15234,1.15194,1.1521
2025-11-25 00:00:00,1.15204,1.1525,1.15144,1.15236
2025-11-25 01:00:00,1.15236,1.15253,1.15188,1.1520299999999999
2025-11-25 02:00:00,1.15204,1.15235,1.15188,1.15233
2025-11-25 03:00:00,1.15231,1.153,1.1522000000000001,1.15258
2025-11-25 04:00:00,1.15259,1.15286,1.15224,1.15284
2025-11-25 05:00:00,1.15284,1.15303,1.15172,1.1518
2025-11-25 06:00:00,1.1518,1.1518,1.15144,1.1515
2025-11-25 07:00:00,1.1515,1.15183,1.15116,1.1516899999999999
2025-11-25 08:00:00,1.1516899999999999,1.15217,1.15148,1.15184
2025-11-25 09:00:00,1.15184,1.15304,1.15177,1.15228
2025-11-25 10:00:00,1.15228,1.15337,1.15207,1.15286
2025-11-25 11:00:00,1.15286,1.15367,1.15274,1.1534
2025-11-25 12:00:00,1.15339,1.15411,1.15323,1.1539
2025-11-25 13:00:00,1.15389,1.15389,1.15247,1.15269
2025-11-25 14:00:00,1.15269,1.15565,1.15255,1.1544699999999999
2025-11-25 15:00:00,1.15452,1.15623,1.15426,1.15583
2025-11-25 16:00:00,1.15584,1.1572,1.15522,1.15667
2025-11-25 17:00:00,1.15667,1.15841,1.15617,1.15625
2025-11-25 18:00:00,1.15625,1.15719,1.15499,1.1553
2025-11-25 19:00:00,1.15528,1.15839,1.15522,1.15824
2025-11-25 20:00:00,1.15824,1.1586,1.15766,1.15796
2025-11-25 21:00:00,1.15796,1.15856,1.15741,1.15839
2025-11-25 22:00:00,1.15838,1.15845,1.15582,1.15652
2025-11-25 23:00:00,1.1565,1.15724,1.15644,1.15694
2025-11-26 00:00:00,1.15695,1.15695,1.15655,1.15683
2025-11-26 01:00:00,1.15683,1.15732,1.15644,1.15649
2025-11-26 02:00:00,1.15649,1.15723,1.15633,1.15683
2025-11-26 03:00:00,1.15682,1.15832,1.15653,1.15772
2025-11-26 04:00:00,1.15772,1.15868,1.15749,1.15816
2025-11-26 05:00:00,1.15816,1.15916,1.15809,1.15907
2025-11-26 06:00:00,1.15907,1.15917,1.15824,1.1583700000000001
2025-11-26 07:00:00,1.15838,1.15915,1.15826,1.15911
2025-11-26 08:00:00,1.15911,1.1596,1.15838,1.15863
2025-11-26 09:00:00,1.15863,1.15922,1.1575199999999999,1.15793
2025-11-26 10:00:00,1.15794,1.1581,1.15659,1.15721
2025-11-26 11:00:00,1.15723,1.15799,1.15684,1.1571799999999999
2025-11-26 12:00:00,1.15719,1.1578,1.15683,1.15737
2025-11-26 13:00:00,1.15737,1.15808,1.1568,1.15744
2025-11-26 14:00:00,1.15743,1.158,1.1569099999999999,1.15722
2025-11-26 15:00:00,1.15723,1.15841,1.15486,1.15524
2025-11-26 16:00:00,1.15524,1.15819,1.15471,1.15788
2025-11-26 17:00:00,1.15788,1.15948,1.15781,1.15895
2025-11-26 18:00:00,1.15896,1.16008,1.15888,1.15904
2025-11-26 19:00:00,1.15904,1.15939,1.15854,1.1593
2025-11-26 20:00:00,1.15929,1.15965,1.15893,1.15933
2025-11-26 21:00:00,1.15933,1.15965,1.15906,1.15938
2025-11-26 22:00:00,1.15939,1.15975,1.15923,1.15944
2025-11-26 23:00:00,1.15943,1.1597,1.15937,1.15968
2025-11-27 00:00:00,1.15909,1.15965,1.15878,1.15931
2025-11-27 01:00:00,1.15924,1.16023,1.15916,1.16019
2025-11-27 02:00:00,1.1602000000000001,1.16051,1.15999,1.16022
2025-11-27 03:00:00,1.16022,1.16127,1.16008,1.16092
2025-11-27 04:00:00,1.16093,1.16136,1.16006,1.16038
2025-11-27 05:00:00,1.16038,1.16066,1.16,1.16021
2025-11-27 06:00:00,1.16021,1.16054,1.16003,1.16009
2025-11-27 07:00:00,1.16011,1.16066,1.16009,1.16021
2025-11-27 08:00:00,1.16024,1.16054,1.15913,1.1592500000000001
2025-11-27 09:00:00,1.1592500000000001,1.15938,1.15859,1.15917
2025-11-27 10:00:00,1.15918,1.15957,1.15868,1.15929
2025-11-27 11:00:00,1.15929,1.15938,1.15766,1.1577600000000001
2025-11-27 12:00:00,1.1577600000000001,1.15851,1.15773,1.1584
2025-11-27 13:00:00,1.1584,1.15877,1.15788,1.15861
2025-11-27 14:00:00,1.15861,1.15904,1.15821,1.15833
2025-11-27 15:00:00,1.15832,1.1597,1.15832,1.15948
2025-11-27 16:00:00,1.15948,1.15979,1.15904,1.1595
2025-11-27 17:00:00,1.15949,1.15997,1.15922,1.15943
2025-11-27 18:00:00,1.15943,1.16003,1.15923,1.15995
2025-11-27 19:00:00,1.15995,1.16014,1.15918,1.1595
2025-11-27 20:00:00,1.1595,1.15955,1.15912,1.15918
2025-11-27 21:00:00,1.15918,1.15961,1.15918,1.15953
2025-11-27 22:00:00,1.15953,1.15963,1.15944,1.15949
2025-11-27 23:00:00,1.1595,1.15968,1.1595,1.15957
2025-11-28 00:00:00,1.15951,1.15963,1.15878,1.15947
2025-11-28 01:00:00,1.15947,1.16016,1.15937,1.15998
2025-11-28 02:00:00,1.15998,1.16021,1.15922,1.15942
2025-11-28 03:00:00,1.15942,1.15988,1.15817,1.15832
2025-11-28 04:00:00,1.15833,1.15881,1.15814,1.15844
2025-11-28 05:00:00,1.15844,1.15906,1.15825,1.15873
2025-11-28 06:00:00,1.15871,1.15919,1.15857,1.1589800000000001
2025-11-28 07:00:00,1.1589800000000001,1.1593,1.15822,1.15888
2025-11-28 08:00:00,1.15888,1.15899,1.15812,1.15845
2025-11-28 09:00:00,1.15846,1.15905,1.15778,1.15802
2025-11-28 10:00:00,1.15802,1.15825,1.15664,1.15701
2025-11-28 11:00:00,1.15704,1.15798,1.15672,1.15684
2025-11-28 12:00:00,1.15688,1.15708,1.15552,1.15595
2025-11-28 13:00:00,1.15595,1.1569,1.15558,1.15677
2025-11-28 14:00:00,1.15679,1.15728,1.15619,1.15663
2025-11-28 15:00:00,1.15662,1.15785,1.15627,1.15747
2025-11-28 16:00:00,1.15747,1.1585,1.15711,1.15845
2025-11-28 17:00:00,1.15845,1.16075,1.15796,1.16074
2025-11-28 18:00:00,1.16076,1.16076,1.15927,1.1599
2025-11-28 19:00:00,1.1599,1.16043,1.15934,1.16028
2025-11-28 20:00:00,1.1602999999999999,1.16045,1.1595900000000001,1.16013
2025-11-28 21:00:00,1.16013,1.16039,1.16006,1.16022
2025-11-28 22:00:00,1.16022,1.16044,1.16006,1.16006
2025-11-28 23:00:00,1.16006,1.16026,1.15942,1.15954
2025-12-01 00:00:00,1.15936,1.1598600000000001,1.15871,1.15965
2025-12-01 01:00:00,1.15971,1.16078,1.15955,1.1601
2025-12-01 02:00:00,1.1601,1.16072,1.15977,1.16032
2025-12-01 03:00:00,1.16032,1.16158,1.16002,1.16052
2025-12-01 04:00:00,1.16052,1.16058,1.15928,1.1595
2025-12-01 05:00:00,1.1595,1.15974,1.15895,1.1597
2025-12-01 06:00:00,1.1597,1.16025,1.15947,1.15987
2025-12-01 07:00:00,1.15987,1.16014,1.15948,1.1598
2025-12-01 08:00:00,1.15978,1.15991,1.15905,1.15963
2025-12-01 09:00:00,1.15964,1.16129,1.15955,1.16071
2025-12-01 10:00:00,1.16071,1.16218,1.16041,1.16134
2025-12-01 11:00:00,1.16134,1.16236,1.16134,1.16222
2025-12-01 12:00:00,1.16222,1.16285,1.16191,1.16276
2025-12-01 13:00:00,1.16276,1.16322,1.16242,1.16279
2025-12-01 14:00:00,1.16279,1.1649,1.16266,1.16488
2025-12-01 15:00:00,1.16488,1.16519,1.16395,1.1645
2025-12-01 16:00:00,1.1645,1.16451,1.16303,1.1632
2025-12-01 17:00:00,1.16348,1.16405,1.16228,1.16288
2025-12-01 18:00:00,1.16288,1.16342,1.16211,1.16229
2025-12-01 19:00:00,1.16229,1.16289,1.1617899999999999,1.16207
2025-12-01 20:00:00,1.16208,1.16235,1.16117,1.16119
2025-12-01 21:00:00,1.16119,1.16123,1.16072,1.16086
2025-12-01 22:00:00,1.16085,1.161,1.16067,1.16096
2025-12-01 23:00:00,1.16095,1.16109,1.16077,1.16087
2025-12-02 00:00:00,1.16092,1.16092,1.16011,1.16072
2025-12-02 01:00:00,1.16072,1.16103,1.16065,1.16067
2025-12-02 02:00:00,1.16067,1.16095,1.16038,1.16059
2025-12-02 03:00:00,1.16058,1.16111,1.16037,1.16093
2025-12-02 04:00:00,1.16092,1.16119,1.16088,1.1611799999999999
2025-12-02 05:00:00,1.1611799999999999,1.16127,1.16087,1.16122
2025-12-02 06:00:00,1.16122,1.1614200000000001,1.1609,1.1609099999999999
2025-12-02 07:00:00,1.1609099999999999,1.16113,1.16072,1.16101
2025-12-02 08:00:00,1.16099,1.16111,1.16049,1.16098
2025-12-02 09:00:00,1.16097,1.16164,1.16089,1.16127
2025-12-02 10:00:00,1.16128,1.16163,1.1609,1.16106
2025-12-02 11:00:00,1.16107,1.16143,1.16023,1.16103
2025-12-02 12:00:00,1.16103,1.16123,1.15984,1.16065
2025-12-02 13:00:00,1.16065,1.16128,1.16036,1.1611799999999999
2025-12-02 14:00:00,1.1611799999999999,1.16193,1.16074,1.16177
2025-12-02 15:00:00,1.1618,1.16195,1.16112,1.16176
2025-12-02 16:00:00,1.16176,1.16233,1.16132,1.16177
2025-12-02 17:00:00,1.16177,1.16187,1.15932,1.16063
2025-12-02 18:00:00,1.16062,1.16098,1.15912,1.15954
2025-12-02 19:00:00,1.15954,1.16079,1.15928,1.16072
2025-12-02 20:00:00,1.16072,1.16133,1.16055,1.16086
2025-12-02 21:00:00,1.16087,1.16247,1.16087,1.16207
2025-12-02 22:00:00,1.16206,1.16261,1.16197,1.16246
2025-12-02 23:00:00,1.16246,1.16255,1.16211,1.16249
2025-12-03 00:00:00,1.16215,1.16238,1.16086,1.16228
2025-12-03 01:00:00,1.16228,1.16292,1.16227,1.16283
2025-12-03 02:00:00,1.16283,1.16331,1.16279,1.16309
2025-12-03 03:00:00,1.16309,1.16375,1.16306,1.16369
2025-12-03 04:00:00,1.16369,1.16387,1.16354,1.16381
2025-12-03 05:00:00,1.16381,1.16389,1.1637,1.16378
2025-12-03 06:00:00,1.16378,1.1642000000000001,1.1636199999999999,1.16412
2025-12-03 07:00:00,1.16412,1.16437,1.16408,1.16427
2025-12-03 08:00:00,1.16427,1.16477,1.16416,1.16429
2025-12-03 09:00:00,1.16429,1.16527,1.16395,1.16413
2025-12-03 10:00:00,1.16414,1.16458,1.16358,1.1644
2025-12-03 11:00:00,1.16441,1.16479,1.16399,1.1645699999999999
2025-12-03 12:00:00,1.1645699999999999,1.16637,1.1645,1.16607
2025-12-03 13:00:00,1.16606,1.16659,1.1655,1.16656
2025-12-03 14:00:00,1.16656,1.16694,1.16622,1.1663000000000001
2025-12-03 15:00:00,1.1663000000000001,1.16754,1.16619,1.16663
2025-12-03 16:00:00,1.16663,1.16669,1.16557,1.16626
2025-12-03 17:00:00,1.1661,1.16681,1.16545,1.16597
2025-12-03 18:00:00,1.16597,1.16663,1.16586,1.16596
2025-12-03 19:00:00,1.16596,1.16708,1.16577,1.16686
2025-12-03 20:00:00,1.16687,1.16756,1.16684,1.16718
2025-12-03 21:00:00,1.16719,1.16776,1.16713,1.16727
2025-12-03 22:00:00,1.16723,1.1673,1.16651,1.16657
2025-12-03 23:00:00,1.16657,1.16715,1.16642,1.16707
2025-12-04 00:00:00,1.16706,1.1673,1.16577,1.16692
2025-12-04 01:00:00,1.16692,1.16723,1.16636,1.16665
2025-12-04 02:00:00,1.16665,1.16673,1.16595,1.16629
2025-12-04 03:00:00,1.16629,1.16648,1.16589,1.16633
2025-12-04 04:00:00,1.16633,1.1663999999999999,1.16592,1.16604
2025-12-04 05:00:00,1.16604,1.16604,1.16534,1.1656
2025-12-04 06:00:00,1.1656,1.16584,1.16553,1.16573
2025-12-04 07:00:00,1.16573,1.16621,1.16563,1.16597
2025-12-04 08:00:00,1.16597,1.16599,1.16531,1.16582
2025-12-04 09:00:00,1.16581,1.16653,1.16553,1.16652
2025-12-04 10:00:00,1.16652,1.16819,1.16634,1.16767
2025-12-04 11:00:00,1.16767,1.16803,1.16734,1.16777
2025-12-04 12:00:00,1.16777,1.16798,1.16637,1.16665
2025-12-04 13:00:00,1.16666,1.16807,1.16652,1.16802
2025-12-04 14:00:00,1.16802,1.16808,1.16655,1.167
2025-12-04 15:00:00,1.16703,1.16712,1.16522,1.16649
2025-12-04 16:00:00,1.16649,1.16767,1.16641,1.16699
2025-12-04 17:00:00,1.16698,1.16747,1.16581,1.16734
2025-12-04 18:00:00,1.16733,1.1673499999999999,1.16535,1.1659
2025-12-04 19:00:00,1.1659,1.16598,1.16531,1.16562
2025-12-04 20:00:00,1.16562,1.16599,1.16537,1.16544
2025-12-04 21:00:00,1.16544,1.16557,1.16503,1.16528
2025-12-04 22:00:00,1.16525,1.16525,1.16413,1.16443
2025-12-04 23:00:00,1.16443,1.1645699999999999,1.16411,1.16446
2025-12-05 00:00:00,1.1644,1.1644,1.1635900000000001,1.16431
2025-12-05 01:00:00,1.16431,1.16446,1.1641,1.16434
2025-12-05 02:00:00,1.16433,1.16503,1.16433,1.165
2025-12-05 03:00:00,1.165,1.16538,1.16497,1.16535
2025-12-05 04:00:00,1.16535,1.16544,1.16512,1.16519
2025-12-05 05:00:00,1.1652,1.1652,1.16466,1.16489
2025-12-05 06:00:00,1.16489,1.1654200000000001,1.16488,1.16535
2025-12-05 07:00:00,1.16535,1.16593,1.16532,1.16591
2025-12-05 08:00:00,1.16591,1.16616,1.16554,1.16594
2025-12-05 09:00:00,1.16594,1.16717,1.16586,1.16629
2025-12-05 10:00:00,1.16631,1.16641,1.16524,1.16538
2025-12-05 11:00:00,1.16538,1.16553,1.16482,1.16544
2025-12-05 12:00:00,1.16545,1.1656900000000001,1.16479,1.16511
2025-12-05 13:00:00,1.16511,1.16524,1.16416,1.16465
2025-12-05 14:00:00,1.16465,1.16533,1.16436,1.16517
2025-12-05 15:00:00,1.16517,1.16539,1.16436,1.1651799999999999
2025-12-05 16:00:00,1.1651799999999999,1.16601,1.16456,1.16503
2025-12-05 17:00:00,1.16502,1.1659,1.16436,1.16482
2025-12-05 18:00:00,1.16482,1.1649,1.1628,1.16341
2025-12-05 19:00:00,1.16341,1.16442,1.1632500000000001,1.16441
2025-12-05 20:00:00,1.1644,1.16487,1.16421,1.16429
2025-12-05 21:00:00,1.16429,1.16441,1.16398,1.1643
2025-12-05 22:00:00,1.1643,1.16446,1.16398,1.16442
2025-12-05 23:00:00,1.1644,1.16473,1.16399,1.16418
2025-12-08 00:00:00,1.16334,1.1645,1.16306,1.16433
2025-12-08 01:00:00,1.16433,1.16459,1.16394,1.16406
2025-12-08 02:00:00,1.16406,1.16513,1.16394,1.16512
2025-12-08 03:00:00,1.16511,1.16534,1.1645699999999999,1.16516
2025-12-08 04:00:00,1.16519,1.16544,1.16487,1.16539
2025-12-08 05:00:00,1.16539,1.16553,1.16499,1.16501
2025-12-08 06:00:00,1.16501,1.16555,1.16497,1.16546
2025-12-08 07:00:00,1.16546,1.16564,1.16525,1.16561
2025-12-08 08:00:00,1.16561,1.16721,1.1656,1.1661
2025-12-08 09:00:00,1.16612,1.1668,1.16549,1.16582
2025-12-08 10:00:00,1.16583,1.16623,1.16482,1.16561
2025-12-08 11:00:00,1.1656,1.16576,1.16477,1.16488
2025-12-08 12:00:00,1.16488,1.16557,1.16477,1.1651
2025-12-08 13:00:00,1.1651,1.16536,1.16469,1.16503
2025-12-08 14:00:00,1.16502,1.16539,1.16475,1.16532
2025-12-08 15:00:00,1.16534,1.16574,1.16458,1.16485
2025-12-08 16:00:00,1.16485,1.16547,1.16377,1.16401
2025-12-08 17:00:00,1.16401,1.16401,1.16171,1.16253
2025-12-08 18:00:00,1.16252,1.16287,1.16164,1.16249
2025-12-08 19:00:00,1.16249,1.16391,1.16201,1.16391
2025-12-08 20:00:00,1.16392,1.1642000000000001,1.16343,1.16372
2025-12-08 21:00:00,1.16373,1.16417,1.16363,1.16393
2025-12-08 22:00:00,1.16393,1.16419,1.16374,1.16382
2025-12-08 23:00:00,1.16383,1.16388,1.16352,1.16367
2025-12-09 00:00:00,1.1636199999999999,1.16371,1.1623,1.16343
2025-12-09 01:00:00,1.16342,1.16409,1.1634,1.16409
2025-12-09 02:00:00,1.16409,1.1643,1.16367,1.1638600000000001
2025-12-09 03:00:00,1.1638600000000001,1.16477,1.1636,1.16473
2025-12-09 04:00:00,1.16471,1.1648399999999999,1.16436,1.1645699999999999
2025-12-09 05:00:00,1.1645699999999999,1.16488,1.16437,1.1645699999999999
2025-12-09 06:00:00,1.1645699999999999,1.16472,1.16436,1.16469
2025-12-09 07:00:00,1.1647,1.16502,1.16441,1.16487
2025-12-09 08:00:00,1.16488,1.16491,1.16419,1.16438
2025-12-09 09:00:00,1.16438,1.16462,1.16381,1.164
2025-12-09 10:00:00,1.164,1.16498,1.16336,1.16449
2025-12-09 11:00:00,1.16449,1.16573,1.16435,1.16524
2025-12-09 12:00:00,1.16524,1.1654200000000001,1.16405,1.1644700000000001
2025-12-09 13:00:00,1.16449,1.16477,1.16382,1.16435
2025-12-09 14:00:00,1.16435,1.16444,1.16343,1.16376
2025-12-09 15:00:00,1.16377,1.164,1.1629,1.16345
2025-12-09 16:00:00,1.16345,1.16387,1.16282,1.16377
2025-12-09 17:00:00,1.16355,1.16375,1.16151,1.16287
2025-12-09 18:00:00,1.16287,1.16412,1.16287,1.16382
2025-12-09 19:00:00,1.16382,1.16398,1.16221,1.16242
2025-12-09 20:00:00,1.16242,1.16249,1.1616900000000001,1.16243
2025-12-09 21:00:00,1.16244,1.16299,1.16219,1.16287
2025-12-09 22:00:00,1.16287,1.16321,1.16265,1.16267
2025-12-09 23:00:00,1.16268,1.16291,1.1623,1.16263
2025-12-10 00:00:00,1.16255,1.1628,1.16226,1.16253
2025-12-10 01:00:00,1.16253,1.16285,1.16241,1.16279
2025-12-10 02:00:00,1.16279,1.16289,1.16243,1.16262
2025-12-10 03:00:00,1.16262,1.16286,1.16224,1.16238
2025-12-10 04:00:00,1.16238,1.16285,1.16231,1.16238
2025-12-10 05:00:00,1.16238,1.1627399999999999,1.16217,1.16266
2025-12-10 06:00:00,1.16266,1.1629,1.16251,1.1627399999999999
2025-12-10 07:00:00,1.16272,1.16311,1.16265,1.16299
2025-12-10 08:00:00,1.16299,1.16356,1.16285,1.16353
2025-12-10 09:00:00,1.16353,1.16493,1.16344,1.16485
2025-12-10 10:00:00,1.16482,1.16577,1.16437,1.16525
2025-12-10 11:00:00,1.16525,1.16531,1.16356,1.16365
2025-12-10 12:00:00,1.16366,1.1639599999999999,1.16276,1.16347
2025-12-10 13:00:00,1.16346,1.16383,1.16299,1.16354
2025-12-10 14:00:00,1.16354,1.1642299999999999,1.16327,1.16394
2025-12-10 15:00:00,1.16393,1.16419,1.16275,1.16402
2025-12-10 16:00:00,1.16401,1.1645,1.16338,1.16433
2025-12-10 17:00:00,1.16433,1.16512,1.16346,1.1642000000000001
2025-12-10 18:00:00,1.16419,1.165,1.16375,1.165
2025-12-10 19:00:00,1.16501,1.1660300000000001,1.16456,1.16587
2025-12-10 20:00:00,1.16586,1.16609,1.16538,1.16546
2025-12-10 21:00:00,1.16545,1.1681,1.16389,1.16783
2025-12-10 22:00:00,1.16781,1.16998,1.16737,1.1694
2025-12-10 23:00:00,1.1694,1.16953,1.16894,1.16953
2025-12-11 00:00:00,1.16949,1.16949,1.1682299999999999,1.1694
2025-12-11 01:00:00,1.1694,1.17028,1.1694,1.17015
2025-12-11 02:00:00,1.17015,1.1705,1.16971,1.1702
2025-12-11 03:00:00,1.1702,1.17075,1.17002,1.17017
2025-12-11 04:00:00,1.17017,1.17061,1.16934,1.16939
2025-12-11 05:00:00,1.16939,1.16976,1.169,1.16909
2025-12-11 06:00:00,1.16909,1.16917,1.16855,1.16905
2025-12-11 07:00:00,1.16905,1.16922,1.16845,1.16853
2025-12-11 08:00:00,1.16853,1.16899,1.16822,1.16892
2025-12-11 09:00:00,1.16891,1.17011,1.16875,1.16936
2025-12-11 10:00:00,1.16936,1.1706699999999999,1.16936,1.1697
2025-12-11 11:00:00,1.16972,1.17034,1.16873,1.17023
2025-12-11 12:00:00,1.17024,1.17078,1.16988,1.17071
2025-12-11 13:00:00,1.17071,1.17179,1.17061,1.1713
2025-12-11 14:00:00,1.1713,1.17193,1.17099,1.17169
2025-12-11 15:00:00,1.17169,1.17365,1.17134,1.17309
2025-12-11 16:00:00,1.1731,1.17485,1.17304,1.17377
2025-12-11 17:00:00,1.17377,1.17571,1.17316,1.17563
2025-12-11 18:00:00,1.17565,1.17595,1.17463,1.17554
2025-12-11 19:00:00,1.17553,1.17628,1.17497,1.1755200000000001
2025-12-11 20:00:00,1.17551,1.17594,1.17512,1.17538
2025-12-11 21:00:00,1.17537,1.17538,1.1740599999999999,1.17412
2025-12-11 22:00:00,1.17412,1.1745700000000001,1.17364,1.1741
2025-12-11 23:00:00,1.1741,1.17433,1.17368,1.17382
2025-12-12 00:00:00,1.17372,1.17391,1.17291,1.17376
2025-12-12 01:00:00,1.17376,1.17419,1.17371,1.17408
2025-12-12 02:00:00,1.17408,1.17445,1.1739,1.17405
2025-12-12 03:00:00,1.17405,1.17464,1.17327,1.1735
2025-12-12 04:00:00,1.1735,1.17379,1.17312,1.17362
2025-12-12 05:00:00,1.17362,1.17376,1.17331,1.17344
2025-12-12 06:00:00,1.17344,1.17356,1.17313,1.17319
2025-12-12 07:00:00,1.17318,1.17394,1.17317,1.17386
2025-12-12 08:00:00,1.17387,1.17419,1.17339,1.1739
2025-12-12 09:00:00,1.17391,1.17435,1.17359,1.1738
2025-12-12 10:00:00,1.17379,1.17422,1.1728,1.17283
2025-12-12 11:00:00,1.17282,1.17349,1.17268,1.17328
2025-12-12 12:00:00,1.17328,1.17332,1.17244,1.1727400000000001
2025-12-12 13:00:00,1.1727400000000001,1.17292,1.1722299999999999,1.17268
2025-12-12 14:00:00,1.17268,1.17279,1.17196,1.1724999999999999
2025-12-12 15:00:00,1.1724999999999999,1.17351,1.1724,1.1727400000000001
2025-12-12 16:00:00,1.17273,1.17435,1.1723,1.1742
2025-12-12 17:00:00,1.1742,1.17449,1.17296,1.17382
2025-12-12 18:00:00,1.17381,1.17434,1.17262,1.17312
2025-12-12 19:00:00,1.17312,1.17482,1.17302,1.17478
2025-12-12 20:00:00,1.17478,1.17499,1.1740599999999999,1.17415
2025-12-12 21:00:00,1.17415,1.17415,1.17352,1.17405
2025-12-12 22:00:00,1.17404,1.17466,1.17368,1.17392
2025-12-12 23:00:00,1.17393,1.17451,1.17379,1.174
2025-12-15 00:00:00,1.17365,1.17374,1.17241,1.17356
2025-12-15 01:00:00,1.17355,1.17407,1.17349,1.17371
2025-12-15 02:00:00,1.17371,1.17372,1.17285,1.17332
2025-12-15 03:00:00,1.17333,1.17424,1.17295,1.17414
2025-12-15 04:00:00,1.17414,1.17448,1.17371,1.17413
2025-12-15 05:00:00,1.17413,1.17449,1.17316,1.17343
2025-12-15 06:00:00,1.17343,1.17358,1.1732,1.17323
2025-12-15 07:00:00,1.17323,1.17359,1.17321,1.17346
2025-12-15 08:00:00,1.1734499999999999,1.17365,1.17287,1.17353
2025-12-15 09:00:00,1.17353,1.17382,1.17279,1.17285
2025-12-15 10:00:00,1.17283,1.17388,1.17264,1.17312
2025-12-15 11:00:00,1.17312,1.17436,1.17305,1.17434
2025-12-15 12:00:00,1.17434,1.1746699999999999,1.17391,1.17427
2025-12-15 13:00:00,1.17426,1.17499,1.17413,1.17489
2025-12-15 14:00:00,1.17489,1.17594,1.17486,1.17529
2025-12-15 15:00:00,1.1752799999999999,1.17597,1.17471,1.17474
2025-12-15 16:00:00,1.17472,1.17642,1.1743999999999999,1.17636
2025-12-15 17:00:00,1.17637,1.17689,1.17547,1.17629
2025-12-15 18:00:00,1.17629,1.17648,1.17523,1.17556
2025-12-15 19:00:00,1.17555,1.17559,1.17451,1.1746
2025-12-15 20:00:00,1.1746,1.17481,1.17392,1.17433
2025-12-15 21:00:00,1.17433,1.17499,1.17384,1.17488
2025-12-15 22:00:00,1.17488,1.17517,1.17474,1.17511
2025-12-15 23:00:00,1.17509,1.17536,1.1749100000000001,1.17534
2025-12-16 00:00:00,1.1752,1.17525,1.17395,1.1750099999999999
2025-12-16 01:00:00,1.1750099999999999,1.17557,1.1750099999999999,1.17536
2025-12-16 02:00:00,1.17536,1.1758,1.17482,1.17498
2025-12-16 03:00:00,1.17498,1.17553,1.17465,1.1752
2025-12-16 04:00:00,1.17521,1.17565,1.17503,1.17555
2025-12-16 05:00:00,1.17555,1.17591,1.1750099999999999,1.17519
2025-12-16 06:00:00,1.17519,1.17538,1.17499,1.1751
2025-12-16 07:00:00,1.1751,1.17543,1.17492,1.17506
2025-12-16 08:00:00,1.17506,1.17538,1.17464,1.17525
2025-12-16 09:00:00,1.17525,1.17542,1.17444,1.17522
2025-12-16 10:00:00,1.17525,1.17641,1.17466,1.17545
2025-12-16 11:00:00,1.17543,1.17621,1.17503,1.17563
2025-12-16 12:00:00,1.17563,1.17618,1.17538,1.17574
2025-12-16 13:00:00,1.17574,1.17632,1.17517,1.17632
2025-12-16 14:00:00,1.17632,1.17785,1.17606,1.17779
2025-12-16 15:00:00,1.17779,1.17947,1.17569,1.17757
2025-12-16 16:00:00,1.17758,1.18001,1.17688,1.17998
2025-12-16 17:00:00,1.17998,1.1804000000000001,1.17672,1.1770100000000001
2025-12-16 18:00:00,1.1770100000000001,1.17759,1.17612,1.17692
2025-12-16 19:00:00,1.17692,1.1778,1.17625,1.17639
2025-12-16 20:00:00,1.17638,1.17638,1.17452,1.17531
2025-12-16 21:00:00,1.17531,1.17624,1.17344,1.17577
2025-12-16 22:00:00,1.17577,1.17631,1.17464,1.17478
2025-12-16 23:00:00,1.17479,1.17514,1.17453,1.1746699999999999
2025-12-17 00:00:00,1.17445,1.1748,1.17404,1.17464
2025-12-17 01:00:00,1.17465,1.17514,1.17465,1.17493
2025-12-17 02:00:00,1.17493,1.1751800000000001,1.17454,1.17504
2025-12-17 03:00:00,1.17504,1.17523,1.17451,1.17474
2025-12-17 04:00:00,1.17474,1.17481,1.17373,1.174
2025-12-17 05:00:00,1.174,1.1740599999999999,1.1736900000000001,1.17393
2025-12-17 06:00:00,1.17393,1.17399,1.17278,1.17298
2025-12-17 07:00:00,1.17298,1.1730800000000001,1.1724700000000001,1.17292
2025-12-17 08:00:00,1.17292,1.17306,1.1706699999999999,1.171
2025-12-17 09:00:00,1.171,1.17135,1.1703000000000001,1.17131
2025-12-17 10:00:00,1.1713,1.17212,1.17059,1.17187
2025-12-17 11:00:00,1.17187,1.17208,1.17117,1.1716
2025-12-17 12:00:00,1.17159,1.17253,1.17127,1.17252
2025-12-17 13:00:00,1.17253,1.17275,1.17077,1.17093
2025-12-17 14:00:00,1.17093,1.17276,1.17085,1.17266
2025-12-17 15:00:00,1.17267,1.17332,1.17199,1.17318
2025-12-17 16:00:00,1.17317,1.17443,1.17283,1.17411
2025-12-17 17:00:00,1.17411,1.1758,1.17404,1.17529
2025-12-17 18:00:00,1.1752799999999999,1.17563,1.17456,1.1747
2025-12-17 19:00:00,1.17471,1.17548,1.17456,1.17494
2025-12-17 20:00:00,1.17494,1.17556,1.17426,1.17443
2025-12-17 21:00:00,1.17443,1.17475,1.17414,1.1745
2025-12-17 22:00:00,1.1745,1.17463,1.17387,1.17397
2025-12-17 23:00:00,1.1739600000000001,1.17414,1.17387,1.17403
2025-12-18 00:00:00,1.174,1.17433,1.1736,1.17391
2025-12-18 01:00:00,1.17391,1.17434,1.17377,1.17417
2025-12-18 02:00:00,1.17417,1.17459,1.17403,1.17443
2025-12-18 03:00:00,1.17443,1.17455,1.1735,1.17384
2025-12-18 04:00:00,1.17384,1.17427,1.17368,1.1741
2025-12-18 05:00:00,1.1741,1.1742,1.17374,1.17393
2025-12-18 06:00:00,1.17392,1.17432,1.17383,1.17431
2025-12-18 07:00:00,1.17431,1.17469,1.17413,1.17458
2025-12-18 08:00:00,1.17458,1.17474,1.17387,1.17442
2025-12-18 09:00:00,1.17441,1.17496,1.17336,1.17337
2025-12-18 10:00:00,1.17336,1.17372,1.17281,1.17323
2025-12-18 11:00:00,1.17323,1.17327,1.17172,1.17221
2025-12-18 12:00:00,1.17217,1.17269,1.17177,1.17249
2025-12-18 13:00:00,1.17249,1.17276,1.17203,1.17207
2025-12-18 14:00:00,1.17207,1.17233,1.1712500000000001,1.17139
2025-12-18 15:00:00,1.17139,1.17629,1.17133,1.17469
2025-12-18 16:00:00,1.1746699999999999,1.17557,1.17325,1.17346
2025-12-18 17:00:00,1.17346,1.17403,1.17159,1.17272
2025-12-18 18:00:00,1.17271,1.17461,1.17258,1.17282
2025-12-18 19:00:00,1.17282,1.17289,1.17153,1.17185
2025-12-18 20:00:00,1.17191,1.1724999999999999,1.17154,1.17196
2025-12-18 21:00:00,1.17196,1.17277,1.17179,1.17252
2025-12-18 22:00:00,1.17252,1.17277,1.17204,1.1722299999999999
2025-12-18 23:00:00,1.17222,1.17252,1.17218,1.17234
2025-12-19 00:00:00,1.17211,1.17248,1.1716199999999999,1.17228
2025-12-19 01:00:00,1.17228,1.1727400000000001,1.17228,1.17248
2025-12-19 02:00:00,1.17248,1.17268,1.17217,1.17264
2025-12-19 03:00:00,1.17264,1.17289,1.17205,1.17245
2025-12-19 04:00:00,1.17244,1.17286,1.1721300000000001,1.17227
2025-12-19 05:00:00,1.17228,1.17259,1.17183,1.17212
2025-12-19 06:00:00,1.17212,1.17227,1.17154,1.1718
2025-12-19 07:00:00,1.1718,1.17208,1.17178,1.17199
2025-12-19 08:00:00,1.17199,1.17217,1.17118,1.17198
2025-12-19 09:00:00,1.17198,1.17206,1.17032,1.17078
2025-12-19 10:00:00,1.17078,1.17164,1.17064,1.17126
2025-12-19 11:00:00,1.17126,1.17179,1.17087,1.17121
2025-12-19 12:00:00,1.17121,1.17178,1.17089,1.17164
2025-12-19 13:00:00,1.17165,1.17178,1.17074,1.17113
2025-12-19 14:00:00,1.17113,1.17153,1.17076,1.1710099999999999
2025-12-19 15:00:00,1.1710099999999999,1.17195,1.17029,1.17194
2025-12-19 16:00:00,1.17195,1.17378,1.17191,1.17268
2025-12-19 17:00:00,1.17266,1.17283,1.17094,1.17097
2025-12-19 18:00:00,1.17097,1.1721,1.17085,1.17209
2025-12-19 19:00:00,1.1721,1.1721,1.17135,1.17193
2025-12-19 20:00:00,1.17193,1.17272,1.17182,1.17198
2025-12-19 21:00:00,1.17198,1.17251,1.1716199999999999,1.17237
2025-12-19 22:00:00,1.17233,1.17257,1.17062,1.17098
2025-12-19 23:00:00,1.17099,1.17139,1.1703999999999999,1.17071
2025-12-22 00:00:00,1.17144,1.1717,1.1709100000000001,1.17107
2025-12-22 01:00:00,1.17107,1.17148,1.1706,1.17102
2025-12-22 02:00:00,1.1710099999999999,1.1716199999999999,1.17096,1.17159
2025-12-22 03:00:00,1.17159,1.17194,1.17136,1.17173
2025-12-22 04:00:00,1.17173,1.17194,1.17151,1.17164
2025-12-22 05:00:00,1.17165,1.17184,1.17136,1.17176
2025-12-22 06:00:00,1.17177,1.17219,1.17163,1.17203
2025-12-22 07:00:00,1.17203,1.17222,1.17154,1.17173
2025-12-22 08:00:00,1.17173,1.17191,1.1713,1.17159
2025-12-22 09:00:00,1.17159,1.1731,1.1715,1.1729
2025-12-22 10:00:00,1.1729,1.17382,1.1723,1.17359
2025-12-22 11:00:00,1.17359,1.17365,1.17276,1.17301
2025-12-22 12:00:00,1.17301,1.1738,1.1729,1.1733
2025-12-22 13:00:00,1.17329,1.17366,1.17287,1.1733500000000001
2025-12-22 14:00:00,1.1733500000000001,1.17434,1.17333,1.17417
2025-12-22 15:00:00,1.17418,1.17545,1.17416,1.17507
2025-12-22 16:00:00,1.17506,1.17664,1.1745,1.17602
2025-12-22 17:00:00,1.17602,1.17693,1.17576,1.17639
2025-12-22 18:00:00,1.1764000000000001,1.1764000000000001,1.17482,1.17498
2025-12-22 19:00:00,1.17496,1.17646,1.17494,1.17583
2025-12-22 20:00:00,1.17583,1.17585,1.17494,1.17531
2025-12-22 21:00:00,1.17531,1.17559,1.17489,1.17553
2025-12-22 22:00:00,1.17553,1.1759,1.17523,1.17554
2025-12-22 23:00:00,1.17554,1.17621,1.17546,1.17616
2025-12-23 00:00:00,1.17593,1.17606,1.17473,1.17576
2025-12-23 01:00:00,1.17576,1.17656,1.17576,1.17637
2025-12-23 02:00:00,1.17637,1.17703,1.17628,1.17689
2025-12-23 03:00:00,1.17689,1.1776200000000001,1.17659,1.17731
2025-12-23 04:00:00,1.1773,1.17805,1.17724,1.17777
2025-12-23 05:00:00,1.17777,1.17793,1.17733,1.17765
2025-12-23 06:00:00,1.17765,1.17791,1.17738,1.17755
2025-12-23 07:00:00,1.17755,1.17799,1.17743,1.17751
2025-12-23 08:00:00,1.17751,1.17765,1.17686,1.17714
2025-12-23 09:00:00,1.17713,1.17813,1.17694,1.17787
2025-12-23 10:00:00,1.17787,1.17845,1.17752,1.17845
2025-12-23 11:00:00,1.17846,1.17929,1.17818,1.17926
2025-12-23 12:00:00,1.17927,1.18003,1.1791800000000001,1.1799
2025-12-23 13:00:00,1.17988,1.17998,1.17923,1.17958
2025-12-23 14:00:00,1.17961,1.1802,1.17889,1.17897
2025-12-23 15:00:00,1.17895,1.17937,1.17741,1.17747
2025-12-23 16:00:00,1.17748,1.17794,1.1768399999999999,1.17696
2025-12-23 17:00:00,1.17696,1.17791,1.17638,1.17746
2025-12-23 18:00:00,1.17744,1.17804,1.17731,1.17757
2025-12-23 19:00:00,1.17756,1.17787,1.1769,1.17706
2025-12-23 20:00:00,1.17706,1.1783,1.17695,1.17828
2025-12-23 21:00:00,1.17829,1.17914,1.17822,1.17901
2025-12-23 22:00:00,1.17901,1.17937,1.17869,1.17895
2025-12-23 23:00:00,1.17896,1.17967,1.17883,1.17927
2025-12-24 00:00:00,1.17932,1.17947,1.17785,1.17939
2025-12-24 01:00:00,1.17939,1.17972,1.17909,1.17949
2025-12-24 02:00:00,1.1795,1.17991,1.17903,1.1798899999999999
2025-12-24 03:00:00,1.1799,1.18065,1.17968,1.18054
2025-12-24 04:00:00,1.18054,1.18081,1.17982,1.17983
2025-12-24 05:00:00,1.17984,1.17984,1.17869,1.17877
2025-12-24 06:00:00,1.17877,1.17936,1.17859,1.17914
2025-12-24 07:00:00,1.17914,1.18022,1.17907,1.17991
2025-12-24 08:00:00,1.1798899999999999,1.18041,1.17976,1.17999
2025-12-24 09:00:00,1.17999,1.1801599999999999,1.17864,1.17893
2025-12-24 10:00:00,1.1789100000000001,1.17995,1.17797,1.17994
2025-12-24 11:00:00,1.17994,1.18009,1.17944,1.17997
2025-12-24 12:00:00,1.17997,1.18,1.17908,1.17965
2025-12-24 13:00:00,1.17966,1.17987,1.1791,1.17927
2025-12-24 14:00:00,1.17927,1.17932,1.1784,1.17843
2025-12-24 15:00:00,1.17843,1.17909,1.17838,1.17853
2025-12-24 16:00:00,1.17849,1.17869,1.17773,1.17807
2025-12-24 17:00:00,1.17804,1.17825,1.17754,1.17781
2025-12-24 18:00:00,1.17781,1.1781,1.17732,1.17795
2025-12-24 19:00:00,1.17794,1.17832,1.17726,1.17766
2025-12-24 20:00:00,1.17764,1.17798,1.17744,1.17788
2025-12-24 21:00:00,1.17788,1.1782,1.17787,1.17817
2025-12-24 22:00:00,1.17817,1.17819,1.1779,1.1779600000000001
2025-12-24 23:00:00,1.1779600000000001,1.17797,1.17761,1.17768
2025-12-26 00:00:00,1.17773,1.17834,1.17759,1.17791
2025-12-26 01:00:00,1.17791,1.17847,1.17758,1.17832
2025-12-26 02:00:00,1.17841,1.1791800000000001,1.1777199999999999,1.1786
2025-12-26 03:00:00,1.1786,1.17917,1.17829,1.17874
2025-12-26 04:00:00,1.17874,1.17935,1.17836,1.17925
2025-12-26 05:00:00,1.17925,1.1792799999999999,1.1783299999999999,1.17843
2025-12-26 06:00:00,1.17843,1.17872,1.17801,1.17831
2025-12-26 07:00:00,1.17831,1.17872,1.17801,1.17862
2025-12-26 08:00:00,1.17862,1.17879,1.17717,1.17766
2025-12-26 09:00:00,1.17767,1.17779,1.1770100000000001,1.1773
2025-12-26 10:00:00,1.17733,1.17776,1.17664,1.17771
2025-12-26 11:00:00,1.17769,1.17778,1.17683,1.17703
2025-12-26 12:00:00,1.17703,1.17795,1.17691,1.17732
2025-12-26 13:00:00,1.17732,1.17824,1.17732,1.17773
2025-12-26 14:00:00,1.17774,1.17823,1.17727,1.17815
2025-12-26 15:00:00,1.17818,1.17968,1.17817,1.17915
2025-12-26 16:00:00,1.1791800000000001,1.17945,1.17814,1.17839
2025-12-26 17:00:00,1.17839,1.17925,1.17715,1.17773
2025-12-26 18:00:00,1.1777199999999999,1.1779600000000001,1.17622,1.17653
2025-12-26 19:00:00,1.17653,1.17703,1.17615,1.17702
2025-12-26 20:00:00,1.17702,1.17737,1.1769,1.1772
2025-12-26 21:00:00,1.17719,1.17767,1.17693,1.17767
2025-12-26 22:00:00,1.17766,1.17816,1.17722,1.17748
2025-12-26 23:00:00,1.17749,1.17765,1.17654,1.17696
2025-12-29 00:00:00,1.1759,1.17685,1.1759,1.17654
2025-12-29 01:00:00,1.17654,1.1778,1.17653,1.17726
2025-12-29 02:00:00,1.17726,1.1784,1.17717,1.17798
2025-12-29 03:00:00,1.17798,1.17862,1.17788,1.17842
2025-12-29 04:00:00,1.17842,1.17853,1.17755,1.17758
2025-12-29 05:00:00,1.17758,1.17761,1.1771099999999999,1.17734
2025-12-29 06:00:00,1.17734,1.17734,1.17637,1.17644
2025-12-29 07:00:00,1.17644,1.17644,1.17539,1.17561
2025-12-29 08:00:00,1.17563,1.17696,1.17544,1.17696
2025-12-29 09:00:00,1.17697,1.17793,1.17654,1.1777199999999999
2025-12-29 10:00:00,1.1777199999999999,1.17887,1.1771099999999999,1.17841
2025-12-29 11:00:00,1.17841,1.1789,1.17716,1.17764
2025-12-29 12:00:00,1.17763,1.17801,1.17653,1.17658
2025-12-29 13:00:00,1.17658,1.1771099999999999,1.17576,1.17658
2025-12-29 14:00:00,1.17658,1.17691,1.17557,1.17619
2025-12-29 15:00:00,1.17618,1.17737,1.17604,1.17699
2025-12-29 16:00:00,1.17699,1.17887,1.1767,1.1783
2025-12-29 17:00:00,1.1783,1.17865,1.17665,1.1768
2025-12-29 18:00:00,1.17677,1.1768,1.17525,1.1756199999999999
2025-12-29 19:00:00,1.1756199999999999,1.1757,1.17494,1.17521
2025-12-29 20:00:00,1.1752,1.1758899999999999,1.17507,1.17575
2025-12-29 21:00:00,1.17575,1.17682,1.17568,1.17673
2025-12-29 22:00:00,1.17673,1.17705,1.17643,1.17704
2025-12-29 23:00:00,1.17703,1.1774499999999999,1.17702,1.1772
2025-12-30 00:00:00,1.17721,1.17721,1.17627,1.17651
2025-12-30 01:00:00,1.17652,1.17744,1.17652,1.17723
2025-12-30 02:00:00,1.17723,1.17751,1.17716,1.1773
2025-12-30 03:00:00,1.1773,1.17751,1.17699,1.1775
2025-12-30 04:00:00,1.17751,1.17764,1.17715,1.17733
2025-12-30 05:00:00,1.17733,1.17761,1.17705,1.17724
2025-12-30 06:00:00,1.17724,1.17778,1.17715,1.17771
2025-12-30 07:00:00,1.17771,1.1779,1.17728,1.17751
2025-12-30 08:00:00,1.17751,1.17799,1.1774,1.17786
2025-12-30 09:00:00,1.17785,1.17785,1.17661,1.1770100000000001
2025-12-30 10:00:00,1.1770100000000001,1.17753,1.17659,1.17672
2025-12-30 11:00:00,1.17672,1.1778,1.17643,1.17688
2025-12-30 12:00:00,1.17688,1.17774,1.17687,1.17739
2025-12-30 13:00:00,1.1774,1.17767,1.1766,1.17666
2025-12-30 14:00:00,1.17666,1.1768,1.17607,1.17617
2025-12-30 15:00:00,1.17615,1.17679,1.17553,1.17634
2025-12-30 16:00:00,1.17634,1.17643,1.1756199999999999,1.17635
2025-12-30 17:00:00,1.17635,1.17663,1.17453,1.17598
2025-12-30 18:00:00,1.17597,1.17665,1.17545,1.17649
2025-12-30 19:00:00,1.17651,1.17666,1.17551,1.17561
2025-12-30 20:00:00,1.1756199999999999,1.17595,1.17482,1.17504
2025-12-30 21:00:00,1.17503,1.17529,1.17452,1.17468
2025-12-30 22:00:00,1.17472,1.17502,1.17433,1.1743999999999999
2025-12-30 23:00:00,1.1743999999999999,1.17482,1.17438,1.17476
2025-12-31 00:00:00,1.17472,1.1748,1.17431,1.17458
2025-12-31 01:00:00,1.1745700000000001,1.1749100000000001,1.17435,1.1745700000000001
2025-12-31 02:00:00,1.1745700000000001,1.17478,1.17445,1.17472
2025-12-31 03:00:00,1.17473,1.1749,1.17419,1.17427
2025-12-31 04:00:00,1.17427,1.17427,1.17388,1.17402
2025-12-31 05:00:00,1.17403,1.17435,1.1739600000000001,1.17426
2025-12-31 06:00:00,1.17425,1.17426,1.1733,1.1734499999999999
2025-12-31 07:00:00,1.1734499999999999,1.17395,1.17343,1.17386
2025-12-31 08:00:00,1.17386,1.17397,1.17331,1.17375
2025-12-31 09:00:00,1.17374,1.17386,1.17299,1.1736900000000001
2025-12-31 10:00:00,1.1737,1.17397,1.17201,1.17232
2025-12-31 11:00:00,1.17232,1.1739,1.17201,1.1735
2025-12-31 12:00:00,1.17351,1.17438,1.17286,1.17391
2025-12-31 13:00:00,1.17391,1.17477,1.17363,1.17472
2025-12-31 14:00:00,1.17472,1.17591,1.17469,1.17554
2025-12-31 15:00:00,1.17555,1.17594,1.17415,1.1742
2025-12-31 16:00:00,1.1742,1.17427,1.17272,1.17304
2025-12-31 17:00:00,1.17302,1.17461,1.17202,1.17441
2025-12-31 18:00:00,1.17443,1.17487,1.17288,1.17349
2025-12-31 19:00:00,1.17349,1.1739,1.17316,1.1736
2025-12-31 20:00:00,1.1736,1.17387,1.17304,1.17358
2025-12-31 21:00:00,1.17359,1.17432,1.17359,1.1740599999999999
2025-12-31 22:00:00,1.1740599999999999,1.17531,1.174,1.17522
2025-12-31 23:00:00,1.17522,1.1753,1.17445,1.17456
2026-01-02 00:00:00,1.1746,1.17498,1.17383,1.1745700000000001
2026-01-02 01:00:00,1.1745700000000001,1.17508,1.17446,1.17508
2026-01-02 02:00:00,1.17508,1.17566,1.175,1.17563
2026-01-02 03:00:00,1.17564,1.17628,1.17564,1.1761
2026-01-02 04:00:00,1.1761,1.17637,1.17582,1.17593
2026-01-02 05:00:00,1.17593,1.17649,1.17592,1.17644
2026-01-02 06:00:00,1.17644,1.17648,1.1755200000000001,1.17555
2026-01-02 07:00:00,1.17555,1.17578,1.17506,1.17514
2026-01-02 08:00:00,1.17513,1.17515,1.17408,1.17439
2026-01-02 09:00:00,1.17435,1.17472,1.17322,1.17348
2026-01-02 10:00:00,1.17347,1.17385,1.17239,1.17287
2026-01-02 11:00:00,1.17287,1.17374,1.17207,1.17215
2026-01-02 12:00:00,1.17216,1.17237,1.17132,1.17211
2026-01-02 13:00:00,1.17211,1.17226,1.17151,1.17219
2026-01-02 14:00:00,1.17219,1.17273,1.17205,1.17237
2026-01-02 15:00:00,1.17238,1.17291,1.17182,1.17217
2026-01-02 16:00:00,1.17218,1.17305,1.17158,1.17286
2026-01-02 17:00:00,1.17285,1.17522,1.17282,1.17507
2026-01-02 18:00:00,1.17508,1.17544,1.17342,1.17375
2026-01-02 19:00:00,1.17375,1.17378,1.17285,1.17307
2026-01-02 20:00:00,1.17307,1.17312,1.17154,1.17192
2026-01-02 21:00:00,1.17192,1.17244,1.17143,1.17232
2026-01-02 22:00:00,1.17232,1.17237,1.1715200000000001,1.17178
2026-01-02 23:00:00,1.17176,1.17234,1.17174,1.17194
2026-01-05 00:00:00,1.1718600000000001,1.17203,1.1709100000000001,1.1710099999999999
2026-01-05 01:00:00,1.1710099999999999,1.17129,1.17002,1.17053
2026-01-05 02:00:00,1.17053,1.17112,1.17035,1.1705
2026-01-05 03:00:00,1.1705,1.17072,1.16998,1.17003
2026-01-05 04:00:00,1.17003,1.17017,1.1684,1.16888
2026-01-05 05:00:00,1.16888,1.16909,1.16723,1.16753
2026-01-05 06:00:00,1.16753,1.1683,1.16733,1.16819
2026-01-05 07:00:00,1.16819,1.16861,1.16802,1.16854
2026-01-05 08:00:00,1.16854,1.16919,1.16782,1.16909
2026-01-05 09:00:00,1.1690800000000001,1.16921,1.16835,1.16863
2026-01-05 10:00:00,1.16864,1.16947,1.16812,1.16835
2026-01-05 11:00:00,1.16835,1.16875,1.16738,1.16824
2026-01-05 12:00:00,1.16825,1.16901,1.16797,1.16901
2026-01-05 13:00:00,1.169,1.1691,1.16802,1.16815
2026-01-05 14:00:00,1.16815,1.16851,1.16699,1.16707
2026-01-05 15:00:00,1.16708,1.1675200000000001,1.16591,1.16744
2026-01-05 16:00:00,1.16745,1.16875,1.16733,1.1685699999999999
2026-01-05 17:00:00,1.16859,1.17046,1.16855,1.17044
2026-01-05 18:00:00,1.17045,1.17187,1.17041,1.17149
2026-01-05 19:00:00,1.17149,1.17197,1.1710099999999999,1.17146
2026-01-05 20:00:00,1.17146,1.17253,1.17133,1.1724999999999999
2026-01-05 21:00:00,1.17251,1.17287,1.17221,1.17272
2026-01-05 22:00:00,1.17272,1.17288,1.17237,1.17248
2026-01-05 23:00:00,1.17249,1.17264,1.17193,1.1721300000000001
2026-01-06 00:00:00,1.17202,1.1722,1.17078,1.17178
2026-01-06 01:00:00,1.17178,1.1721,1.17127,1.17147
2026-01-06 02:00:00,1.17147,1.17172,1.17107,1.1717
2026-01-06 03:00:00,1.1717,1.17254,1.17123,1.17254
2026-01-06 04:00:00,1.17253,1.1738,1.17221,1.17376
2026-01-06 05:00:00,1.17373,1.17383,1.17324,1.17346
2026-01-06 06:00:00,1.17346,1.17357,1.17315,1.17337
2026-01-06 07:00:00,1.17337,1.1736900000000001,1.17273,1.17289
2026-01-06 08:00:00,1.1729,1.1736900000000001,1.17286,1.17362
2026-01-06 09:00:00,1.17362,1.17429,1.17259,1.17291
2026-01-06 10:00:00,1.1729,1.17389,1.1726,1.17286
2026-01-06 11:00:00,1.17285,1.1729,1.17079,1.17134
2026-01-06 12:00:00,1.17132,1.17172,1.17082,1.17127
2026-01-06 13:00:00,1.17127,1.1713,1.17048,1.17061
2026-01-06 14:00:00,1.17061,1.17122,1.16971,1.17015
2026-01-06 15:00:00,1.17014,1.17137,1.16974,1.1711
2026-01-06 16:00:00,1.1711,1.17175,1.16993,1.17093
2026-01-06 17:00:00,1.17092,1.17092,1.16839,1.16954
2026-01-06 18:00:00,1.16954,1.16982,1.1685699999999999,1.16881
2026-01-06 19:00:00,1.16881,1.17008,1.16869,1.17007
2026-01-06 20:00:00,1.1700599999999999,1.17022,1.16869,1.16883
2026-01-06 21:00:00,1.16883,1.16911,1.16838,1.16897
2026-01-06 22:00:00,1.16898,1.16932,1.16864,1.16869
2026-01-06 23:00:00,1.16869,1.16888,1.1684700000000001,1.1688399999999999
2026-01-07 00:00:00,1.16883,1.16883,1.16748,1.16881
2026-01-07 01:00:00,1.16881,1.16906,1.16864,1.16872
2026-01-07 02:00:00,1.16872,1.16943,1.16855,1.16917
2026-01-07 03:00:00,1.16917,1.1700599999999999,1.169,1.16958
2026-01-07 04:00:00,1.16958,1.17028,1.16952,1.16963
2026-01-07 05:00:00,1.16963,1.17002,1.1696,1.16986
2026-01-07 06:00:00,1.16986,1.17022,1.16909,1.16911
2026-01-07 07:00:00,1.16911,1.16944,1.16907,1.16932
2026-01-07 08:00:00,1.16932,1.16998,1.16923,1.16977
2026-01-07 09:00:00,1.16976,1.16989,1.16785,1.16826
2026-01-07 10:00:00,1.16824,1.1687400000000001,1.16727,1.1685699999999999
2026-01-07 11:00:00,1.16856,1.1687,1.1681300000000001,1.16843
2026-01-07 12:00:00,1.16842,1.16939,1.16835,1.16885
2026-01-07 13:00:00,1.16883,1.16925,1.1685,1.16892
2026-01-07 14:00:00,1.16893,1.16913,1.16811,1.16879
2026-01-07 15:00:00,1.16879,1.16949,1.1682,1.16917
2026-01-07 16:00:00,1.16916,1.16984,1.1687,1.16972
2026-01-07 17:00:00,1.16959,1.16988,1.16799,1.16902
2026-01-07 18:00:00,1.16901,1.16931,1.16822,1.16892
2026-01-07 19:00:00,1.16892,1.16948,1.16863,1.16879
2026-01-07 20:00:00,1.1688,1.16903,1.1682299999999999,1.16828
2026-01-07 21:00:00,1.16832,1.16854,1.1678600000000001,1.16825
2026-01-07 22:00:00,1.16825,1.16839,1.16791,1.16793
2026-01-07 23:00:00,1.16789,1.16791,1.1673499999999999,1.16755
2026-01-08 00:00:00,1.16723,1.16772,1.16712,1.16763
2026-01-08 01:00:00,1.16763,1.16775,1.1675,1.16768
2026-01-08 02:00:00,1.16768,1.16781,1.16759,1.16759
2026-01-08 03:00:00,1.16759,1.16781,1.16728,1.16748
2026-01-08 04:00:00,1.16748,1.16808,1.16726,1.16802
2026-01-08 05:00:00,1.16802,1.16828,1.16788,1.168
2026-01-08 06:00:00,1.168,1.16811,1.16779,1.16803
2026-01-08 07:00:00,1.16802,1.1683,1.16775,1.16825
2026-01-08 08:00:00,1.16825,1.1683,1.16747,1.16816
2026-01-08 09:00:00,1.16815,1.16829,1.1677,1.1678
2026-01-08 10:00:00,1.16779,1.16789,1.16689,1.16713
2026-01-08 11:00:00,1.16712,1.1677,1.16693,1.16768
2026-01-08 12:00:00,1.16767,1.16818,1.16758,1.16799
2026-01-08 13:00:00,1.168,1.16802,1.16751,1.16776
2026-01-08 14:00:00,1.16776,1.16779,1.16699,1.16734
2026-01-08 15:00:00,1.16733,1.16779,1.16582,1.16629
2026-01-08 16:00:00,1.16628,1.16666,1.16561,1.16646
2026-01-08 17:00:00,1.16646,1.16739,1.16609,1.1666400000000001
2026-01-08 18:00:00,1.16665,1.16677,1.16525,1.16544
2026-01-08 19:00:00,1.16544,1.16557,1.16437,1.16507
2026-01-08 20:00:00,1.16507,1.16533,1.1644700000000001,1.16452
2026-01-08 21:00:00,1.16452,1.1650800000000001,1.16427,1.16501
2026-01-08 22:00:00,1.16501,1.16546,1.16498,1.16514
2026-01-08 23:00:00,1.16513,1.16623,1.1650800000000001,1.16582
2026-01-09 00:00:00,1.1659,1.16591,1.16445,1.16575
2026-01-09 01:00:00,1.16575,1.16624,1.16566,1.16581
2026-01-09 02:00:00,1.16581,1.16581,1.16534,1.16536
2026-01-09 03:00:00,1.16536,1.16573,1.1648100000000001,1.16492
2026-01-09 04:00:00,1.16492,1.16548,1.1646,1.16544
2026-01-09 05:00:00,1.16544,1.16593,1.16538,1.16563
2026-01-09 06:00:00,1.16563,1.1657,1.16519,1.16543
2026-01-09 07:00:00,1.16543,1.16562,1.165,1.16511
2026-01-09 08:00:00,1.16511,1.16529,1.16483,1.1649
2026-01-09 09:00:00,1.16489,1.1650800000000001,1.16401,1.1650800000000001
2026-01-09 10:00:00,1.1650800000000001,1.1653,1.16411,1.16489
2026-01-09 11:00:00,1.16492,1.16502,1.16422,1.16424
2026-01-09 12:00:00,1.16424,1.16469,1.16367,1.16469
2026-01-09 13:00:00,1.1647,1.1647,1.16415,1.1646
2026-01-09 14:00:00,1.1646,1.16462,1.16398,1.16415
2026-01-09 15:00:00,1.16416,1.16606,1.16233,1.16452
2026-01-09 16:00:00,1.16448,1.16525,1.16299,1.16367
2026-01-09 17:00:00,1.1636199999999999,1.1641,1.1618,1.16405
2026-01-09 18:00:00,1.16404,1.16434,1.16282,1.16333
2026-01-09 19:00:00,1.16333,1.16345,1.16275,1.16318
2026-01-09 20:00:00,1.16319,1.164,1.16312,1.1634
2026-01-09 21:00:00,1.1634,1.16389,1.16331,1.16348
2026-01-09 22:00:00,1.16348,1.16379,1.16342,1.16347
2026-01-09 23:00:00,1.16348,1.16369,1.16289,1.16321
2026-01-12 00:00:00,1.16258,1.16311,1.16258,1.16284
2026-01-12 01:00:00,1.16284,1.16331,1.16232,1.16238
2026-01-12 02:00:00,1.16238,1.16651,1.16217,1.16648
2026-01-12 03:00:00,1.16648,1.16714,1.16555,1.16563
2026-01-12 04:00:00,1.16562,1.16642,1.16539,1.16548
2026-01-12 05:00:00,1.16548,1.16592,1.16548,1.16552
2026-01-12 06:00:00,1.16552,1.16585,1.16529,1.16557
2026-01-12 07:00:00,1.16557,1.1671,1.16557,1.16692
2026-01-12 08:00:00,1.16692,1.1673,1.1663999999999999,1.16698
2026-01-12 09:00:00,1.16696,1.16876,1.16685,1.16849
2026-01-12 10:00:00,1.16849,1.16919,1.16759,1.16882
2026-01-12 11:00:00,1.16882,1.16959,1.16812,1.16819
2026-01-12 12:00:00,1.16818,1.16855,1.16759,1.16854
2026-01-12 13:00:00,1.16854,1.16894,1.16755,1.1678600000000001
2026-01-12 14:00:00,1.1678600000000001,1.16876,1.16772,1.1681300000000001
2026-01-12 15:00:00,1.1681300000000001,1.16985,1.16779,1.1693
2026-01-12 16:00:00,1.16928,1.16929,1.16739,1.16769
2026-01-12 17:00:00,1.16771,1.16861,1.16728,1.16814
2026-01-12 18:00:00,1.16814,1.16821,1.16712,1.16719
2026-01-12 19:00:00,1.16718,1.16758,1.16662,1.16687
2026-01-12 20:00:00,1.16687,1.16717,1.16652,1.1669
2026-01-12 21:00:00,1.1669,1.16739,1.16678,1.16721
2026-01-12 22:00:00,1.16721,1.16732,1.16631,1.16652
2026-01-12 23:00:00,1.16649,1.16685,1.16642,1.16662
2026-01-13 00:00:00,1.16656,1.16692,1.16625,1.16675
2026-01-13 01:00:00,1.16675,1.16709,1.16644,1.16675
2026-01-13 02:00:00,1.16675,1.16676,1.16608,1.16637
2026-01-13 03:00:00,1.16638,1.16647,1.16562,1.16586
2026-01-13 04:00:00,1.16585,1.16614,1.16567,1.1659
2026-01-13 05:00:00,1.1659,1.16638,1.16564,1.16588
2026-01-13 06:00:00,1.16588,1.1666,1.16585,1.16656
2026-01-13 07:00:00,1.16657,1.16676,1.16616,1.16627
2026-01-13 08:00:00,1.16628,1.16629,1.16538,1.16589
2026-01-13 09:00:00,1.16588,1.16649,1.1656,1.16642
2026-01-13 10:00:00,1.16641,1.16693,1.16586,1.16693
2026-01-13 11:00:00,1.16693,1.16726,1.16634,1.16719
2026-01-13 12:00:00,1.16718,1.16744,1.16651,1.16663
2026-01-13 13:00:00,1.16661,1.16705,1.16647,1.16687
2026-01-13 14:00:00,1.16687,1.16692,1.16529,1.16552
2026-01-13 15:00:00,1.16551,1.16776,1.165,1.16684
2026-01-13 16:00:00,1.16684,1.16732,1.16573,1.1663999999999999
2026-01-13 17:00:00,1.16638,1.16649,1.16441,1.16521
2026-01-13 18:00:00,1.16521,1.16545,1.1634,1.16458
2026-01-13 19:00:00,1.16458,1.16486,1.16413,1.1646
2026-01-13 20:00:00,1.16461,1.16545,1.16413,1.16532
2026-01-13 21:00:00,1.16532,1.16535,1.1646,1.16493
2026-01-13 22:00:00,1.16493,1.16499,1.16453,1.16456
2026-01-13 23:00:00,1.16455,1.16466,1.16418,1.16426
2026-01-14 00:00:00,1.16412,1.16439,1.16333,1.16426
2026-01-14 01:00:00,1.16426,1.16456,1.1641,1.1642000000000001
2026-01-14 02:00:00,1.1642000000000001,1.16438,1.16379,1.16428
2026-01-14 03:00:00,1.16428,1.16432,1.16369,1.16381
2026-01-14 04:00:00,1.16381,1.16443,1.1636199999999999,1.16436
2026-01-14 05:00:00,1.16436,1.1649,1.16435,1.1647
2026-01-14 06:00:00,1.16469,1.1648,1.16434,1.16441
2026-01-14 07:00:00,1.16441,1.16452,1.16417,1.16422
2026-01-14 08:00:00,1.16422,1.16501,1.16415,1.16492
2026-01-14 09:00:00,1.16492,1.16521,1.16443,1.16462
2026-01-14 10:00:00,1.16462,1.16504,1.16408,1.16476
2026-01-14 11:00:00,1.16475,1.16538,1.16459,1.16519
2026-01-14 12:00:00,1.16519,1.16578,1.16468,1.16551
2026-01-14 13:00:00,1.16551,1.16551,1.16439,1.1647
2026-01-14 14:00:00,1.1647,1.166,1.16449,1.16596
2026-01-14 15:00:00,1.16596,1.16597,1.16449,1.165
2026-01-14 16:00:00,1.165,1.16599,1.16488,1.16559
2026-01-14 17:00:00,1.16558,1.16607,1.16494,1.16599
2026-01-14 18:00:00,1.166,1.16617,1.16526,1.16546
2026-01-14 19:00:00,1.16546,1.16559,1.16456,1.16469
2026-01-14 20:00:00,1.16467,1.16478,1.16379,1.1638
2026-01-14 21:00:00,1.1638,1.16393,1.16354,1.1636199999999999
2026-01-14 22:00:00,1.16364,1.16474,1.16364,1.16432
2026-01-14 23:00:00,1.16433,1.16463,1.1642299999999999,1.16452
2026-01-15 00:00:00,1.1644,1.16461,1.16292,1.16436
2026-01-15 01:00:00,1.16436,1.1647,1.16421,1.1645
2026-01-15 02:00:00,1.16451,1.16456,1.16357,1.16377
2026-01-15 03:00:00,1.16377,1.16417,1.16331,1.16387
2026-01-15 04:00:00,1.16387,1.16409,1.1636199999999999,1.16403
2026-01-15 05:00:00,1.16403,1.16415,1.16369,1.16389
2026-01-15 06:00:00,1.16389,1.16395,1.16342,1.16346
2026-01-15 07:00:00,1.16345,1.16379,1.16334,1.16352
2026-01-15 08:00:00,1.16352,1.16383,1.16299,1.16329
2026-01-15 09:00:00,1.1633,1.16367,1.16259,1.16288
2026-01-15 10:00:00,1.16286,1.16354,1.16268,1.16309
2026-01-15 11:00:00,1.16309,1.16399,1.16302,1.1635900000000001
2026-01-15 12:00:00,1.16358,1.1641,1.16328,1.16358
2026-01-15 13:00:00,1.1635900000000001,1.1638,1.1630099999999999,1.16308
2026-01-15 14:00:00,1.16308,1.1635,1.1620300000000001,1.16227
2026-01-15 15:00:00,1.16227,1.16252,1.15988,1.16015
2026-01-15 16:00:00,1.16016,1.1610800000000001,1.1593,1.16012
2026-01-15 17:00:00,1.16012,1.16094,1.15972,1.16023
2026-01-15 18:00:00,1.16024,1.16111,1.15985,1.1604700000000001
2026-01-15 19:00:00,1.1604700000000001,1.16137,1.16037,1.1609
2026-01-15 20:00:00,1.1609,1.1615199999999999,1.16089,1.16148
2026-01-15 21:00:00,1.16148,1.16175,1.16112,1.16137
2026-01-15 22:00:00,1.16137,1.16155,1.16028,1.16043
2026-01-15 23:00:00,1.16042,1.16107,1.16034,1.16094
2026-01-16 00:00:00,1.16073,1.16083,1.16014,1.16069
2026-01-16 01:00:00,1.16069,1.16103,1.1605699999999999,1.1609099999999999
2026-01-16 02:00:00,1.1609099999999999,1.16096,1.16026,1.1604
2026-01-16 03:00:00,1.1604,1.16087,1.16023,1.16071
2026-01-16 04:00:00,1.16071,1.16143,1.16062,1.16096
2026-01-16 05:00:00,1.16096,1.16126,1.16069,1.16121
2026-01-16 06:00:00,1.16121,1.16137,1.16101,1.1611
2026-01-16 07:00:00,1.16109,1.16112,1.1606,1.16067
2026-01-16 08:00:00,1.16067,1.16099,1.16044,1.16097
2026-01-16 09:00:00,1.16096,1.16148,1.16082,1.16121
2026-01-16 10:00:00,1.16122,1.16147,1.16085,1.16093
2026-01-16 11:00:00,1.16093,1.1615199999999999,1.1608,1.16084
2026-01-16 12:00:00,1.16083,1.16177,1.1608100000000001,1.16132
2026-01-16 13:00:00,1.16132,1.16234,1.16129,1.16192
2026-01-16 14:00:00,1.16192,1.16223,1.16136,1.16191
2026-01-16 15:00:00,1.1619,1.16211,1.16116,1.16186
2026-01-16 16:00:00,1.16186,1.16206,1.16126,1.16182
2026-01-16 17:00:00,1.16182,1.1627399999999999,1.15845,1.1593499999999999
2026-01-16 18:00:00,1.15934,1.1606,1.15934,1.15984
2026-01-16 19:00:00,1.15984,1.16029,1.15948,1.15958
2026-01-16 20:00:00,1.15956,1.15994,1.15893,1.15956
2026-01-16 21:00:00,1.15956,1.15975,1.15915,1.15964
2026-01-16 22:00:00,1.15964,1.16023,1.15955,1.15993
2026-01-16 23:00:00,1.15995,1.16023,1.15972,1.15983
2026-01-19 00:00:00,1.15817,1.1586,1.15772,1.15839
2026-01-19 01:00:00,1.15839,1.1627,1.15778,1.16246
2026-01-19 02:00:00,1.16246,1.16378,1.16046,1.16321
2026-01-19 03:00:00,1.16321,1.16343,1.16221,1.16226
2026-01-19 04:00:00,1.16228,1.1623999999999999,1.16157,1.16177
2026-01-19 05:00:00,1.16177,1.16262,1.16162,1.16246
2026-01-19 06:00:00,1.16246,1.16337,1.16244,1.16331
2026-01-19 07:00:00,1.16332,1.16377,1.16268,1.16276
2026-01-19 08:00:00,1.16275,1.16326,1.16249,1.1628
2026-01-19 09:00:00,1.16281,1.16414,1.1623,1.16262
2026-01-19 10:00:00,1.16262,1.1628,1.16183,1.16252
2026-01-19 11:00:00,1.16252,1.1629800000000001,1.16111,1.16243
2026-01-19 12:00:00,1.16245,1.16287,1.1622,1.1623999999999999
2026-01-19 13:00:00,1.16241,1.1629,1.1620300000000001,1.1628
2026-01-19 14:00:00,1.1628,1.16333,1.1625,1.16256
2026-01-19 15:00:00,1.16257,1.16355,1.16257,1.1632
2026-01-19 16:00:00,1.16318,1.16426,1.16303,1.16399
2026-01-19 17:00:00,1.16399,1.16434,1.16317,1.16399
2026-01-19 18:00:00,1.16399,1.16474,1.16378,1.16419
2026-01-19 19:00:00,1.16419,1.16466,1.16398,1.1645699999999999
2026-01-19 20:00:00,1.16458,1.16487,1.16431,1.16433
2026-01-19 21:00:00,1.16433,1.16468,1.16426,1.16432
2026-01-19 22:00:00,1.16432,1.16454,1.16418,1.16454
2026-01-19 23:00:00,1.16454,1.16462,1.1643,1.16454
2026-01-20 00:00:00,1.16448,1.16458,1.16395,1.16441
2026-01-20 01:00:00,1.16443,1.16461,1.16383,1.16394
2026-01-20 02:00:00,1.16394,1.1641,1.16326,1.16403
2026-01-20 03:00:00,1.16403,1.1644,1.16388,1.16439
2026-01-20 04:00:00,1.16439,1.16465,1.16405,1.16445
2026-01-20 05:00:00,1.16445,1.16587,1.16441,1.16566
2026-01-20 06:00:00,1.16566,1.16665,1.16561,1.16657
2026-01-20 07:00:00,1.16657,1.1672500000000001,1.16631,1.16632
2026-01-20 08:00:00,1.16632,1.16692,1.1662,1.16687
2026-01-20 09:00:00,1.16686,1.16938,1.16641,1.16887
2026-01-20 10:00:00,1.16887,1.17217,1.16873,1.17163
2026-01-20 11:00:00,1.1716199999999999,1.17328,1.17158,1.17264
2026-01-20 12:00:00,1.17263,1.17321,1.1715200000000001,1.17311
2026-01-20 13:00:00,1.17313,1.1739,1.17225,1.1735
2026-01-20 14:00:00,1.1735,1.17437,1.17256,1.17258
2026-01-20 15:00:00,1.17259,1.1769,1.17185,1.17333
2026-01-20 16:00:00,1.17334,1.1737,1.1715200000000001,1.17194
2026-01-20 17:00:00,1.17194,1.17371,1.17161,1.17271
2026-01-20 18:00:00,1.17271,1.17394,1.1727,1.1739
2026-01-20 19:00:00,1.1739,1.17428,1.17298,1.17315
2026-01-20 20:00:00,1.17315,1.17341,1.17266,1.17267
2026-01-20 21:00:00,1.17267,1.17281,1.17116,1.17123
2026-01-20 22:00:00,1.17123,1.17204,1.17108,1.17196
2026-01-20 23:00:00,1.17194,1.17267,1.17176,1.17262
2026-01-21 00:00:00,1.17241,1.17253,1.1718899999999999,1.17201
2026-01-21 01:00:00,1.17201,1.17289,1.17195,1.17272
2026-01-21 02:00:00,1.17268,1.17268,1.17165,1.17236
2026-01-21 03:00:00,1.17236,1.17343,1.17226,1.1729
2026-01-21 04:00:00,1.17291,1.17317,1.17243,1.17265
2026-01-21 05:00:00,1.17265,1.17288,1.17109,1.1718899999999999
2026-01-21 06:00:00,1.1718899999999999,1.17206,1.17141,1.17182
2026-01-21 07:00:00,1.17181,1.17217,1.17154,1.17174
2026-01-21 08:00:00,1.17174,1.17251,1.17156,1.1724
2026-01-21 09:00:00,1.17237,1.17254,1.171,1.17171
2026-01-21 10:00:00,1.17171,1.17187,1.1705,1.17103
2026-01-21 11:00:00,1.17103,1.17127,1.17012,1.17035
2026-01-21 12:00:00,1.17035,1.17085,1.17014,1.1707
2026-01-21 13:00:00,1.1707,1.17203,1.17039,1.17142
2026-01-21 14:00:00,1.17142,1.17358,1.17121,1.17349
2026-01-21 15:00:00,1.1735,1.1743000000000001,1.17286,1.1739600000000001
2026-01-21 16:00:00,1.1739600000000001,1.17408,1.1715200000000001,1.1724700000000001
2026-01-21 17:00:00,1.1724700000000001,1.17285,1.1700599999999999,1.17021
2026-01-21 18:00:00,1.1702,1.17107,1.16948,1.17033
2026-01-21 19:00:00,1.17033,1.17117,1.16971,1.17028
2026-01-21 20:00:00,1.17028,1.17034,1.16937,1.1697
2026-01-21 21:00:00,1.1697,1.17055,1.16769,1.16914
2026-01-21 22:00:00,1.16915,1.1692,1.1676199999999999,1.16869
2026-01-21 23:00:00,1.16869,1.16895,1.1684,1.16872
2026-01-22 00:00:00,1.16818,1.1686,1.16797,1.16845
2026-01-22 01:00:00,1.16845,1.16855,1.167,1.1673
2026-01-22 02:00:00,1.1673,1.16899,1.16729,1.16873
2026-01-22 03:00:00,1.1687400000000001,1.16902,1.16811,1.16888
2026-01-22 04:00:00,1.16888,1.16936,1.16832,1.1685699999999999
2026-01-22 05:00:00,1.1685699999999999,1.16904,1.16849,1.1689
2026-01-22 06:00:00,1.1689,1.16972,1.16889,1.16916
2026-01-22 07:00:00,1.16916,1.1692,1.16842,1.16883
2026-01-22 08:00:00,1.16883,1.16919,1.16843,1.16886
2026-01-22 09:00:00,1.16885,1.16962,1.1684700000000001,1.1690800000000001
2026-01-22 10:00:00,1.16906,1.1695,1.16841,1.16889
2026-01-22 11:00:00,1.16895,1.16975,1.16877,1.16927
2026-01-22 12:00:00,1.16928,1.16955,1.16868,1.16955
2026-01-22 13:00:00,1.16955,1.17041,1.16904,1.17026
2026-01-22 14:00:00,1.17023,1.17092,1.16999,1.17039
2026-01-22 15:00:00,1.17039,1.1718600000000001,1.17029,1.17139
2026-01-22 16:00:00,1.17139,1.17255,1.17109,1.17198
2026-01-22 17:00:00,1.172,1.1734,1.17187,1.17339
2026-01-22 18:00:00,1.17339,1.17505,1.1733500000000001,1.17388
2026-01-22 19:00:00,1.17386,1.17479,1.17268,1.1746699999999999
2026-01-22 20:00:00,1.17465,1.17487,1.17433,1.17476
2026-01-22 21:00:00,1.17475,1.17481,1.17414,1.1743999999999999
2026-01-22 22:00:00,1.1743999999999999,1.17527,1.17422,1.17488
2026-01-22 23:00:00,1.17484,1.17561,1.17472,1.17549
2026-01-23 00:00:00,1.17543,1.17556,1.17444,1.1755200000000001
2026-01-23 01:00:00,1.1755200000000001,1.17594,1.17533,1.17539
2026-01-23 02:00:00,1.17539,1.17539,1.17479,1.17481
2026-01-23 03:00:00,1.17481,1.17539,1.17472,1.17494
2026-01-23 04:00:00,1.17493,1.175,1.17438,1.17453
2026-01-23 05:00:00,1.17453,1.17488,1.17436,1.17437
2026-01-23 06:00:00,1.17437,1.17511,1.17431,1.1750099999999999
2026-01-23 07:00:00,1.1750099999999999,1.1754,1.17499,1.1751
2026-01-23 08:00:00,1.17509,1.17531,1.17414,1.17421
2026-01-23 09:00:00,1.1742,1.17473,1.17349,1.1736
2026-01-23 10:00:00,1.17359,1.17452,1.17282,1.174
2026-01-23 11:00:00,1.17401,1.1745,1.17351,1.17354
2026-01-23 12:00:00,1.17354,1.17361,1.17301,1.17344
2026-01-23 13:00:00,1.17346,1.1740599999999999,1.17307,1.17374
2026-01-23 14:00:00,1.17375,1.17445,1.17366,1.17424
2026-01-23 15:00:00,1.17424,1.17473,1.17329,1.17341
2026-01-23 16:00:00,1.17341,1.17481,1.17318,1.17466
2026-01-23 17:00:00,1.17464,1.17614,1.17458,1.1758
2026-01-23 18:00:00,1.17583,1.17751,1.17464,1.17707
2026-01-23 19:00:00,1.17707,1.17988,1.17691,1.17945
2026-01-23 20:00:00,1.17945,1.17956,1.1777199999999999,1.17922
2026-01-23 21:00:00,1.17922,1.18148,1.17916,1.18117
2026-01-23 22:00:00,1.18117,1.18263,1.181,1.18214
2026-01-23 23:00:00,1.18213,1.18336,1.18211,1.18263
2026-01-26 00:00:00,1.18637,1.18915,1.18491,1.18886
2026-01-26 01:00:00,1.18886,1.18976,1.18544,1.18602
2026-01-26 02:00:00,1.18602,1.18632,1.18445,1.18612
2026-01-26 03:00:00,1.18616,1.18692,1.18547,1.18579
2026-01-26 04:00:00,1.18579,1.18765,1.18558,1.18676
2026-01-26 05:00:00,1.18676,1.18677,1.18582,1.18625
2026-01-26 06:00:00,1.18625,1.18691,1.18555,1.18591
2026-01-26 07:00:00,1.18591,1.18698,1.18579,1.1865
2026-01-26 08:00:00,1.1865,1.1865700000000001,1.18507,1.18517
2026-01-26 09:00:00,1.18517,1.18628,1.18366,1.1838899999999999
2026-01-26 10:00:00,1.1838899999999999,1.18597,1.18382,1.18536
2026-01-26 11:00:00,1.18536,1.18675,1.18418,1.18637
2026-01-26 12:00:00,1.18641,1.18653,1.18536,1.18607
2026-01-26 13:00:00,1.18607,1.18607,1.18486,1.1856
2026-01-26 14:00:00,1.1856,1.18574,1.18402,1.18424
2026-01-26 15:00:00,1.18422,1.1857,1.18349,1.1856
2026-01-26 16:00:00,1.1856,1.18795,1.18525,1.18789
2026-01-26 17:00:00,1.1879,1.18969,1.18706,1.18954
2026-01-26 18:00:00,1.18952,1.19069,1.188,1.18861
2026-01-26 19:00:00,1.18861,1.18915,1.18747,1.18788
2026-01-26 20:00:00,1.18788,1.18903,1.18781,1.18789
2026-01-26 21:00:00,1.1879,1.1881599999999999,1.18705,1.18792
2026-01-26 22:00:00,1.18793,1.18835,1.18774,1.18825
2026-01-26 23:00:00,1.18825,1.18864,1.18738,1.18797
2026-01-27 00:00:00,1.18794,1.18801,1.18717,1.18749
2026-01-27 01:00:00,1.18749,1.18813,1.18716,1.18739
2026-01-27 02:00:00,1.18739,1.18829,1.18726,1.18772
2026-01-27 03:00:00,1.18769,1.18813,1.18733,1.18787
2026-01-27 04:00:00,1.18787,1.18994,1.18762,1.18936
2026-01-27 05:00:00,1.18934,1.18934,1.18792,1.18798
2026-01-27 06:00:00,1.18798,1.18825,1.187,1.18734
2026-01-27 07:00:00,1.18734,1.18787,1.1872,1.18768
2026-01-27 08:00:00,1.18768,1.18813,1.18708,1.18719
2026-01-27 09:00:00,1.1871800000000001,1.18756,1.1861,1.18636
2026-01-27 10:00:00,1.18637,1.18672,1.18503,1.18607
2026-01-27 11:00:00,1.18606,1.18898,1.18589,1.1889
2026-01-27 12:00:00,1.1889,1.18898,1.18742,1.18889
2026-01-27 13:00:00,1.18888,1.1897199999999999,1.18854,1.18954
2026-01-27 14:00:00,1.18954,1.19344,1.18942,1.19281
2026-01-27 15:00:00,1.19285,1.19387,1.19142,1.19234
2026-01-27 16:00:00,1.19235,1.19551,1.19184,1.1944
2026-01-27 17:00:00,1.19445,1.19725,1.19442,1.19507
2026-01-27 18:00:00,1.19507,1.19902,1.19497,1.19792
2026-01-27 19:00:00,1.19793,1.19836,1.19588,1.198
2026-01-27 20:00:00,1.198,1.19874,1.19718,1.19778
2026-01-27 21:00:00,1.19778,1.19809,1.19711,1.19774
2026-01-27 22:00:00,1.19772,1.20821,1.19719,1.20298
2026-01-27 23:00:00,1.20295,1.20497,1.20231,1.20393
2026-01-28 00:00:00,1.2037200000000001,1.20425,1.20281,1.20417
2026-01-28 01:00:00,1.20417,1.20447,1.20163,1.20229
2026-01-28 02:00:00,1.20229,1.20235,1.20079,1.20151
2026-01-28 03:00:00,1.2015,1.20161,1.19926,1.19928
2026-01-28 04:00:00,1.19928,1.1999900000000001,1.19871,1.19975
2026-01-28 05:00:00,1.19975,1.20051,1.19953,1.1997
2026-01-28 06:00:00,1.1997,1.20017,1.19915,1.20002
2026-01-28 07:00:00,1.20002,1.2000899999999999,1.19749,1.19969
2026-01-28 08:00:00,1.1997,1.20072,1.199,1.19952
2026-01-28 09:00:00,1.19955,1.20258,1.19844,1.19913
2026-01-28 10:00:00,1.19919,1.20048,1.19703,1.19805
2026-01-28 11:00:00,1.19805,1.19928,1.19751,1.19868
2026-01-28 12:00:00,1.19868,1.1994799999999999,1.19725,1.1989
2026-01-28 13:00:00,1.19893,1.19897,1.19617,1.1968
2026-01-28 14:00:00,1.1968,1.19834,1.19661,1.19798
2026-01-28 15:00:00,1.19797,1.19809,1.19518,1.19576
2026-01-28 16:00:00,1.19578,1.19775,1.19526,1.19626
2026-01-28 17:00:00,1.19626,1.19703,1.1923,1.19436
2026-01-28 18:00:00,1.19437,1.19525,1.19189,1.19406
2026-01-28 19:00:00,1.19407,1.19433,1.1928,1.19411
2026-01-28 20:00:00,1.19412,1.1942300000000001,1.19143,1.1921599999999999
2026-01-28 21:00:00,1.1921599999999999,1.19417,1.18957,1.19404
2026-01-28 22:00:00,1.19403,1.19502,1.1929400000000001,1.19457
2026-01-28 23:00:00,1.19456,1.19538,1.19417,1.19533
2026-01-29 00:00:00,1.19535,1.19558,1.19447,1.19549
2026-01-29 01:00:00,1.19549,1.19809,1.19524,1.19809
2026-01-29 02:00:00,1.19806,1.19853,1.19692,1.19737
2026-01-29 03:00:00,1.19736,1.19736,1.19567,1.19614
2026-01-29 04:00:00,1.19614,1.19756,1.19532,1.19732
2026-01-29 05:00:00,1.19731,1.19867,1.19705,1.19864
2026-01-29 06:00:00,1.19864,1.19907,1.19754,1.199
2026-01-29 07:00:00,1.19899,1.19937,1.19806,1.19811
2026-01-29 08:00:00,1.19811,1.19892,1.19753,1.19847
2026-01-29 09:00:00,1.19846,1.19966,1.19673,1.19742
2026-01-29 10:00:00,1.19742,1.19857,1.19615,1.19683
2026-01-29 11:00:00,1.19684,1.19742,1.19515,1.19558
2026-01-29 12:00:00,1.19558,1.1958,1.19388,1.1942300000000001
2026-01-29 13:00:00,1.19425,1.1953,1.1938,1.19471
2026-01-29 14:00:00,1.19471,1.19622,1.19421,1.19613
2026-01-29 15:00:00,1.19612,1.1971,1.19401,1.19563
2026-01-29 16:00:00,1.19565,1.19715,1.1952099999999999,1.19703
2026-01-29 17:00:00,1.1970399999999999,1.19725,1.19062,1.1929400000000001
2026-01-29 18:00:00,1.19296,1.19529,1.19273,1.19425
2026-01-29 19:00:00,1.19424,1.19616,1.19424,1.19562
2026-01-29 20:00:00,1.19558,1.19649,1.19483,1.19579
2026-01-29 21:00:00,1.19579,1.1960600000000001,1.19502,1.19514
2026-01-29 22:00:00,1.19514,1.19683,1.19456,1.19648
2026-01-29 23:00:00,1.1965,1.19712,1.1962,1.19702
2026-01-30 00:00:00,1.1970399999999999,1.1970399999999999,1.19544,1.19692
2026-01-30 01:00:00,1.19692,1.19746,1.19649,1.19676
2026-01-30 02:00:00,1.19675,1.1973,1.193,1.1932
2026-01-30 03:00:00,1.19319,1.19398,1.19141,1.1917
2026-01-30 04:00:00,1.1917,1.19265,1.18948,1.19185
2026-01-30 05:00:00,1.1919,1.19232,1.19131,1.192
2026-01-30 06:00:00,1.19198,1.19345,1.19192,1.19244
2026-01-30 07:00:00,1.19245,1.19351,1.19146,1.19248
2026-01-30 08:00:00,1.19248,1.19332,1.1914,1.19191
2026-01-30 09:00:00,1.1919,1.1942599999999999,1.19148,1.19377
2026-01-30 10:00:00,1.1939,1.19432,1.19234,1.19339
2026-01-30 11:00:00,1.1933799999999999,1.19379,1.18983,1.19087
2026-01-30 12:00:00,1.19081,1.19252,1.19048,1.19212
2026-01-30 13:00:00,1.19212,1.19504,1.1920600000000001,1.1949
2026-01-30 14:00:00,1.19491,1.19546,1.19152,1.19196
2026-01-30 15:00:00,1.19195,1.19244,1.19018,1.19123
2026-01-30 16:00:00,1.19127,1.19212,1.1901,1.19067
2026-01-30 17:00:00,1.19064,1.19064,1.18833,1.18951
2026-01-30 18:00:00,1.18951,1.18976,1.18717,1.1886
2026-01-30 19:00:00,1.1886,1.18875,1.18666,1.18724
2026-01-30 20:00:00,1.18723,1.1884299999999999,1.18546,1.18784
2026-01-30 21:00:00,1.18783,1.1885,1.18645,1.1869399999999999
2026-01-30 22:00:00,1.18695,1.18695,1.1853,1.18532
2026-01-30 23:00:00,1.18532,1.18563,1.18499,1.18526
2026-02-02 00:00:00,1.18496,1.18522,1.18438,1.18483
2026-02-02 01:00:00,1.18485,1.18569,1.18397,1.18461
2026-02-02 02:00:00,1.18463,1.18748,1.18462,1.18666
2026-02-02 03:00:00,1.18666,1.18725,1.1852800000000001,1.18706
2026-02-02 04:00:00,1.18706,1.18748,1.18631,1.18632
2026-02-02 05:00:00,1.18632,1.1871800000000001,1.18631,1.18641
2026-02-02 06:00:00,1.18641,1.18725,1.18578,1.18632
2026-02-02 07:00:00,1.18632,1.18638,1.1841,1.18506
2026-02-02 08:00:00,1.18506,1.18545,1.1843,1.1853799999999999
2026-02-02 09:00:00,1.1853799999999999,1.18634,1.18516,1.18536
2026-02-02 10:00:00,1.18536,1.18666,1.18436,1.18508
2026-02-02 11:00:00,1.18507,1.18651,1.18446,1.1862300000000001
2026-02-02 12:00:00,1.18622,1.18702,1.18586,1.18646
2026-02-02 13:00:00,1.18646,1.18714,1.18606,1.18646
2026-02-02 14:00:00,1.18647,1.18698,1.18429,1.18498
2026-02-02 15:00:00,1.18498,1.18503,1.18179,1.18208
2026-02-02 16:00:00,1.18207,1.18297,1.18052,1.18204
2026-02-02 17:00:00,1.18053,1.18168,1.17904,1.17923
2026-02-02 18:00:00,1.17923,1.18078,1.17904,1.18063
2026-02-02 19:00:00,1.18064,1.18124,1.1795,1.18
2026-02-02 20:00:00,1.18,1.18012,1.17776,1.17797
2026-02-02 21:00:00,1.17799,1.17914,1.1776,1.17888
2026-02-02 22:00:00,1.17888,1.17923,1.17803,1.17914
2026-02-02 23:00:00,1.17914,1.17944,1.17883,1.179
2026-02-03 00:00:00,1.179,1.17921,1.17793,1.17893
2026-02-03 01:00:00,1.17893,1.1799,1.17875,1.1799
2026-02-03 02:00:00,1.1799,1.18071,1.17981,1.18064
2026-02-03 03:00:00,1.18064,1.18147,1.1801599999999999,1.18139
2026-02-03 04:00:00,1.18139,1.18144,1.18008,1.18015
2026-02-03 05:00:00,1.18015,1.18127,1.18009,1.18095
2026-02-03 06:00:00,1.18095,1.18166,1.18088,1.18092
2026-02-03 07:00:00,1.18092,1.18132,1.18049,1.18088
2026-02-03 08:00:00,1.18088,1.18164,1.18078,1.18138
2026-02-03 09:00:00,1.18137,1.18245,1.18099,1.18153
2026-02-03 10:00:00,1.18153,1.18195,1.18037,1.18129
2026-02-03 11:00:00,1.18127,1.18161,1.17922,1.17922
2026-02-03 12:00:00,1.17923,1.17999,1.17868,1.17871
2026-02-03 13:00:00,1.17871,1.17949,1.17826,1.1787
2026-02-03 14:00:00,1.1787,1.17999,1.1786699999999999,1.17966
2026-02-03 15:00:00,1.17966,1.18067,1.17926,1.1796
2026-02-03 16:00:00,1.1796,1.18012,1.17799,1.17911
2026-02-03 17:00:00,1.17911,1.18137,1.17861,1.1813
2026-02-03 18:00:00,1.18133,1.18213,1.1810100000000001,1.18178
2026-02-03 19:00:00,1.18178,1.18289,1.18138,1.18163
2026-02-03 20:00:00,1.18163,1.18225,1.18089,1.18089
2026-02-03 21:00:00,1.18088,1.1817,1.18057,1.18134
2026-02-03 22:00:00,1.18138,1.18219,1.18094,1.18211
2026-02-03 23:00:00,1.1821,1.18254,1.18176,1.18185
2026-02-04 00:00:00,1.18164,1.182,1.18119,1.1817199999999999
2026-02-04 01:00:00,1.1817199999999999,1.18207,1.18122,1.18157
2026-02-04 02:00:00,1.18157,1.18175,1.18088,1.18143
2026-02-04 03:00:00,1.18142,1.1832,1.18124,1.1826
2026-02-04 04:00:00,1.1826,1.18317,1.18189,1.18222
2026-02-04 05:00:00,1.18222,1.18282,1.18208,1.1827
2026-02-04 06:00:00,1.1827,1.18357,1.18254,1.1835499999999999
2026-02-04 07:00:00,1.1835499999999999,1.18362,1.18307,1.18329
2026-02-04 08:00:00,1.18329,1.1836,1.18289,1.18296
2026-02-04 09:00:00,1.18296,1.1834,1.1824,1.1832
2026-02-04 10:00:00,1.18313,1.1837900000000001,1.18236,1.18287
2026-02-04 11:00:00,1.18288,1.18326,1.1811099999999999,1.18139
2026-02-04 12:00:00,1.18138,1.18179,1.18047,1.18134
2026-02-04 13:00:00,1.18134,1.18154,1.18058,1.18103
2026-02-04 14:00:00,1.18104,1.18247,1.18095,1.18215
2026-02-04 15:00:00,1.18218,1.18269,1.18113,1.18224
2026-02-04 16:00:00,1.18225,1.18256,1.18053,1.18114
