time,open,high,low,close
2022-11-16 12:00:00,1.18954,1.1942,1.18598,1.18727
2022-11-16 16:00:00,1.18731,1.19056,1.18321,1.1895
2022-11-16 20:00:00,1.18952,1.19251,1.18692,1.19143
2022-11-17 00:00:00,1.19122,1.19192,1.18832,1.18872
2022-11-17 04:00:00,1.18872,1.19045,1.18662,1.18974
2022-11-17 08:00:00,1.1897,1.19577,1.187,1.18864
2022-11-17 12:00:00,1.18866,1.18889,1.17624,1.17649
2022-11-17 16:00:00,1.17654,1.18441,1.17634,1.1837
2022-11-17 20:00:00,1.18367,1.18682,1.18349,1.1864
2022-11-18 00:00:00,1.18617,1.19012,1.1857199999999999,1.18862
2022-11-18 04:00:00,1.1886,1.1931,1.18859,1.19035
2022-11-18 08:00:00,1.19035,1.19508,1.18813,1.19275
2022-11-18 12:00:00,1.19275,1.19413,1.18905,1.19062
2022-11-18 16:00:00,1.19069,1.19377,1.18735,1.18792
2022-11-18 20:00:00,1.18794,1.19006,1.18753,1.18814
2022-11-21 00:00:00,1.18929,1.18967,1.1846,1.18567
2022-11-21 04:00:00,1.18569,1.18569,1.18211,1.18327
2022-11-21 08:00:00,1.18327,1.18401,1.17927,1.18052
2022-11-21 12:00:00,1.18056,1.18306,1.17847,1.1809
2022-11-21 16:00:00,1.18093,1.18275,1.17788,1.17934
2022-11-21 20:00:00,1.1792799999999999,1.18244,1.17912,1.18231
2022-11-22 00:00:00,1.18214,1.18592,1.18185,1.18531
2022-11-22 04:00:00,1.18532,1.18638,1.18337,1.18444
2022-11-22 08:00:00,1.18444,1.1884000000000001,1.18246,1.18602
2022-11-22 12:00:00,1.1859899999999999,1.19029,1.18463,1.18766
2022-11-22 16:00:00,1.18773,1.18912,1.18553,1.18819
2022-11-22 20:00:00,1.18817,1.18937,1.18744,1.18846
2022-11-23 00:00:00,1.18847,1.1909399999999999,1.18761,1.18848
2022-11-23 04:00:00,1.18848,1.1893799999999999,1.18723,1.18861
2022-11-23 08:00:00,1.18859,1.19364,1.18748,1.19192
2022-11-23 12:00:00,1.19194,1.19818,1.1905000000000001,1.19707
2022-11-23 16:00:00,1.19707,1.20808,1.1966,1.20295
2022-11-23 20:00:00,1.20295,1.20721,1.20194,1.20539
2022-11-24 00:00:00,1.2052,1.2092,1.20462,1.2088
2022-11-24 04:00:00,1.20881,1.2113,1.20794,1.20932
2022-11-24 08:00:00,1.2093,1.20974,1.20596,1.20935
2022-11-24 12:00:00,1.20935,1.21324,1.20869,1.21176
2022-11-24 16:00:00,1.21176,1.21534,1.21162,1.2123599999999999
2022-11-24 20:00:00,1.21237,1.21238,1.21108,1.21133
2022-11-25 00:00:00,1.21057,1.21178,1.20966,1.21008
2022-11-25 04:00:00,1.21008,1.21277,1.20953,1.21004
2022-11-25 08:00:00,1.21004,1.21249,1.20725,1.20802
2022-11-25 12:00:00,1.20803,1.21203,1.2058,1.20788
2022-11-25 16:00:00,1.20794,1.21113,1.20633,1.20946
2022-11-25 20:00:00,1.20942,1.21051,1.20724,1.20911
2022-11-28 00:00:00,1.2059,1.2075,1.20305,1.20378
2022-11-28 04:00:00,1.20379,1.20598,1.20254,1.20492
2022-11-28 08:00:00,1.2049400000000001,1.2118,1.20468,1.20876
2022-11-28 12:00:00,1.20876,1.21099,1.20593,1.20755
2022-11-28 16:00:00,1.20755,1.20758,1.2001,1.20012
2022-11-28 20:00:00,1.20012,1.20077,1.19402,1.19518
2022-11-29 00:00:00,1.19497,1.19922,1.19444,1.19894
2022-11-29 04:00:00,1.19892,1.2022599999999999,1.19828,1.20115
2022-11-29 08:00:00,1.20115,1.2064300000000001,1.1979899999999999,1.19862
2022-11-29 12:00:00,1.19871,1.20352,1.19786,1.19874
2022-11-29 16:00:00,1.19874,1.20177,1.19532,1.19713
2022-11-29 20:00:00,1.19712,1.19767,1.1945000000000001,1.19527
2022-11-30 00:00:00,1.19508,1.19906,1.19418,1.19814
2022-11-30 04:00:00,1.19815,1.19933,1.19705,1.19795
2022-11-30 08:00:00,1.19792,1.20159,1.19492,1.20149
2022-11-30 12:00:00,1.20146,1.2029,1.19856,1.19868
2022-11-30 16:00:00,1.19867,1.20243,1.19004,1.1942599999999999
2022-11-30 20:00:00,1.19425,1.2086999999999999,1.19217,1.20568
2022-12-01 00:00:00,1.20502,1.21049,1.20455,1.20834
2022-12-01 04:00:00,1.20833,1.21076,1.20734,1.21023
2022-12-01 08:00:00,1.21024,1.21511,1.20698,1.21503
2022-12-01 12:00:00,1.215,1.22418,1.21349,1.22144
2022-12-01 16:00:00,1.22144,1.23103,1.22094,1.22597
2022-12-01 20:00:00,1.22595,1.22759,1.22346,1.22552
2022-12-02 00:00:00,1.22512,1.22789,1.22312,1.2242
2022-12-02 04:00:00,1.2242,1.22535,1.22244,1.22291
2022-12-02 08:00:00,1.22292,1.22979,1.22271,1.22743
2022-12-02 12:00:00,1.22748,1.2294,1.21344,1.21855
2022-12-02 16:00:00,1.21849,1.23,1.2167,1.2277
2022-12-02 20:00:00,1.22778,1.2298499999999999,1.22591,1.2291400000000001
2022-12-05 00:00:00,1.22684,1.23348,1.22682,1.23237
2022-12-05 04:00:00,1.23238,1.23444,1.23143,1.23345
2022-12-05 08:00:00,1.23345,1.23345,1.22606,1.22838
2022-12-05 12:00:00,1.22837,1.23202,1.22333,1.22625
2022-12-05 16:00:00,1.22623,1.2275,1.21634,1.21822
2022-12-05 20:00:00,1.21822,1.21986,1.21618,1.21946
2022-12-06 00:00:00,1.21734,1.22238,1.21708,1.22079
2022-12-06 04:00:00,1.22082,1.22189,1.21793,1.21928
2022-12-06 08:00:00,1.2193100000000001,1.22228,1.21671,1.2178
2022-12-06 12:00:00,1.21774,1.22411,1.2159,1.2201
2022-12-06 16:00:00,1.22019,1.22694,1.21533,1.21755
2022-12-06 20:00:00,1.21756,1.21818,1.21274,1.2133099999999999
2022-12-07 00:00:00,1.21326,1.21465,1.21211,1.21437
2022-12-07 04:00:00,1.21436,1.21498,1.21231,1.2129
2022-12-07 08:00:00,1.2129,1.2156500000000001,1.21062,1.2129699999999999
2022-12-07 12:00:00,1.21296,1.22255,1.21296,1.2217
2022-12-07 16:00:00,1.2218499999999999,1.22305,1.21721,1.22241
2022-12-07 20:00:00,1.2224,1.22344,1.22014,1.22094
2022-12-08 00:00:00,1.21997,1.22137,1.21802,1.2184300000000001
2022-12-08 04:00:00,1.21844,1.21962,1.21778,1.21879
2022-12-08 08:00:00,1.21878,1.22147,1.21599,1.21717
2022-12-08 12:00:00,1.21718,1.22336,1.21546,1.2212399999999999
2022-12-08 16:00:00,1.22128,1.2247,1.21903,1.22332
2022-12-08 20:00:00,1.22332,1.22474,1.22239,1.2236
2022-12-09 00:00:00,1.22281,1.22721,1.22213,1.22686
2022-12-09 04:00:00,1.22689,1.22766,1.22525,1.2259
2022-12-09 08:00:00,1.22591,1.22699,1.22316,1.22473
2022-12-09 12:00:00,1.2248,1.22974,1.22024,1.2269700000000001
2022-12-09 16:00:00,1.22704,1.23224,1.22497,1.22867
2022-12-09 20:00:00,1.22867,1.22877,1.2252,1.22634
2022-12-12 00:00:00,1.22475,1.2262,1.22122,1.22223
2022-12-12 04:00:00,1.22222,1.22381,1.22122,1.2227000000000001
2022-12-12 08:00:00,1.2227000000000001,1.22777,1.2207,1.22742
2022-12-12 12:00:00,1.22744,1.22986,1.22685,1.2293
2022-12-12 16:00:00,1.2293,1.22988,1.22425,1.22823
2022-12-12 20:00:00,1.2282,1.2285,1.22407,1.2265
2022-12-13 00:00:00,1.2263,1.22789,1.22598,1.22759
2022-12-13 04:00:00,1.2276,1.22907,1.22518,1.22812
2022-12-13 08:00:00,1.22812,1.23035,1.22486,1.22741
2022-12-13 12:00:00,1.22745,1.24384,1.22607,1.24108
2022-12-13 16:00:00,1.24114,1.24439,1.23518,1.23667
2022-12-13 20:00:00,1.23667,1.23814,1.23454,1.23651
2022-12-14 00:00:00,1.23572,1.23738,1.23418,1.23515
2022-12-14 04:00:00,1.23515,1.23599,1.2343,1.23548
2022-12-14 08:00:00,1.23549,1.24033,1.23424,1.23933
2022-12-14 12:00:00,1.23936,1.24044,1.23548,1.23715
2022-12-14 16:00:00,1.23712,1.24236,1.23588,1.2419
2022-12-14 20:00:00,1.2419,1.24463,1.23452,1.24274
2022-12-15 00:00:00,1.24208,1.2428,1.23986,1.24003
2022-12-15 04:00:00,1.24006,1.24036,1.23766,1.23926
2022-12-15 08:00:00,1.23926,1.24024,1.22964,1.23393
2022-12-15 12:00:00,1.23394,1.23556,1.2285,1.2317
2022-12-15 16:00:00,1.23171,1.23562,1.2156500000000001,1.21585
2022-12-15 20:00:00,1.216,1.2196,1.2158,1.21783
2022-12-16 00:00:00,1.2177,1.2207,1.21718,1.22015
2022-12-16 04:00:00,1.22016,1.22231,1.21998,1.22057
2022-12-16 08:00:00,1.22057,1.22227,1.21198,1.21446
2022-12-16 12:00:00,1.21447,1.22159,1.21395,1.21885
2022-12-16 16:00:00,1.21886,1.22226,1.21452,1.21795
2022-12-16 20:00:00,1.21795,1.21897,1.21428,1.21432
2022-12-19 00:00:00,1.21488,1.21969,1.2141,1.21967
2022-12-19 04:00:00,1.21966,1.2202,1.21673,1.21698
2022-12-19 08:00:00,1.2169699999999999,1.22417,1.21692,1.22127
2022-12-19 12:00:00,1.22118,1.22241,1.21558,1.21657
2022-12-19 16:00:00,1.21659,1.21932,1.21209,1.21808
2022-12-19 20:00:00,1.2181,1.21814,1.2139,1.21454
2022-12-20 00:00:00,1.21469,1.21558,1.21385,1.21526
2022-12-20 04:00:00,1.21527,1.22234,1.20855,1.21163
2022-12-20 08:00:00,1.21161,1.21969,1.21143,1.21501
2022-12-20 12:00:00,1.21493,1.21818,1.20978,1.21468
2022-12-20 16:00:00,1.21471,1.21684,1.21223,1.21425
2022-12-20 20:00:00,1.21425,1.21879,1.21334,1.2184300000000001
2022-12-21 00:00:00,1.2175,1.21918,1.21632,1.21669
2022-12-21 04:00:00,1.21668,1.21727,1.21608,1.21667
2022-12-21 08:00:00,1.21668,1.21827,1.21284,1.21383
2022-12-21 12:00:00,1.2138200000000001,1.2164,1.20858,1.21414
2022-12-21 16:00:00,1.21412,1.21432,1.2055,1.20684
2022-12-21 20:00:00,1.20678,1.20971,1.20594,1.20825
2022-12-22 00:00:00,1.20759,1.21139,1.20716,1.2111
2022-12-22 04:00:00,1.21106,1.21346,1.21082,1.21185
2022-12-22 08:00:00,1.21185,1.21474,1.20876,1.20997
2022-12-22 12:00:00,1.20997,1.2109,1.20222,1.20308
2022-12-22 16:00:00,1.20308,1.2044,1.19924,1.20207
2022-12-22 20:00:00,1.20207,1.20472,1.2001,1.20397
2022-12-23 00:00:00,1.20259,1.2046000000000001,1.20184,1.20447
2022-12-23 04:00:00,1.20447,1.20579,1.20347,1.2035
2022-12-23 08:00:00,1.2035,1.20746,1.20288,1.20659
2022-12-23 12:00:00,1.20659,1.20902,1.20233,1.20444
2022-12-23 16:00:00,1.20444,1.2086000000000001,1.20282,1.2053
2022-12-23 20:00:00,1.2053,1.20546,1.20281,1.20517
2022-12-27 00:00:00,1.20516,1.21001,1.2049400000000001,1.2098200000000001
2022-12-27 04:00:00,1.2098200000000001,1.21031,1.20791,1.20946
2022-12-27 08:00:00,1.20945,1.21126,1.2052,1.20622
2022-12-27 12:00:00,1.2062,1.20736,1.20204,1.20238
2022-12-27 16:00:00,1.20235,1.20478,1.20023,1.20135
2022-12-27 20:00:00,1.20136,1.20359,1.20114,1.2028699999999999
2022-12-28 00:00:00,1.20261,1.2031399999999999,1.2008,1.20273
2022-12-28 04:00:00,1.20275,1.20294,1.20021,1.20255
2022-12-28 08:00:00,1.20255,1.20544,1.20177,1.20296
2022-12-28 12:00:00,1.20296,1.21001,1.20265,1.20844
2022-12-28 16:00:00,1.20844,1.21256,1.20223,1.20437
2022-12-28 20:00:00,1.20441,1.20543,1.20164,1.20187
2022-12-29 00:00:00,1.20141,1.20513,1.20112,1.20406
2022-12-29 04:00:00,1.20405,1.20456,1.20276,1.20379
2022-12-29 08:00:00,1.20379,1.20632,1.20145,1.20554
2022-12-29 12:00:00,1.20553,1.20588,1.20194,1.2049400000000001
2022-12-29 16:00:00,1.2049400000000001,1.20788,1.20227,1.20682
2022-12-29 20:00:00,1.20683,1.2074,1.20519,1.20547
2022-12-30 00:00:00,1.20512,1.20667,1.204,1.20597
2022-12-30 04:00:00,1.20596,1.20596,1.20384,1.2044
2022-12-30 08:00:00,1.20437,1.2074799999999999,1.20271,1.20318
2022-12-30 12:00:00,1.20318,1.20655,1.20098,1.20519
2022-12-30 16:00:00,1.2052,1.21076,1.20157,1.20986
2022-12-30 20:00:00,1.20994,1.20994,1.20597,1.20808
2023-01-02 00:00:00,1.20723,1.21054,1.2067,1.20884
2023-01-02 04:00:00,1.20884,1.20896,1.20726,1.20743
2023-01-02 08:00:00,1.20743,1.20762,1.20422,1.20459
2023-01-02 12:00:00,1.20459,1.20542,1.20452,1.20507
2023-01-02 16:00:00,1.20509,1.20528,1.20351,1.20457
2023-01-02 20:00:00,1.20457,1.2049,1.20429,1.20457
2023-01-03 00:00:00,1.20454,1.20759,1.20349,1.20513
2023-01-03 04:00:00,1.20512,1.20848,1.2049400000000001,1.20693
2023-01-03 08:00:00,1.20693,1.20792,1.19002,1.1924
2023-01-03 12:00:00,1.1924299999999999,1.20095,1.19048,1.19927
2023-01-03 16:00:00,1.19927,1.20576,1.19528,1.19647
2023-01-03 20:00:00,1.19648,1.19918,1.19623,1.19674
2023-01-04 00:00:00,1.19684,1.19965,1.19577,1.19939
2023-01-04 04:00:00,1.19937,1.2001,1.19786,1.19845
2023-01-04 08:00:00,1.19842,1.20862,1.19711,1.20599
2023-01-04 12:00:00,1.20598,1.20872,1.20291,1.20563
2023-01-04 16:00:00,1.20559,1.20766,1.20138,1.20656
2023-01-04 20:00:00,1.20655,1.20728,1.20408,1.2056499999999999
2023-01-05 00:00:00,1.20525,1.20772,1.20482,1.20629
2023-01-05 04:00:00,1.20629,1.2063,1.2031100000000001,1.2037499999999999
2023-01-05 08:00:00,1.20376,1.20507,1.19998,1.20304
2023-01-05 12:00:00,1.20306,1.20381,1.1917200000000001,1.19195
2023-01-05 16:00:00,1.19191,1.19285,1.18736,1.1907
2023-01-05 20:00:00,1.19072,1.19353,1.1897,1.1911100000000001
2023-01-06 00:00:00,1.19048,1.1929,1.18964,1.19183
2023-01-06 04:00:00,1.19184,1.19359,1.18988,1.19038
2023-01-06 08:00:00,1.1904,1.19264,1.18537,1.18579
2023-01-06 12:00:00,1.18581,1.19298,1.18411,1.19261
2023-01-06 16:00:00,1.19261,1.20848,1.18787,1.20846
2023-01-06 20:00:00,1.20846,1.20993,1.2070400000000001,1.2092
2023-01-09 00:00:00,1.2083599999999999,1.2128700000000001,1.20832,1.2113800000000001
2023-01-09 04:00:00,1.2113800000000001,1.21582,1.21122,1.21464
2023-01-09 08:00:00,1.21464,1.21741,1.21256,1.21588
2023-01-09 12:00:00,1.2159200000000001,1.21885,1.2112,1.21682
2023-01-09 16:00:00,1.21682,1.2209699999999999,1.21605,1.21948
2023-01-09 20:00:00,1.2195,1.22046,1.2176,1.2185
2023-01-10 00:00:00,1.21786,1.21982,1.21637,1.21798
2023-01-10 04:00:00,1.21798,1.21863,1.2157,1.21752
2023-01-10 08:00:00,1.21753,1.2185,1.21396,1.2184
2023-01-10 12:00:00,1.21841,1.21842,1.21098,1.21373
2023-01-10 16:00:00,1.2138,1.21813,1.21349,1.21484
2023-01-10 20:00:00,1.21481,1.21678,1.2142,1.2151399999999999
2023-01-11 00:00:00,1.21522,1.21644,1.21416,1.21503
2023-01-11 04:00:00,1.21499,1.21737,1.21459,1.2168700000000001
2023-01-11 08:00:00,1.2168700000000001,1.21784,1.21261,1.21325
2023-01-11 12:00:00,1.21324,1.2141,1.21035,1.2106
2023-01-11 16:00:00,1.21061,1.21534,1.21004,1.21212
2023-01-11 20:00:00,1.21212,1.21566,1.21142,1.21481
2023-01-12 00:00:00,1.2139,1.21654,1.21383,1.2159200000000001
2023-01-12 04:00:00,1.21593,1.21704,1.2153,1.21557
2023-01-12 08:00:00,1.21556,1.21821,1.21335,1.21769
2023-01-12 12:00:00,1.21771,1.2242,1.20853,1.22355
2023-01-12 16:00:00,1.22361,1.22393,1.20888,1.22289
2023-01-12 20:00:00,1.2229,1.22469,1.22056,1.22121
2023-01-13 00:00:00,1.22065,1.22327,1.21998,1.2218499999999999
2023-01-13 04:00:00,1.2218499999999999,1.22189,1.21759,1.21814
2023-01-13 08:00:00,1.21818,1.22488,1.21807,1.22284
2023-01-13 12:00:00,1.22284,1.2241,1.21587,1.21675
2023-01-13 16:00:00,1.2168,1.22221,1.21505,1.22094
2023-01-13 20:00:00,1.22094,1.22398,1.22038,1.22333
2023-01-16 00:00:00,1.2217,1.22766,1.22152,1.22709
2023-01-16 04:00:00,1.22711,1.22889,1.22552,1.22632
2023-01-16 08:00:00,1.22635,1.22639,1.21713,1.22004
2023-01-16 12:00:00,1.22003,1.22255,1.21804,1.21928
2023-01-16 16:00:00,1.2193100000000001,1.22112,1.21891,1.21906
2023-01-16 20:00:00,1.21905,1.21989,1.21828,1.21962
2023-01-17 00:00:00,1.21909,1.22125,1.21783,1.21882
2023-01-17 04:00:00,1.2187999999999999,1.2206299999999999,1.21722,1.22011
2023-01-17 08:00:00,1.22012,1.22301,1.21689,1.22084
2023-01-17 12:00:00,1.22083,1.22724,1.21919,1.2252
2023-01-17 16:00:00,1.22521,1.23004,1.22462,1.22622
2023-01-17 20:00:00,1.22621,1.22916,1.22584,1.22884
2023-01-18 00:00:00,1.2282,1.2288000000000001,1.22682,1.22845
2023-01-18 04:00:00,1.22845,1.22901,1.22544,1.22822
2023-01-18 08:00:00,1.22823,1.23632,1.22816,1.23588
2023-01-18 12:00:00,1.23589,1.24215,1.2337500000000001,1.2395
2023-01-18 16:00:00,1.2395,1.24356,1.23308,1.23453
2023-01-18 20:00:00,1.23462,1.23478,1.23274,1.23442
2023-01-19 00:00:00,1.2342,1.23499,1.23181,1.23364
2023-01-19 04:00:00,1.23364,1.23451,1.23196,1.23308
2023-01-19 08:00:00,1.23308,1.23494,1.2313,1.23369
2023-01-19 12:00:00,1.2337,1.23591,1.23149,1.23492
2023-01-19 16:00:00,1.23487,1.23775,1.23361,1.23721
2023-01-19 20:00:00,1.23724,1.23973,1.2366,1.23912
2023-01-20 00:00:00,1.23893,1.23978,1.23766,1.23849
2023-01-20 04:00:00,1.23848,1.23938,1.23648,1.23787
2023-01-20 08:00:00,1.23789,1.23826,1.23384,1.23411
2023-01-20 12:00:00,1.23408,1.2371,1.2335099999999999,1.2341199999999999
2023-01-20 16:00:00,1.23411,1.23956,1.23363,1.23864
2023-01-20 20:00:00,1.23864,1.24045,1.2373,1.2399
2023-01-23 00:00:00,1.24004,1.24346,1.23974,1.24261
2023-01-23 04:00:00,1.2426,1.24479,1.24136,1.24138
2023-01-23 08:00:00,1.24137,1.24315,1.23942,1.24067
2023-01-23 12:00:00,1.24067,1.24092,1.23352,1.23458
2023-01-23 16:00:00,1.23458,1.23876,1.23234,1.23689
2023-01-23 20:00:00,1.23688,1.23881,1.23559,1.23784
2023-01-24 00:00:00,1.23766,1.23905,1.23714,1.23882
2023-01-24 04:00:00,1.23882,1.23941,1.23748,1.23866
2023-01-24 08:00:00,1.23865,1.24137,1.2308,1.23308
2023-01-24 12:00:00,1.23309,1.23356,1.22815,1.22922
2023-01-24 16:00:00,1.22921,1.23401,1.2263,1.23261
2023-01-24 20:00:00,1.23262,1.23421,1.23226,1.23393
2023-01-25 00:00:00,1.23262,1.2337,1.23119,1.2326
2023-01-25 04:00:00,1.23261,1.2337,1.23161,1.23222
2023-01-25 08:00:00,1.23222,1.23392,1.2304,1.23102
2023-01-25 12:00:00,1.23102,1.23368,1.2283,1.23155
2023-01-25 16:00:00,1.23154,1.23998,1.23103,1.23821
2023-01-25 20:00:00,1.23823,1.24041,1.23808,1.2401
2023-01-26 00:00:00,1.23972,1.24185,1.23901,1.24098
2023-01-26 04:00:00,1.24097,1.2410700000000001,1.23892,1.24008
2023-01-26 08:00:00,1.24006,1.24307,1.2374,1.23844
2023-01-26 12:00:00,1.23845,1.24073,1.23605,1.23926
2023-01-26 16:00:00,1.23925,1.24196,1.2345,1.2375
2023-01-26 20:00:00,1.2375099999999999,1.2416,1.23743,1.24114
2023-01-27 00:00:00,1.24066,1.2419,1.23957,1.24037
2023-01-27 04:00:00,1.24037,1.24041,1.23771,1.23816
2023-01-27 08:00:00,1.23816,1.23898,1.23594,1.2370700000000001
2023-01-27 12:00:00,1.2370700000000001,1.23913,1.23555,1.23685
2023-01-27 16:00:00,1.23684,1.23981,1.23454,1.23919
2023-01-27 20:00:00,1.2392,1.23996,1.23815,1.23983
2023-01-30 00:00:00,1.23838,1.24045,1.23781,1.23921
2023-01-30 04:00:00,1.23923,1.24054,1.23833,1.23964
2023-01-30 08:00:00,1.23964,1.23996,1.23683,1.23926
2023-01-30 12:00:00,1.2393,1.24174,1.2373,1.23746
2023-01-30 16:00:00,1.23747,1.23946,1.236,1.23628
2023-01-30 20:00:00,1.23628,1.23638,1.23367,1.23505
2023-01-31 00:00:00,1.23471,1.23713,1.23424,1.23666
2023-01-31 04:00:00,1.23668,1.23668,1.2331,1.23385
2023-01-31 08:00:00,1.23389,1.23627,1.2308,1.23254
2023-01-31 12:00:00,1.23253,1.23293,1.22955,1.23217
2023-01-31 16:00:00,1.23216,1.23281,1.2284,1.23259
2023-01-31 20:00:00,1.23259,1.2337500000000001,1.2314,1.23182
2023-02-01 00:00:00,1.23194,1.23244,1.23032,1.23103
2023-02-01 04:00:00,1.23103,1.23194,1.23035,1.23147
2023-02-01 08:00:00,1.23145,1.23282,1.23087,1.2316799999999999
2023-02-01 12:00:00,1.23166,1.23443,1.23125,1.23395
2023-02-01 16:00:00,1.23394,1.2347,1.22942,1.23024
2023-02-01 20:00:00,1.23024,1.23936,1.2272,1.23724
2023-02-02 00:00:00,1.2374100000000001,1.24021,1.23702,1.23779
2023-02-02 04:00:00,1.2378,1.23958,1.23765,1.23904
2023-02-02 08:00:00,1.23905,1.2397,1.23312,1.23445
2023-02-02 12:00:00,1.23445,1.23913,1.22647,1.23011
2023-02-02 16:00:00,1.23014,1.23262,1.22313,1.22439
2023-02-02 20:00:00,1.22446,1.2255,1.22223,1.2223600000000001
2023-02-03 00:00:00,1.22238,1.2229,1.22049,1.22179
2023-02-03 04:00:00,1.22179,1.22197,1.22021,1.22136
2023-02-03 08:00:00,1.22133,1.22522,1.2183,1.22462
2023-02-03 12:00:00,1.22462,1.22656,1.21012,1.21277
2023-02-03 16:00:00,1.21275,1.21477,1.20624,1.20746
2023-02-03 20:00:00,1.20745,1.20758,1.20477,1.20532
2023-02-06 00:00:00,1.2028699999999999,1.2057,1.20272,1.2042
2023-02-06 04:00:00,1.20422,1.20678,1.20385,1.20678
2023-02-06 08:00:00,1.20678,1.207,1.20345,1.20366
2023-02-06 12:00:00,1.20366,1.20774,1.20215,1.20491
2023-02-06 16:00:00,1.20488,1.20751,1.20056,1.20122
2023-02-06 20:00:00,1.2012,1.2039,1.20082,1.20215
2023-02-07 00:00:00,1.2015500000000001,1.20552,1.20142,1.20523
2023-02-07 04:00:00,1.20524,1.2055,1.20351,1.20487
2023-02-07 08:00:00,1.20485,1.20575,1.19866,1.20052
2023-02-07 12:00:00,1.20052,1.20115,1.19611,1.19796
2023-02-07 16:00:00,1.19795,1.20949,1.19676,1.20843
2023-02-07 20:00:00,1.20842,1.20902,1.19872,1.20482
2023-02-08 00:00:00,1.2046000000000001,1.20619,1.20347,1.20468
2023-02-08 04:00:00,1.20469,1.20571,1.20404,1.20534
2023-02-08 08:00:00,1.20534,1.21097,1.20384,1.2105299999999999
2023-02-08 12:00:00,1.21054,1.21083,1.20753,1.20832
2023-02-08 16:00:00,1.20832,1.20976,1.20546,1.20838
2023-02-08 20:00:00,1.2084,1.2095,1.20599,1.20713
2023-02-09 00:00:00,1.20701,1.20768,1.20566,1.20754
2023-02-09 04:00:00,1.20753,1.20932,1.2074,1.20885
2023-02-09 08:00:00,1.20884,1.21434,1.20857,1.2140900000000001
2023-02-09 12:00:00,1.2141,1.21923,1.21309,1.21922
2023-02-09 16:00:00,1.21922,1.2194,1.21309,1.21421
2023-02-09 20:00:00,1.21418,1.21418,1.21111,1.21181
2023-02-10 00:00:00,1.21174,1.21238,1.21002,1.21098
2023-02-10 04:00:00,1.21098,1.21102,1.20895,1.21012
2023-02-10 08:00:00,1.21012,1.21396,1.20898,1.20997
2023-02-10 12:00:00,1.20996,1.21221,1.208,1.21122
2023-02-10 16:00:00,1.21122,1.21305,1.20487,1.2049
2023-02-10 20:00:00,1.20489,1.20634,1.20472,1.20544
2023-02-13 00:00:00,1.20659,1.20659,1.20334,1.2048
2023-02-13 04:00:00,1.20484,1.20527,1.20401,1.20451
2023-02-13 08:00:00,1.20449,1.2067,1.20318,1.20381
2023-02-13 12:00:00,1.20381,1.21152,1.20306,1.20876
2023-02-13 16:00:00,1.20876,1.21448,1.20808,1.21355
2023-02-13 20:00:00,1.2135799999999999,1.21519,1.21243,1.21398
2023-02-14 00:00:00,1.2132100000000001,1.21527,1.21274,1.21406
2023-02-14 04:00:00,1.21406,1.21515,1.21339,1.21465
2023-02-14 08:00:00,1.21464,1.21882,1.21346,1.21882
2023-02-14 12:00:00,1.21882,1.227,1.2151399999999999,1.22102
2023-02-14 16:00:00,1.22104,1.22211,1.21169,1.21713
2023-02-14 20:00:00,1.21712,1.21903,1.21544,1.21751
2023-02-15 00:00:00,1.217,1.21816,1.21651,1.21662
2023-02-15 04:00:00,1.21662,1.21671,1.21444,1.21497
2023-02-15 08:00:00,1.21498,1.21558,1.20718,1.20963
2023-02-15 12:00:00,1.20959,1.2101,1.20068,1.2014
2023-02-15 16:00:00,1.2014,1.20345,1.19896,1.20048
2023-02-15 20:00:00,1.2005,1.20381,1.19956,1.20339
2023-02-16 00:00:00,1.20256,1.20445,1.20144,1.20395
2023-02-16 04:00:00,1.20394,1.20532,1.20378,1.20458
2023-02-16 08:00:00,1.20458,1.20742,1.20282,1.2055500000000001
2023-02-16 12:00:00,1.20548,1.2069,1.19787,1.19878
2023-02-16 16:00:00,1.19878,1.20273,1.19652,1.2017
2023-02-16 20:00:00,1.20168,1.20274,1.19817,1.1988
2023-02-17 00:00:00,1.19943,1.20001,1.19517,1.19538
2023-02-17 04:00:00,1.19538,1.19585,1.19414,1.19481
2023-02-17 08:00:00,1.1948,1.19588,1.19149,1.19425
2023-02-17 12:00:00,1.19425,1.19741,1.19211,1.1970399999999999
2023-02-17 16:00:00,1.19703,1.20371,1.19654,1.20199
2023-02-17 20:00:00,1.20201,1.20495,1.2017,1.20406
2023-02-20 00:00:00,1.2024,1.20382,1.20145,1.20188
2023-02-20 04:00:00,1.20188,1.20452,1.20185,1.20422
2023-02-20 08:00:00,1.20421,1.20568,1.20187,1.20218
2023-02-20 12:00:00,1.20219,1.20415,1.20187,1.20378
2023-02-20 16:00:00,1.20379,1.20431,1.20247,1.20359
2023-02-20 20:00:00,1.20364,1.20423,1.20346,1.20407
2023-02-21 00:00:00,1.20345,1.20443,1.20138,1.20261
2023-02-21 04:00:00,1.20261,1.20368,1.20172,1.20304
2023-02-21 08:00:00,1.20304,1.21137,1.19859,1.20915
2023-02-21 12:00:00,1.20919,1.21296,1.20753,1.20994
2023-02-21 16:00:00,1.2099199999999999,1.21476,1.20644,1.21276
2023-02-21 20:00:00,1.2128,1.21284,1.20972,1.21111
2023-02-22 00:00:00,1.21119,1.21354,1.21048,1.21208
2023-02-22 04:00:00,1.21208,1.21251,1.20977,1.21063
2023-02-22 08:00:00,1.21063,1.21286,1.2065299999999999,1.2077499999999999
2023-02-22 12:00:00,1.20774,1.2120199999999999,1.20633,1.21049
2023-02-22 16:00:00,1.21047,1.21136,1.20552,1.2073800000000001
2023-02-22 20:00:00,1.20737,1.20827,1.20347,1.20454
2023-02-23 00:00:00,1.20441,1.20607,1.20364,1.20574
2023-02-23 04:00:00,1.20574,1.20681,1.2052,1.20605
2023-02-23 08:00:00,1.20606,1.2075,1.20139,1.20306
2023-02-23 12:00:00,1.20306,1.2061600000000001,1.20196,1.20345
2023-02-23 16:00:00,1.20347,1.20694,1.19919,1.19988
2023-02-23 20:00:00,1.19987,1.2032,1.1996,1.20156
2023-02-24 00:00:00,1.20079,1.2033,1.2006999999999999,1.20163
2023-02-24 04:00:00,1.20162,1.20312,1.20127,1.20229
2023-02-24 08:00:00,1.20229,1.2042,1.20005,1.20239
2023-02-24 12:00:00,1.20239,1.20304,1.19459,1.19648
2023-02-24 16:00:00,1.19646,1.19665,1.19281,1.19456
2023-02-24 20:00:00,1.19456,1.19544,1.19377,1.19394
2023-02-27 00:00:00,1.19499,1.19631,1.19382,1.19629
2023-02-27 04:00:00,1.19618,1.1964299999999999,1.19345,1.19379
2023-02-27 08:00:00,1.19379,1.1985000000000001,1.19223,1.19737
2023-02-27 12:00:00,1.19734,1.20243,1.19642,1.20191
2023-02-27 16:00:00,1.20195,1.20604,1.20134,1.20595
2023-02-27 20:00:00,1.20597,1.20661,1.2048,1.2062599999999999
2023-02-28 00:00:00,1.20636,1.20682,1.20512,1.20529
2023-02-28 04:00:00,1.2053,1.20629,1.20381,1.20401
2023-02-28 08:00:00,1.20401,1.20977,1.20272,1.20743
2023-02-28 12:00:00,1.20743,1.21283,1.20733,1.21229
2023-02-28 16:00:00,1.21228,1.21436,1.20801,1.20999
2023-02-28 20:00:00,1.20998,1.21023,1.20176,1.2022599999999999
2023-03-01 00:00:00,1.20203,1.20422,1.20116,1.2034
2023-03-01 04:00:00,1.2034,1.20471,1.20166,1.20407
2023-03-01 08:00:00,1.20408,1.20889,1.20394,1.2068
2023-03-01 12:00:00,1.2068,1.20752,1.20079,1.20087
2023-03-01 16:00:00,1.2008,1.20452,1.1965,1.20228
2023-03-01 20:00:00,1.20228,1.20276,1.19932,1.20268
2023-03-02 00:00:00,1.20263,1.20366,1.19978,1.2009400000000001
2023-03-02 04:00:00,1.20093,1.2017,1.19843,1.19881
2023-03-02 08:00:00,1.19883,1.20096,1.19554,1.19732
2023-03-02 12:00:00,1.19729,1.1988,1.19245,1.19287
2023-03-02 16:00:00,1.19285,1.19628,1.19254,1.19336
2023-03-02 20:00:00,1.19337,1.19578,1.1925,1.1948
2023-03-03 00:00:00,1.19416,1.1975,1.19412,1.19627
2023-03-03 04:00:00,1.19628,1.19766,1.19577,1.19649
2023-03-03 08:00:00,1.19653,1.1999,1.19652,1.19854
2023-03-03 12:00:00,1.19855,1.20188,1.19743,1.20082
2023-03-03 16:00:00,1.2008,1.20174,1.19624,1.20099
2023-03-03 20:00:00,1.20102,1.20487,1.20082,1.2043
2023-03-06 00:00:00,1.20283,1.2039,1.20235,1.20353
2023-03-06 04:00:00,1.20346,1.20483,1.2025000000000001,1.20358
2023-03-06 08:00:00,1.20361,1.20458,1.20219,1.20281
2023-03-06 12:00:00,1.20282,1.20313,1.19926,1.20109
2023-03-06 16:00:00,1.20109,1.20487,1.19993,1.20408
2023-03-06 20:00:00,1.20407,1.2040899999999999,1.20133,1.20262
2023-03-07 00:00:00,1.20184,1.20425,1.20168,1.20381
2023-03-07 04:00:00,1.20382,1.20477,1.20326,1.20364
2023-03-07 08:00:00,1.20364,1.20651,1.20052,1.20119
2023-03-07 12:00:00,1.20125,1.20164,1.1975500000000001,1.19808
2023-03-07 16:00:00,1.19808,1.19865,1.18452,1.18495
2023-03-07 20:00:00,1.18496,1.18588,1.18211,1.18264
2023-03-08 00:00:00,1.1826,1.18358,1.18231,1.18285
2023-03-08 04:00:00,1.18286,1.18319,1.18099,1.1821
2023-03-08 08:00:00,1.18211,1.18421,1.18152,1.18327
2023-03-08 12:00:00,1.18329,1.18486,1.18185,1.18234
2023-03-08 16:00:00,1.18234,1.18592,1.18025,1.18312
2023-03-08 20:00:00,1.18312,1.18498,1.18254,1.18439
2023-03-09 00:00:00,1.18392,1.18548,1.18317,1.18371
2023-03-09 04:00:00,1.18372,1.18655,1.18357,1.18543
2023-03-09 08:00:00,1.18544,1.1889,1.18381,1.1869399999999999
2023-03-09 12:00:00,1.18692,1.1911,1.1865700000000001,1.19099
2023-03-09 16:00:00,1.19098,1.19364,1.19016,1.19249
2023-03-09 20:00:00,1.19249,1.19388,1.19034,1.19234
2023-03-10 00:00:00,1.19245,1.19333,1.19157,1.19247
2023-03-10 04:00:00,1.19247,1.19319,1.19075,1.19237
2023-03-10 08:00:00,1.19237,1.20092,1.19194,1.19878
2023-03-10 12:00:00,1.1988,1.20448,1.19703,1.20185
2023-03-10 16:00:00,1.20184,1.21136,1.20072,1.20596
2023-03-10 20:00:00,1.2059199999999999,1.2065299999999999,1.2018,1.20315
2023-03-13 00:00:00,1.20817,1.21038,1.20668,1.20734
2023-03-13 04:00:00,1.20733,1.21413,1.20543,1.21162
2023-03-13 08:00:00,1.21162,1.2124,1.20845,1.21
2023-03-13 12:00:00,1.20998,1.21031,1.20463,1.20976
2023-03-13 16:00:00,1.20975,1.21788,1.20814,1.21582
2023-03-13 20:00:00,1.21581,1.21999,1.21472,1.21825
2023-03-14 00:00:00,1.21814,1.21883,1.21543,1.2162
2023-03-14 04:00:00,1.21619,1.21657,1.21444,1.21554
2023-03-14 08:00:00,1.2155,1.21832,1.2141,1.2166299999999999
2023-03-14 12:00:00,1.2166299999999999,1.22036,1.21378,1.2192
2023-03-14 16:00:00,1.21916,1.22016,1.2135799999999999,1.21548
2023-03-14 20:00:00,1.2155,1.21847,1.21526,1.21586
2023-03-15 00:00:00,1.21567,1.2160199999999999,1.21467,1.21546
2023-03-15 04:00:00,1.21545,1.2181899999999999,1.21505,1.21637
2023-03-15 08:00:00,1.21633,1.21644,1.2138200000000001,1.21596
2023-03-15 12:00:00,1.21597,1.21616,1.20421,1.20791
2023-03-15 16:00:00,1.20783,1.20929,1.201,1.20121
2023-03-15 20:00:00,1.2012,1.20853,1.2012,1.20545
2023-03-16 00:00:00,1.2057,1.20812,1.20473,1.20759
2023-03-16 04:00:00,1.2076,1.20819,1.20607,1.20788
2023-03-16 08:00:00,1.20787,1.2113,1.20627,1.20778
2023-03-16 12:00:00,1.20779,1.20831,1.20317,1.20585
2023-03-16 16:00:00,1.20588,1.21204,1.20269,1.21095
2023-03-16 20:00:00,1.21094,1.21278,1.21024,1.21106
2023-03-17 00:00:00,1.21078,1.21145,1.20953,1.21118
2023-03-17 04:00:00,1.21118,1.21486,1.21069,1.21481
2023-03-17 08:00:00,1.21483,1.21765,1.2138200000000001,1.2139199999999999
2023-03-17 12:00:00,1.2139199999999999,1.21473,1.21132,1.21341
2023-03-17 16:00:00,1.21345,1.21796,1.2132100000000001,1.21764
2023-03-17 20:00:00,1.21764,1.22008,1.21657,1.21772
2023-03-20 00:00:00,1.22069,1.22069,1.2177,1.21927
2023-03-20 04:00:00,1.21928,1.21956,1.21684,1.21807
2023-03-20 08:00:00,1.21807,1.22145,1.21668,1.22136
2023-03-20 12:00:00,1.22137,1.22414,1.2184300000000001,1.22303
2023-03-20 16:00:00,1.22302,1.22753,1.22288,1.22691
2023-03-20 20:00:00,1.22693,1.22848,1.22651,1.22789
2023-03-21 00:00:00,1.22775,1.22827,1.22694,1.22738
2023-03-21 04:00:00,1.22738,1.22767,1.22482,1.22536
2023-03-21 08:00:00,1.22536,1.22624,1.22315,1.2233
2023-03-21 12:00:00,1.22329,1.22589,1.22288,1.22516
2023-03-21 16:00:00,1.22518,1.22549,1.21787,1.21899
2023-03-21 20:00:00,1.21901,1.2220900000000001,1.21866,1.22173
2023-03-22 00:00:00,1.22152,1.22276,1.22095,1.22203
2023-03-22 04:00:00,1.22205,1.22367,1.22085,1.2230699999999999
2023-03-22 08:00:00,1.2230699999999999,1.2285300000000001,1.22238,1.22751
2023-03-22 12:00:00,1.22754,1.22973,1.22618,1.22699
2023-03-22 16:00:00,1.22698,1.22719,1.22212,1.2242
2023-03-22 20:00:00,1.2241900000000001,1.23348,1.22327,1.22683
2023-03-23 00:00:00,1.22622,1.2292399999999999,1.22605,1.22913
2023-03-23 04:00:00,1.2291400000000001,1.23246,1.22826,1.2322
2023-03-23 08:00:00,1.2321900000000001,1.23432,1.2304599999999999,1.23206
2023-03-23 12:00:00,1.23208,1.2337500000000001,1.22651,1.22753
2023-03-23 16:00:00,1.22752,1.23304,1.22732,1.23218
2023-03-23 20:00:00,1.23218,1.23218,1.22616,1.22868
2023-03-24 00:00:00,1.22833,1.22923,1.22672,1.22822
2023-03-24 04:00:00,1.22821,1.22865,1.2261199999999999,1.22851
2023-03-24 08:00:00,1.22851,1.22884,1.22364,1.22394
2023-03-24 12:00:00,1.22395,1.22552,1.21903,1.22133
2023-03-24 16:00:00,1.22132,1.2232,1.21962,1.22194
2023-03-24 20:00:00,1.22193,1.22342,1.22122,1.22295
2023-03-27 00:00:00,1.22231,1.22501,1.22184,1.22309
2023-03-27 04:00:00,1.2230699999999999,1.22511,1.22304,1.22379
2023-03-27 08:00:00,1.22379,1.22659,1.22189,1.22626
2023-03-27 12:00:00,1.22624,1.2273100000000001,1.2241,1.22433
2023-03-27 16:00:00,1.22433,1.2293,1.22399,1.22827
2023-03-27 20:00:00,1.22828,1.22932,1.22724,1.22877
2023-03-28 00:00:00,1.22805,1.23152,1.22782,1.231
2023-03-28 04:00:00,1.23101,1.23215,1.2307,1.23152
2023-03-28 08:00:00,1.23152,1.23302,1.22892,1.2296
2023-03-28 12:00:00,1.22958,1.23287,1.2281,1.23136
2023-03-28 16:00:00,1.23135,1.23493,1.22996,1.23438
2023-03-28 20:00:00,1.23444,1.23479,1.23292,1.23404
2023-03-29 00:00:00,1.23414,1.23419,1.23279,1.23363
2023-03-29 04:00:00,1.23371,1.2341,1.23205,1.2328999999999999
2023-03-29 08:00:00,1.23298,1.23319,1.23048,1.2325
2023-03-29 12:00:00,1.23252,1.23616,1.23179,1.23318
2023-03-29 16:00:00,1.23318,1.23403,1.23026,1.23089
2023-03-29 20:00:00,1.23088,1.2323,1.23048,1.23156
2023-03-30 00:00:00,1.23129,1.23179,1.23013,1.23048
2023-03-30 04:00:00,1.23048,1.23115,1.22936,1.23114
2023-03-30 08:00:00,1.23114,1.23631,1.23084,1.23549
2023-03-30 12:00:00,1.23554,1.23801,1.23285,1.2378
2023-03-30 16:00:00,1.23781,1.2386300000000001,1.23573,1.23861
2023-03-30 20:00:00,1.2386300000000001,1.23928,1.23764,1.23888
2023-03-31 00:00:00,1.23835,1.23997,1.23811,1.23991
2023-03-31 04:00:00,1.23991,1.24233,1.23896,1.2395100000000001
2023-03-31 08:00:00,1.23947,1.23999,1.23535,1.23662
2023-03-31 12:00:00,1.23664,1.23962,1.23599,1.2391
2023-03-31 16:00:00,1.2391,1.23976,1.23411,1.23479
2023-03-31 20:00:00,1.2348,1.23486,1.23241,1.2328999999999999
2023-04-03 00:00:00,1.23275,1.2328000000000001,1.2281900000000001,1.23066
2023-04-03 04:00:00,1.23065,1.23077,1.22759,1.2281
2023-04-03 08:00:00,1.2281,1.23346,1.22744,1.23327
2023-04-03 12:00:00,1.23325,1.23931,1.23315,1.23857
2023-04-03 16:00:00,1.23859,1.24206,1.23779,1.23964
2023-04-03 20:00:00,1.23964,1.24234,1.23875,1.2417799999999999
2023-04-04 00:00:00,1.24081,1.24251,1.24052,1.24108
2023-04-04 04:00:00,1.24109,1.24142,1.23987,1.2410700000000001
2023-04-04 08:00:00,1.24106,1.24808,1.23949,1.24753
2023-04-04 12:00:00,1.24753,1.25211,1.24661,1.24709
2023-04-04 16:00:00,1.2471,1.25252,1.24705,1.24942
2023-04-04 20:00:00,1.24943,1.25022,1.2489,1.2500200000000001
2023-04-05 00:00:00,1.25014,1.25105,1.24834,1.24855
2023-04-05 04:00:00,1.24858,1.25054,1.24836,1.2484899999999999
2023-04-05 08:00:00,1.24851,1.25145,1.24699,1.24879
2023-04-05 12:00:00,1.2488,1.2494399999999999,1.24556,1.24895
2023-04-05 16:00:00,1.24895,1.25082,1.24326,1.24525
2023-04-05 20:00:00,1.24525,1.24664,1.2447,1.24614
2023-04-06 00:00:00,1.24619,1.24672,1.2448,1.2448299999999999
2023-04-06 04:00:00,1.2448299999999999,1.24488,1.24373,1.2446
2023-04-06 08:00:00,1.2446,1.2487,1.2442,1.24685
2023-04-06 12:00:00,1.24682,1.24815,1.24278,1.24317
2023-04-06 16:00:00,1.24316,1.24674,1.24124,1.24624
2023-04-06 20:00:00,1.24622,1.24669,1.24374,1.24382
2023-04-07 00:00:00,1.24399,1.24449,1.24331,1.24371
2023-04-07 04:00:00,1.24373,1.24513,1.24364,1.24477
2023-04-07 08:00:00,1.24477,1.24559,1.24289,1.24401
2023-04-07 12:00:00,1.24399,1.24455,1.23891,1.24165
2023-04-07 16:00:00,1.24164,1.24262,1.24,1.24188
2023-04-07 20:00:00,1.2419,1.24334,1.24146,1.24163
2023-04-10 00:00:00,1.24207,1.24341,1.24159,1.24167
2023-04-10 04:00:00,1.24167,1.24218,1.24042,1.2405599999999999
2023-04-10 08:00:00,1.24054,1.24341,1.23966,1.24286
2023-04-10 12:00:00,1.24287,1.24428,1.2349700000000001,1.23516
2023-04-10 16:00:00,1.23516,1.23798,1.23445,1.2375
2023-04-10 20:00:00,1.2375099999999999,1.23853,1.23721,1.23824
2023-04-11 00:00:00,1.23821,1.24039,1.23776,1.23986
2023-04-11 04:00:00,1.2398500000000001,1.24134,1.23866,1.24035
2023-04-11 08:00:00,1.24035,1.2445599999999999,1.24035,1.24352
2023-04-11 12:00:00,1.24353,1.24566,1.24182,1.24316
2023-04-11 16:00:00,1.24316,1.24407,1.24053,1.24088
2023-04-11 20:00:00,1.24086,1.24292,1.24075,1.24255
2023-04-12 00:00:00,1.2424,1.24318,1.24214,1.24296
2023-04-12 04:00:00,1.24295,1.24403,1.2426599999999999,1.24375
2023-04-12 08:00:00,1.24375,1.24461,1.24084,1.24184
2023-04-12 12:00:00,1.2417799999999999,1.24701,1.23983,1.24462
2023-04-12 16:00:00,1.24463,1.24845,1.24384,1.24842
2023-04-12 20:00:00,1.24842,1.24952,1.2478,1.24836
2023-04-13 00:00:00,1.24846,1.24954,1.24754,1.24927
2023-04-13 04:00:00,1.24926,1.24964,1.24848,1.24894
2023-04-13 08:00:00,1.24896,1.25208,1.24782,1.25206
2023-04-13 12:00:00,1.25207,1.25353,1.25008,1.25316
2023-04-13 16:00:00,1.25318,1.25375,1.25006,1.2529
2023-04-13 20:00:00,1.25292,1.25355,1.25208,1.25231
2023-04-14 00:00:00,1.25226,1.25287,1.25152,1.25206
2023-04-14 04:00:00,1.25206,1.25468,1.25203,1.25404
2023-04-14 08:00:00,1.25406,1.25421,1.25023,1.25041
2023-04-14 12:00:00,1.2503600000000001,1.25245,1.24638,1.24861
2023-04-14 16:00:00,1.24852,1.24917,1.23992,1.24052
2023-04-14 20:00:00,1.2405,1.24188,1.24025,1.24138
2023-04-17 00:00:00,1.24054,1.24196,1.23909,1.23912
2023-04-17 04:00:00,1.23915,1.24124,1.23832,1.24122
2023-04-17 08:00:00,1.24122,1.24286,1.2374100000000001,1.23772
2023-04-17 12:00:00,1.23772,1.24383,1.23743,1.24099
2023-04-17 16:00:00,1.24098,1.2416,1.23533,1.23561
2023-04-17 20:00:00,1.23562,1.23788,1.23559,1.2377
2023-04-18 00:00:00,1.23713,1.23788,1.23688,1.23732
2023-04-18 04:00:00,1.23732,1.23878,1.23675,1.23841
2023-04-18 08:00:00,1.23841,1.24433,1.2381199999999999,1.24383
2023-04-18 12:00:00,1.24384,1.24499,1.24259,1.24293
2023-04-18 16:00:00,1.24293,1.24429,1.24124,1.24289
2023-04-18 20:00:00,1.2429000000000001,1.24321,1.24234,1.24247
2023-04-19 00:00:00,1.24243,1.24323,1.2420200000000001,1.24316
2023-04-19 04:00:00,1.24314,1.24346,1.24094,1.24186
2023-04-19 08:00:00,1.24183,1.24723,1.2402199999999999,1.24358
2023-04-19 12:00:00,1.24359,1.24492,1.23923,1.24403
2023-04-19 16:00:00,1.24407,1.24745,1.24342,1.24521
2023-04-19 20:00:00,1.24521,1.24547,1.24352,1.24395
2023-04-20 00:00:00,1.24374,1.2441,1.24249,1.24271
2023-04-20 04:00:00,1.24269,1.24353,1.2420499999999999,1.24296
2023-04-20 08:00:00,1.24296,1.24523,1.24155,1.24435
2023-04-20 12:00:00,1.24435,1.24607,1.24047,1.24543
2023-04-20 16:00:00,1.24538,1.24676,1.2441200000000001,1.24487
2023-04-20 20:00:00,1.24493,1.24527,1.24296,1.24432
2023-04-21 00:00:00,1.2443,1.24435,1.24296,1.24415
2023-04-21 04:00:00,1.24415,1.24466,1.24308,1.24326
2023-04-21 08:00:00,1.2432400000000001,1.24336,1.23782,1.24003
2023-04-21 12:00:00,1.24003,1.24138,1.23772,1.24138
2023-04-21 16:00:00,1.24131,1.24315,1.23669,1.24303
2023-04-21 20:00:00,1.24299,1.24482,1.24227,1.24418
2023-04-24 00:00:00,1.24359,1.24521,1.24342,1.2448299999999999
2023-04-24 04:00:00,1.2448299999999999,1.24502,1.24311,1.2435100000000001
2023-04-24 08:00:00,1.24353,1.24531,1.24106,1.24518
2023-04-24 12:00:00,1.24518,1.24592,1.24264,1.24538
2023-04-24 16:00:00,1.24536,1.24698,1.24328,1.24673
2023-04-24 20:00:00,1.24675,1.24862,1.24654,1.24861
2023-04-25 00:00:00,1.24845,1.25073,1.24737,1.24974
2023-04-25 04:00:00,1.2497,1.25067,1.24806,1.2482
2023-04-25 08:00:00,1.24819,1.24914,1.24557,1.24742
2023-04-25 12:00:00,1.24741,1.24795,1.2420200000000001,1.24245
2023-04-25 16:00:00,1.24248,1.24273,1.23867,1.23993
2023-04-25 20:00:00,1.23994,1.2414100000000001,1.2395100000000001,1.24102
2023-04-26 00:00:00,1.24063,1.2418,1.2404,1.24115
2023-04-26 04:00:00,1.24114,1.24254,1.24026,1.24246
2023-04-26 08:00:00,1.24246,1.2478799999999999,1.24214,1.2478799999999999
2023-04-26 12:00:00,1.2478799999999999,1.2490999999999999,1.2459500000000001,1.24729
2023-04-26 16:00:00,1.24726,1.25156,1.2459500000000001,1.24677
2023-04-26 20:00:00,1.24675,1.24749,1.24537,1.24676
2023-04-27 00:00:00,1.24631,1.24737,1.24603,1.24709
2023-04-27 04:00:00,1.2471,1.2477800000000001,1.2462900000000001,1.2475
2023-04-27 08:00:00,1.24746,1.24884,1.24566,1.24724
2023-04-27 12:00:00,1.24725,1.24975,1.2436,1.24484
2023-04-27 16:00:00,1.24488,1.2494,1.24411,1.24657
2023-04-27 20:00:00,1.24658,1.24997,1.24618,1.24978
2023-04-28 00:00:00,1.24947,1.25,1.24831,1.24963
2023-04-28 04:00:00,1.24963,1.25042,1.24779,1.24825
2023-04-28 08:00:00,1.24824,1.24936,1.24501,1.24555
2023-04-28 12:00:00,1.24555,1.24908,1.24466,1.24872
2023-04-28 16:00:00,1.24876,1.25842,1.24853,1.25747
2023-04-28 20:00:00,1.25746,1.25755,1.25577,1.25662
2023-05-01 00:00:00,1.2555,1.2570299999999999,1.25506,1.25587
2023-05-01 04:00:00,1.25591,1.25694,1.2554,1.25579
2023-05-01 08:00:00,1.2557800000000001,1.25579,1.25183,1.2518500000000001
2023-05-01 12:00:00,1.2518099999999999,1.25575,1.25146,1.25556
2023-05-01 16:00:00,1.25556,1.25599,1.24806,1.24931
2023-05-01 20:00:00,1.24932,1.24961,1.24839,1.24954
2023-05-02 00:00:00,1.2494399999999999,1.24972,1.2484,1.24926
2023-05-02 04:00:00,1.24926,1.25123,1.24921,1.24962
2023-05-02 08:00:00,1.24961,1.25121,1.24636,1.24709
2023-05-02 12:00:00,1.24711,1.24846,1.24535,1.24587
2023-05-02 16:00:00,1.24589,1.24896,1.24353,1.24784
2023-05-02 20:00:00,1.24784,1.2479,1.24661,1.24675
2023-05-03 00:00:00,1.24648,1.2484,1.246,1.24821
2023-05-03 04:00:00,1.24818,1.24937,1.24767,1.24876
2023-05-03 08:00:00,1.2488,1.25338,1.24815,1.25209
2023-05-03 12:00:00,1.25208,1.25285,1.24839,1.24972
2023-05-03 16:00:00,1.24974,1.2555100000000001,1.24949,1.25513
2023-05-03 20:00:00,1.25513,1.25902,1.2538,1.25655
2023-05-04 00:00:00,1.25553,1.25922,1.25485,1.2577099999999999
2023-05-04 04:00:00,1.2577099999999999,1.25907,1.25724,1.2582900000000001
2023-05-04 08:00:00,1.2582900000000001,1.25936,1.25562,1.2558099999999999
2023-05-04 12:00:00,1.25582,1.2586,1.2549000000000001,1.25519
2023-05-04 16:00:00,1.25518,1.2599,1.25481,1.25955
2023-05-04 20:00:00,1.25955,1.2597800000000001,1.25698,1.25724
2023-05-05 00:00:00,1.25704,1.25878,1.25684,1.25846
2023-05-05 04:00:00,1.2585,1.26143,1.2582499999999999,1.2606899999999999
2023-05-05 08:00:00,1.2607,1.2634400000000001,1.25972,1.2608
2023-05-05 12:00:00,1.2608,1.26178,1.25583,1.25693
2023-05-05 16:00:00,1.25692,1.26524,1.25686,1.2647300000000001
2023-05-05 20:00:00,1.2647599999999999,1.2647599999999999,1.2628,1.26309
2023-05-08 00:00:00,1.26262,1.26371,1.2625199999999999,1.2634400000000001
2023-05-08 04:00:00,1.26345,1.26539,1.26265,1.26519
2023-05-08 08:00:00,1.26519,1.26576,1.26316,1.26375
2023-05-08 12:00:00,1.26375,1.26689,1.26316,1.26468
2023-05-08 16:00:00,1.2646899999999999,1.2655,1.26266,1.26391
2023-05-08 20:00:00,1.26397,1.26444,1.2612999999999999,1.2618800000000001
2023-05-09 00:00:00,1.2615,1.26206,1.2604,1.26093
2023-05-09 04:00:00,1.26093,1.26185,1.26052,1.2612999999999999
2023-05-09 08:00:00,1.26128,1.26397,1.25968,1.26088
2023-05-09 12:00:00,1.26086,1.26251,1.2585,1.25861
2023-05-09 16:00:00,1.2586300000000001,1.2623199999999999,1.25782,1.26115
2023-05-09 20:00:00,1.26113,1.26292,1.26098,1.26208
2023-05-10 00:00:00,1.26189,1.26319,1.26159,1.2628300000000001
2023-05-10 04:00:00,1.2628599999999999,1.2634699999999999,1.26208,1.26216
2023-05-10 08:00:00,1.26215,1.26446,1.26113,1.26223
2023-05-10 12:00:00,1.26221,1.268,1.26024,1.26734
2023-05-10 16:00:00,1.26736,1.26775,1.26075,1.26202
2023-05-10 20:00:00,1.26202,1.26312,1.26064,1.26247
2023-05-11 00:00:00,1.26243,1.26372,1.2617,1.26369
2023-05-11 04:00:00,1.26371,1.26409,1.26135,1.26177
2023-05-11 08:00:00,1.26177,1.2625,1.25655,1.25833
2023-05-11 12:00:00,1.25835,1.26152,1.2568,1.25858
2023-05-11 16:00:00,1.25857,1.25857,1.24965,1.25129
2023-05-11 20:00:00,1.25128,1.25168,1.25051,1.25121
2023-05-12 00:00:00,1.25104,1.25179,1.2507,1.25179
2023-05-12 04:00:00,1.25177,1.25268,1.25085,1.2524899999999999
2023-05-12 08:00:00,1.25248,1.25406,1.25061,1.25323
2023-05-12 12:00:00,1.25324,1.25408,1.24919,1.2505600000000001
2023-05-12 16:00:00,1.25055,1.25199,1.24488,1.24516
2023-05-12 20:00:00,1.24516,1.24592,1.24447,1.2448
2023-05-15 00:00:00,1.24526,1.24541,1.2443,1.24505
2023-05-15 04:00:00,1.24513,1.24662,1.24505,1.24631
2023-05-15 08:00:00,1.2463,1.24914,1.24621,1.24886
2023-05-15 12:00:00,1.24887,1.2521,1.24766,1.25076
2023-05-15 16:00:00,1.25071,1.25335,1.2503600000000001,1.2533400000000001
2023-05-15 20:00:00,1.2533400000000001,1.25348,1.2524899999999999,1.2528000000000001
2023-05-16 00:00:00,1.2527599999999999,1.25318,1.25173,1.2530299999999999
2023-05-16 04:00:00,1.25304,1.25324,1.25148,1.25271
2023-05-16 08:00:00,1.25267,1.2533,1.24654,1.2522199999999999
2023-05-16 12:00:00,1.2522,1.2546599999999999,1.2495,1.25133
2023-05-16 16:00:00,1.25133,1.25362,1.24768,1.24854
2023-05-16 20:00:00,1.2486,1.24905,1.24773,1.24852
2023-05-17 00:00:00,1.2489,1.24902,1.24796,1.24863
2023-05-17 04:00:00,1.24862,1.24938,1.2477,1.24785
2023-05-17 08:00:00,1.24785,1.24797,1.24217,1.24275
2023-05-17 12:00:00,1.24268,1.24777,1.24224,1.24698
2023-05-17 16:00:00,1.24697,1.25077,1.24442,1.25045
2023-05-17 20:00:00,1.25047,1.25105,1.24832,1.24868
2023-05-18 00:00:00,1.24863,1.2490700000000001,1.24784,1.24844
2023-05-18 04:00:00,1.24843,1.24929,1.24726,1.24741
2023-05-18 08:00:00,1.24743,1.24766,1.24321,1.24377
2023-05-18 12:00:00,1.24376,1.24493,1.24145,1.24247
2023-05-18 16:00:00,1.24246,1.24378,1.23949,1.23962
2023-05-18 20:00:00,1.23959,1.24126,1.23917,1.24082
2023-05-19 00:00:00,1.2408,1.2416800000000001,1.24021,1.24135
2023-05-19 04:00:00,1.24134,1.2414399999999999,1.2392400000000001,1.23966
2023-05-19 08:00:00,1.23965,1.24276,1.23954,1.24087
2023-05-19 12:00:00,1.24089,1.24682,1.24088,1.24485
2023-05-19 16:00:00,1.24476,1.24838,1.24217,1.24667
2023-05-19 20:00:00,1.24668,1.24708,1.2436,1.24463
2023-05-22 00:00:00,1.24356,1.24678,1.24355,1.2466599999999999
2023-05-22 04:00:00,1.24667,1.24723,1.24558,1.24571
2023-05-22 08:00:00,1.24572,1.2457799999999999,1.24137,1.24416
2023-05-22 12:00:00,1.24413,1.2471,1.24409,1.246
2023-05-22 16:00:00,1.24599,1.246,1.24145,1.24206
2023-05-22 20:00:00,1.24204,1.24438,1.24198,1.24368
2023-05-23 00:00:00,1.24366,1.24465,1.24309,1.24394
2023-05-23 04:00:00,1.2439,1.24394,1.24255,1.24362
2023-05-23 08:00:00,1.2436099999999999,1.24373,1.23848,1.24094
2023-05-23 12:00:00,1.24093,1.24134,1.2373,1.2379
2023-05-23 16:00:00,1.23792,1.24344,1.23771,1.24154
2023-05-23 20:00:00,1.24156,1.24241,1.24089,1.24145
2023-05-24 00:00:00,1.24106,1.24291,1.24104,1.24254
2023-05-24 04:00:00,1.24254,1.24369,1.24151,1.24346
2023-05-24 08:00:00,1.24346,1.24695,1.24026,1.24225
2023-05-24 12:00:00,1.24225,1.24284,1.2364,1.24026
2023-05-24 16:00:00,1.24027,1.24152,1.23578,1.23712
2023-05-24 20:00:00,1.23712,1.23776,1.23581,1.2364600000000001
2023-05-25 00:00:00,1.23644,1.23711,1.23548,1.23641
2023-05-25 04:00:00,1.23633,1.23673,1.2332,1.2341199999999999
2023-05-25 08:00:00,1.23411,1.23803,1.23331,1.23678
2023-05-25 12:00:00,1.23677,1.23868,1.23386,1.2341
2023-05-25 16:00:00,1.2341,1.23612,1.2309,1.2309
2023-05-25 20:00:00,1.2309,1.23332,1.23081,1.23218
2023-05-26 00:00:00,1.23215,1.23252,1.23109,1.23225
2023-05-26 04:00:00,1.23227,1.23368,1.2322,1.23358
2023-05-26 08:00:00,1.23363,1.23692,1.23315,1.2353399999999999
2023-05-26 12:00:00,1.23532,1.23954,1.23458,1.23715
2023-05-26 16:00:00,1.23712,1.23818,1.23209,1.23434
2023-05-26 20:00:00,1.23434,1.23568,1.23433,1.23457
2023-05-29 00:00:00,1.23362,1.23522,1.23334,1.23467
2023-05-29 04:00:00,1.23466,1.23579,1.23437,1.23557
2023-05-29 08:00:00,1.23556,1.2372,1.23354,1.23469
2023-05-29 12:00:00,1.23468,1.2353,1.23363,1.23466
2023-05-29 16:00:00,1.23466,1.23623,1.23425,1.23599
2023-05-29 20:00:00,1.23599,1.2361900000000001,1.23539,1.23542
2023-05-30 00:00:00,1.2349700000000001,1.23636,1.23438,1.23608
2023-05-30 04:00:00,1.2361,1.23793,1.2343,1.23571
2023-05-30 08:00:00,1.23572,1.23785,1.23271,1.23763
2023-05-30 12:00:00,1.23764,1.24466,1.23684,1.24232
2023-05-30 16:00:00,1.24233,1.24399,1.23932,1.2398
2023-05-30 20:00:00,1.23983,1.2413,1.2383,1.24121
2023-05-31 00:00:00,1.24101,1.2426,1.24039,1.24222
2023-05-31 04:00:00,1.2422,1.24228,1.2382,1.2392400000000001
2023-05-31 08:00:00,1.2392400000000001,1.2399499999999999,1.2348,1.23523
2023-05-31 12:00:00,1.23526,1.23753,1.23498,1.2364
2023-05-31 16:00:00,1.23639,1.24142,1.23571,1.23864
2023-05-31 20:00:00,1.23866,1.2444,1.2381199999999999,1.24409
2023-06-01 00:00:00,1.24395,1.24496,1.24304,1.2439
2023-06-01 04:00:00,1.2439,1.24433,1.24278,1.24326
2023-06-01 08:00:00,1.24325,1.24413,1.2401200000000001,1.24309
2023-06-01 12:00:00,1.24309,1.24867,1.24258,1.24843
2023-06-01 16:00:00,1.24843,1.25399,1.24742,1.25328
2023-06-01 20:00:00,1.25328,1.25356,1.25216,1.25261
2023-06-02 00:00:00,1.2524,1.25314,1.25198,1.25252
2023-06-02 04:00:00,1.25252,1.25448,1.25231,1.25294
2023-06-02 08:00:00,1.25295,1.25436,1.2521900000000001,1.25363
2023-06-02 12:00:00,1.25362,1.25417,1.24927,1.25137
2023-06-02 16:00:00,1.25141,1.25354,1.24494,1.24496
2023-06-02 20:00:00,1.24497,1.24584,1.24415,1.24506
2023-06-05 00:00:00,1.24489,1.24496,1.24261,1.24315
2023-06-05 04:00:00,1.24319,1.24399,1.24271,1.24329
2023-06-05 08:00:00,1.24329,1.24379,1.23881,1.24079
2023-06-05 12:00:00,1.2408,1.24094,1.23684,1.2376
2023-06-05 16:00:00,1.23761,1.24436,1.23736,1.24355
2023-06-05 20:00:00,1.24355,1.24376,1.24272,1.24332
2023-06-06 00:00:00,1.24283,1.24373,1.2425,1.24348
2023-06-06 04:00:00,1.24349,1.24513,1.24325,1.24501
2023-06-06 08:00:00,1.24502,1.24592,1.24192,1.24212
2023-06-06 12:00:00,1.24214,1.24242,1.23918,1.24009
2023-06-06 16:00:00,1.24007,1.24289,1.23948,1.2427
2023-06-06 20:00:00,1.24271,1.24313,1.24185,1.24234
2023-06-07 00:00:00,1.24223,1.24383,1.24201,1.24316
2023-06-07 04:00:00,1.24316,1.24334,1.24174,1.24233
2023-06-07 08:00:00,1.24233,1.24398,1.23952,1.24394
2023-06-07 12:00:00,1.24401,1.24721,1.24309,1.24644
2023-06-07 16:00:00,1.24644,1.25,1.2432,1.24338
2023-06-07 20:00:00,1.2434,1.24467,1.24271,1.24382
2023-06-08 00:00:00,1.2435100000000001,1.2451,1.24309,1.24493
2023-06-08 04:00:00,1.24494,1.24545,1.24423,1.24536
2023-06-08 08:00:00,1.24536,1.2479,1.24416,1.24779
2023-06-08 12:00:00,1.2478,1.24976,1.24535,1.24832
2023-06-08 16:00:00,1.2483,1.2558,1.24808,1.25542
2023-06-08 20:00:00,1.25539,1.2561,1.25478,1.25601
2023-06-09 00:00:00,1.25579,1.25635,1.25528,1.25548
2023-06-09 04:00:00,1.25549,1.25572,1.2545,1.25455
2023-06-09 08:00:00,1.25455,1.25681,1.2534100000000001,1.25421
2023-06-09 12:00:00,1.2542499999999999,1.25785,1.25362,1.25685
2023-06-09 16:00:00,1.25683,1.25905,1.25627,1.25821
2023-06-09 20:00:00,1.2582,1.2583199999999999,1.25722,1.2579500000000001
2023-06-12 00:00:00,1.25586,1.25819,1.25582,1.25762
2023-06-12 04:00:00,1.25757,1.25767,1.2565,1.2570000000000001
2023-06-12 08:00:00,1.25695,1.25967,1.25691,1.25912
2023-06-12 12:00:00,1.25912,1.25997,1.25511,1.25513
2023-06-12 16:00:00,1.25514,1.25557,1.24869,1.24945
2023-06-12 20:00:00,1.24947,1.25137,1.24926,1.25121
2023-06-13 00:00:00,1.2509700000000001,1.25209,1.25076,1.25176
2023-06-13 04:00:00,1.25176,1.25353,1.25143,1.25316
2023-06-13 08:00:00,1.25317,1.25769,1.2528000000000001,1.25656
2023-06-13 12:00:00,1.25656,1.26057,1.25561,1.25946
2023-06-13 16:00:00,1.25945,1.2625,1.25724,1.2623
2023-06-13 20:00:00,1.2622499999999999,1.26244,1.2593,1.26114
2023-06-14 00:00:00,1.26118,1.26122,1.26013,1.26087
2023-06-14 04:00:00,1.26087,1.26172,1.26053,1.26122
2023-06-14 08:00:00,1.26122,1.2637800000000001,1.2600799999999999,1.26345
2023-06-14 12:00:00,1.26343,1.26786,1.26323,1.26748
2023-06-14 16:00:00,1.26745,1.2699099999999999,1.26712,1.26949
2023-06-14 20:00:00,1.26953,1.26953,1.26267,1.26619
2023-06-15 00:00:00,1.26614,1.26742,1.2655699999999999,1.26592
2023-06-15 04:00:00,1.26592,1.26597,1.26295,1.26375
2023-06-15 08:00:00,1.26376,1.26726,1.26315,1.26609
2023-06-15 12:00:00,1.2661,1.26698,1.26401,1.26684
2023-06-15 16:00:00,1.26675,1.27763,1.2663,1.27743
2023-06-15 20:00:00,1.27742,1.27857,1.27676,1.27847
2023-06-16 00:00:00,1.27812,1.27931,1.27759,1.2781500000000001
2023-06-16 04:00:00,1.27816,1.27885,1.27681,1.27795
2023-06-16 08:00:00,1.27793,1.28182,1.27776,1.27962
2023-06-16 12:00:00,1.2796,1.28482,1.27839,1.28156
2023-06-16 16:00:00,1.28156,1.28475,1.2803499999999999,1.28274
2023-06-16 20:00:00,1.28272,1.28356,1.28199,1.28228
2023-06-19 00:00:00,1.28125,1.2837100000000001,1.28125,1.28209
2023-06-19 04:00:00,1.2821,1.28253,1.28104,1.28134
2023-06-19 08:00:00,1.28133,1.2830599999999999,1.28082,1.28178
2023-06-19 12:00:00,1.28175,1.28201,1.28027,1.28088
2023-06-19 16:00:00,1.28088,1.28129,1.27705,1.27737
2023-06-19 20:00:00,1.27737,1.27934,1.27732,1.2793
2023-06-20 00:00:00,1.27894,1.28065,1.27789,1.28018
2023-06-20 04:00:00,1.28017,1.2805,1.27782,1.2778800000000001
2023-06-20 08:00:00,1.27786,1.2806600000000001,1.27625,1.27838
2023-06-20 12:00:00,1.27838,1.2787899999999999,1.27261,1.2739500000000001
2023-06-20 16:00:00,1.27396,1.27568,1.27136,1.27554
2023-06-20 20:00:00,1.27554,1.2769,1.27473,1.27646
2023-06-21 00:00:00,1.2763,1.27665,1.27496,1.2759
2023-06-21 04:00:00,1.27591,1.27681,1.27542,1.2765
2023-06-21 08:00:00,1.2765,1.28023,1.27153,1.27203
2023-06-21 12:00:00,1.27202,1.27352,1.26912,1.27309
2023-06-21 16:00:00,1.27305,1.27607,1.27021,1.27563
2023-06-21 20:00:00,1.27562,1.27855,1.27532,1.27674
2023-06-22 00:00:00,1.2765,1.27738,1.27622,1.27688
2023-06-22 04:00:00,1.27686,1.27738,1.27579,1.27588
2023-06-22 08:00:00,1.27588,1.2787899999999999,1.27392,1.2775699999999999
2023-06-22 12:00:00,1.2775699999999999,1.28418,1.27376,1.27491
2023-06-22 16:00:00,1.27487,1.2764,1.27277,1.27329
2023-06-22 20:00:00,1.27329,1.27484,1.27259,1.27478
2023-06-23 00:00:00,1.27475,1.27497,1.27362,1.27468
2023-06-23 04:00:00,1.27468,1.2748599999999999,1.26966,1.27078
2023-06-23 08:00:00,1.2707899999999999,1.27305,1.26852,1.27013
2023-06-23 12:00:00,1.27013,1.27366,1.26907,1.27116
2023-06-23 16:00:00,1.2711999999999999,1.2728,1.26888,1.26986
2023-06-23 20:00:00,1.2698800000000001,1.2722,1.2698800000000001,1.27159
2023-06-26 00:00:00,1.27072,1.2735400000000001,1.27039,1.27336
2023-06-26 04:00:00,1.27336,1.2738800000000001,1.2726899999999999,1.27324
2023-06-26 08:00:00,1.27322,1.2748599999999999,1.27104,1.27372
2023-06-26 12:00:00,1.2737,1.27448,1.2688,1.27168
2023-06-26 16:00:00,1.27107,1.27278,1.26947,1.27219
2023-06-26 20:00:00,1.27219,1.2726,1.27099,1.27109
2023-06-27 00:00:00,1.27089,1.27158,1.2703,1.2705
2023-06-27 04:00:00,1.2705199999999999,1.27369,1.27045,1.27292
2023-06-27 08:00:00,1.27292,1.2758099999999999,1.27261,1.27373
2023-06-27 12:00:00,1.27371,1.27443,1.27119,1.27374
2023-06-27 16:00:00,1.2736399999999999,1.27593,1.27333,1.27497
2023-06-27 20:00:00,1.27497,1.27575,1.27432,1.2748
2023-06-28 00:00:00,1.27484,1.27522,1.2742,1.27438
2023-06-28 04:00:00,1.2744,1.27462,1.2723900000000001,1.27256
2023-06-28 08:00:00,1.27257,1.27371,1.2702,1.27112
2023-06-28 12:00:00,1.27112,1.27149,1.26325,1.26403
2023-06-28 16:00:00,1.26403,1.2650299999999999,1.26065,1.26482
2023-06-28 20:00:00,1.26482,1.26535,1.26349,1.26353
2023-06-29 00:00:00,1.26349,1.26458,1.26255,1.26345
2023-06-29 04:00:00,1.26345,1.2647,1.26172,1.26203
2023-06-29 08:00:00,1.26203,1.26535,1.26148,1.26461
2023-06-29 12:00:00,1.26462,1.26668,1.26001,1.26063
2023-06-29 16:00:00,1.26065,1.26314,1.25909,1.26233
2023-06-29 20:00:00,1.26233,1.26245,1.26087,1.26121
2023-06-30 00:00:00,1.26128,1.26197,1.2607599999999999,1.2617
2023-06-30 04:00:00,1.26172,1.26258,1.26104,1.26233
2023-06-30 08:00:00,1.26235,1.26506,1.25991,1.26147
2023-06-30 12:00:00,1.26142,1.26909,1.26106,1.26847
2023-06-30 16:00:00,1.2684,1.27276,1.2681499999999999,1.2716
2023-06-30 20:00:00,1.27161,1.27222,1.26919,1.26979
2023-07-03 00:00:00,1.26899,1.27035,1.26875,1.26902
2023-07-03 04:00:00,1.26902,1.27073,1.26882,1.27054
2023-07-03 08:00:00,1.27054,1.27054,1.26585,1.26707
2023-07-03 12:00:00,1.26706,1.2695400000000001,1.26617,1.26939
2023-07-03 16:00:00,1.26941,1.2723200000000001,1.26739,1.26976
2023-07-03 20:00:00,1.26976,1.27006,1.2680799999999999,1.26907
2023-07-04 00:00:00,1.26922,1.27003,1.26824,1.26974
2023-07-04 04:00:00,1.26974,1.2701799999999999,1.26848,1.26865
2023-07-04 08:00:00,1.26865,1.27111,1.2683499999999999,1.26952
2023-07-04 12:00:00,1.26963,1.2739500000000001,1.26936,1.27365
2023-07-04 16:00:00,1.2736100000000001,1.27372,1.27169,1.27185
2023-07-04 20:00:00,1.27188,1.27241,1.27122,1.2713
2023-07-05 00:00:00,1.27105,1.27212,1.27081,1.27138
2023-07-05 04:00:00,1.2713700000000001,1.27163,1.27001,1.27057
2023-07-05 08:00:00,1.2705600000000001,1.27223,1.2695400000000001,1.27123
2023-07-05 12:00:00,1.27123,1.27264,1.26881,1.27151
2023-07-05 16:00:00,1.27151,1.27355,1.27014,1.27075
2023-07-05 20:00:00,1.27075,1.27123,1.26918,1.2704
2023-07-06 00:00:00,1.27032,1.27075,1.26925,1.26974
2023-07-06 04:00:00,1.26974,1.2711999999999999,1.26897,1.27038
2023-07-06 08:00:00,1.27038,1.27311,1.26986,1.27108
2023-07-06 12:00:00,1.27108,1.27812,1.2706,1.27463
2023-07-06 16:00:00,1.27466,1.276,1.26738,1.27274
2023-07-06 20:00:00,1.27275,1.27439,1.2724199999999999,1.27392
2023-07-07 00:00:00,1.2739500000000001,1.2745,1.2729,1.27319
2023-07-07 04:00:00,1.2732,1.27447,1.27273,1.27403
2023-07-07 08:00:00,1.27405,1.27499,1.27258,1.27346
2023-07-07 12:00:00,1.27346,1.2808,1.2733400000000001,1.27806
2023-07-07 16:00:00,1.27801,1.2849599999999999,1.27539,1.28494
2023-07-07 20:00:00,1.2849300000000001,1.2849300000000001,1.28301,1.2839800000000001
2023-07-10 00:00:00,1.28315,1.28413,1.28217,1.28253
2023-07-10 04:00:00,1.28254,1.28343,1.2808899999999999,1.28101
2023-07-10 08:00:00,1.2810000000000001,1.28255,1.27983,1.28183
2023-07-10 12:00:00,1.28182,1.28244,1.27506,1.27538
2023-07-10 16:00:00,1.27538,1.2846600000000001,1.27538,1.28461
2023-07-10 20:00:00,1.2846,1.28684,1.2843,1.28607
2023-07-11 00:00:00,1.28606,1.28693,1.2851,1.28689
2023-07-11 04:00:00,1.28688,1.28836,1.2864499999999999,1.28785
2023-07-11 08:00:00,1.28788,1.2913299999999999,1.28673,1.28857
2023-07-11 12:00:00,1.28864,1.2934700000000001,1.28846,1.28968
2023-07-11 16:00:00,1.28966,1.29223,1.28861,1.29222
2023-07-11 20:00:00,1.29223,1.29337,1.29148,1.2931599999999999
2023-07-12 00:00:00,1.29324,1.29531,1.29271,1.29468
2023-07-12 04:00:00,1.29465,1.2969300000000001,1.29454,1.2966199999999999
2023-07-12 08:00:00,1.2966199999999999,1.29668,1.2932000000000001,1.29321
2023-07-12 12:00:00,1.29322,1.29756,1.2904,1.2947899999999999
2023-07-12 16:00:00,1.2948,1.30006,1.29464,1.29963
2023-07-12 20:00:00,1.29963,1.29966,1.29765,1.29884
2023-07-13 00:00:00,1.29874,1.3000099999999999,1.29804,1.29914
2023-07-13 04:00:00,1.29914,1.30188,1.29886,1.30061
2023-07-13 08:00:00,1.3006,1.30614,1.29839,1.3042500000000001
2023-07-13 12:00:00,1.3042500000000001,1.30833,1.3035999999999999,1.30832
2023-07-13 16:00:00,1.30832,1.31161,1.30786,1.31136
2023-07-13 20:00:00,1.31135,1.3141,1.3109,1.31352
2023-07-14 00:00:00,1.31336,1.31388,1.31168,1.31202
2023-07-14 04:00:00,1.31203,1.31421,1.3119100000000001,1.3131
2023-07-14 08:00:00,1.3130899999999999,1.31325,1.3093,1.31206
2023-07-14 12:00:00,1.31206,1.31421,1.3100399999999999,1.31132
2023-07-14 16:00:00,1.3113000000000001,1.31303,1.30936,1.31128
2023-07-14 20:00:00,1.31136,1.31147,1.30896,1.30923
2023-07-17 00:00:00,1.3092,1.3098,1.30786,1.3093
2023-07-17 04:00:00,1.30931,1.30966,1.30816,1.3088
2023-07-17 08:00:00,1.3088,1.3109199999999999,1.30649,1.30937
2023-07-17 12:00:00,1.30937,1.3106900000000001,1.30536,1.30676
2023-07-17 16:00:00,1.30677,1.30926,1.3050899999999999,1.30752
2023-07-17 20:00:00,1.30752,1.30873,1.30705,1.30731
2023-07-18 00:00:00,1.30727,1.30826,1.30678,1.30783
2023-07-18 04:00:00,1.30782,1.31,1.30741,1.30946
2023-07-18 08:00:00,1.30946,1.31068,1.30719,1.3078699999999999
2023-07-18 12:00:00,1.30788,1.31256,1.3072300000000001,1.30888
2023-07-18 16:00:00,1.3089,1.30987,1.3028,1.30347
2023-07-18 20:00:00,1.30347,1.30496,1.30298,1.30345
2023-07-19 00:00:00,1.30353,1.3041,1.30302,1.3035999999999999
2023-07-19 04:00:00,1.30362,1.3038699999999999,1.30127,1.30164
2023-07-19 08:00:00,1.30164,1.30348,1.2923,1.29327
2023-07-19 12:00:00,1.29327,1.29568,1.28972,1.29159
2023-07-19 16:00:00,1.2916,1.29202,1.28675,1.29086
2023-07-19 20:00:00,1.29086,1.29404,1.2906,1.29397
2023-07-20 00:00:00,1.2935699999999999,1.29477,1.29264,1.29466
2023-07-20 04:00:00,1.29466,1.29648,1.2941099999999999,1.2944
2023-07-20 08:00:00,1.2944,1.2945,1.29053,1.29241
2023-07-20 12:00:00,1.2924,1.2924,1.2854999999999999,1.28712
2023-07-20 16:00:00,1.28712,1.2883,1.28396,1.2852999999999999
2023-07-20 20:00:00,1.28533,1.28691,1.28511,1.28675
2023-07-21 00:00:00,1.28665,1.28776,1.2861500000000001,1.28763
2023-07-21 04:00:00,1.2876400000000001,1.2886,1.28665,1.28796
2023-07-21 08:00:00,1.28796,1.29041,1.28403,1.28582
2023-07-21 12:00:00,1.28583,1.28698,1.2816100000000001,1.2830300000000001
2023-07-21 16:00:00,1.28298,1.28616,1.2829,1.28587
2023-07-21 20:00:00,1.28586,1.28662,1.28484,1.28518
2023-07-24 00:00:00,1.28455,1.2866900000000001,1.28434,1.2864200000000001
2023-07-24 04:00:00,1.2864200000000001,1.28701,1.28492,1.28641
2023-07-24 08:00:00,1.2864200000000001,1.28839,1.2807,1.2816
2023-07-24 12:00:00,1.2816,1.28592,1.2815400000000001,1.28368
2023-07-24 16:00:00,1.2836699999999999,1.2844,1.27978,1.2832
2023-07-24 20:00:00,1.2832,1.28409,1.28151,1.28238
2023-07-25 00:00:00,1.28257,1.28368,1.28095,1.28156
2023-07-25 04:00:00,1.28156,1.2843200000000001,1.28153,1.28301
2023-07-25 08:00:00,1.28301,1.28646,1.28289,1.2851
2023-07-25 12:00:00,1.2851,1.2854,1.282,1.28348
2023-07-25 16:00:00,1.28352,1.28796,1.28125,1.28779
2023-07-25 20:00:00,1.2877399999999999,1.2904499999999999,1.28711,1.29025
2023-07-26 00:00:00,1.29022,1.29037,1.28823,1.28844
2023-07-26 04:00:00,1.28843,1.28924,1.28753,1.2888
2023-07-26 08:00:00,1.28879,1.29123,1.28813,1.29102
2023-07-26 12:00:00,1.29102,1.29248,1.2894700000000001,1.29084
2023-07-26 16:00:00,1.29084,1.29367,1.29033,1.29151
2023-07-26 20:00:00,1.29144,1.29603,1.28953,1.29419
2023-07-27 00:00:00,1.2938100000000001,1.29446,1.29241,1.29407
2023-07-27 04:00:00,1.29406,1.2977,1.29406,1.29622
2023-07-27 08:00:00,1.2962099999999999,1.29956,1.29389,1.29923
2023-07-27 12:00:00,1.29924,1.29954,1.28815,1.28956
2023-07-27 16:00:00,1.2895699999999999,1.2903,1.28256,1.28407
2023-07-27 20:00:00,1.28414,1.28524,1.2781799999999999,1.27953
2023-07-28 00:00:00,1.27932,1.27999,1.27872,1.27909
2023-07-28 04:00:00,1.27909,1.28076,1.27628,1.27794
2023-07-28 08:00:00,1.27793,1.28156,1.2772000000000001,1.28052
2023-07-28 12:00:00,1.28052,1.2887,1.28014,1.28694
2023-07-28 16:00:00,1.28692,1.28843,1.28377,1.28724
2023-07-28 20:00:00,1.28724,1.28724,1.28457,1.2846600000000001
2023-07-31 00:00:00,1.28399,1.28599,1.28399,1.28578
2023-07-31 04:00:00,1.28576,1.28595,1.2844,1.28484
2023-07-31 08:00:00,1.28484,1.2867600000000001,1.28353,1.28512
2023-07-31 12:00:00,1.28514,1.28728,1.28453,1.28537
2023-07-31 16:00:00,1.28538,1.28704,1.2828300000000001,1.2858
2023-07-31 20:00:00,1.28582,1.2867199999999999,1.28315,1.2834699999999999
2023-08-01 00:00:00,1.28346,1.28415,1.28275,1.28291
2023-08-01 04:00:00,1.28291,1.2836,1.28152,1.28315
2023-08-01 08:00:00,1.28314,1.28386,1.28128,1.28256
2023-08-01 12:00:00,1.28256,1.2833,1.27561,1.27651
2023-08-01 16:00:00,1.27652,1.2794699999999999,1.27412,1.27606
2023-08-01 20:00:00,1.27606,1.27807,1.2749,1.2776100000000001
2023-08-02 00:00:00,1.2777,1.28049,1.27661,1.27808
2023-08-02 04:00:00,1.27808,1.2795,1.2763,1.27776
2023-08-02 08:00:00,1.27777,1.27986,1.27603,1.27872
2023-08-02 12:00:00,1.2787,1.27923,1.27229,1.27236
2023-08-02 16:00:00,1.27236,1.27302,1.26804,1.27257
2023-08-02 20:00:00,1.27257,1.27387,1.27087,1.27102
2023-08-03 00:00:00,1.27106,1.27222,1.27028,1.27136
2023-08-03 04:00:00,1.27136,1.27283,1.2699500000000001,1.27001
2023-08-03 08:00:00,1.27002,1.2709,1.26726,1.26757
2023-08-03 12:00:00,1.26757,1.2692700000000001,1.26204,1.26727
2023-08-03 16:00:00,1.26726,1.27243,1.2650000000000001,1.27191
2023-08-03 20:00:00,1.2719,1.27195,1.26969,1.2708599999999999
2023-08-04 00:00:00,1.27081,1.27253,1.26983,1.27252
2023-08-04 04:00:00,1.27253,1.2741,1.2724199999999999,1.27278
2023-08-04 08:00:00,1.27278,1.27345,1.26942,1.2699500000000001
2023-08-04 12:00:00,1.26992,1.2754699999999999,1.26836,1.27454
2023-08-04 16:00:00,1.2745,1.27835,1.27426,1.2781500000000001
2023-08-04 20:00:00,1.27814,1.2792,1.27408,1.27501
2023-08-07 00:00:00,1.2747600000000001,1.2760799999999999,1.27398,1.27585
2023-08-07 04:00:00,1.27585,1.27586,1.27319,1.27347
2023-08-07 08:00:00,1.27347,1.27447,1.27128,1.2728
2023-08-07 12:00:00,1.27277,1.27721,1.27169,1.27718
2023-08-07 16:00:00,1.27722,1.2787,1.27545,1.27747
2023-08-07 20:00:00,1.27747,1.27892,1.27678,1.27839
2023-08-08 00:00:00,1.27832,1.27854,1.27714,1.27736
2023-08-08 04:00:00,1.27735,1.27736,1.27512,1.2762
2023-08-08 08:00:00,1.27621,1.2772299999999999,1.2738,1.27528
2023-08-08 12:00:00,1.27528,1.27545,1.2684199999999999,1.26976
2023-08-08 16:00:00,1.26974,1.27431,1.2686899999999999,1.27329
2023-08-08 20:00:00,1.27328,1.27514,1.2731,1.2748300000000001
2023-08-09 00:00:00,1.27467,1.275,1.27328,1.27409
2023-08-09 04:00:00,1.27409,1.27595,1.27394,1.2757100000000001
2023-08-09 08:00:00,1.27572,1.2782200000000001,1.27487,1.27542
2023-08-09 12:00:00,1.27542,1.27553,1.2711999999999999,1.27295
2023-08-09 16:00:00,1.27294,1.27514,1.2711999999999999,1.2723
2023-08-09 20:00:00,1.27231,1.27378,1.27169,1.27173
2023-08-10 00:00:00,1.27185,1.27207,1.27104,1.27132
2023-08-10 04:00:00,1.27131,1.27234,1.27075,1.27121
2023-08-10 08:00:00,1.27123,1.2769599999999999,1.27119,1.27566
2023-08-10 12:00:00,1.27566,1.28186,1.27539,1.27814
2023-08-10 16:00:00,1.27809,1.27857,1.27054,1.27154
2023-08-10 20:00:00,1.27153,1.27167,1.26696,1.26749
2023-08-11 00:00:00,1.26737,1.26816,1.26657,1.26814
2023-08-11 04:00:00,1.26816,1.26907,1.2677800000000001,1.26819
2023-08-11 08:00:00,1.26819,1.2723,1.26795,1.2705899999999999
2023-08-11 12:00:00,1.2705899999999999,1.27386,1.26818,1.2686
2023-08-11 16:00:00,1.26858,1.27286,1.26818,1.26909
2023-08-11 20:00:00,1.26908,1.27026,1.26855,1.26978
2023-08-14 00:00:00,1.26913,1.27011,1.26794,1.26824
2023-08-14 04:00:00,1.26823,1.26864,1.26664,1.26715
2023-08-14 08:00:00,1.26715,1.27077,1.26699,1.26978
2023-08-14 12:00:00,1.26979,1.27149,1.26452,1.2656800000000001
2023-08-14 16:00:00,1.2656800000000001,1.27065,1.26166,1.26969
2023-08-14 20:00:00,1.26969,1.27016,1.26731,1.26867
2023-08-15 00:00:00,1.26748,1.2689,1.26748,1.26836
2023-08-15 04:00:00,1.26838,1.2693400000000001,1.2675,1.2685
2023-08-15 08:00:00,1.26851,1.27202,1.2679,1.2711999999999999
2023-08-15 12:00:00,1.27119,1.27298,1.2681,1.27158
2023-08-15 16:00:00,1.2716,1.27525,1.27078,1.27237
2023-08-15 20:00:00,1.27237,1.27254,1.26943,1.27037
2023-08-16 00:00:00,1.27032,1.27037,1.26922,1.2696100000000001
2023-08-16 04:00:00,1.2696100000000001,1.27072,1.26868,1.27071
2023-08-16 08:00:00,1.27071,1.2766199999999999,1.26993,1.2758
2023-08-16 12:00:00,1.2757800000000001,1.27665,1.27211,1.27211
2023-08-16 16:00:00,1.27213,1.27606,1.27183,1.27331
2023-08-16 20:00:00,1.27331,1.275,1.27114,1.27318
2023-08-17 00:00:00,1.27295,1.27328,1.27159,1.2720799999999999
2023-08-17 04:00:00,1.27209,1.27233,1.27114,1.2723200000000001
2023-08-17 08:00:00,1.2723200000000001,1.27437,1.27094,1.27123
2023-08-17 12:00:00,1.2711999999999999,1.27836,1.27029,1.27708
2023-08-17 16:00:00,1.27706,1.27874,1.27374,1.276
2023-08-17 20:00:00,1.276,1.27606,1.27271,1.27472
2023-08-18 00:00:00,1.2745600000000001,1.2759,1.27399,1.27519
2023-08-18 04:00:00,1.27518,1.2766199999999999,1.2742499999999999,1.2745
2023-08-18 08:00:00,1.2745,1.27521,1.27072,1.27188
2023-08-18 12:00:00,1.2719,1.2742200000000001,1.26892,1.27108
2023-08-18 16:00:00,1.27108,1.27492,1.27077,1.2745
2023-08-18 20:00:00,1.2745,1.27562,1.27276,1.27315
2023-08-21 00:00:00,1.2727,1.27505,1.27244,1.27464
2023-08-21 04:00:00,1.27463,1.27463,1.27299,1.27385
2023-08-21 08:00:00,1.27386,1.27453,1.27105,1.27209
2023-08-21 12:00:00,1.27209,1.27648,1.27204,1.2751700000000001
2023-08-21 16:00:00,1.27518,1.27573,1.27226,1.27568
2023-08-21 20:00:00,1.27568,1.27668,1.27509,1.27569
2023-08-22 00:00:00,1.27539,1.27655,1.27462,1.2763
2023-08-22 04:00:00,1.2763,1.27775,1.27576,1.2769599999999999
2023-08-22 08:00:00,1.2770000000000001,1.28003,1.27691,1.27817
2023-08-22 12:00:00,1.27817,1.27919,1.27414,1.27424
2023-08-22 16:00:00,1.2742200000000001,1.27533,1.27186,1.27352
2023-08-22 20:00:00,1.27352,1.27434,1.2728,1.27316
2023-08-23 00:00:00,1.27321,1.27412,1.2723499999999999,1.27343
2023-08-23 04:00:00,1.27343,1.27508,1.27333,1.27508
2023-08-23 08:00:00,1.27508,1.27646,1.26715,1.26785
2023-08-23 12:00:00,1.26787,1.26798,1.26145,1.26308
2023-08-23 16:00:00,1.26308,1.27259,1.26307,1.2721
2023-08-23 20:00:00,1.2721,1.27329,1.27085,1.27243
2023-08-24 00:00:00,1.27206,1.27284,1.27099,1.27193
2023-08-24 04:00:00,1.27193,1.27217,1.27058,1.272
2023-08-24 08:00:00,1.27202,1.2728,1.26915,1.26986
2023-08-24 12:00:00,1.26986,1.27036,1.26265,1.26359
2023-08-24 16:00:00,1.2636,1.26628,1.2621,1.26235
2023-08-24 20:00:00,1.2623199999999999,1.26242,1.25912,1.2601
2023-08-25 00:00:00,1.2598500000000001,1.26044,1.25858,1.25901
2023-08-25 04:00:00,1.25901,1.25912,1.25598,1.2564600000000001
2023-08-25 08:00:00,1.2564600000000001,1.25922,1.25607,1.25865
2023-08-25 12:00:00,1.25862,1.26236,1.25816,1.26199
2023-08-25 16:00:00,1.26199,1.26541,1.25479,1.25816
2023-08-25 20:00:00,1.25818,1.26013,1.2575,1.25773
2023-08-28 00:00:00,1.2578,1.25993,1.25688,1.25941
2023-08-28 04:00:00,1.25941,1.26043,1.25925,1.25997
2023-08-28 08:00:00,1.25997,1.26108,1.25689,1.25763
2023-08-28 12:00:00,1.25763,1.2594699999999999,1.25654,1.25943
2023-08-28 16:00:00,1.25932,1.25997,1.25727,1.2595100000000001
2023-08-28 20:00:00,1.2595,1.26077,1.25926,1.26026
2023-08-29 00:00:00,1.26013,1.26189,1.25927,1.2614
2023-08-29 04:00:00,1.2614,1.26324,1.26136,1.2622900000000001
2023-08-29 08:00:00,1.2622900000000001,1.26358,1.26055,1.26118
2023-08-29 12:00:00,1.26116,1.26172,1.25627,1.2574
2023-08-29 16:00:00,1.25735,1.26339,1.2563,1.26205
2023-08-29 20:00:00,1.26207,1.26551,1.26205,1.2643499999999999
2023-08-30 00:00:00,1.26427,1.26502,1.26326,1.26407
2023-08-30 04:00:00,1.26406,1.26424,1.26221,1.26227
2023-08-30 08:00:00,1.26228,1.26477,1.2618800000000001,1.2638099999999999
2023-08-30 12:00:00,1.2638099999999999,1.2721,1.26356,1.2713700000000001
2023-08-30 16:00:00,1.27132,1.27461,1.2702200000000001,1.27163
2023-08-30 20:00:00,1.27163,1.27292,1.27067,1.27211
2023-08-31 00:00:00,1.27207,1.2723,1.27092,1.27202
2023-08-31 04:00:00,1.27203,1.27346,1.27191,1.27234
2023-08-31 08:00:00,1.27234,1.27244,1.26945,1.2695400000000001
2023-08-31 12:00:00,1.2695,1.26973,1.26636,1.26852
2023-08-31 16:00:00,1.2685,1.26875,1.2652700000000001,1.2663
2023-08-31 20:00:00,1.26636,1.2674400000000001,1.26607,1.26725
2023-09-01 00:00:00,1.2673,1.2676,1.26584,1.26631
2023-09-01 04:00:00,1.26631,1.26833,1.2659099999999999,1.26685
2023-09-01 08:00:00,1.26685,1.26897,1.264,1.2675100000000001
2023-09-01 12:00:00,1.26749,1.27129,1.2669000000000001,1.26921
2023-09-01 16:00:00,1.2692700000000001,1.2703,1.25772,1.25888
2023-09-01 20:00:00,1.25887,1.25991,1.25848,1.25869
2023-09-04 00:00:00,1.2586,1.25987,1.25844,1.25958
2023-09-04 04:00:00,1.25958,1.26077,1.2588599999999999,1.26074
2023-09-04 08:00:00,1.2607599999999999,1.2634,1.26056,1.26324
2023-09-04 12:00:00,1.26324,1.26428,1.26216,1.26255
2023-09-04 16:00:00,1.26257,1.26394,1.26152,1.26288
2023-09-04 20:00:00,1.26288,1.26331,1.26271,1.2628599999999999
2023-09-05 00:00:00,1.26183,1.26307,1.26165,1.26297
2023-09-05 04:00:00,1.26301,1.26321,1.26125,1.26262
2023-09-05 08:00:00,1.26262,1.26282,1.25279,1.25349
2023-09-05 12:00:00,1.25347,1.25786,1.2533400000000001,1.25756
2023-09-05 16:00:00,1.25762,1.25871,1.25471,1.25769
2023-09-05 20:00:00,1.25769,1.25804,1.2558500000000001,1.25659
2023-09-06 00:00:00,1.25634,1.2572999999999999,1.25535,1.25574
2023-09-06 04:00:00,1.25574,1.25744,1.25496,1.25744
2023-09-06 08:00:00,1.2575,1.2588,1.2546599999999999,1.25598
2023-09-06 12:00:00,1.25598,1.2567300000000001,1.2541,1.25549
2023-09-06 16:00:00,1.25548,1.25589,1.24817,1.2502
2023-09-06 20:00:00,1.2502,1.25111,1.24997,1.25064
2023-09-07 00:00:00,1.25034,1.2506599999999999,1.24925,1.2496
2023-09-07 04:00:00,1.24959,1.2506300000000001,1.24911,1.24977
2023-09-07 08:00:00,1.24979,1.25083,1.24577,1.2478
2023-09-07 12:00:00,1.24782,1.24878,1.24458,1.24622
2023-09-07 16:00:00,1.24622,1.24899,1.24475,1.2475100000000001
2023-09-07 20:00:00,1.24748,1.24872,1.24676,1.2471
2023-09-08 00:00:00,1.24716,1.24933,1.24645,1.24911
2023-09-08 04:00:00,1.24911,1.25015,1.24738,1.24902
2023-09-08 08:00:00,1.24904,1.251,1.24784,1.24867
2023-09-08 12:00:00,1.24859,1.24984,1.24669,1.24798
2023-09-08 16:00:00,1.24798,1.25143,1.24593,1.24621
2023-09-08 20:00:00,1.2462,1.24702,1.24512,1.24619
2023-09-11 00:00:00,1.24923,1.24941,1.24628,1.24868
2023-09-11 04:00:00,1.24868,1.252,1.24824,1.25186
2023-09-11 08:00:00,1.25187,1.25304,1.25101,1.25196
2023-09-11 12:00:00,1.25196,1.25372,1.25009,1.25272
2023-09-11 16:00:00,1.25272,1.2548,1.25208,1.25218
2023-09-11 20:00:00,1.25217,1.2522,1.25075,1.25086
2023-09-12 00:00:00,1.25089,1.2514,1.25035,1.2506
2023-09-12 04:00:00,1.2505899999999999,1.25229,1.25009,1.25108
2023-09-12 08:00:00,1.25102,1.25299,1.2462900000000001,1.2467
2023-09-12 12:00:00,1.24671,1.24838,1.24596,1.24682
2023-09-12 16:00:00,1.24676,1.24918,1.24611,1.24779
2023-09-12 20:00:00,1.24782,1.24987,1.24759,1.24927
2023-09-13 00:00:00,1.24863,1.25006,1.2479,1.24939
2023-09-13 04:00:00,1.2494,1.25021,1.24808,1.24943
2023-09-13 08:00:00,1.24952,1.2498,1.24414,1.24774
2023-09-13 12:00:00,1.24773,1.24992,1.24343,1.24859
2023-09-13 16:00:00,1.24856,1.25119,1.24718,1.24952
2023-09-13 20:00:00,1.24951,1.2506300000000001,1.2481,1.249
2023-09-14 00:00:00,1.24871,1.25035,1.24799,1.25021
2023-09-14 04:00:00,1.25021,1.25042,1.24854,1.2501
2023-09-14 08:00:00,1.25012,1.25062,1.24794,1.24867
2023-09-14 12:00:00,1.24866,1.24866,1.24149,1.24394
2023-09-14 16:00:00,1.24398,1.2460499999999999,1.2401,1.24145
2023-09-14 20:00:00,1.24142,1.24173,1.23963,1.24098
2023-09-15 00:00:00,1.2408299999999999,1.24114,1.23994,1.24114
2023-09-15 04:00:00,1.24114,1.2429999999999999,1.24014,1.24286
2023-09-15 08:00:00,1.24286,1.24459,1.24161,1.24396
2023-09-15 12:00:00,1.24397,1.24403,1.23902,1.23906
2023-09-15 16:00:00,1.23907,1.24254,1.2385,1.23994
2023-09-15 20:00:00,1.23994,1.2399499999999999,1.23787,1.23833
2023-09-18 00:00:00,1.23762,1.2402199999999999,1.2374,1.23999
2023-09-18 04:00:00,1.23999,1.24041,1.23864,1.2396
2023-09-18 08:00:00,1.2396099999999999,1.24048,1.23702,1.23806
2023-09-18 12:00:00,1.23806,1.24105,1.23774,1.2381
2023-09-18 16:00:00,1.2381,1.2405,1.2373,1.23952
2023-09-18 20:00:00,1.23952,1.23993,1.23746,1.23852
2023-09-19 00:00:00,1.23798,1.23915,1.23774,1.23821
2023-09-19 04:00:00,1.2382,1.23835,1.23752,1.23784
2023-09-19 08:00:00,1.23784,1.23927,1.23699,1.23761
2023-09-19 12:00:00,1.23761,1.24247,1.23713,1.24054
2023-09-19 16:00:00,1.24054,1.2407,1.23823,1.2387
2023-09-19 20:00:00,1.2387,1.23968,1.23861,1.23915
2023-09-20 00:00:00,1.23916,1.2397,1.23826,1.2389999999999999
2023-09-20 04:00:00,1.2389999999999999,1.23936,1.23825,1.23884
2023-09-20 08:00:00,1.23886,1.23957,1.23339,1.23688
2023-09-20 12:00:00,1.23688,1.23805,1.23576,1.23766
2023-09-20 16:00:00,1.23766,1.24216,1.23756,1.2417
2023-09-20 20:00:00,1.2417,1.2417,1.2332,1.23442
2023-09-21 00:00:00,1.23411,1.23464,1.23106,1.2313399999999999
2023-09-21 04:00:00,1.23135,1.23252,1.23044,1.23201
2023-09-21 08:00:00,1.23204,1.23316,1.22949,1.23043
2023-09-21 12:00:00,1.23043,1.2308,1.22316,1.22674
2023-09-21 16:00:00,1.22675,1.23068,1.22576,1.22967
2023-09-21 20:00:00,1.22967,1.23076,1.22882,1.22944
2023-09-22 00:00:00,1.22946,1.2296,1.22813,1.2286299999999999
2023-09-22 04:00:00,1.22862,1.2286299999999999,1.22728,1.22845
2023-09-22 08:00:00,1.22845,1.22884,1.2236799999999999,1.22529
2023-09-22 12:00:00,1.22531,1.2267000000000001,1.2233,1.22571
2023-09-22 16:00:00,1.22571,1.22848,1.22504,1.22517
2023-09-22 20:00:00,1.22516,1.22591,1.22305,1.22359
2023-09-25 00:00:00,1.22472,1.22494,1.2234099999999999,1.22488
2023-09-25 04:00:00,1.22487,1.22495,1.22366,1.22418
2023-09-25 08:00:00,1.22418,1.22502,1.2218,1.22202
2023-09-25 12:00:00,1.22202,1.22434,1.22125,1.2217
2023-09-25 16:00:00,1.2217,1.22206,1.21936,1.22115
2023-09-25 20:00:00,1.22116,1.2222,1.22054,1.22101
2023-09-26 00:00:00,1.22116,1.22155,1.2201,1.22057
2023-09-26 04:00:00,1.22057,1.22089,1.21935,1.2205300000000001
2023-09-26 08:00:00,1.2205300000000001,1.22072,1.21672,1.21847
2023-09-26 12:00:00,1.2184599999999999,1.21942,1.21699,1.21911
2023-09-26 16:00:00,1.21911,1.2192,1.2159200000000001,1.21711
2023-09-26 20:00:00,1.2171,1.2176,1.21522,1.2156500000000001
2023-09-27 00:00:00,1.21588,1.21604,1.2140900000000001,1.21425
2023-09-27 04:00:00,1.21425,1.21574,1.21399,1.21469
2023-09-27 08:00:00,1.21467,1.21642,1.2136,1.21496
2023-09-27 12:00:00,1.21494,1.2156,1.2131,1.21448
2023-09-27 16:00:00,1.21442,1.21591,1.21168,1.21244
2023-09-27 20:00:00,1.21244,1.2153100000000001,1.21103,1.2135
2023-09-28 00:00:00,1.21343,1.21445,1.21261,1.21441
2023-09-28 04:00:00,1.21441,1.21452,1.213,1.21406
2023-09-28 08:00:00,1.21406,1.21744,1.212,1.21714
2023-09-28 12:00:00,1.21715,1.22234,1.21709,1.21778
2023-09-28 16:00:00,1.21776,1.22244,1.21753,1.21995
2023-09-28 20:00:00,1.21996,1.22052,1.21879,1.22036
2023-09-29 00:00:00,1.21981,1.22109,1.21914,1.22014
2023-09-29 04:00:00,1.22014,1.22283,1.2199200000000001,1.22222
2023-09-29 08:00:00,1.22222,1.22544,1.22197,1.22352
2023-09-29 12:00:00,1.22351,1.22717,1.22316,1.22596
2023-09-29 16:00:00,1.22593,1.2263,1.21804,1.22055
2023-09-29 20:00:00,1.22051,1.22079,1.2186,1.22029
2023-10-02 00:00:00,1.21791,1.22061,1.21791,1.21882
2023-10-02 04:00:00,1.21882,1.21955,1.21862,1.21867
2023-10-02 08:00:00,1.21863,1.222,1.21756,1.21873
2023-10-02 12:00:00,1.21871,1.21879,1.21482,1.21513
2023-10-02 16:00:00,1.21511,1.21522,1.2107700000000001,1.21079
2023-10-02 20:00:00,1.21079,1.21272,1.20861,1.20866
2023-10-03 00:00:00,1.20871,1.2093,1.20777,1.20862
2023-10-03 04:00:00,1.20862,1.20878,1.20611,1.20641
2023-10-03 08:00:00,1.20641,1.20968,1.20613,1.20874
2023-10-03 12:00:00,1.20874,1.20888,1.20524,1.2073800000000001
2023-10-03 16:00:00,1.20742,1.2101600000000001,1.2053099999999999,1.2075
2023-10-03 20:00:00,1.2075,1.20915,1.20693,1.20767
2023-10-04 00:00:00,1.20684,1.20842,1.20682,1.20803
2023-10-04 04:00:00,1.208,1.2082,1.20603,1.20818
2023-10-04 08:00:00,1.20819,1.21158,1.20373,1.2113800000000001
2023-10-04 12:00:00,1.21139,1.21769,1.21129,1.21698
2023-10-04 16:00:00,1.21699,1.21737,1.21066,1.21518
2023-10-04 20:00:00,1.21513,1.21567,1.21304,1.21353
2023-10-05 00:00:00,1.21342,1.2151399999999999,1.21312,1.21498
2023-10-05 04:00:00,1.21495,1.21632,1.21491,1.21562
2023-10-05 08:00:00,1.21559,1.2162,1.21159,1.21223
2023-10-05 12:00:00,1.21224,1.21562,1.21075,1.21309
2023-10-05 16:00:00,1.21309,1.21877,1.2126000000000001,1.21796
2023-10-05 20:00:00,1.21797,1.2196,1.21698,1.21925
2023-10-06 00:00:00,1.2191,1.21934,1.21808,1.21811
2023-10-06 04:00:00,1.2181,1.2189,1.21762,1.2177
2023-10-06 08:00:00,1.21769,1.22068,1.21642,1.21987
2023-10-06 12:00:00,1.21988,1.22199,1.2106,1.21227
2023-10-06 16:00:00,1.21228,1.22613,1.21169,1.2234099999999999
2023-10-06 20:00:00,1.2234099999999999,1.22553,1.22308,1.22376
2023-10-09 00:00:00,1.22011,1.22245,1.21946,1.22226
2023-10-09 04:00:00,1.22226,1.22237,1.21919,1.21937
2023-10-09 08:00:00,1.21942,1.2217,1.21638,1.21779
2023-10-09 12:00:00,1.2178,1.21909,1.21628,1.21837
2023-10-09 16:00:00,1.21837,1.22205,1.21836,1.21974
2023-10-09 20:00:00,1.21976,1.22442,1.21974,1.22372
2023-10-10 00:00:00,1.22364,1.2255,1.22303,1.22473
2023-10-10 04:00:00,1.22475,1.22567,1.22244,1.22265
2023-10-10 08:00:00,1.22265,1.22756,1.22116,1.22708
2023-10-10 12:00:00,1.22711,1.2275800000000001,1.22349,1.22496
2023-10-10 16:00:00,1.22488,1.22916,1.22384,1.2291
2023-10-10 20:00:00,1.2291,1.22915,1.22637,1.22854
2023-10-11 00:00:00,1.22859,1.23037,1.22711,1.2298499999999999
2023-10-11 04:00:00,1.2298499999999999,1.2301199999999999,1.22872,1.22926
2023-10-11 08:00:00,1.22926,1.23039,1.22696,1.22806
2023-10-11 12:00:00,1.22806,1.23157,1.22678,1.2312400000000001
2023-10-11 16:00:00,1.23125,1.23374,1.22886,1.22966
2023-10-11 20:00:00,1.22964,1.23144,1.22751,1.23127
2023-10-12 00:00:00,1.23131,1.23196,1.22991,1.23131
2023-10-12 04:00:00,1.2313,1.2322899999999999,1.2310699999999999,1.23191
2023-10-12 08:00:00,1.23191,1.23316,1.22927,1.2296
2023-10-12 12:00:00,1.22963,1.23146,1.22516,1.22625
2023-10-12 16:00:00,1.22626,1.22702,1.21988,1.22012
2023-10-12 20:00:00,1.22007,1.22022,1.21718,1.21749
2023-10-13 00:00:00,1.21725,1.21895,1.21712,1.21876
2023-10-13 04:00:00,1.21875,1.2208,1.21863,1.22031
2023-10-13 08:00:00,1.22032,1.22251,1.2185,1.22138
2023-10-13 12:00:00,1.22138,1.22142,1.21598,1.21888
2023-10-13 16:00:00,1.21886,1.21939,1.21314,1.21366
2023-10-13 20:00:00,1.2137,1.21418,1.21227,1.21386
2023-10-16 00:00:00,1.21302,1.2157499999999999,1.21253,1.21469
2023-10-16 04:00:00,1.21469,1.21618,1.21469,1.2160199999999999
2023-10-16 08:00:00,1.2160199999999999,1.2178200000000001,1.21517,1.21596
2023-10-16 12:00:00,1.21586,1.21845,1.21428,1.21764
2023-10-16 16:00:00,1.21764,1.22052,1.21534,1.21999
2023-10-16 20:00:00,1.21999,1.22195,1.21987,1.2217
2023-10-17 00:00:00,1.22049,1.22164,1.22024,1.22095
2023-10-17 04:00:00,1.22095,1.22096,1.2193100000000001,1.2196799999999999
2023-10-17 08:00:00,1.21972,1.22008,1.21498,1.2155
2023-10-17 12:00:00,1.2155,1.21912,1.21332,1.2141
2023-10-17 16:00:00,1.21407,1.22122,1.21368,1.21918
2023-10-17 20:00:00,1.21917,1.21934,1.21711,1.21829
2023-10-18 00:00:00,1.21813,1.2184,1.21583,1.21628
2023-10-18 04:00:00,1.21628,1.2184,1.21589,1.21806
2023-10-18 08:00:00,1.21806,1.22111,1.21777,1.21996
2023-10-18 12:00:00,1.21996,1.22105,1.21715,1.21765
2023-10-18 16:00:00,1.21766,1.21866,1.21378,1.2153
2023-10-18 20:00:00,1.2153,1.21765,1.21372,1.21407
2023-10-19 00:00:00,1.21397,1.21465,1.21365,1.21416
2023-10-19 04:00:00,1.21418,1.21452,1.2124,1.21257
2023-10-19 08:00:00,1.21257,1.21451,1.21022,1.21068
2023-10-19 12:00:00,1.21068,1.21448,1.20899,1.21415
2023-10-19 16:00:00,1.2142,1.2192,1.21256,1.21744
2023-10-19 20:00:00,1.21744,1.21831,1.2138200000000001,1.21429
2023-10-20 00:00:00,1.21431,1.2145299999999999,1.21225,1.21259
2023-10-20 04:00:00,1.21258,1.21448,1.2118,1.21343
2023-10-20 08:00:00,1.21344,1.21384,1.20933,1.2124
2023-10-20 12:00:00,1.2124,1.21496,1.21137,1.21408
2023-10-20 16:00:00,1.21404,1.21612,1.21314,1.21543
2023-10-20 20:00:00,1.21543,1.21705,1.21494,1.21638
2023-10-23 00:00:00,1.21502,1.21665,1.2147999999999999,1.21623
2023-10-23 04:00:00,1.21623,1.21623,1.21442,1.21494
2023-10-23 08:00:00,1.21494,1.2185,1.21456,1.2162
2023-10-23 12:00:00,1.21619,1.21827,1.21434,1.21644
2023-10-23 16:00:00,1.21643,1.2237,1.2150400000000001,1.22338
2023-10-23 20:00:00,1.22338,1.22588,1.22278,1.22468
2023-10-24 00:00:00,1.22455,1.2257,1.22352,1.22552
2023-10-24 04:00:00,1.22552,1.2274,1.22486,1.22653
2023-10-24 08:00:00,1.22654,1.22888,1.22434,1.22638
2023-10-24 12:00:00,1.22632,1.22634,1.21977,1.22034
2023-10-24 16:00:00,1.22034,1.22072,1.21534,1.21585
2023-10-24 20:00:00,1.21582,1.21678,1.21558,1.21606
2023-10-25 00:00:00,1.21593,1.2169,1.21562,1.21662
2023-10-25 04:00:00,1.21662,1.21754,1.21638,1.21751
2023-10-25 08:00:00,1.21751,1.21761,1.21335,1.21384
2023-10-25 12:00:00,1.2138200000000001,1.21388,1.2113800000000001,1.21306
2023-10-25 16:00:00,1.21306,1.21561,1.21221,1.21274
2023-10-25 20:00:00,1.21274,1.21304,1.21062,1.21113
2023-10-26 00:00:00,1.2110400000000001,1.2112,1.20878,1.20906
2023-10-26 04:00:00,1.20906,1.20994,1.20769,1.20798
2023-10-26 08:00:00,1.20798,1.20962,1.20695,1.20794
2023-10-26 12:00:00,1.20794,1.21245,1.20744,1.21245
2023-10-26 16:00:00,1.21254,1.21334,1.20979,1.21045
2023-10-26 20:00:00,1.21045,1.21396,1.21042,1.21273
2023-10-27 00:00:00,1.21283,1.2139199999999999,1.21193,1.21274
2023-10-27 04:00:00,1.21272,1.21393,1.21224,1.21378
2023-10-27 08:00:00,1.21378,1.21416,1.21118,1.2128
2023-10-27 12:00:00,1.2128,1.21475,1.21055,1.21311
2023-10-27 16:00:00,1.2131,1.2162600000000001,1.21242,1.21318
2023-10-27 20:00:00,1.21316,1.2132,1.21106,1.2116500000000001
2023-10-30 00:00:00,1.21269,1.21269,1.21065,1.21105
2023-10-30 04:00:00,1.2110400000000001,1.21218,1.21068,1.21163
2023-10-30 08:00:00,1.21162,1.21334,1.20902,1.21048
2023-10-30 12:00:00,1.21048,1.21449,1.21048,1.21428
2023-10-30 16:00:00,1.21432,1.2165,1.2120199999999999,1.21494
2023-10-30 20:00:00,1.21496,1.2174800000000001,1.2142,1.21692
2023-10-31 00:00:00,1.21655,1.21691,1.21571,1.216
2023-10-31 04:00:00,1.216,1.21608,1.2137,1.21406
2023-10-31 08:00:00,1.21404,1.2174,1.21389,1.21722
2023-10-31 12:00:00,1.2172399999999999,1.22007,1.2156,1.2159200000000001
2023-10-31 16:00:00,1.21585,1.21594,1.21196,1.21341
2023-10-31 20:00:00,1.21341,1.21556,1.21333,1.21472
2023-11-01 00:00:00,1.21537,1.21546,1.21344,1.21393
2023-11-01 04:00:00,1.21393,1.21486,1.21342,1.21378
2023-11-01 08:00:00,1.21378,1.21614,1.21318,1.2144300000000001
2023-11-01 12:00:00,1.21442,1.21545,1.21197,1.21222
2023-11-01 16:00:00,1.21216,1.21646,1.20959,1.21218
2023-11-01 20:00:00,1.21217,1.21568,1.20975,1.21518
2023-11-02 00:00:00,1.21499,1.2194,1.21339,1.21938
2023-11-02 04:00:00,1.21942,1.21966,1.21779,1.2178200000000001
2023-11-02 08:00:00,1.2178200000000001,1.21856,1.21556,1.2164
2023-11-02 12:00:00,1.21639,1.22258,1.2157499999999999,1.22153
2023-11-02 16:00:00,1.22155,1.22256,1.21676,1.21794
2023-11-02 20:00:00,1.21794,1.22096,1.21778,1.2204
2023-11-03 00:00:00,1.22013,1.2206299999999999,1.2185,1.21894
2023-11-03 04:00:00,1.21891,1.22046,1.21848,1.22006
2023-11-03 08:00:00,1.22006,1.22138,1.21861,1.2194
2023-11-03 12:00:00,1.2194,1.23176,1.21908,1.23131
2023-11-03 16:00:00,1.2313,1.23867,1.22981,1.23826
2023-11-03 20:00:00,1.23825,1.23898,1.23721,1.23792
2023-11-06 00:00:00,1.23623,1.23774,1.236,1.23694
2023-11-06 04:00:00,1.23694,1.23817,1.23691,1.23784
2023-11-06 08:00:00,1.23784,1.2423899999999999,1.2376800000000001,1.2398500000000001
2023-11-06 12:00:00,1.23986,1.24286,1.2383,1.2385
2023-11-06 16:00:00,1.23851,1.24011,1.23702,1.23714
2023-11-06 20:00:00,1.23712,1.23728,1.23382,1.23441
2023-11-07 00:00:00,1.23442,1.2347299999999999,1.23343,1.23386
2023-11-07 04:00:00,1.23386,1.23416,1.23268,1.23339
2023-11-07 08:00:00,1.23339,1.23371,1.23018,1.23037
2023-11-07 12:00:00,1.23037,1.23128,1.22756,1.23007
2023-11-07 16:00:00,1.23008,1.2312,1.22625,1.2272
2023-11-07 20:00:00,1.2272,1.2307,1.22696,1.22992
2023-11-08 00:00:00,1.22998,1.23017,1.22782,1.22852
2023-11-08 04:00:00,1.22854,1.22963,1.22742,1.22754
2023-11-08 08:00:00,1.22754,1.22787,1.2241900000000001,1.22483
2023-11-08 12:00:00,1.22484,1.22688,1.2243,1.22644
2023-11-08 16:00:00,1.22642,1.2301199999999999,1.2262,1.2292399999999999
2023-11-08 20:00:00,1.2292399999999999,1.23017,1.22814,1.2285
2023-11-09 00:00:00,1.22815,1.22926,1.22748,1.22882
2023-11-09 04:00:00,1.22882,1.2294,1.2278,1.22783
2023-11-09 08:00:00,1.22782,1.23089,1.22698,1.2300200000000001
2023-11-09 12:00:00,1.22999,1.2305,1.22522,1.2272
2023-11-09 16:00:00,1.22723,1.22953,1.22642,1.22666
2023-11-09 20:00:00,1.22667,1.22688,1.22128,1.22227
2023-11-10 00:00:00,1.22211,1.22283,1.22118,1.22244
2023-11-10 04:00:00,1.22242,1.22292,1.22194,1.22264
2023-11-10 08:00:00,1.22265,1.2238,1.22065,1.22173
2023-11-10 12:00:00,1.22172,1.22304,1.22003,1.22242
2023-11-10 16:00:00,1.22242,1.2225,1.21873,1.2217
2023-11-10 20:00:00,1.2217,1.22314,1.22128,1.22262
2023-11-13 00:00:00,1.2205300000000001,1.2235800000000001,1.2205300000000001,1.22355
2023-11-13 04:00:00,1.22356,1.2236,1.22232,1.22302
2023-11-13 08:00:00,1.22302,1.22534,1.22282,1.22436
2023-11-13 12:00:00,1.22436,1.22555,1.22354,1.22465
2023-11-13 16:00:00,1.22467,1.22771,1.22296,1.22683
2023-11-13 20:00:00,1.22684,1.22802,1.22618,1.22782
2023-11-14 00:00:00,1.22783,1.22808,1.22642,1.22732
2023-11-14 04:00:00,1.22732,1.22762,1.22655,1.2269
2023-11-14 08:00:00,1.22689,1.23032,1.22683,1.2302
2023-11-14 12:00:00,1.23023,1.24072,1.22733,1.24013
2023-11-14 16:00:00,1.2401,1.24929,1.24007,1.24926
2023-11-14 20:00:00,1.24926,1.2506,1.24838,1.24981
2023-11-15 00:00:00,1.24976,1.24996,1.24792,1.24846
2023-11-15 04:00:00,1.24847,1.24977,1.24803,1.24888
2023-11-15 08:00:00,1.2489,1.24939,1.24535,1.24628
2023-11-15 12:00:00,1.24628,1.24797,1.24255,1.24426
2023-11-15 16:00:00,1.24426,1.24541,1.24038,1.2422900000000001
2023-11-15 20:00:00,1.2422900000000001,1.2423,1.24068,1.24163
2023-11-16 00:00:00,1.24161,1.24243,1.24004,1.24036
2023-11-16 04:00:00,1.24036,1.24043,1.2380200000000001,1.2395
2023-11-16 08:00:00,1.2395,1.24136,1.23764,1.2401
2023-11-16 12:00:00,1.24006,1.24414,1.2382,1.2441200000000001
2023-11-16 16:00:00,1.24413,1.2456,1.24109,1.24254
2023-11-16 20:00:00,1.24254,1.24315,1.24059,1.2414399999999999
2023-11-17 00:00:00,1.24132,1.24224,1.23997,1.24132
2023-11-17 04:00:00,1.24132,1.24164,1.2404,1.24142
2023-11-17 08:00:00,1.2414399999999999,1.24186,1.2374,1.24099
2023-11-17 12:00:00,1.24098,1.24401,1.24082,1.24214
2023-11-17 16:00:00,1.24214,1.24374,1.24051,1.24358
2023-11-17 20:00:00,1.24358,1.2465,1.24333,1.24622
2023-11-20 00:00:00,1.24432,1.24696,1.24395,1.24684
2023-11-20 04:00:00,1.24684,1.24957,1.24667,1.24804
2023-11-20 08:00:00,1.24806,1.25102,1.24713,1.25102
2023-11-20 12:00:00,1.25102,1.25102,1.24614,1.24733
2023-11-20 16:00:00,1.24734,1.25177,1.24622,1.25006
2023-11-20 20:00:00,1.25006,1.25174,1.24984,1.2505
2023-11-21 00:00:00,1.25042,1.2525,1.24956,1.25173
2023-11-21 04:00:00,1.25164,1.254,1.2512699999999999,1.25264
2023-11-21 08:00:00,1.25265,1.2541,1.25199,1.2530999999999999
2023-11-21 12:00:00,1.25311,1.25594,1.25272,1.25396
2023-11-21 16:00:00,1.2539799999999999,1.25543,1.25268,1.25469
2023-11-21 20:00:00,1.25469,1.25472,1.25174,1.25381
2023-11-22 00:00:00,1.25365,1.25497,1.25248,1.25355
2023-11-22 04:00:00,1.25356,1.2544,1.2524,1.25256
2023-11-22 08:00:00,1.25258,1.25372,1.25069,1.25294
2023-11-22 12:00:00,1.25294,1.25488,1.25094,1.2515100000000001
2023-11-22 16:00:00,1.25157,1.25165,1.24493,1.24791
2023-11-22 20:00:00,1.2478799999999999,1.2497099999999999,1.24784,1.24941
2023-11-23 00:00:00,1.24913,1.2497,1.2483,1.24961
2023-11-23 04:00:00,1.24961,1.2513,1.24954,1.25118
2023-11-23 08:00:00,1.25118,1.25617,1.25014,1.25583
2023-11-23 12:00:00,1.25582,1.2563,1.25329,1.25373
2023-11-23 16:00:00,1.25373,1.25435,1.25252,1.25316
2023-11-23 20:00:00,1.25316,1.25383,1.25308,1.25335
2023-11-24 00:00:00,1.25309,1.2545,1.25244,1.25327
2023-11-24 04:00:00,1.25328,1.2546,1.2524600000000001,1.2545600000000001
2023-11-24 08:00:00,1.2545600000000001,1.2566,1.25264,1.25496
2023-11-24 12:00:00,1.25495,1.258,1.25462,1.25774
2023-11-24 16:00:00,1.25774,1.26154,1.25758,1.2607599999999999
2023-11-24 20:00:00,1.26074,1.26122,1.25977,1.26027
2023-11-27 00:00:00,1.2598500000000001,1.26102,1.25913,1.26035
2023-11-27 04:00:00,1.26035,1.26128,1.25911,1.26108
2023-11-27 08:00:00,1.26108,1.26272,1.2604,1.26084
2023-11-27 12:00:00,1.26086,1.26441,1.26021,1.26253
2023-11-27 16:00:00,1.26254,1.26288,1.2600799999999999,1.26035
2023-11-27 20:00:00,1.26035,1.26339,1.26017,1.26273
2023-11-28 00:00:00,1.26255,1.26421,1.26199,1.2634400000000001
2023-11-28 04:00:00,1.2634400000000001,1.2641499999999999,1.26218,1.26255
2023-11-28 08:00:00,1.26255,1.26332,1.26067,1.26285
2023-11-28 12:00:00,1.26291,1.26484,1.26082,1.26424
2023-11-28 16:00:00,1.26424,1.2715,1.26356,1.26924
2023-11-28 20:00:00,1.26923,1.27016,1.2673,1.26962
2023-11-29 00:00:00,1.26925,1.2733400000000001,1.26885,1.27188
2023-11-29 04:00:00,1.27187,1.27228,1.27061,1.27132
2023-11-29 08:00:00,1.27131,1.27219,1.2674,1.26806
2023-11-29 12:00:00,1.26804,1.27089,1.26741,1.26862
2023-11-29 16:00:00,1.26861,1.2711000000000001,1.26648,1.26977
2023-11-29 20:00:00,1.26978,1.27275,1.26904,1.26941
2023-11-30 00:00:00,1.2694,1.2705199999999999,1.26874,1.26929
2023-11-30 04:00:00,1.26928,1.2706,1.26908,1.2698800000000001
2023-11-30 08:00:00,1.2698800000000001,1.27108,1.26483,1.2649
2023-11-30 12:00:00,1.26486,1.26792,1.26227,1.2625
2023-11-30 16:00:00,1.26254,1.26641,1.26033,1.262
2023-11-30 20:00:00,1.262,1.2637399999999999,1.26122,1.26234
2023-12-01 00:00:00,1.26211,1.26554,1.26111,1.2652999999999999
2023-12-01 04:00:00,1.2652999999999999,1.2656399999999999,1.26332,1.26443
2023-12-01 08:00:00,1.2644199999999999,1.26749,1.26291,1.26679
2023-12-01 12:00:00,1.26679,1.26682,1.26274,1.26297
2023-12-01 16:00:00,1.26294,1.26962,1.26138,1.26947
2023-12-01 20:00:00,1.26948,1.27161,1.26922,1.27119
2023-12-04 00:00:00,1.26848,1.27246,1.26675,1.26768
2023-12-04 04:00:00,1.26768,1.2687,1.26718,1.26777
2023-12-04 08:00:00,1.26777,1.26855,1.26567,1.26743
2023-12-04 12:00:00,1.2674400000000001,1.2687599999999999,1.2652999999999999,1.2656800000000001
2023-12-04 16:00:00,1.2656800000000001,1.26574,1.2603900000000001,1.26223
2023-12-04 20:00:00,1.26224,1.26346,1.26054,1.2631999999999999
2023-12-05 00:00:00,1.2628599999999999,1.26447,1.26241,1.26364
2023-12-05 04:00:00,1.26364,1.2641499999999999,1.2628,1.26392
2023-12-05 08:00:00,1.26392,1.26396,1.26063,1.26316
2023-12-05 12:00:00,1.2631299999999999,1.26455,1.26166,1.26362
2023-12-05 16:00:00,1.26362,1.26518,1.25824,1.25952
2023-12-05 20:00:00,1.25953,1.25968,1.25775,1.2595100000000001
2023-12-06 00:00:00,1.25899,1.26086,1.25851,1.26026
2023-12-06 04:00:00,1.26026,1.26138,1.26,1.26112
2023-12-06 08:00:00,1.26112,1.26115,1.25912,1.26
2023-12-06 12:00:00,1.26,1.26096,1.25818,1.2598799999999999
2023-12-06 16:00:00,1.2598799999999999,1.26048,1.25766,1.2581
2023-12-06 20:00:00,1.25806,1.25836,1.25519,1.25594
2023-12-07 00:00:00,1.25583,1.2565,1.25534,1.25594
2023-12-07 04:00:00,1.25594,1.25621,1.25446,1.25502
2023-12-07 08:00:00,1.25502,1.25894,1.25465,1.25864
2023-12-07 12:00:00,1.25864,1.2594,1.25491,1.25834
2023-12-07 16:00:00,1.25836,1.26128,1.2545600000000001,1.2603
2023-12-07 20:00:00,1.2603,1.2603,1.25834,1.2593
2023-12-08 00:00:00,1.25875,1.26016,1.2574100000000001,1.25904
2023-12-08 04:00:00,1.25906,1.25984,1.25865,1.25877
2023-12-08 08:00:00,1.25877,1.25899,1.25546,1.25572
2023-12-08 12:00:00,1.25572,1.2587,1.2511700000000001,1.2545600000000001
2023-12-08 16:00:00,1.25458,1.25623,1.25024,1.2545600000000001
2023-12-08 20:00:00,1.2545600000000001,1.25559,1.2542499999999999,1.2545899999999999
2023-12-11 00:00:00,1.25266,1.25584,1.2523900000000001,1.25458
2023-12-11 04:00:00,1.25458,1.2547,1.25348,1.2542
2023-12-11 08:00:00,1.25419,1.25607,1.2535,1.25538
2023-12-11 12:00:00,1.25539,1.25908,1.25538,1.2581
2023-12-11 16:00:00,1.25812,1.2582,1.254,1.2540200000000001
2023-12-11 20:00:00,1.2540200000000001,1.2567599999999999,1.25382,1.25556
2023-12-12 00:00:00,1.25536,1.25696,1.25471,1.2565
2023-12-12 04:00:00,1.2565,1.25839,1.25633,1.25758
2023-12-12 08:00:00,1.25758,1.25844,1.25428,1.25654
2023-12-12 12:00:00,1.25655,1.26152,1.25396,1.25434
2023-12-12 16:00:00,1.2543,1.25716,1.25141,1.25452
2023-12-12 20:00:00,1.25452,1.25718,1.2543,1.25622
2023-12-13 00:00:00,1.25624,1.25714,1.2539799999999999,1.25592
2023-12-13 04:00:00,1.25592,1.25606,1.2548300000000001,1.25572
2023-12-13 08:00:00,1.25572,1.25586,1.25174,1.25264
2023-12-13 12:00:00,1.25261,1.2548300000000001,1.25094,1.25394
2023-12-13 16:00:00,1.25397,1.25476,1.25054,1.2508
2023-12-13 20:00:00,1.25079,1.2634699999999999,1.2500200000000001,1.26186
2023-12-14 00:00:00,1.26143,1.2642,1.26119,1.26406
2023-12-14 04:00:00,1.26409,1.26528,1.26294,1.26356
2023-12-14 08:00:00,1.26359,1.26711,1.26122,1.26676
2023-12-14 12:00:00,1.26674,1.27328,1.26521,1.27273
2023-12-14 16:00:00,1.27268,1.27942,1.27027,1.2784200000000001
2023-12-14 20:00:00,1.2784,1.2784200000000001,1.27482,1.27651
2023-12-15 00:00:00,1.27656,1.27719,1.27472,1.27548
2023-12-15 04:00:00,1.27548,1.27742,1.27548,1.27592
2023-12-15 08:00:00,1.2759,1.2776,1.274,1.27746
2023-12-15 12:00:00,1.27747,1.2790300000000001,1.2699099999999999,1.2711000000000001
2023-12-15 16:00:00,1.27107,1.2730000000000001,1.2685,1.2705199999999999
2023-12-15 20:00:00,1.2705199999999999,1.27053,1.2668599999999999,1.26702
2023-12-18 00:00:00,1.2681499999999999,1.2684,1.26572,1.26816
2023-12-18 04:00:00,1.26816,1.2699799999999999,1.2681499999999999,1.2693400000000001
2023-12-18 08:00:00,1.2693400000000001,1.27042,1.2665600000000001,1.2667
2023-12-18 12:00:00,1.26672,1.26788,1.26459,1.2667
2023-12-18 16:00:00,1.26672,1.26706,1.2629000000000001,1.2652999999999999
2023-12-18 20:00:00,1.2652999999999999,1.26532,1.26338,1.2646600000000001
2023-12-19 00:00:00,1.26437,1.26632,1.26295,1.26529
2023-12-19 04:00:00,1.26528,1.26646,1.26501,1.26582
2023-12-19 08:00:00,1.26581,1.2701500000000001,1.26513,1.26992
2023-12-19 12:00:00,1.2699099999999999,1.27465,1.26935,1.27432
2023-12-19 16:00:00,1.27432,1.2762,1.27257,1.27356
2023-12-19 20:00:00,1.27356,1.2738800000000001,1.27161,1.27319
2023-12-20 00:00:00,1.27308,1.27342,1.27161,1.27196
2023-12-20 04:00:00,1.27196,1.27257,1.27176,1.27222
2023-12-20 08:00:00,1.27221,1.27222,1.2647599999999999,1.26784
2023-12-20 12:00:00,1.26785,1.26795,1.26299,1.26612
2023-12-20 16:00:00,1.26614,1.26826,1.2652700000000001,1.26703
2023-12-20 20:00:00,1.26703,1.2674,1.2625199999999999,1.26391
2023-12-21 00:00:00,1.26364,1.26533,1.26242,1.26422
2023-12-21 04:00:00,1.26423,1.26514,1.26305,1.2650000000000001
2023-12-21 08:00:00,1.26499,1.26499,1.26123,1.26314
2023-12-21 12:00:00,1.26314,1.2696100000000001,1.26218,1.2681200000000001
2023-12-21 16:00:00,1.26814,1.26908,1.26432,1.26644
2023-12-21 20:00:00,1.26644,1.26928,1.2658800000000001,1.26902
2023-12-22 00:00:00,1.26882,1.26925,1.26707,1.2681200000000001
2023-12-22 04:00:00,1.2681200000000001,1.26918,1.26802,1.2686
2023-12-22 08:00:00,1.26858,1.27138,1.26806,1.26868
2023-12-22 12:00:00,1.26864,1.27438,1.26864,1.27352
2023-12-22 16:00:00,1.27351,1.27444,1.26982,1.27093
2023-12-22 20:00:00,1.27091,1.27103,1.26902,1.26972
2023-12-26 00:00:00,1.26888,1.2711999999999999,1.26845,1.27062
2023-12-26 04:00:00,1.27062,1.27132,1.2702200000000001,1.27058
2023-12-26 08:00:00,1.2705600000000001,1.27082,1.2686600000000001,1.26912
2023-12-26 12:00:00,1.26912,1.27121,1.26846,1.27042
2023-12-26 16:00:00,1.27042,1.2720099999999999,1.27016,1.27066
2023-12-26 20:00:00,1.27068,1.27304,1.2705199999999999,1.2723900000000001
2023-12-27 00:00:00,1.2713,1.27304,1.27118,1.2725
2023-12-27 04:00:00,1.27251,1.2732700000000001,1.272,1.2732299999999999
2023-12-27 08:00:00,1.2732299999999999,1.2735400000000001,1.26986,1.27204
2023-12-27 12:00:00,1.27204,1.27592,1.27104,1.27546
2023-12-27 16:00:00,1.27548,1.28025,1.27441,1.27897
2023-12-27 20:00:00,1.27896,1.28019,1.27835,1.27986
2023-12-28 00:00:00,1.2798,1.28138,1.27892,1.28129
2023-12-28 04:00:00,1.28129,1.28165,1.28015,1.28092
2023-12-28 08:00:00,1.28092,1.28277,1.2791000000000001,1.2794400000000001
2023-12-28 12:00:00,1.2794400000000001,1.28054,1.27382,1.27417
2023-12-28 16:00:00,1.2741500000000001,1.27752,1.27286,1.27393
2023-12-28 20:00:00,1.27394,1.27398,1.27124,1.27304
2023-12-29 00:00:00,1.2726199999999999,1.27471,1.27207,1.27369
2023-12-29 04:00:00,1.27368,1.27637,1.27326,1.27628
2023-12-29 08:00:00,1.27628,1.27728,1.27004,1.27058
2023-12-29 12:00:00,1.27057,1.27494,1.27042,1.2720799999999999
2023-12-29 16:00:00,1.2720799999999999,1.27671,1.27009,1.27626
2023-12-29 20:00:00,1.27626,1.27626,1.27267,1.27306
2024-01-02 00:00:00,1.2720500000000001,1.27355,1.27173,1.2721
2024-01-02 04:00:00,1.2721,1.27414,1.271,1.2737
2024-01-02 08:00:00,1.2737,1.27602,1.2717399999999999,1.27176
2024-01-02 12:00:00,1.27176,1.27188,1.26217,1.263
2024-01-02 16:00:00,1.26291,1.26448,1.26108,1.2633
2024-01-02 20:00:00,1.2633,1.2635,1.2616,1.2619
2024-01-03 00:00:00,1.26144,1.2634,1.2610999999999999,1.26291
2024-01-03 04:00:00,1.2629000000000001,1.26418,1.26265,1.26309
2024-01-03 08:00:00,1.26308,1.26528,1.26246,1.26282
2024-01-03 12:00:00,1.2628,1.26432,1.26184,1.263
2024-01-03 16:00:00,1.263,1.26565,1.26163,1.26452
2024-01-03 20:00:00,1.2645,1.26766,1.26308,1.26639
2024-01-04 00:00:00,1.26618,1.2674,1.26572,1.26624
2024-01-04 04:00:00,1.26623,1.26762,1.26572,1.26654
2024-01-04 08:00:00,1.26653,1.27245,1.2665199999999999,1.27204
2024-01-04 12:00:00,1.27203,1.2730000000000001,1.26705,1.26733
2024-01-04 16:00:00,1.2673,1.27109,1.26648,1.2683499999999999
2024-01-04 20:00:00,1.26834,1.2687599999999999,1.26741,1.26825
2024-01-05 00:00:00,1.26801,1.2695699999999999,1.2675100000000001,1.26936
2024-01-05 04:00:00,1.26936,1.26966,1.26741,1.2674400000000001
2024-01-05 08:00:00,1.2674400000000001,1.26892,1.26574,1.26596
2024-01-05 12:00:00,1.26601,1.26714,1.26114,1.2658
2024-01-05 16:00:00,1.2658,1.27712,1.26551,1.27237
2024-01-05 20:00:00,1.27237,1.2739500000000001,1.27103,1.27175
2024-01-08 00:00:00,1.2698,1.27302,1.2698,1.27211
2024-01-08 04:00:00,1.27211,1.27211,1.26983,1.27039
2024-01-08 08:00:00,1.27039,1.27202,1.26736,1.26952
2024-01-08 12:00:00,1.26958,1.27212,1.2693400000000001,1.2711999999999999
2024-01-08 16:00:00,1.2711999999999999,1.27672,1.27094,1.2755
2024-01-08 20:00:00,1.2755,1.27606,1.27401,1.2747899999999999
2024-01-09 00:00:00,1.27403,1.2761,1.27367,1.27606
2024-01-09 04:00:00,1.27606,1.27652,1.27378,1.27438
2024-01-09 08:00:00,1.27438,1.2751000000000001,1.27244,1.27345
2024-01-09 12:00:00,1.27345,1.27386,1.27073,1.27255
2024-01-09 16:00:00,1.27255,1.27316,1.2689599999999999,1.27106
2024-01-09 20:00:00,1.27106,1.27176,1.2692,1.27096
2024-01-10 00:00:00,1.27089,1.2718099999999999,1.26983,1.2711000000000001
2024-01-10 04:00:00,1.27111,1.2713,1.26973,1.2701799999999999
2024-01-10 08:00:00,1.2701799999999999,1.27288,1.26863,1.27258
2024-01-10 12:00:00,1.27257,1.2736399999999999,1.2718099999999999,1.27244
2024-01-10 16:00:00,1.27244,1.27408,1.27134,1.27338
2024-01-10 20:00:00,1.27338,1.27442,1.27278,1.2742
2024-01-11 00:00:00,1.27261,1.27618,1.2717800000000001,1.27606
2024-01-11 04:00:00,1.27606,1.27712,1.27582,1.2763499999999999
2024-01-11 08:00:00,1.27636,1.27742,1.27387,1.27398
2024-01-11 12:00:00,1.27396,1.27708,1.27029,1.27109
2024-01-11 16:00:00,1.27111,1.27541,1.2690299999999999,1.27207
2024-01-11 20:00:00,1.27207,1.2766600000000001,1.27192,1.27624
2024-01-12 00:00:00,1.27482,1.27817,1.2741500000000001,1.27803
2024-01-12 04:00:00,1.27804,1.27848,1.27685,1.27729
2024-01-12 08:00:00,1.2772999999999999,1.27795,1.27498,1.27526
2024-01-12 12:00:00,1.27526,1.27684,1.27196,1.27554
2024-01-12 16:00:00,1.27554,1.27858,1.27325,1.27396
2024-01-12 20:00:00,1.27396,1.27566,1.27355,1.27503
2024-01-15 00:00:00,1.27252,1.27504,1.27187,1.2742
2024-01-15 04:00:00,1.2742200000000001,1.27654,1.2742200000000001,1.27528
2024-01-15 08:00:00,1.27528,1.27603,1.27187,1.27261
2024-01-15 12:00:00,1.2726199999999999,1.2739500000000001,1.2713,1.27278
2024-01-15 16:00:00,1.27282,1.27385,1.2713,1.27294
2024-01-15 20:00:00,1.27294,1.27319,1.27236,1.27255
2024-01-16 00:00:00,1.2726,1.27287,1.26793,1.26952
2024-01-16 04:00:00,1.26951,1.26952,1.26767,1.26807
2024-01-16 08:00:00,1.26804,1.2687,1.26353,1.2640799999999999
2024-01-16 12:00:00,1.26403,1.26727,1.26205,1.26425
2024-01-16 16:00:00,1.26423,1.26794,1.26246,1.2624900000000001
2024-01-16 20:00:00,1.2624900000000001,1.26406,1.26194,1.26356
2024-01-17 00:00:00,1.26279,1.26434,1.26214,1.26357
2024-01-17 04:00:00,1.26357,1.2644,1.26061,1.26101
2024-01-17 08:00:00,1.26101,1.26837,1.25966,1.2680799999999999
2024-01-17 12:00:00,1.26803,1.2696399999999999,1.26422,1.26508
2024-01-17 16:00:00,1.26508,1.26823,1.26387,1.26785
2024-01-17 20:00:00,1.26785,1.2686899999999999,1.26626,1.2676
2024-01-18 00:00:00,1.2671999999999999,1.26919,1.26602,1.2689300000000001
2024-01-18 04:00:00,1.26894,1.2695699999999999,1.2678,1.26871
2024-01-18 08:00:00,1.26872,1.27041,1.26739,1.2674
2024-01-18 12:00:00,1.2674,1.26958,1.26505,1.26525
2024-01-18 16:00:00,1.26524,1.2692,1.26484,1.26813
2024-01-18 20:00:00,1.26814,1.27082,1.26769,1.27058
2024-01-19 00:00:00,1.27043,1.27124,1.27003,1.27074
2024-01-19 04:00:00,1.27072,1.27148,1.2696399999999999,1.2699099999999999
2024-01-19 08:00:00,1.2698800000000001,1.27011,1.26657,1.2684
2024-01-19 12:00:00,1.2684,1.26908,1.26701,1.26743
2024-01-19 16:00:00,1.26743,1.26885,1.26613,1.26881
2024-01-19 20:00:00,1.26884,1.27051,1.26824,1.27013
2024-01-22 00:00:00,1.26776,1.27132,1.26776,1.27092
2024-01-22 04:00:00,1.27092,1.27193,1.27072,1.2719
2024-01-22 08:00:00,1.27191,1.27247,1.2687,1.27048
2024-01-22 12:00:00,1.27046,1.27319,1.26984,1.2727
2024-01-22 16:00:00,1.2727,1.2732999999999999,1.27089,1.27213
2024-01-22 20:00:00,1.27214,1.27217,1.2698,1.27088
2024-01-23 00:00:00,1.27004,1.27216,1.2699099999999999,1.2720799999999999
2024-01-23 04:00:00,1.2720799999999999,1.2738800000000001,1.27155,1.27374
2024-01-23 08:00:00,1.27374,1.27472,1.27203,1.27284
2024-01-23 12:00:00,1.27284,1.27289,1.27001,1.2708300000000001
2024-01-23 16:00:00,1.27081,1.27081,1.26494,1.26578
2024-01-23 20:00:00,1.26578,1.26918,1.2657,1.26864
2024-01-24 00:00:00,1.26701,1.26979,1.26701,1.26926
2024-01-24 04:00:00,1.26926,1.27044,1.26859,1.27023
2024-01-24 08:00:00,1.27024,1.27734,1.26999,1.27647
2024-01-24 12:00:00,1.27647,1.27712,1.27283,1.2766899999999999
2024-01-24 16:00:00,1.27668,1.2775,1.27341,1.27482
2024-01-24 20:00:00,1.27481,1.27506,1.2713700000000001,1.27245
2024-01-25 00:00:00,1.2716,1.2726199999999999,1.27037,1.2711999999999999
2024-01-25 04:00:00,1.2711999999999999,1.27175,1.27074,1.27106
2024-01-25 08:00:00,1.27106,1.27371,1.27089,1.27265
2024-01-25 12:00:00,1.2726600000000001,1.27428,1.26979,1.2736399999999999
2024-01-25 16:00:00,1.27365,1.27365,1.26817,1.26905
2024-01-25 20:00:00,1.26905,1.27118,1.26862,1.27078
2024-01-26 00:00:00,1.26972,1.27122,1.26951,1.27088
2024-01-26 04:00:00,1.27087,1.27162,1.2702200000000001,1.2706
2024-01-26 08:00:00,1.27061,1.27218,1.26757,1.27145
2024-01-26 12:00:00,1.27145,1.27586,1.27145,1.27489
2024-01-26 16:00:00,1.2748599999999999,1.2754699999999999,1.27064,1.27134
2024-01-26 20:00:00,1.2713,1.27152,1.2699,1.27027
2024-01-29 00:00:00,1.2695699999999999,1.27061,1.26906,1.27004
2024-01-29 04:00:00,1.27004,1.2707899999999999,1.2695,1.27021
2024-01-29 08:00:00,1.27021,1.2719,1.26986,1.27037
2024-01-29 12:00:00,1.27037,1.27131,1.26833,1.26935
2024-01-29 16:00:00,1.26936,1.2696,1.2662200000000001,1.26833
2024-01-29 20:00:00,1.26834,1.27175,1.26767,1.27093
2024-01-30 00:00:00,1.27031,1.27212,1.2690000000000001,1.27108
2024-01-30 04:00:00,1.27108,1.27138,1.27039,1.27058
2024-01-30 08:00:00,1.2705899999999999,1.27089,1.26714,1.2681
2024-01-30 12:00:00,1.2681,1.2683900000000001,1.26628,1.26749
2024-01-30 16:00:00,1.2675100000000001,1.26891,1.26403,1.26809
2024-01-30 20:00:00,1.26809,1.27002,1.26737,1.26999
2024-01-31 00:00:00,1.26947,1.27007,1.2677800000000001,1.26846
2024-01-31 04:00:00,1.26844,1.26845,1.2673,1.26777
2024-01-31 08:00:00,1.2677800000000001,1.26973,1.26669,1.26698
2024-01-31 12:00:00,1.26699,1.27126,1.26673,1.27055
2024-01-31 16:00:00,1.27055,1.27508,1.27005,1.27184
2024-01-31 20:00:00,1.27184,1.27393,1.26582,1.26863
2024-02-01 00:00:00,1.2663,1.26881,1.2663,1.26797
2024-02-01 04:00:00,1.26795,1.26981,1.26679,1.26679
2024-02-01 08:00:00,1.2668,1.26742,1.26424,1.26559
2024-02-01 12:00:00,1.26559,1.26858,1.26253,1.2659099999999999
2024-02-01 16:00:00,1.2659099999999999,1.27398,1.26409,1.2736399999999999
2024-02-01 20:00:00,1.2736399999999999,1.27558,1.27283,1.27437
2024-02-02 00:00:00,1.27392,1.27549,1.27315,1.27459
2024-02-02 04:00:00,1.27462,1.2754699999999999,1.27433,1.27496
2024-02-02 08:00:00,1.27496,1.27676,1.27424,1.27575
2024-02-02 12:00:00,1.27576,1.2772299999999999,1.26687,1.2671700000000001
2024-02-02 16:00:00,1.26714,1.26736,1.26142,1.26186
2024-02-02 20:00:00,1.26185,1.2644,1.26158,1.26333
2024-02-05 00:00:00,1.26228,1.26326,1.25989,1.26114
2024-02-05 04:00:00,1.2610999999999999,1.2613699999999999,1.25992,1.26114
2024-02-05 08:00:00,1.26114,1.26296,1.26004,1.2601200000000001
2024-02-05 12:00:00,1.2600799999999999,1.26034,1.25499,1.25526
2024-02-05 16:00:00,1.2552699999999999,1.2562,1.2518500000000001,1.25358
2024-02-05 20:00:00,1.25359,1.2544,1.25263,1.25353
2024-02-06 00:00:00,1.25275,1.2548300000000001,1.25256,1.25468
2024-02-06 04:00:00,1.25468,1.25569,1.2539500000000001,1.25525
2024-02-06 08:00:00,1.25525,1.25654,1.25403,1.25424
2024-02-06 12:00:00,1.25421,1.25721,1.25365,1.2564
2024-02-06 16:00:00,1.2563900000000001,1.25998,1.25583,1.25953
2024-02-06 20:00:00,1.25953,1.26031,1.25874,1.25976
2024-02-07 00:00:00,1.25922,1.2612999999999999,1.25854,1.2610700000000001
2024-02-07 04:00:00,1.2610700000000001,1.26122,1.25983,1.26057
2024-02-07 08:00:00,1.26057,1.26375,1.25993,1.26332
2024-02-07 12:00:00,1.26332,1.26399,1.26205,1.26254
2024-02-07 16:00:00,1.26254,1.26418,1.26166,1.26233
2024-02-07 20:00:00,1.26231,1.26343,1.26202,1.26279
2024-02-08 00:00:00,1.26193,1.26363,1.26126,1.26335
2024-02-08 04:00:00,1.26334,1.26388,1.2627,1.26305
2024-02-08 08:00:00,1.2631000000000001,1.26368,1.26129,1.26306
2024-02-08 12:00:00,1.26306,1.26345,1.25718,1.25811
2024-02-08 16:00:00,1.25811,1.2622900000000001,1.25784,1.26174
2024-02-08 20:00:00,1.26173,1.26296,1.26117,1.26166
2024-02-09 00:00:00,1.2616399999999999,1.26216,1.2607599999999999,1.2618800000000001
2024-02-09 04:00:00,1.2618800000000001,1.26226,1.26116,1.26146
2024-02-09 08:00:00,1.26148,1.26349,1.26065,1.2610999999999999
2024-02-09 12:00:00,1.2610700000000001,1.2635399999999999,1.25993,1.26205
2024-02-09 16:00:00,1.26201,1.26429,1.2616100000000001,1.263
2024-02-09 20:00:00,1.26299,1.26377,1.2625199999999999,1.26306
2024-02-12 00:00:00,1.2618800000000001,1.26441,1.26169,1.26361
2024-02-12 04:00:00,1.26362,1.2638099999999999,1.26268,1.26296
2024-02-12 08:00:00,1.26296,1.26548,1.26179,1.26214
2024-02-12 12:00:00,1.26215,1.26258,1.26062,1.26096
2024-02-12 16:00:00,1.26096,1.26399,1.26095,1.26396
2024-02-12 20:00:00,1.26397,1.2640500000000001,1.26213,1.26275
2024-02-13 00:00:00,1.2622,1.2628599999999999,1.26186,1.26209
2024-02-13 04:00:00,1.26209,1.26209,1.26091,1.2615
2024-02-13 08:00:00,1.2615,1.26559,1.26147,1.26547
2024-02-13 12:00:00,1.26546,1.26864,1.259,1.2593
2024-02-13 16:00:00,1.2593,1.26084,1.25758,1.26
2024-02-13 20:00:00,1.26002,1.26033,1.25733,1.25926
2024-02-14 00:00:00,1.25827,1.25993,1.25781,1.25971
2024-02-14 04:00:00,1.25972,1.26053,1.25926,1.26029
2024-02-14 08:00:00,1.2603,1.26112,1.25359,1.25394
2024-02-14 12:00:00,1.25394,1.25681,1.25355,1.25574
2024-02-14 16:00:00,1.25574,1.25655,1.2539799999999999,1.25645
2024-02-14 20:00:00,1.2564600000000001,1.25706,1.25571,1.2566
2024-02-15 00:00:00,1.2557,1.2573699999999999,1.25467,1.25627
2024-02-15 04:00:00,1.25626,1.25696,1.2558799999999999,1.25652
2024-02-15 08:00:00,1.2564899999999999,1.25735,1.25421,1.2554400000000001
2024-02-15 12:00:00,1.25543,1.25766,1.25419,1.25699
2024-02-15 16:00:00,1.25693,1.25967,1.2561,1.25865
2024-02-15 20:00:00,1.25865,1.26022,1.25844,1.26
2024-02-16 00:00:00,1.25874,1.26051,1.258,1.2588300000000001
2024-02-16 04:00:00,1.25884,1.25887,1.25774,1.2582499999999999
2024-02-16 08:00:00,1.25826,1.26056,1.25747,1.25858
2024-02-16 12:00:00,1.2585899999999999,1.2601,1.25508,1.2566899999999999
2024-02-16 16:00:00,1.25672,1.26085,1.25535,1.26078
2024-02-16 20:00:00,1.26078,1.26245,1.25976,1.26004
2024-02-19 00:00:00,1.25956,1.26273,1.2595399999999999,1.26142
2024-02-19 04:00:00,1.26142,1.26215,1.26116,1.2619099999999999
2024-02-19 08:00:00,1.2619099999999999,1.26296,1.2607300000000001,1.26146
2024-02-19 12:00:00,1.26148,1.26217,1.2598099999999999,1.25995
2024-02-19 16:00:00,1.25995,1.26004,1.25836,1.25913
2024-02-19 20:00:00,1.25912,1.2600799999999999,1.25899,1.25962
2024-02-20 00:00:00,1.25841,1.25971,1.25812,1.25844
2024-02-20 04:00:00,1.25845,1.25891,1.25793,1.2582
2024-02-20 08:00:00,1.25817,1.26068,1.25807,1.26033
2024-02-20 12:00:00,1.26032,1.2646,1.25872,1.2643
2024-02-20 16:00:00,1.26432,1.2668599999999999,1.26295,1.26352
2024-02-20 20:00:00,1.26352,1.26352,1.2616800000000001,1.26221
2024-02-21 00:00:00,1.26163,1.26281,1.2616100000000001,1.26278
2024-02-21 04:00:00,1.26277,1.26375,1.26277,1.26337
2024-02-21 08:00:00,1.26337,1.2635,1.26026,1.2612
2024-02-21 12:00:00,1.26119,1.26306,1.26083,1.2624
2024-02-21 16:00:00,1.26239,1.26346,1.26054,1.26159
2024-02-21 20:00:00,1.26159,1.26419,1.26059,1.2637800000000001
2024-02-22 00:00:00,1.26325,1.2646899999999999,1.26278,1.26396
2024-02-22 04:00:00,1.26396,1.26487,1.2631299999999999,1.26452
2024-02-22 08:00:00,1.26452,1.27097,1.26449,1.26761
2024-02-22 12:00:00,1.26759,1.26901,1.26263,1.26284
2024-02-22 16:00:00,1.26282,1.266,1.26116,1.26567
2024-02-22 20:00:00,1.26567,1.26648,1.26446,1.26608
2024-02-23 00:00:00,1.26549,1.26665,1.26484,1.26626
2024-02-23 04:00:00,1.2662900000000001,1.26661,1.26576,1.26618
2024-02-23 08:00:00,1.26617,1.2677100000000001,1.2649,1.26562
2024-02-23 12:00:00,1.26563,1.2701500000000001,1.26562,1.2693699999999999
2024-02-23 16:00:00,1.2693699999999999,1.27003,1.2665600000000001,1.26782
2024-02-23 20:00:00,1.26783,1.2686,1.26666,1.2671299999999999
2024-02-26 00:00:00,1.26719,1.2676,1.2661,1.2662
2024-02-26 04:00:00,1.26621,1.26703,1.2656800000000001,1.26668
2024-02-26 08:00:00,1.26668,1.26813,1.2663,1.26795
2024-02-26 12:00:00,1.26796,1.26997,1.26735,1.26971
2024-02-26 16:00:00,1.26972,1.26986,1.26721,1.26766
2024-02-26 20:00:00,1.26765,1.26884,1.2671000000000001,1.26855
2024-02-27 00:00:00,1.2674400000000001,1.26867,1.26714,1.2679
2024-02-27 04:00:00,1.2679,1.26872,1.26743,1.26804
2024-02-27 08:00:00,1.26807,1.2697,1.26782,1.2689300000000001
2024-02-27 12:00:00,1.2689300000000001,1.26952,1.26714,1.2682
2024-02-27 16:00:00,1.2682,1.26952,1.26604,1.26857
2024-02-27 20:00:00,1.26856,1.26942,1.2678,1.26859
2024-02-28 00:00:00,1.26849,1.26868,1.26726,1.26766
2024-02-28 04:00:00,1.26765,1.2678099999999999,1.26575,1.26596
2024-02-28 08:00:00,1.2659500000000001,1.26626,1.26236,1.26251
2024-02-28 12:00:00,1.26251,1.2658,1.26218,1.26438
2024-02-28 16:00:00,1.26438,1.26737,1.26363,1.26599
2024-02-28 20:00:00,1.26599,1.26639,1.26513,1.26611
2024-02-29 00:00:00,1.2650299999999999,1.26669,1.2644199999999999,1.2659099999999999
2024-02-29 04:00:00,1.2659099999999999,1.26712,1.26584,1.26666
2024-02-29 08:00:00,1.26666,1.26746,1.26526,1.26665
2024-02-29 12:00:00,1.26665,1.26746,1.2635100000000001,1.26524
2024-02-29 16:00:00,1.26524,1.2682,1.26151,1.26175
2024-02-29 20:00:00,1.26175,1.26277,1.2612700000000001,1.26243
2024-03-01 00:00:00,1.2612700000000001,1.2634699999999999,1.26095,1.26343
2024-03-01 04:00:00,1.2634400000000001,1.26357,1.26246,1.26264
2024-03-01 08:00:00,1.26264,1.26417,1.26253,1.26305
2024-03-01 12:00:00,1.26308,1.26472,1.26176,1.26304
2024-03-01 16:00:00,1.26304,1.2659799999999999,1.25999,1.2656100000000001
2024-03-01 20:00:00,1.2656,1.2664,1.26486,1.2653400000000001
2024-03-04 00:00:00,1.26523,1.26665,1.26436,1.2659799999999999
2024-03-04 04:00:00,1.2659799999999999,1.26668,1.2656100000000001,1.2662499999999999
2024-03-04 08:00:00,1.2662499999999999,1.268,1.26611,1.26777
2024-03-04 12:00:00,1.26777,1.26838,1.2666,1.26775
2024-03-04 16:00:00,1.26776,1.27065,1.26728,1.2696399999999999
2024-03-04 20:00:00,1.2696399999999999,1.26978,1.26857,1.26914
2024-03-05 00:00:00,1.26861,1.26949,1.26855,1.2690299999999999
2024-03-05 04:00:00,1.2690299999999999,1.26911,1.26813,1.26834
2024-03-05 08:00:00,1.26834,1.26885,1.2671299999999999,1.26857
2024-03-05 12:00:00,1.26857,1.2692700000000001,1.26745,1.26913
2024-03-05 16:00:00,1.26915,1.2735,1.26868,1.2711299999999999
2024-03-05 20:00:00,1.27112,1.27114,1.2696,1.2705199999999999
2024-03-06 00:00:00,1.2698,1.2708,1.2690299999999999,1.26929
2024-03-06 04:00:00,1.26929,1.27068,1.26918,1.27037
2024-03-06 08:00:00,1.27038,1.27315,1.27028,1.27308
2024-03-06 12:00:00,1.27308,1.27308,1.27055,1.2724199999999999
2024-03-06 16:00:00,1.27241,1.27615,1.27172,1.27443
2024-03-06 20:00:00,1.27446,1.2753700000000001,1.27254,1.27317
2024-03-07 00:00:00,1.2729,1.27399,1.27218,1.27302
2024-03-07 04:00:00,1.27302,1.27406,1.27233,1.27337
2024-03-07 08:00:00,1.27335,1.27514,1.27294,1.27502
2024-03-07 12:00:00,1.275,1.27626,1.2744900000000001,1.27521
2024-03-07 16:00:00,1.27522,1.27984,1.27491,1.27922
2024-03-07 20:00:00,1.27922,1.28111,1.2792,1.28082
2024-03-08 00:00:00,1.28025,1.282,1.28015,1.2809300000000001
2024-03-08 04:00:00,1.2809300000000001,1.28125,1.28043,1.28099
2024-03-08 08:00:00,1.28099,1.28295,1.28011,1.28278
2024-03-08 12:00:00,1.28278,1.28939,1.28232,1.2864
2024-03-08 16:00:00,1.28639,1.28865,1.28434,1.28491
2024-03-08 20:00:00,1.28491,1.2858800000000001,1.2840099999999999,1.2858100000000001
2024-03-11 00:00:00,1.2852700000000001,1.28607,1.28463,1.28564
2024-03-11 04:00:00,1.28564,1.2862,1.28456,1.28513
2024-03-11 08:00:00,1.28513,1.2858100000000001,1.28317,1.28366
2024-03-11 12:00:00,1.28366,1.28539,1.2824499999999999,1.2824499999999999
2024-03-11 16:00:00,1.28243,1.28301,1.27952,1.2806899999999999
2024-03-11 20:00:00,1.2806899999999999,1.28137,1.2799800000000001,1.28133
2024-03-12 00:00:00,1.28,1.28221,1.27965,1.28166
2024-03-12 04:00:00,1.28166,1.28228,1.28139,1.28194
2024-03-12 08:00:00,1.28194,1.28237,1.2776399999999999,1.27862
2024-03-12 12:00:00,1.27862,1.28082,1.2755,1.27716
2024-03-12 16:00:00,1.27717,1.27894,1.27461,1.27783
2024-03-12 20:00:00,1.27785,1.27952,1.27707,1.27935
2024-03-13 00:00:00,1.27823,1.27983,1.27823,1.27943
2024-03-13 04:00:00,1.27943,1.27992,1.27898,1.2790599999999999
2024-03-13 08:00:00,1.2790599999999999,1.2800799999999999,1.27758,1.27929
2024-03-13 12:00:00,1.2793,1.28092,1.27746,1.28002
2024-03-13 16:00:00,1.28002,1.2806199999999999,1.27872,1.27973
2024-03-13 20:00:00,1.27973,1.28114,1.2790599999999999,1.27969
2024-03-14 00:00:00,1.2793,1.28046,1.27846,1.27999
2024-03-14 04:00:00,1.27999,1.28046,1.27869,1.27918
2024-03-14 08:00:00,1.27918,1.28169,1.27885,1.28073
2024-03-14 12:00:00,1.28072,1.2823,1.27821,1.27953
2024-03-14 16:00:00,1.27953,1.2796699999999999,1.27307,1.27487
2024-03-14 20:00:00,1.27487,1.27577,1.27429,1.2753
2024-03-15 00:00:00,1.27496,1.27548,1.27342,1.27366
2024-03-15 04:00:00,1.27366,1.27424,1.27301,1.2738800000000001
2024-03-15 08:00:00,1.27389,1.2745600000000001,1.27331,1.27385
2024-03-15 12:00:00,1.27385,1.27588,1.27367,1.27484
2024-03-15 16:00:00,1.27484,1.27576,1.27297,1.27304
2024-03-15 20:00:00,1.27304,1.27409,1.27253,1.27348
2024-03-18 00:00:00,1.27243,1.27377,1.27204,1.27314
2024-03-18 04:00:00,1.27314,1.27382,1.27263,1.27316
2024-03-18 08:00:00,1.27316,1.27469,1.2729,1.27454
2024-03-18 12:00:00,1.27454,1.27468,1.27275,1.2735699999999999
2024-03-18 16:00:00,1.2735699999999999,1.27382,1.27192,1.2726199999999999
2024-03-18 20:00:00,1.27263,1.27318,1.2718099999999999,1.27286
2024-03-19 00:00:00,1.27267,1.27294,1.27194,1.2720099999999999
2024-03-19 04:00:00,1.2720099999999999,1.27288,1.27127,1.2717800000000001
2024-03-19 08:00:00,1.2717800000000001,1.27191,1.26841,1.26897
2024-03-19 12:00:00,1.26897,1.27089,1.26678,1.26994
2024-03-19 16:00:00,1.26994,1.2726199999999999,1.26941,1.27256
2024-03-19 20:00:00,1.27255,1.27329,1.27188,1.27213
2024-03-20 00:00:00,1.2717,1.27227,1.27106,1.2717399999999999
2024-03-20 04:00:00,1.2717399999999999,1.2725,1.27141,1.27191
2024-03-20 08:00:00,1.2719,1.2730000000000001,1.2696,1.27036
2024-03-20 12:00:00,1.27036,1.27045,1.26844,1.26938
2024-03-20 16:00:00,1.26938,1.27193,1.26867,1.27182
2024-03-20 20:00:00,1.27182,1.27872,1.27129,1.27865
2024-03-21 00:00:00,1.27806,1.27983,1.27806,1.27945
2024-03-21 04:00:00,1.27945,1.28027,1.27895,1.27896
2024-03-21 08:00:00,1.27897,1.28036,1.27622,1.27654
2024-03-21 12:00:00,1.27654,1.2785,1.27255,1.27355
2024-03-21 16:00:00,1.27355,1.2736399999999999,1.26585,1.26647
2024-03-21 20:00:00,1.26647,1.26708,1.26506,1.26575
2024-03-22 00:00:00,1.26542,1.26749,1.26523,1.26735
2024-03-22 04:00:00,1.26734,1.26753,1.26346,1.2642
2024-03-22 08:00:00,1.2642,1.26456,1.2585,1.25976
2024-03-22 12:00:00,1.2597800000000001,1.2621,1.25753,1.2619799999999999
2024-03-22 16:00:00,1.2619799999999999,1.26241,1.25937,1.2595
2024-03-22 20:00:00,1.2595,1.26009,1.25858,1.26003
2024-03-25 00:00:00,1.25907,1.26019,1.25899,1.25949
2024-03-25 04:00:00,1.25949,1.26174,1.25949,1.26057
2024-03-25 08:00:00,1.26057,1.2617,1.25952,1.26085
2024-03-25 12:00:00,1.26085,1.2646899999999999,1.25998,1.26385
2024-03-25 16:00:00,1.26385,1.26525,1.26366,1.2639
2024-03-25 20:00:00,1.26389,1.26423,1.2635,1.26363
2024-03-26 00:00:00,1.26333,1.26432,1.26332,1.26423
2024-03-26 04:00:00,1.26423,1.26474,1.26362,1.2642
2024-03-26 08:00:00,1.2642,1.2659099999999999,1.26404,1.26495
2024-03-26 12:00:00,1.26494,1.2668,1.2638099999999999,1.26399
2024-03-26 16:00:00,1.26399,1.26495,1.26221,1.26296
2024-03-26 20:00:00,1.26296,1.26357,1.26231,1.26277
2024-03-27 00:00:00,1.2623,1.26304,1.26182,1.26218
2024-03-27 04:00:00,1.26217,1.2623,1.2609,1.26177
2024-03-27 08:00:00,1.26177,1.2631999999999999,1.26128,1.26219
2024-03-27 12:00:00,1.2622,1.26387,1.26079,1.2616800000000001
2024-03-27 16:00:00,1.2616800000000001,1.26334,1.26055,1.2631000000000001
2024-03-27 20:00:00,1.2631000000000001,1.26411,1.26246,1.26403
2024-03-28 00:00:00,1.26403,1.26403,1.26111,1.2626
2024-03-28 04:00:00,1.2625899999999999,1.26349,1.26206,1.26311
2024-03-28 08:00:00,1.26311,1.26373,1.26033,1.26065
2024-03-28 12:00:00,1.26063,1.26428,1.2585899999999999,1.26407
2024-03-28 16:00:00,1.2640799999999999,1.26545,1.26215,1.26345
2024-03-28 20:00:00,1.26345,1.2637399999999999,1.26156,1.26234
2024-03-29 00:00:00,1.26181,1.26289,1.26162,1.26255
2024-03-29 04:00:00,1.26255,1.26309,1.26151,1.26221
2024-03-29 08:00:00,1.26221,1.26257,1.2616,1.26255
2024-03-29 12:00:00,1.26255,1.26361,1.26092,1.26318
2024-03-29 16:00:00,1.26318,1.26445,1.26281,1.2628599999999999
2024-03-29 20:00:00,1.2628599999999999,1.26287,1.26142,1.26217
2024-04-01 00:00:00,1.25715,1.26421,1.25715,1.2635100000000001
2024-04-01 04:00:00,1.2635100000000001,1.26391,1.26257,1.26297
2024-04-01 08:00:00,1.26297,1.26319,1.2616399999999999,1.26224
2024-04-01 12:00:00,1.26224,1.26244,1.26028,1.26123
2024-04-01 16:00:00,1.26123,1.26136,1.25397,1.25453
2024-04-01 20:00:00,1.25453,1.25513,1.2542200000000001,1.25509
2024-04-02 00:00:00,1.25482,1.25546,1.25414,1.25471
2024-04-02 04:00:00,1.25471,1.25495,1.25407,1.25446
2024-04-02 08:00:00,1.25446,1.25648,1.25396,1.25622
2024-04-02 12:00:00,1.25622,1.25766,1.25545,1.25568
2024-04-02 16:00:00,1.25568,1.25778,1.2552400000000001,1.25716
2024-04-02 20:00:00,1.25716,1.25786,1.25665,1.25773
2024-04-03 00:00:00,1.25708,1.25813,1.25698,1.25728
2024-04-03 04:00:00,1.25728,1.25831,1.2567300000000001,1.25786
2024-04-03 08:00:00,1.25787,1.25827,1.25627,1.2577099999999999
2024-04-03 12:00:00,1.25772,1.25885,1.25675,1.25728
2024-04-03 16:00:00,1.2572999999999999,1.26511,1.25675,1.26458
2024-04-03 20:00:00,1.26459,1.26559,1.26401,1.26519
2024-04-04 00:00:00,1.26452,1.2656399999999999,1.26446,1.26526
2024-04-04 04:00:00,1.26526,1.26555,1.2646899999999999,1.26525
2024-04-04 08:00:00,1.26525,1.26698,1.26509,1.26635
2024-04-04 12:00:00,1.26634,1.26697,1.26478,1.26687
2024-04-04 16:00:00,1.26687,1.26836,1.26617,1.2665899999999999
2024-04-04 20:00:00,1.2665899999999999,1.26701,1.2635399999999999,1.26425
2024-04-05 00:00:00,1.26329,1.26486,1.26292,1.26472
2024-04-05 04:00:00,1.26472,1.26475,1.26214,1.2625600000000001
2024-04-05 08:00:00,1.2625600000000001,1.2640500000000001,1.26143,1.26369
2024-04-05 12:00:00,1.2637,1.26451,1.25826,1.25949
2024-04-05 16:00:00,1.25949,1.26356,1.25744,1.2635
2024-04-05 20:00:00,1.26349,1.2640799999999999,1.26315,1.2637
2024-04-08 00:00:00,1.26217,1.26342,1.26148,1.26166
2024-04-08 04:00:00,1.26165,1.26397,1.2616100000000001,1.26294
2024-04-08 08:00:00,1.26294,1.26348,1.26186,1.26219
2024-04-08 12:00:00,1.26219,1.26364,1.26136,1.26264
2024-04-08 16:00:00,1.26264,1.2656100000000001,1.26264,1.26486
2024-04-08 20:00:00,1.26486,1.26641,1.26472,1.26548
2024-04-09 00:00:00,1.26547,1.2659799999999999,1.26394,1.2654
2024-04-09 04:00:00,1.2654,1.26618,1.26525,1.2656800000000001
2024-04-09 08:00:00,1.2656800000000001,1.26644,1.26489,1.26606
2024-04-09 12:00:00,1.26606,1.27036,1.26571,1.26968
2024-04-09 16:00:00,1.26968,1.27095,1.26668,1.26698
2024-04-09 20:00:00,1.26698,1.26799,1.26631,1.2677
2024-04-10 00:00:00,1.2666,1.2677800000000001,1.26616,1.2675100000000001
2024-04-10 04:00:00,1.2675100000000001,1.26789,1.26691,1.2677399999999999
2024-04-10 08:00:00,1.2677399999999999,1.26948,1.26731,1.26945
2024-04-10 12:00:00,1.26945,1.27082,1.25952,1.26118
2024-04-10 16:00:00,1.26118,1.26124,1.25203,1.2534
2024-04-10 20:00:00,1.2534100000000001,1.25542,1.2521900000000001,1.254
2024-04-11 00:00:00,1.25207,1.25418,1.25207,1.25374
2024-04-11 04:00:00,1.25375,1.25497,1.25362,1.25474
2024-04-11 08:00:00,1.25474,1.25698,1.25328,1.25506
2024-04-11 12:00:00,1.25506,1.25725,1.2530299999999999,1.25672
2024-04-11 16:00:00,1.25671,1.25788,1.25109,1.2537
2024-04-11 20:00:00,1.2537,1.25641,1.25332,1.25531
2024-04-12 00:00:00,1.25477,1.25572,1.25477,1.2555399999999999
2024-04-12 04:00:00,1.2555399999999999,1.25589,1.2537,1.25378
2024-04-12 08:00:00,1.25378,1.25444,1.25057,1.2508
2024-04-12 12:00:00,1.2508,1.2511700000000001,1.24513,1.2454399999999999
2024-04-12 16:00:00,1.24545,1.24663,1.24268,1.24491
2024-04-12 20:00:00,1.24491,1.24624,1.24428,1.24492
2024-04-15 00:00:00,1.2435100000000001,1.2463,1.24299,1.24523
2024-04-15 04:00:00,1.24523,1.2465,1.2441,1.24607
2024-04-15 08:00:00,1.24607,1.24876,1.24582,1.24819
2024-04-15 12:00:00,1.24819,1.24987,1.2451,1.24794
2024-04-15 16:00:00,1.24795,1.24964,1.24451,1.24574
2024-04-15 20:00:00,1.24575,1.24625,1.2436,1.24449
2024-04-16 00:00:00,1.24251,1.24494,1.24251,1.24376
2024-04-16 04:00:00,1.24376,1.24391,1.2420499999999999,1.24331
2024-04-16 08:00:00,1.24331,1.24488,1.24087,1.24368
2024-04-16 12:00:00,1.24368,1.2472,1.24367,1.24606
2024-04-16 16:00:00,1.24606,1.24676,1.24273,1.24356
2024-04-16 20:00:00,1.24356,1.24511,1.2405599999999999,1.24265
2024-04-17 00:00:00,1.24158,1.24329,1.24158,1.24294
2024-04-17 04:00:00,1.24294,1.244,1.24251,1.24295
2024-04-17 08:00:00,1.24295,1.24818,1.24172,1.24716
2024-04-17 12:00:00,1.24715,1.24769,1.2446,1.24506
2024-04-17 16:00:00,1.24506,1.24694,1.24243,1.24289
2024-04-17 20:00:00,1.2429000000000001,1.24655,1.24268,1.24546
2024-04-18 00:00:00,1.24415,1.24584,1.24414,1.24532
2024-04-18 04:00:00,1.24532,1.24715,1.24493,1.24707
2024-04-18 08:00:00,1.24707,1.24847,1.24625,1.24741
2024-04-18 12:00:00,1.24743,1.24821,1.24474,1.24589
2024-04-18 16:00:00,1.24589,1.24685,1.24365,1.24487
2024-04-18 20:00:00,1.24487,1.24502,1.24337,1.24365
2024-04-19 00:00:00,1.24258,1.24388,1.24258,1.24276
2024-04-19 04:00:00,1.24276,1.24297,1.2389000000000001,1.24198
2024-04-19 08:00:00,1.24198,1.24518,1.24035,1.24404
2024-04-19 12:00:00,1.24404,1.24638,1.24296,1.24487
2024-04-19 16:00:00,1.24487,1.24683,1.23726,1.2389999999999999
2024-04-19 20:00:00,1.2389999999999999,1.23935,1.23669,1.23692
2024-04-22 00:00:00,1.23728,1.2385,1.23648,1.23727
2024-04-22 04:00:00,1.23727,1.2392400000000001,1.23726,1.2386300000000001
2024-04-22 08:00:00,1.2386300000000001,1.23874,1.2351,1.23658
2024-04-22 12:00:00,1.23658,1.23674,1.23092,1.23113
2024-04-22 16:00:00,1.23113,1.23471,1.22997,1.23471
2024-04-22 20:00:00,1.23471,1.23618,1.23453,1.23499
2024-04-23 00:00:00,1.23282,1.2356,1.23282,1.23546
2024-04-23 04:00:00,1.23546,1.23589,1.23477,1.23516
2024-04-23 08:00:00,1.23515,1.23886,1.23319,1.23702
2024-04-23 12:00:00,1.23702,1.24066,1.23458,1.23915
2024-04-23 16:00:00,1.23915,1.24586,1.2381199999999999,1.24449
2024-04-23 20:00:00,1.24449,1.24585,1.2444600000000001,1.245
2024-04-24 00:00:00,1.24321,1.24602,1.24321,1.24585
2024-04-24 04:00:00,1.24585,1.24649,1.2453,1.2455
2024-04-24 08:00:00,1.2455,1.24572,1.24227,1.2426300000000001
2024-04-24 12:00:00,1.24264,1.24478,1.24253,1.24419
2024-04-24 16:00:00,1.24419,1.24554,1.2426599999999999,1.24465
2024-04-24 20:00:00,1.24465,1.24701,1.24459,1.24638
2024-04-25 00:00:00,1.2461,1.24648,1.24396,1.2462
2024-04-25 04:00:00,1.2462,1.24686,1.24545,1.24673
2024-04-25 08:00:00,1.24673,1.25232,1.24665,1.25214
2024-04-25 12:00:00,1.25214,1.25264,1.24668,1.24782
2024-04-25 16:00:00,1.24784,1.25173,1.2457,1.25148
2024-04-25 20:00:00,1.25149,1.25229,1.25039,1.2513
2024-04-26 00:00:00,1.25084,1.25132,1.25,1.25049
2024-04-26 04:00:00,1.25049,1.25086,1.24941,1.25009
2024-04-26 08:00:00,1.25009,1.25411,1.2497,1.25272
2024-04-26 12:00:00,1.25272,1.2541,1.2497,1.25083
2024-04-26 16:00:00,1.25083,1.25182,1.24493,1.24875
2024-04-26 20:00:00,1.24875,1.25041,1.24855,1.24922
2024-04-29 00:00:00,1.2476,1.25171,1.24736,1.25155
2024-04-29 04:00:00,1.25155,1.25485,1.25125,1.25423
2024-04-29 08:00:00,1.25423,1.25477,1.25123,1.25186
2024-04-29 12:00:00,1.25186,1.25439,1.25075,1.2530000000000001
2024-04-29 16:00:00,1.25299,1.25696,1.25147,1.2563
2024-04-29 20:00:00,1.25634,1.25696,1.25519,1.25614
2024-04-30 00:00:00,1.25625,1.2564199999999999,1.25515,1.25552
2024-04-30 04:00:00,1.25552,1.25583,1.25423,1.2545600000000001
2024-04-30 08:00:00,1.2545600000000001,1.25464,1.25243,1.25396
2024-04-30 12:00:00,1.2539500000000001,1.25549,1.25026,1.25187
2024-04-30 16:00:00,1.25187,1.25404,1.25014,1.25073
2024-04-30 20:00:00,1.25074,1.25121,1.249,1.24912
2024-05-01 00:00:00,1.24917,1.24962,1.24815,1.24858
2024-05-01 04:00:00,1.24858,1.24894,1.24722,1.24774
2024-05-01 08:00:00,1.24774,1.24981,1.24664,1.24979
2024-05-01 12:00:00,1.24979,1.24982,1.24763,1.24878
2024-05-01 16:00:00,1.24878,1.24996,1.24772,1.2481
2024-05-01 20:00:00,1.2481,1.25503,1.24787,1.25292
2024-05-02 00:00:00,1.25261,1.25403,1.25122,1.2527599999999999
2024-05-02 04:00:00,1.25275,1.25397,1.25204,1.25342
2024-05-02 08:00:00,1.25343,1.25446,1.25119,1.2521
2024-05-02 12:00:00,1.25209,1.25329,1.25052,1.2515100000000001
2024-05-02 16:00:00,1.2515100000000001,1.2521900000000001,1.24719,1.25164
2024-05-02 20:00:00,1.25163,1.2539,1.25142,1.25347
2024-05-03 00:00:00,1.25338,1.25454,1.2522,1.25439
2024-05-03 04:00:00,1.25439,1.25571,1.25423,1.25477
2024-05-03 08:00:00,1.25478,1.2563,1.25393,1.25595
2024-05-03 12:00:00,1.25595,1.2634699999999999,1.25515,1.26063
2024-05-03 16:00:00,1.26063,1.26105,1.25295,1.25428
2024-05-03 20:00:00,1.2542900000000001,1.25549,1.2539500000000001,1.25473
2024-05-06 00:00:00,1.25365,1.25534,1.25345,1.25509
2024-05-06 04:00:00,1.25509,1.2557,1.25435,1.25436
2024-05-06 08:00:00,1.25437,1.2582,1.2542200000000001,1.25812
2024-05-06 12:00:00,1.25812,1.25945,1.25722,1.25912
2024-05-06 16:00:00,1.25912,1.25919,1.25583,1.25637
2024-05-06 20:00:00,1.25637,1.25694,1.2558,1.2562
2024-05-07 00:00:00,1.2559,1.25694,1.25545,1.25686
2024-05-07 04:00:00,1.25686,1.25709,1.25492,1.25532
2024-05-07 08:00:00,1.25532,1.25563,1.2532,1.2539799999999999
2024-05-07 12:00:00,1.2539799999999999,1.25548,1.25296,1.25537
2024-05-07 16:00:00,1.25536,1.2565,1.25257,1.25267
2024-05-07 20:00:00,1.25267,1.2527300000000001,1.2501,1.25079
2024-05-08 00:00:00,1.2508,1.25122,1.24951,1.24957
2024-05-08 04:00:00,1.24959,1.24973,1.24841,1.2487
2024-05-08 08:00:00,1.2487,1.24931,1.24678,1.24753
2024-05-08 12:00:00,1.24753,1.2501,1.2474,1.24799
2024-05-08 16:00:00,1.24799,1.25049,1.24731,1.24978
2024-05-08 20:00:00,1.24979,1.25018,1.24928,1.24973
2024-05-09 00:00:00,1.24973,1.25007,1.24858,1.24901
2024-05-09 04:00:00,1.24901,1.25019,1.24881,1.24919
2024-05-09 08:00:00,1.24919,1.24933,1.24703,1.24732
2024-05-09 12:00:00,1.24732,1.25116,1.24459,1.25026
2024-05-09 16:00:00,1.25026,1.25226,1.24882,1.25143
2024-05-09 20:00:00,1.25143,1.25268,1.2511700000000001,1.25235
2024-05-10 00:00:00,1.25232,1.25298,1.25116,1.25201
2024-05-10 04:00:00,1.25201,1.25248,1.25122,1.25153
2024-05-10 08:00:00,1.25153,1.25416,1.25147,1.25324
2024-05-10 12:00:00,1.25327,1.25362,1.25161,1.2522199999999999
2024-05-10 16:00:00,1.2522199999999999,1.25375,1.25027,1.25346
2024-05-10 20:00:00,1.25346,1.25358,1.25228,1.25234
2024-05-13 00:00:00,1.25135,1.2527599999999999,1.25084,1.25214
2024-05-13 04:00:00,1.2521499999999999,1.25289,1.25175,1.25247
2024-05-13 08:00:00,1.25247,1.25357,1.25179,1.25331
2024-05-13 12:00:00,1.25331,1.25575,1.2526,1.25559
2024-05-13 16:00:00,1.25559,1.25689,1.25468,1.25613
2024-05-13 20:00:00,1.25613,1.25637,1.2553,1.2559
2024-05-14 00:00:00,1.25587,1.25624,1.25533,1.25575
2024-05-14 04:00:00,1.25575,1.25599,1.2553,1.25542
2024-05-14 08:00:00,1.25542,1.25636,1.25095,1.25285
2024-05-14 12:00:00,1.25286,1.2564899999999999,1.25199,1.25533
2024-05-14 16:00:00,1.25532,1.2593,1.2549000000000001,1.25853
2024-05-14 20:00:00,1.25853,1.25926,1.25814,1.25918
2024-05-15 00:00:00,1.25889,1.2591,1.25826,1.25884
2024-05-15 04:00:00,1.25884,1.25996,1.25876,1.25934
2024-05-15 08:00:00,1.25933,1.2614,1.25869,1.26125
2024-05-15 12:00:00,1.26125,1.26702,1.26032,1.26451
2024-05-15 16:00:00,1.26451,1.26772,1.2614,1.2674400000000001
2024-05-15 20:00:00,1.2674400000000001,1.26864,1.26719,1.26863
2024-05-16 00:00:00,1.26852,1.27009,1.26739,1.26994
2024-05-16 04:00:00,1.26994,1.2699500000000001,1.26833,1.26877
2024-05-16 08:00:00,1.26877,1.26887,1.26693,1.26746
2024-05-16 12:00:00,1.26746,1.26756,1.26524,1.26546
2024-05-16 16:00:00,1.26546,1.26802,1.26434,1.26732
2024-05-16 20:00:00,1.26733,1.2677,1.26674,1.26705
2024-05-17 00:00:00,1.26689,1.26726,1.26614,1.26648
2024-05-17 04:00:00,1.26648,1.26654,1.26524,1.26553
2024-05-17 08:00:00,1.26553,1.26699,1.2645,1.26493
2024-05-17 12:00:00,1.26492,1.26617,1.26455,1.2659799999999999
2024-05-17 16:00:00,1.2659799999999999,1.27089,1.2659799999999999,1.27012
2024-05-17 20:00:00,1.27012,1.27119,1.26999,1.27006
2024-05-20 00:00:00,1.2682,1.27085,1.2682,1.27051
2024-05-20 04:00:00,1.27051,1.27111,1.27004,1.27081
2024-05-20 08:00:00,1.2708,1.27093,1.26894,1.27051
2024-05-20 12:00:00,1.27051,1.2705899999999999,1.26925,1.2696399999999999
2024-05-20 16:00:00,1.26963,1.27185,1.26959,1.2718
2024-05-20 20:00:00,1.2718,1.27257,1.27044,1.2705199999999999
2024-05-21 00:00:00,1.27058,1.2711700000000001,1.2695,1.27094
2024-05-21 04:00:00,1.27094,1.27121,1.26973,1.27102
2024-05-21 08:00:00,1.27102,1.27207,1.2704,1.27109
2024-05-21 12:00:00,1.27109,1.2723900000000001,1.27061,1.27078
2024-05-21 16:00:00,1.27078,1.2726899999999999,1.26863,1.2707600000000001
2024-05-21 20:00:00,1.2707600000000001,1.2716,1.27019,1.27088
2024-05-22 00:00:00,1.2708300000000001,1.27164,1.2703,1.27135
2024-05-22 04:00:00,1.27135,1.2723,1.27091,1.27099
2024-05-22 08:00:00,1.27099,1.27615,1.27081,1.27286
2024-05-22 12:00:00,1.27286,1.27342,1.27003,1.2726600000000001
2024-05-22 16:00:00,1.27265,1.2747899999999999,1.27212,1.2744
2024-05-22 20:00:00,1.2744,1.27505,1.27104,1.27169
2024-05-23 00:00:00,1.27165,1.27244,1.27105,1.2720099999999999
2024-05-23 04:00:00,1.2720099999999999,1.2732,1.2717,1.27259
2024-05-23 08:00:00,1.27259,1.2738800000000001,1.27162,1.2720799999999999
2024-05-23 12:00:00,1.2720799999999999,1.27447,1.27051,1.27322
2024-05-23 16:00:00,1.27322,1.27467,1.27026,1.27125
2024-05-23 20:00:00,1.27125,1.27126,1.26855,1.26985
2024-05-24 00:00:00,1.26969,1.26996,1.2687599999999999,1.26945
2024-05-24 04:00:00,1.26945,1.2698,1.26874,1.26919
2024-05-24 08:00:00,1.26919,1.27073,1.26753,1.27046
2024-05-24 12:00:00,1.2704900000000001,1.27252,1.27033,1.27207
2024-05-24 16:00:00,1.27207,1.2751000000000001,1.27175,1.2734
2024-05-24 20:00:00,1.2734,1.27462,1.27322,1.27367
2024-05-27 00:00:00,1.27317,1.27433,1.27288,1.27385
2024-05-27 04:00:00,1.27385,1.27435,1.2738,1.2742499999999999
2024-05-27 08:00:00,1.2742499999999999,1.27474,1.27341,1.27419
2024-05-27 12:00:00,1.27419,1.27586,1.2741799999999999,1.27569
2024-05-27 16:00:00,1.27569,1.27778,1.27548,1.27697
2024-05-27 20:00:00,1.27697,1.27719,1.27675,1.27683
2024-05-28 00:00:00,1.2768,1.27763,1.2764199999999999,1.27713
2024-05-28 04:00:00,1.27713,1.27834,1.27705,1.27749
2024-05-28 08:00:00,1.2775,1.27813,1.27626,1.27689
2024-05-28 12:00:00,1.27689,1.27946,1.2763900000000001,1.27922
2024-05-28 16:00:00,1.27923,1.2800799999999999,1.27709,1.27765
2024-05-28 20:00:00,1.27765,1.2778100000000001,1.27542,1.27615
2024-05-29 00:00:00,1.27613,1.27643,1.27522,1.27541
2024-05-29 04:00:00,1.27541,1.27597,1.27466,1.27521
2024-05-29 08:00:00,1.27521,1.27719,1.27488,1.27559
2024-05-29 12:00:00,1.27559,1.27649,1.2735699999999999,1.27446
2024-05-29 16:00:00,1.27447,1.27461,1.27051,1.2717
2024-05-29 20:00:00,1.2717,1.27173,1.2699,1.27001
2024-05-30 00:00:00,1.26986,1.27065,1.26905,1.26938
2024-05-30 04:00:00,1.26938,1.27031,1.26901,1.2695400000000001
2024-05-30 08:00:00,1.2695400000000001,1.27151,1.2681,1.27123
2024-05-30 12:00:00,1.27124,1.27281,1.27033,1.27246
2024-05-30 16:00:00,1.27245,1.27472,1.27179,1.27414
2024-05-30 20:00:00,1.27414,1.27441,1.27263,1.27319
2024-05-31 00:00:00,1.2731,1.27338,1.2725,1.27304
2024-05-31 04:00:00,1.27305,1.2732299999999999,1.27153,1.27213
2024-05-31 08:00:00,1.27213,1.27237,1.27003,1.27097
2024-05-31 12:00:00,1.27097,1.27509,1.27073,1.27466
2024-05-31 16:00:00,1.27466,1.2766199999999999,1.27177,1.27298
2024-05-31 20:00:00,1.27298,1.27469,1.27245,1.27426
2024-06-03 00:00:00,1.27314,1.27559,1.27256,1.27538
2024-06-03 04:00:00,1.27538,1.2756,1.2738,1.27433
2024-06-03 08:00:00,1.27433,1.27437,1.27042,1.27048
2024-06-03 12:00:00,1.27048,1.2736,1.26946,1.27312
2024-06-03 16:00:00,1.27312,1.27943,1.2730000000000001,1.2779099999999999
2024-06-03 20:00:00,1.2779099999999999,1.28087,1.27755,1.28074
2024-06-04 00:00:00,1.28072,1.28176,1.27987,1.28121
2024-06-04 04:00:00,1.28121,1.28129,1.28039,1.2809599999999999
2024-06-04 08:00:00,1.2809599999999999,1.28128,1.27739,1.27766
2024-06-04 12:00:00,1.27767,1.27789,1.27429,1.2765
2024-06-04 16:00:00,1.2765,1.27919,1.27589,1.27867
2024-06-04 20:00:00,1.27866,1.27973,1.27673,1.2769300000000001
2024-06-05 00:00:00,1.27699,1.27775,1.2759800000000001,1.27755
2024-06-05 04:00:00,1.27755,1.2781,1.27701,1.2774
2024-06-05 08:00:00,1.2774,1.27829,1.27647,1.2775
2024-06-05 12:00:00,1.27749,1.2794699999999999,1.27668,1.27925
2024-06-05 16:00:00,1.27925,1.27954,1.27554,1.27779
2024-06-05 20:00:00,1.27779,1.27945,1.27748,1.2787
2024-06-06 00:00:00,1.27861,1.2803499999999999,1.27794,1.28023
2024-06-06 04:00:00,1.28023,1.28092,1.27945,1.27954
2024-06-06 08:00:00,1.27954,1.28004,1.2775699999999999,1.27871
2024-06-06 12:00:00,1.27872,1.27916,1.27663,1.27787
2024-06-06 16:00:00,1.27787,1.27893,1.27626,1.27786
2024-06-06 20:00:00,1.27786,1.27959,1.2778,1.27909
2024-06-07 00:00:00,1.2788300000000001,1.27945,1.27836,1.2788300000000001
2024-06-07 04:00:00,1.2788300000000001,1.27921,1.27836,1.27907
2024-06-07 08:00:00,1.27907,1.28024,1.27819,1.27887
2024-06-07 12:00:00,1.27887,1.28119,1.2725,1.2738
2024-06-07 16:00:00,1.2738,1.2741,1.2716,1.27245
2024-06-07 20:00:00,1.27241,1.27273,1.2718,1.2721
2024-06-10 00:00:00,1.27277,1.27308,1.27097,1.27244
2024-06-10 04:00:00,1.27244,1.27267,1.27106,1.27164
2024-06-10 08:00:00,1.27164,1.2725,1.27058,1.27078
2024-06-10 12:00:00,1.27078,1.27297,1.26881,1.27127
2024-06-10 16:00:00,1.27127,1.27374,1.2704,1.27289
2024-06-10 20:00:00,1.27289,1.27373,1.27244,1.27306
2024-06-11 00:00:00,1.27301,1.27338,1.27185,1.27281
2024-06-11 04:00:00,1.27281,1.27393,1.27247,1.27349
2024-06-11 08:00:00,1.27349,1.27404,1.27138,1.27247
2024-06-11 12:00:00,1.27248,1.27495,1.2723,1.27444
2024-06-11 16:00:00,1.27444,1.2748,1.2705899999999999,1.27291
2024-06-11 20:00:00,1.27291,1.27518,1.2727,1.2739099999999999
2024-06-12 00:00:00,1.27398,1.2741799999999999,1.27308,1.27338
2024-06-12 04:00:00,1.27338,1.2745199999999999,1.27331,1.27394
2024-06-12 08:00:00,1.27394,1.2760099999999999,1.2737,1.27577
2024-06-12 12:00:00,1.27577,1.28582,1.27489,1.28531
2024-06-12 16:00:00,1.28531,1.28606,1.28259,1.28461
2024-06-12 20:00:00,1.28461,1.2848899999999999,1.2791299999999999,1.27977
2024-06-13 00:00:00,1.27975,1.28011,1.27904,1.27954
2024-06-13 04:00:00,1.27954,1.27994,1.27802,1.27805
2024-06-13 08:00:00,1.27805,1.27992,1.27726,1.27987
2024-06-13 12:00:00,1.27986,1.28077,1.27618,1.27847
2024-06-13 16:00:00,1.27848,1.27932,1.2738399999999999,1.2745600000000001
2024-06-13 20:00:00,1.27455,1.27664,1.27453,1.2763200000000001
2024-06-14 00:00:00,1.27622,1.27622,1.27505,1.27509
2024-06-14 04:00:00,1.27509,1.27636,1.27491,1.27494
2024-06-14 08:00:00,1.27494,1.27531,1.2720099999999999,1.27219
2024-06-14 12:00:00,1.2722,1.2723,1.26702,1.26905
2024-06-14 16:00:00,1.26904,1.2696100000000001,1.2657,1.2686600000000001
2024-06-14 20:00:00,1.2686600000000001,1.26929,1.26787,1.2687
2024-06-17 00:00:00,1.26841,1.26886,1.26728,1.26843
2024-06-17 04:00:00,1.26843,1.2686899999999999,1.26767,1.26836
2024-06-17 08:00:00,1.26836,1.26844,1.26612,1.26745
2024-06-17 12:00:00,1.2674400000000001,1.2678,1.2659099999999999,1.26671
2024-06-17 16:00:00,1.26672,1.26983,1.26643,1.2696399999999999
2024-06-17 20:00:00,1.2696399999999999,1.27098,1.2695400000000001,1.27042
2024-06-18 00:00:00,1.27044,1.27152,1.26942,1.27099
2024-06-18 04:00:00,1.27099,1.2711299999999999,1.26932,1.26943
2024-06-18 08:00:00,1.26942,1.2702,1.2673,1.26802
2024-06-18 12:00:00,1.26801,1.26942,1.26692,1.26914
2024-06-18 16:00:00,1.26913,1.27211,1.26856,1.27024
2024-06-18 20:00:00,1.27024,1.27105,1.26984,1.27082
2024-06-19 00:00:00,1.2708300000000001,1.27122,1.26973,1.27041
2024-06-19 04:00:00,1.27041,1.2713700000000001,1.27034,1.27061
2024-06-19 08:00:00,1.27061,1.27329,1.27002,1.27326
2024-06-19 12:00:00,1.27326,1.27401,1.27156,1.27198
2024-06-19 16:00:00,1.27198,1.27341,1.27169,1.2720799999999999
2024-06-19 20:00:00,1.27207,1.2722,1.27142,1.27183
2024-06-20 00:00:00,1.27159,1.2724,1.27093,1.27157
2024-06-20 04:00:00,1.27157,1.27192,1.27101,1.2713700000000001
2024-06-20 08:00:00,1.2713700000000001,1.27152,1.26959,1.26971
2024-06-20 12:00:00,1.26971,1.27077,1.26752,1.26779
2024-06-20 16:00:00,1.2678099999999999,1.26879,1.2659500000000001,1.26637
2024-06-20 20:00:00,1.26636,1.26826,1.26547,1.26567
2024-06-21 00:00:00,1.26567,1.26618,1.26514,1.26562
2024-06-21 04:00:00,1.26562,1.26653,1.26549,1.2662200000000001
2024-06-21 08:00:00,1.2662200000000001,1.26743,1.26303,1.26544
2024-06-21 12:00:00,1.26544,1.2661,1.2631299999999999,1.26489
2024-06-21 16:00:00,1.26488,1.26513,1.2622200000000001,1.2639
2024-06-21 20:00:00,1.26391,1.26516,1.26357,1.26386
2024-06-24 00:00:00,1.26385,1.26453,1.26328,1.2640500000000001
2024-06-24 04:00:00,1.2640500000000001,1.26452,1.26329,1.26452
2024-06-24 08:00:00,1.26452,1.26661,1.26447,1.26577
2024-06-24 12:00:00,1.26577,1.26719,1.26571,1.26653
2024-06-24 16:00:00,1.26655,1.2698,1.26654,1.26798
2024-06-24 20:00:00,1.26798,1.26939,1.26731,1.26862
2024-06-25 00:00:00,1.26816,1.26894,1.26796,1.26867
2024-06-25 04:00:00,1.26867,1.26968,1.26836,1.26945
2024-06-25 08:00:00,1.26945,1.27023,1.2683,1.27011
2024-06-25 12:00:00,1.27011,1.2702499999999999,1.26753,1.268
2024-06-25 16:00:00,1.268,1.26877,1.26704,1.26788
2024-06-25 20:00:00,1.26787,1.2696100000000001,1.2677100000000001,1.2686
2024-06-26 00:00:00,1.26844,1.26883,1.26772,1.2685
2024-06-26 04:00:00,1.2685,1.26936,1.2684,1.26858
2024-06-26 08:00:00,1.26858,1.26883,1.2662,1.2666
2024-06-26 12:00:00,1.26658,1.26742,1.26398,1.2645
2024-06-26 16:00:00,1.2645,1.26513,1.26182,1.26261
2024-06-26 20:00:00,1.26261,1.26382,1.26157,1.26218
2024-06-27 00:00:00,1.26214,1.26254,1.2612999999999999,1.26148
2024-06-27 04:00:00,1.26148,1.26364,1.26145,1.26363
2024-06-27 08:00:00,1.26363,1.26475,1.26266,1.26352
2024-06-27 12:00:00,1.26352,1.26613,1.26345,1.26553
2024-06-27 16:00:00,1.26553,1.26708,1.26438,1.26511
2024-06-27 20:00:00,1.26512,1.2653699999999999,1.2637800000000001,1.26399
2024-06-28 00:00:00,1.26391,1.26467,1.26287,1.26291
2024-06-28 04:00:00,1.26291,1.26383,1.2622,1.26233
2024-06-28 08:00:00,1.26233,1.26499,1.26228,1.26356
2024-06-28 12:00:00,1.26356,1.26634,1.26312,1.26506
2024-06-28 16:00:00,1.26504,1.26518,1.26197,1.26422
2024-06-28 20:00:00,1.26422,1.26545,1.26311,1.26438
2024-07-01 00:00:00,1.2647599999999999,1.26566,1.26309,1.26529
2024-07-01 04:00:00,1.26528,1.2665899999999999,1.2650299999999999,1.26572
2024-07-01 08:00:00,1.26572,1.2689599999999999,1.26567,1.2674
2024-07-01 12:00:00,1.2674,1.26804,1.26582,1.26655
2024-07-01 16:00:00,1.26655,1.27093,1.26365,1.26483
2024-07-01 20:00:00,1.26483,1.26518,1.26336,1.26499
2024-07-02 00:00:00,1.26498,1.26526,1.2639,1.2641200000000001
2024-07-02 04:00:00,1.2641200000000001,1.26423,1.26321,1.26331
2024-07-02 08:00:00,1.26331,1.26397,1.26157,1.26292
2024-07-02 12:00:00,1.26291,1.26692,1.26272,1.26646
2024-07-02 16:00:00,1.26646,1.26855,1.26617,1.2668599999999999
2024-07-02 20:00:00,1.26685,1.2688,1.26671,1.26852
2024-07-03 00:00:00,1.26848,1.26933,1.26752,1.26887
2024-07-03 04:00:00,1.26887,1.26887,1.26817,1.26868
2024-07-03 08:00:00,1.26868,1.27017,1.26783,1.2695699999999999
2024-07-03 12:00:00,1.2695699999999999,1.27226,1.2692,1.27189
2024-07-03 16:00:00,1.27188,1.27773,1.27185,1.27542
2024-07-03 20:00:00,1.27541,1.27541,1.27339,1.27424
2024-07-04 00:00:00,1.27408,1.27515,1.2737,1.27507
2024-07-04 04:00:00,1.27507,1.2753700000000001,1.27412,1.27436
2024-07-04 08:00:00,1.27436,1.27628,1.27411,1.27557
2024-07-04 12:00:00,1.27556,1.27637,1.27472,1.27494
2024-07-04 16:00:00,1.27494,1.27677,1.27472,1.27613
2024-07-04 20:00:00,1.27613,1.27631,1.2757800000000001,1.27584
2024-07-05 00:00:00,1.27584,1.27674,1.27538,1.27644
2024-07-05 04:00:00,1.27644,1.2772700000000001,1.27617,1.27704
2024-07-05 08:00:00,1.27704,1.2781500000000001,1.27633,1.27796
2024-07-05 12:00:00,1.27795,1.28113,1.2763900000000001,1.28031
2024-07-05 16:00:00,1.28031,1.28143,1.27872,1.27985
2024-07-05 20:00:00,1.27985,1.28172,1.27981,1.28147
2024-07-08 00:00:00,1.27953,1.28159,1.27872,1.28051
2024-07-08 04:00:00,1.28051,1.2819,1.2802799999999999,1.28144
2024-07-08 08:00:00,1.28145,1.2821500000000001,1.28,1.28193
2024-07-08 12:00:00,1.28193,1.2840099999999999,1.28133,1.28384
2024-07-08 16:00:00,1.28384,1.28458,1.282,1.28214
2024-07-08 20:00:00,1.28214,1.28226,1.28058,1.28065
2024-07-09 00:00:00,1.28054,1.28167,1.2801,1.28083
2024-07-09 04:00:00,1.28083,1.2809300000000001,1.27987,1.28083
2024-07-09 08:00:00,1.28083,1.28125,1.27962,1.28057
2024-07-09 12:00:00,1.28057,1.2825199999999999,1.2793700000000001,1.28064
2024-07-09 16:00:00,1.28064,1.2821500000000001,1.27779,1.27834
2024-07-09 20:00:00,1.27834,1.27907,1.27817,1.27864
2024-07-10 00:00:00,1.27858,1.27919,1.2778800000000001,1.27861
2024-07-10 04:00:00,1.2786,1.27948,1.2784499999999999,1.2794400000000001
2024-07-10 08:00:00,1.2794400000000001,1.28022,1.27888,1.27969
2024-07-10 12:00:00,1.27969,1.28128,1.27968,1.28085
2024-07-10 16:00:00,1.28085,1.2846899999999999,1.28064,1.28463
2024-07-10 20:00:00,1.28463,1.28488,1.2834699999999999,1.2848
2024-07-11 00:00:00,1.28479,1.28585,1.28465,1.28551
2024-07-11 04:00:00,1.28551,1.28641,1.28495,1.28577
2024-07-11 08:00:00,1.28577,1.28755,1.2855400000000001,1.28754
2024-07-11 12:00:00,1.28754,1.29495,1.28691,1.29322
2024-07-11 16:00:00,1.29319,1.29487,1.29041,1.29109
2024-07-11 20:00:00,1.29109,1.2915,1.2899,1.2913700000000001
2024-07-12 00:00:00,1.29143,1.29243,1.29033,1.29093
2024-07-12 04:00:00,1.29093,1.29127,1.29022,1.2911299999999999
2024-07-12 08:00:00,1.2911299999999999,1.29461,1.29028,1.29461
2024-07-12 12:00:00,1.29461,1.29688,1.29304,1.29654
2024-07-12 16:00:00,1.29654,1.29909,1.2958,1.29873
2024-07-12 20:00:00,1.29873,1.29905,1.2980800000000001,1.29882
2024-07-15 00:00:00,1.29626,1.29804,1.2962099999999999,1.2966199999999999
2024-07-15 04:00:00,1.2966199999999999,1.29752,1.2962,1.29752
2024-07-15 08:00:00,1.29752,1.29897,1.29637,1.29891
2024-07-15 12:00:00,1.29891,1.29912,1.29675,1.29772
2024-07-15 16:00:00,1.29772,1.29949,1.29678,1.29775
2024-07-15 20:00:00,1.29775,1.29775,1.2962099999999999,1.29677
2024-07-16 00:00:00,1.2967,1.29709,1.29614,1.29651
2024-07-16 04:00:00,1.29651,1.29669,1.29616,1.29633
2024-07-16 08:00:00,1.29633,1.29729,1.29515,1.29635
2024-07-16 12:00:00,1.29634,1.298,1.29382,1.2947
2024-07-16 16:00:00,1.2947,1.29585,1.2941099999999999,1.29546
2024-07-16 20:00:00,1.29546,1.29771,1.29532,1.2973
2024-07-17 00:00:00,1.29736,1.29783,1.29609,1.29696
2024-07-17 04:00:00,1.29696,1.29787,1.29667,1.29684
2024-07-17 08:00:00,1.29684,1.30307,1.2966199999999999,1.30287
2024-07-17 12:00:00,1.30287,1.30446,1.30223,1.30324
2024-07-17 16:00:00,1.30324,1.3036400000000001,1.2999100000000001,1.30041
2024-07-17 20:00:00,1.30041,1.30121,1.30007,1.30081
2024-07-18 00:00:00,1.30084,1.3011,1.30022,1.30037
2024-07-18 04:00:00,1.30037,1.30074,1.29993,1.3001800000000001
2024-07-18 08:00:00,1.3001800000000001,1.3013,1.29831,1.29861
2024-07-18 12:00:00,1.29861,1.29966,1.29745,1.29816
2024-07-18 16:00:00,1.29816,1.29852,1.29685,1.2972000000000001
2024-07-18 20:00:00,1.2972000000000001,1.29724,1.29404,1.2943
2024-07-19 00:00:00,1.2941500000000001,1.29516,1.29386,1.29448
2024-07-19 04:00:00,1.29448,1.2946900000000001,1.29342,1.29387
2024-07-19 08:00:00,1.29387,1.2941799999999999,1.29146,1.29173
2024-07-19 12:00:00,1.2917399999999999,1.2929,1.29012,1.29203
2024-07-19 16:00:00,1.29203,1.29266,1.2912,1.29144
2024-07-19 20:00:00,1.29144,1.29186,1.29067,1.29122
2024-07-22 00:00:00,1.2916,1.29396,1.2906,1.29287
2024-07-22 04:00:00,1.29287,1.293,1.29123,1.2918
2024-07-22 08:00:00,1.29179,1.29324,1.291,1.29277
2024-07-22 12:00:00,1.29278,1.29425,1.29139,1.29166
2024-07-22 16:00:00,1.29166,1.2919800000000001,1.29055,1.2918
2024-07-22 20:00:00,1.2918,1.29336,1.2918,1.29336
2024-07-23 00:00:00,1.2932299999999999,1.29351,1.29249,1.29285
2024-07-23 04:00:00,1.29285,1.29339,1.29247,1.29281
2024-07-23 08:00:00,1.29281,1.29288,1.29095,1.2923499999999999
2024-07-23 12:00:00,1.2923499999999999,1.29258,1.28879,1.29058
2024-07-23 16:00:00,1.29058,1.29178,1.2904499999999999,1.29102
2024-07-23 20:00:00,1.29102,1.2913299999999999,1.29004,1.2906900000000001
2024-07-24 00:00:00,1.2907,1.29088,1.28958,1.28971
2024-07-24 04:00:00,1.28971,1.29,1.28841,1.28875
2024-07-24 08:00:00,1.28875,1.2901799999999999,1.28775,1.28968
2024-07-24 12:00:00,1.28968,1.293,1.28887,1.29284
2024-07-24 16:00:00,1.29284,1.29375,1.29147,1.2926199999999999
2024-07-24 20:00:00,1.2926199999999999,1.29275,1.28996,1.29065
2024-07-25 00:00:00,1.29062,1.29092,1.28921,1.28961
2024-07-25 04:00:00,1.28961,1.28986,1.2886199999999999,1.2889
2024-07-25 08:00:00,1.2889,1.29136,1.28744,1.2886
2024-07-25 12:00:00,1.2886,1.28942,1.28597,1.2875
2024-07-25 16:00:00,1.2875,1.28921,1.28634,1.28831
2024-07-25 20:00:00,1.2883200000000001,1.289,1.28495,1.2849599999999999
2024-07-26 00:00:00,1.28504,1.28609,1.28479,1.2857
2024-07-26 04:00:00,1.28569,1.2866,1.2854,1.28639
2024-07-26 08:00:00,1.28639,1.28731,1.28571,1.28658
2024-07-26 12:00:00,1.28658,1.28741,1.28552,1.28668
2024-07-26 16:00:00,1.28667,1.28754,1.28499,1.28744
2024-07-26 20:00:00,1.28744,1.28781,1.28643,1.2865
2024-07-29 00:00:00,1.28556,1.28883,1.2854999999999999,1.28849
2024-07-29 04:00:00,1.2885,1.28881,1.2873999999999999,1.28751
2024-07-29 08:00:00,1.28751,1.28781,1.28083,1.28131
2024-07-29 12:00:00,1.28131,1.28468,1.2807,1.28383
2024-07-29 16:00:00,1.28383,1.28599,1.28234,1.28544
2024-07-29 20:00:00,1.28544,1.2867899999999999,1.2854,1.2861
2024-07-30 00:00:00,1.28616,1.28663,1.28512,1.28539
2024-07-30 04:00:00,1.28539,1.28595,1.28453,1.2858
2024-07-30 08:00:00,1.2858,1.2864200000000001,1.28437,1.28593
2024-07-30 12:00:00,1.28594,1.28646,1.28288,1.2829
2024-07-30 16:00:00,1.2829,1.28442,1.28201,1.28338
2024-07-30 20:00:00,1.28338,1.28393,1.28271,1.28356
2024-07-31 00:00:00,1.28352,1.2842799999999999,1.28268,1.2840799999999999
2024-07-31 04:00:00,1.2840799999999999,1.28529,1.28354,1.2845900000000001
2024-07-31 08:00:00,1.2845900000000001,1.28473,1.28212,1.28301
2024-07-31 12:00:00,1.283,1.28541,1.28211,1.28479
2024-07-31 16:00:00,1.28478,1.28543,1.28224,1.28365
2024-07-31 20:00:00,1.28365,1.28644,1.28213,1.2855400000000001
2024-08-01 00:00:00,1.28541,1.2863,1.28484,1.28536
2024-08-01 04:00:00,1.28536,1.28609,1.28481,1.28505
2024-08-01 08:00:00,1.28505,1.28536,1.27765,1.27792
2024-08-01 12:00:00,1.27793,1.28237,1.2753,1.28104
2024-08-01 16:00:00,1.28104,1.28396,1.27518,1.27542
2024-08-01 20:00:00,1.27543,1.27584,1.2727,1.27386
2024-08-02 00:00:00,1.27371,1.2743,1.2720799999999999,1.27237
2024-08-02 04:00:00,1.27237,1.2729599999999999,1.2713,1.2725
2024-08-02 08:00:00,1.2725,1.27398,1.27073,1.27355
2024-08-02 12:00:00,1.27355,1.28086,1.27332,1.28025
2024-08-02 16:00:00,1.28023,1.2840500000000001,1.27839,1.27888
2024-08-02 20:00:00,1.27888,1.28128,1.27885,1.28049
2024-08-05 00:00:00,1.28007,1.28153,1.278,1.2784
2024-08-05 04:00:00,1.27841,1.28052,1.27782,1.2800799999999999
2024-08-05 08:00:00,1.28009,1.28171,1.27102,1.27625
2024-08-05 12:00:00,1.27624,1.27779,1.27273,1.27523
2024-08-05 16:00:00,1.27524,1.27962,1.27484,1.27665
2024-08-05 20:00:00,1.27664,1.2779,1.27443,1.27762
2024-08-06 00:00:00,1.27733,1.28029,1.27625,1.2802799999999999
2024-08-06 04:00:00,1.2802799999999999,1.2803200000000001,1.27722,1.2772999999999999
2024-08-06 08:00:00,1.2772999999999999,1.27787,1.27299,1.27325
2024-08-06 12:00:00,1.27324,1.27324,1.26727,1.26794
2024-08-06 16:00:00,1.26793,1.27265,1.26787,1.2705
2024-08-06 20:00:00,1.2705,1.27097,1.26848,1.26917
2024-08-07 00:00:00,1.26908,1.27035,1.26809,1.27026
2024-08-07 04:00:00,1.27027,1.27183,1.2693400000000001,1.27045
2024-08-07 08:00:00,1.27045,1.27164,1.26875,1.2702
2024-08-07 12:00:00,1.2702,1.2736,1.26974,1.27227
2024-08-07 16:00:00,1.27227,1.2726,1.27047,1.2707600000000001
2024-08-07 20:00:00,1.2707600000000001,1.27098,1.26834,1.26924
2024-08-08 00:00:00,1.26908,1.2694,1.26784,1.2681200000000001
2024-08-08 04:00:00,1.2681200000000001,1.27026,1.2681,1.26956
2024-08-08 08:00:00,1.2695699999999999,1.27138,1.26902,1.27005
2024-08-08 12:00:00,1.27005,1.27044,1.26651,1.26757
2024-08-08 16:00:00,1.26757,1.27437,1.26757,1.2742499999999999
2024-08-08 20:00:00,1.2742499999999999,1.27524,1.27346,1.27484
2024-08-09 00:00:00,1.27434,1.27493,1.27381,1.27408
2024-08-09 04:00:00,1.27408,1.2760500000000001,1.27407,1.27498
2024-08-09 08:00:00,1.27498,1.2772299999999999,1.27478,1.27653
2024-08-09 12:00:00,1.27652,1.27684,1.27263,1.27372
2024-08-09 16:00:00,1.27372,1.27739,1.27315,1.2758
2024-08-09 20:00:00,1.2758,1.27701,1.2753999999999999,1.27579
2024-08-12 00:00:00,1.27624,1.27624,1.27469,1.27569
2024-08-12 04:00:00,1.27569,1.27636,1.27562,1.2763200000000001
2024-08-12 08:00:00,1.2763200000000001,1.27823,1.276,1.2764
2024-08-12 12:00:00,1.27638,1.27756,1.27529,1.2763900000000001
2024-08-12 16:00:00,1.2763900000000001,1.27941,1.27572,1.2758099999999999
2024-08-12 20:00:00,1.2758099999999999,1.27713,1.27556,1.27652
2024-08-13 00:00:00,1.27612,1.27709,1.27594,1.27665
2024-08-13 04:00:00,1.27665,1.27792,1.27644,1.27789
2024-08-13 08:00:00,1.27789,1.28131,1.27763,1.2798
2024-08-13 12:00:00,1.2798,1.28129,1.27795,1.28074
2024-08-13 16:00:00,1.28073,1.28472,1.27999,1.28452
2024-08-13 20:00:00,1.28452,1.28731,1.28438,1.28629
2024-08-14 00:00:00,1.28594,1.28677,1.28522,1.28633
2024-08-14 04:00:00,1.28635,1.28685,1.28541,1.2858800000000001
2024-08-14 08:00:00,1.2858800000000001,1.28626,1.28164,1.28413
2024-08-14 12:00:00,1.28413,1.286,1.28267,1.2840099999999999
2024-08-14 16:00:00,1.28397,1.2864,1.28333,1.28381
2024-08-14 20:00:00,1.2838,1.2838,1.28211,1.28254
2024-08-15 00:00:00,1.28257,1.28319,1.2821500000000001,1.28273
2024-08-15 04:00:00,1.28273,1.2840799999999999,1.28197,1.2840099999999999
2024-08-15 08:00:00,1.2840099999999999,1.28582,1.28382,1.28438
2024-08-15 12:00:00,1.28438,1.28697,1.28102,1.28179
2024-08-15 16:00:00,1.28179,1.28718,1.27987,1.28517
2024-08-15 20:00:00,1.28517,1.28646,1.28483,1.28533
2024-08-16 00:00:00,1.28505,1.28638,1.2848600000000001,1.28627
2024-08-16 04:00:00,1.28627,1.28753,1.28604,1.28729
2024-08-16 08:00:00,1.28729,1.28914,1.28705,1.2885499999999999
2024-08-16 12:00:00,1.2885499999999999,1.2913999999999999,1.28849,1.28974
2024-08-16 16:00:00,1.28974,1.29217,1.28817,1.29209
2024-08-16 20:00:00,1.29208,1.2946,1.29208,1.2945
2024-08-19 00:00:00,1.29346,1.2953299999999999,1.29304,1.29452
2024-08-19 04:00:00,1.29452,1.29603,1.2943799999999999,1.29534
2024-08-19 08:00:00,1.29534,1.29758,1.29527,1.29719
2024-08-19 12:00:00,1.29719,1.29724,1.29426,1.29508
2024-08-19 16:00:00,1.29508,1.29974,1.29406,1.29818
2024-08-19 20:00:00,1.29818,1.29963,1.29791,1.29907
2024-08-20 00:00:00,1.2986900000000001,1.2993999999999999,1.298,1.2986
2024-08-20 04:00:00,1.2986,1.29932,1.2977,1.29798
2024-08-20 08:00:00,1.29797,1.30131,1.29744,1.30009
2024-08-20 12:00:00,1.30008,1.3029899999999999,1.29917,1.3027199999999999
2024-08-20 16:00:00,1.30271,1.30525,1.30128,1.30252
2024-08-20 20:00:00,1.30252,1.30362,1.30178,1.30337
2024-08-21 00:00:00,1.30332,1.30385,1.30252,1.30346
2024-08-21 04:00:00,1.30346,1.30362,1.30229,1.30266
2024-08-21 08:00:00,1.3026499999999999,1.30315,1.30111,1.30132
2024-08-21 12:00:00,1.30132,1.30483,1.30127,1.30451
2024-08-21 16:00:00,1.30451,1.30914,1.30346,1.30893
2024-08-21 20:00:00,1.30893,1.31196,1.30847,1.3090899999999999
2024-08-22 00:00:00,1.30839,1.30969,1.30839,1.30901
2024-08-22 04:00:00,1.30902,1.30915,1.30816,1.30839
2024-08-22 08:00:00,1.30839,1.31289,1.30813,1.31139
2024-08-22 12:00:00,1.31139,1.3127900000000001,1.30956,1.3118699999999999
2024-08-22 16:00:00,1.31188,1.31294,1.30816,1.30863
2024-08-22 20:00:00,1.30863,1.30948,1.30768,1.30917
2024-08-23 00:00:00,1.30865,1.31014,1.30815,1.30986
2024-08-23 04:00:00,1.30986,1.31097,1.30968,1.3109600000000001
2024-08-23 08:00:00,1.3109600000000001,1.31314,1.31071,1.3131300000000001
2024-08-23 12:00:00,1.31312,1.3136700000000001,1.31109,1.31197
2024-08-23 16:00:00,1.31193,1.32303,1.31086,1.31909
2024-08-23 20:00:00,1.31909,1.32211,1.3189199999999999,1.32164
2024-08-26 00:00:00,1.3199,1.32199,1.3199,1.32147
2024-08-26 04:00:00,1.32146,1.32224,1.3199,1.32009
2024-08-26 08:00:00,1.32009,1.32101,1.319,1.31979
2024-08-26 12:00:00,1.31979,1.32057,1.3180100000000001,1.32016
2024-08-26 16:00:00,1.32015,1.32096,1.31806,1.3198699999999999
2024-08-26 20:00:00,1.3198699999999999,1.32074,1.31819,1.3187
2024-08-27 00:00:00,1.31854,1.31931,1.3180100000000001,1.31817
2024-08-27 04:00:00,1.31817,1.3195299999999999,1.31813,1.31931
2024-08-27 08:00:00,1.31931,1.32233,1.31915,1.32178
2024-08-27 12:00:00,1.32178,1.32469,1.32038,1.3213
2024-08-27 16:00:00,1.3213,1.32425,1.32128,1.32328
2024-08-27 20:00:00,1.32329,1.3266499999999999,1.3232,1.32609
2024-08-28 00:00:00,1.32593,1.32622,1.3248199999999999,1.3259699999999999
2024-08-28 04:00:00,1.3259699999999999,1.32607,1.32403,1.32416
2024-08-28 08:00:00,1.32417,1.32443,1.32172,1.32301
2024-08-28 12:00:00,1.32302,1.32397,1.3199100000000001,1.32103
2024-08-28 16:00:00,1.32103,1.32308,1.31742,1.31857
2024-08-28 20:00:00,1.31857,1.31914,1.31677,1.31904
2024-08-29 00:00:00,1.31903,1.32081,1.31874,1.32064
2024-08-29 04:00:00,1.32064,1.32124,1.3197,1.32122
2024-08-29 08:00:00,1.32122,1.3227,1.31684,1.31884
2024-08-29 12:00:00,1.31884,1.32025,1.31538,1.3161
2024-08-29 16:00:00,1.3161,1.31906,1.31456,1.3182800000000001
2024-08-29 20:00:00,1.31827,1.31895,1.31635,1.3168199999999999
2024-08-30 00:00:00,1.31659,1.31714,1.31556,1.3168
2024-08-30 04:00:00,1.3168,1.31715,1.31603,1.31644
2024-08-30 08:00:00,1.31644,1.32,1.31643,1.31832
2024-08-30 12:00:00,1.3183,1.31895,1.31436,1.3155299999999999
2024-08-30 16:00:00,1.3155299999999999,1.31643,1.31098,1.31192
2024-08-30 20:00:00,1.31192,1.31365,1.31124,1.31297
2024-09-02 00:00:00,1.3128600000000001,1.3138,1.31197,1.31338
2024-09-02 04:00:00,1.31338,1.31375,1.31202,1.31258
2024-09-02 08:00:00,1.31258,1.31461,1.31227,1.31349
2024-09-02 12:00:00,1.31349,1.31479,1.31274,1.31427
2024-09-02 16:00:00,1.3142800000000001,1.31551,1.31359,1.31419
2024-09-02 20:00:00,1.31419,1.31477,1.31418,1.3146200000000001
2024-09-03 00:00:00,1.3141,1.3149600000000001,1.31341,1.31372
2024-09-03 04:00:00,1.31372,1.31471,1.3123,1.31249
2024-09-03 08:00:00,1.31249,1.31399,1.31089,1.31224
2024-09-03 12:00:00,1.31224,1.31394,1.31098,1.31307
2024-09-03 16:00:00,1.3130600000000001,1.31464,1.3088600000000001,1.31034
2024-09-03 20:00:00,1.31033,1.31168,1.30877,1.31148
2024-09-04 00:00:00,1.31128,1.31154,1.3102,1.31042
2024-09-04 04:00:00,1.31042,1.3118699999999999,1.31016,1.31176
2024-09-04 08:00:00,1.31176,1.31278,1.3101099999999999,1.31209
2024-09-04 12:00:00,1.31209,1.31271,1.31066,1.31235
2024-09-04 16:00:00,1.31236,1.31754,1.31212,1.31506
2024-09-04 20:00:00,1.31504,1.31531,1.31274,1.3148
2024-09-05 00:00:00,1.31449,1.3149199999999999,1.31365,1.31437
2024-09-05 04:00:00,1.31437,1.31565,1.31437,1.31476
2024-09-05 08:00:00,1.31476,1.3171599999999999,1.31371,1.31695
2024-09-05 12:00:00,1.31695,1.3180100000000001,1.31536,1.31612
2024-09-05 16:00:00,1.31612,1.31787,1.31513,1.31734
2024-09-05 20:00:00,1.31734,1.31855,1.31643,1.31803
2024-09-06 00:00:00,1.3177400000000001,1.31817,1.31717,1.31784
2024-09-06 04:00:00,1.31784,1.31799,1.3173,1.31787
2024-09-06 08:00:00,1.31787,1.31932,1.31662,1.31676
2024-09-06 12:00:00,1.3167499999999999,1.32388,1.31494,1.32101
2024-09-06 16:00:00,1.32101,1.32169,1.31101,1.31204
2024-09-06 20:00:00,1.31203,1.31394,1.31132,1.31312
2024-09-09 00:00:00,1.31167,1.31415,1.31122,1.31303
2024-09-09 04:00:00,1.31303,1.31434,1.31195,1.31196
2024-09-09 08:00:00,1.31196,1.31199,1.3082799999999999,1.30883
2024-09-09 12:00:00,1.30883,1.3100100000000001,1.30731,1.30834
2024-09-09 16:00:00,1.30834,1.31009,1.30678,1.30973
2024-09-09 20:00:00,1.30973,1.31022,1.307,1.30727
2024-09-10 00:00:00,1.30736,1.30769,1.3058,1.30628
2024-09-10 04:00:00,1.30628,1.30775,1.30618,1.3077
2024-09-10 08:00:00,1.3077,1.31077,1.30735,1.3085499999999999
2024-09-10 12:00:00,1.3085499999999999,1.31048,1.30687,1.30704
2024-09-10 16:00:00,1.30704,1.30758,1.30496,1.30685
2024-09-10 20:00:00,1.30685,1.30869,1.30661,1.30792
2024-09-11 00:00:00,1.30798,1.30847,1.30675,1.30722
2024-09-11 04:00:00,1.30722,1.31025,1.30704,1.31022
2024-09-11 08:00:00,1.31022,1.31112,1.30777,1.30831
2024-09-11 12:00:00,1.30831,1.30982,1.30469,1.30617
2024-09-11 16:00:00,1.30617,1.3073299999999999,1.3002,1.3036699999999999
2024-09-11 20:00:00,1.3036699999999999,1.30502,1.30356,1.30431
2024-09-12 00:00:00,1.30426,1.30461,1.30341,1.30345
2024-09-12 04:00:00,1.30345,1.3049,1.30322,1.30488
2024-09-12 08:00:00,1.30487,1.30567,1.30327,1.30474
2024-09-12 12:00:00,1.30474,1.30623,1.30377,1.3054000000000001
2024-09-12 16:00:00,1.3054000000000001,1.3094999999999999,1.30503,1.30921
2024-09-12 20:00:00,1.30921,1.31271,1.30857,1.31256
2024-09-13 00:00:00,1.31237,1.3146,1.31193,1.31453
2024-09-13 04:00:00,1.31453,1.3151,1.3137699999999999,1.31474
2024-09-13 08:00:00,1.31473,1.31497,1.3124500000000001,1.3143500000000001
2024-09-13 12:00:00,1.3143500000000001,1.3152300000000001,1.3115,1.31375
2024-09-13 16:00:00,1.31375,1.31579,1.31233,1.31312
2024-09-13 20:00:00,1.31312,1.31345,1.3118,1.3123
2024-09-16 00:00:00,1.31212,1.3143500000000001,1.31182,1.31414
2024-09-16 04:00:00,1.31414,1.31634,1.31384,1.3153299999999999
2024-09-16 08:00:00,1.31532,1.31931,1.31528,1.31882
2024-09-16 12:00:00,1.31884,1.32093,1.31829,1.3198400000000001
2024-09-16 16:00:00,1.31983,1.3214299999999999,1.31914,1.32073
2024-09-16 20:00:00,1.32073,1.32183,1.31975,1.32153
2024-09-17 00:00:00,1.32158,1.32172,1.32003,1.3202
2024-09-17 04:00:00,1.3202,1.32119,1.32003,1.32032
2024-09-17 08:00:00,1.32032,1.32298,1.3198699999999999,1.32282
2024-09-17 12:00:00,1.32281,1.32291,1.31996,1.3210600000000001
2024-09-17 16:00:00,1.32107,1.32131,1.31524,1.3158
2024-09-17 20:00:00,1.3158,1.31694,1.3146200000000001,1.31593
2024-09-18 00:00:00,1.31606,1.3171300000000001,1.31508,1.31688
2024-09-18 04:00:00,1.31688,1.31724,1.31581,1.3159100000000001
2024-09-18 08:00:00,1.3159100000000001,1.3212,1.31565,1.32058
2024-09-18 12:00:00,1.32058,1.32276,1.3204799999999999,1.32184
2024-09-18 16:00:00,1.32185,1.32541,1.3195299999999999,1.3210600000000001
2024-09-18 20:00:00,1.3210600000000001,1.32979,1.31754,1.32123
2024-09-19 00:00:00,1.32134,1.32182,1.31686,1.31712
2024-09-19 04:00:00,1.31712,1.32139,1.31537,1.32092
2024-09-19 08:00:00,1.32092,1.32651,1.32086,1.32635
2024-09-19 12:00:00,1.32636,1.33142,1.324,1.32401
2024-09-19 16:00:00,1.32402,1.32895,1.32199,1.3281399999999999
2024-09-19 20:00:00,1.32815,1.32894,1.32739,1.3284500000000001
2024-09-20 00:00:00,1.32828,1.32842,1.3271899999999999,1.3277700000000001
2024-09-20 04:00:00,1.3277700000000001,1.33017,1.3274599999999999,1.3293
2024-09-20 08:00:00,1.3293,1.33404,1.32871,1.3301
2024-09-20 12:00:00,1.3301,1.33233,1.3281,1.33208
2024-09-20 16:00:00,1.33208,1.33318,1.3268499999999999,1.33264
2024-09-20 20:00:00,1.33264,1.3327499999999999,1.33067,1.33205
2024-09-23 00:00:00,1.3311,1.33231,1.3305500000000001,1.3311
2024-09-23 04:00:00,1.3311,1.332,1.33072,1.33164
2024-09-23 08:00:00,1.33164,1.3320400000000001,1.32485,1.32717
2024-09-23 12:00:00,1.32717,1.33295,1.32714,1.3327499999999999
2024-09-23 16:00:00,1.33274,1.33594,1.33128,1.33434
2024-09-23 20:00:00,1.33435,1.33544,1.33373,1.33479
2024-09-24 00:00:00,1.33464,1.3354300000000001,1.3336299999999999,1.33445
2024-09-24 04:00:00,1.33446,1.33583,1.33403,1.33581
2024-09-24 08:00:00,1.33581,1.33813,1.33319,1.33772
2024-09-24 12:00:00,1.33772,1.33898,1.33591,1.3387
2024-09-24 16:00:00,1.33871,1.3399,1.33678,1.33905
2024-09-24 20:00:00,1.33905,1.34158,1.3388,1.3413
2024-09-25 00:00:00,1.34124,1.34298,1.3407,1.34236
2024-09-25 04:00:00,1.34236,1.34249,1.34107,1.34176
2024-09-25 08:00:00,1.34176,1.34186,1.33757,1.3379400000000001
2024-09-25 12:00:00,1.3379400000000001,1.33964,1.3364099999999999,1.33957
2024-09-25 16:00:00,1.33956,1.34127,1.33277,1.33328
2024-09-25 20:00:00,1.33328,1.3333,1.3312599999999999,1.33226
2024-09-26 00:00:00,1.33217,1.33288,1.33127,1.33279
2024-09-26 04:00:00,1.33279,1.3342800000000001,1.3321100000000001,1.33396
2024-09-26 08:00:00,1.33396,1.3357999999999999,1.33344,1.3351199999999999
2024-09-26 12:00:00,1.3351199999999999,1.3389199999999999,1.33494,1.33724
2024-09-26 16:00:00,1.33724,1.3434300000000001,1.33511,1.34097
2024-09-26 20:00:00,1.34097,1.34256,1.34087,1.34152
2024-09-27 00:00:00,1.34149,1.3416000000000001,1.33976,1.33986
2024-09-27 04:00:00,1.33986,1.34017,1.33805,1.3385500000000001
2024-09-27 08:00:00,1.3385500000000001,1.33968,1.336,1.33741
2024-09-27 12:00:00,1.33741,1.34265,1.3370600000000001,1.34246
2024-09-27 16:00:00,1.34246,1.34277,1.33799,1.33834
2024-09-27 20:00:00,1.33834,1.3388499999999999,1.33695,1.33712
2024-09-30 00:00:00,1.33686,1.33847,1.3366,1.33827
2024-09-30 04:00:00,1.3382800000000001,1.33897,1.33738,1.3388200000000001
2024-09-30 08:00:00,1.3388200000000001,1.34233,1.33744,1.34181
2024-09-30 12:00:00,1.34181,1.34182,1.33814,1.33866
2024-09-30 16:00:00,1.33866,1.34172,1.33601,1.34022
2024-09-30 20:00:00,1.34022,1.34084,1.33501,1.33761
2024-10-01 00:00:00,1.33742,1.33825,1.33626,1.33752
2024-10-01 04:00:00,1.33752,1.33894,1.33685,1.33807
2024-10-01 08:00:00,1.33807,1.3385099999999999,1.33262,1.33316
2024-10-01 12:00:00,1.33317,1.33389,1.33111,1.33185
2024-10-01 16:00:00,1.33185,1.33276,1.32459,1.32547
2024-10-01 20:00:00,1.32549,1.32904,1.32373,1.3284500000000001
2024-10-02 00:00:00,1.32855,1.32863,1.32722,1.32769
2024-10-02 04:00:00,1.32769,1.3296000000000001,1.32679,1.32697
2024-10-02 08:00:00,1.32697,1.33056,1.32607,1.32969
2024-10-02 12:00:00,1.32968,1.32977,1.32734,1.32736
2024-10-02 16:00:00,1.32743,1.32834,1.32459,1.32712
2024-10-02 20:00:00,1.32712,1.3275299999999999,1.32584,1.32666
2024-10-03 00:00:00,1.32666,1.32724,1.32538,1.32616
2024-10-03 04:00:00,1.32616,1.32632,1.32434,1.32442
2024-10-03 08:00:00,1.32442,1.32463,1.31056,1.31165
2024-10-03 12:00:00,1.31165,1.31287,1.30929,1.31139
2024-10-03 16:00:00,1.31139,1.31318,1.30922,1.31254
2024-10-03 20:00:00,1.31254,1.3132,1.31125,1.31231
2024-10-04 00:00:00,1.31237,1.31341,1.3115,1.3130899999999999
2024-10-04 04:00:00,1.3131,1.3136,1.31234,1.3127499999999999
2024-10-04 08:00:00,1.31276,1.3167499999999999,1.31269,1.31566
2024-10-04 12:00:00,1.31566,1.3175,1.30755,1.3079
2024-10-04 16:00:00,1.3079,1.3119399999999999,1.30698,1.3115299999999999
2024-10-04 20:00:00,1.3115299999999999,1.31296,1.31145,1.31198
2024-10-07 00:00:00,1.31171,1.3128199999999999,1.30788,1.31224
2024-10-07 04:00:00,1.31224,1.31346,1.31172,1.31173
2024-10-07 08:00:00,1.31169,1.31228,1.30865,1.30888
2024-10-07 12:00:00,1.30888,1.30899,1.30594,1.3079
2024-10-07 16:00:00,1.30786,1.30942,1.30687,1.30898
2024-10-07 20:00:00,1.30897,1.3096700000000001,1.30691,1.3082500000000001
2024-10-08 00:00:00,1.30826,1.3100399999999999,1.30738,1.31003
2024-10-08 04:00:00,1.31003,1.3103799999999999,1.3084799999999999,1.309
2024-10-08 08:00:00,1.309,1.31042,1.30643,1.30998
2024-10-08 12:00:00,1.30997,1.31135,1.30902,1.3101
2024-10-08 16:00:00,1.3101,1.3112300000000001,1.3081,1.30883
2024-10-08 20:00:00,1.30883,1.31052,1.30761,1.31049
2024-10-09 00:00:00,1.31022,1.31047,1.3090600000000001,1.3100100000000001
2024-10-09 04:00:00,1.3100100000000001,1.31024,1.30815,1.30842
2024-10-09 08:00:00,1.30842,1.31018,1.30559,1.30777
2024-10-09 12:00:00,1.30777,1.30957,1.3076400000000001,1.3082799999999999
2024-10-09 16:00:00,1.3082799999999999,1.3089,1.30657,1.30684
2024-10-09 20:00:00,1.30684,1.30761,1.306,1.30722
2024-10-10 00:00:00,1.30695,1.30727,1.30625,1.30689
2024-10-10 04:00:00,1.30689,1.30781,1.30671,1.30724
2024-10-10 08:00:00,1.30724,1.3089,1.30677,1.30742
2024-10-10 12:00:00,1.30742,1.30939,1.3023,1.3075999999999999
2024-10-10 16:00:00,1.3075999999999999,1.3085,1.30253,1.30353
2024-10-10 20:00:00,1.30353,1.30645,1.3022,1.30587
2024-10-11 00:00:00,1.3057699999999999,1.3064,1.3047,1.3064
2024-10-11 04:00:00,1.3064,1.3066900000000001,1.30485,1.30496
2024-10-11 08:00:00,1.30496,1.30812,1.3041800000000001,1.30735
2024-10-11 12:00:00,1.30735,1.3081800000000001,1.30519,1.30651
2024-10-11 16:00:00,1.30651,1.30832,1.3057,1.30724
2024-10-11 20:00:00,1.30724,1.30782,1.3063,1.30692
2024-10-14 00:00:00,1.30566,1.30668,1.30408,1.30512
2024-10-14 04:00:00,1.30512,1.30628,1.3042500000000001,1.30591
2024-10-14 08:00:00,1.30591,1.3072,1.30561,1.30668
2024-10-14 12:00:00,1.3066499999999999,1.30678,1.3031,1.30345
2024-10-14 16:00:00,1.30342,1.30602,1.30302,1.30518
2024-10-14 20:00:00,1.30518,1.30616,1.30416,1.30597
2024-10-15 00:00:00,1.30587,1.30677,1.30491,1.30659
2024-10-15 04:00:00,1.30659,1.30692,1.30478,1.30502
2024-10-15 08:00:00,1.30502,1.30866,1.30355,1.30765
2024-10-15 12:00:00,1.30765,1.30969,1.30686,1.30884
2024-10-15 16:00:00,1.30884,1.31029,1.30686,1.3069600000000001
2024-10-15 20:00:00,1.3069600000000001,1.30748,1.30607,1.30741
2024-10-16 00:00:00,1.30731,1.30741,1.30599,1.30647
2024-10-16 04:00:00,1.30647,1.30774,1.30636,1.30741
2024-10-16 08:00:00,1.30741,1.3076699999999999,1.29826,1.30037
2024-10-16 12:00:00,1.30038,1.30379,1.30009,1.30151
2024-10-16 16:00:00,1.30151,1.30313,1.2995,1.30043
2024-10-16 20:00:00,1.30044,1.30056,1.2977,1.29891
2024-10-17 00:00:00,1.29892,1.29972,1.29814,1.29877
2024-10-17 04:00:00,1.2987600000000001,1.30014,1.29805,1.29839
2024-10-17 08:00:00,1.29839,1.29963,1.2974,1.29779
2024-10-17 12:00:00,1.2978100000000001,1.30232,1.29761,1.3008899999999999
2024-10-17 16:00:00,1.3008899999999999,1.30189,1.29798,1.30106
2024-10-17 20:00:00,1.30106,1.30154,1.30047,1.30107
2024-10-18 00:00:00,1.30105,1.30196,1.3,1.3014000000000001
2024-10-18 04:00:00,1.3014000000000001,1.30266,1.30139,1.30219
2024-10-18 08:00:00,1.30219,1.30713,1.30203,1.30414
2024-10-18 12:00:00,1.30414,1.30549,1.30343,1.30491
2024-10-18 16:00:00,1.30491,1.3066900000000001,1.3020100000000001,1.30443
2024-10-18 20:00:00,1.30442,1.30504,1.30383,1.30493
2024-10-21 00:00:00,1.30415,1.30582,1.30402,1.30432
2024-10-21 04:00:00,1.30432,1.3053,1.3038699999999999,1.30405
2024-10-21 08:00:00,1.30405,1.30449,1.30121,1.3026499999999999
2024-10-21 12:00:00,1.3026499999999999,1.30337,1.30134,1.30294
2024-10-21 16:00:00,1.30294,1.3032,1.29786,1.2987
2024-10-21 20:00:00,1.2987,1.29916,1.2977,1.2984
2024-10-22 00:00:00,1.2984499999999999,1.29879,1.29766,1.2980800000000001
2024-10-22 04:00:00,1.2980800000000001,1.3,1.29805,1.2999800000000001
2024-10-22 08:00:00,1.2999800000000001,1.30154,1.29866,1.29892
2024-10-22 12:00:00,1.29892,1.29923,1.29559,1.29561
2024-10-22 16:00:00,1.29561,1.29832,1.29446,1.29748
2024-10-22 20:00:00,1.2974700000000001,1.29858,1.29731,1.29849
2024-10-23 00:00:00,1.29833,1.29892,1.2968600000000001,1.29768
2024-10-23 04:00:00,1.29768,1.29917,1.29714,1.29888
2024-10-23 08:00:00,1.29888,1.29951,1.29622,1.29843
2024-10-23 12:00:00,1.2984200000000001,1.29873,1.29456,1.29531
2024-10-23 16:00:00,1.29531,1.29619,1.29226,1.29285
2024-10-23 20:00:00,1.2928600000000001,1.29341,1.29075,1.29205
2024-10-24 00:00:00,1.29213,1.29272,1.29093,1.2926
2024-10-24 04:00:00,1.2926,1.29307,1.29181,1.29307
2024-10-24 08:00:00,1.29307,1.29727,1.2925900000000001,1.29613
2024-10-24 12:00:00,1.29613,1.29825,1.29548,1.29743
2024-10-24 16:00:00,1.29743,1.29882,1.29481,1.29596
2024-10-24 20:00:00,1.29595,1.29779,1.29589,1.29771
2024-10-25 00:00:00,1.29731,1.29765,1.2959,1.29687
2024-10-25 04:00:00,1.29687,1.29731,1.2960099999999999,1.29645
2024-10-25 08:00:00,1.29645,1.29799,1.2955999999999999,1.29757
2024-10-25 12:00:00,1.29757,1.2996699999999999,1.29744,1.29923
2024-10-25 16:00:00,1.29923,1.29987,1.29718,1.29766
2024-10-25 20:00:00,1.29766,1.29775,1.29585,1.29614
2024-10-28 00:00:00,1.29708,1.29708,1.29494,1.2953299999999999
2024-10-28 04:00:00,1.2953299999999999,1.29592,1.2941799999999999,1.29467
2024-10-28 08:00:00,1.29467,1.29782,1.29399,1.2976
2024-10-28 12:00:00,1.2976,1.29973,1.2966199999999999,1.2988
2024-10-28 16:00:00,1.29881,1.30015,1.29783,1.29797
2024-10-28 20:00:00,1.29797,1.29827,1.29679,1.29697
2024-10-29 00:00:00,1.29721,1.29772,1.2965,1.29726
2024-10-29 04:00:00,1.29726,1.2974999999999999,1.29582,1.29616
2024-10-29 08:00:00,1.29616,1.2989899999999999,1.29607,1.2984200000000001
2024-10-29 12:00:00,1.2984200000000001,1.29927,1.29695,1.29776
2024-10-29 16:00:00,1.2977699999999999,1.30118,1.29673,1.29993
2024-10-29 20:00:00,1.29993,1.30148,1.29927,1.3014299999999999
2024-10-30 00:00:00,1.30145,1.30171,1.30037,1.30133
2024-10-30 04:00:00,1.30133,1.30203,1.2996400000000001,1.29986
2024-10-30 08:00:00,1.29986,1.30249,1.2995999999999999,1.3017699999999999
2024-10-30 12:00:00,1.30178,1.3027,1.29371,1.29494
2024-10-30 16:00:00,1.29494,1.30434,1.29467,1.29986
2024-10-30 20:00:00,1.29987,1.3000099999999999,1.29597,1.29623
2024-10-31 00:00:00,1.29613,1.29672,1.29492,1.29495
2024-10-31 04:00:00,1.29495,1.29593,1.29428,1.29502
2024-10-31 08:00:00,1.29502,1.2999399999999999,1.2948,1.29802
2024-10-31 12:00:00,1.29802,1.2999800000000001,1.29582,1.29782
2024-10-31 16:00:00,1.29782,1.29981,1.28438,1.28639
2024-10-31 20:00:00,1.2864,1.28997,1.28556,1.28992
2024-11-01 00:00:00,1.28985,1.29032,1.28891,1.28952
2024-11-01 04:00:00,1.28952,1.29025,1.2888899999999999,1.28979
2024-11-01 08:00:00,1.28979,1.29183,1.28846,1.29041
2024-11-01 12:00:00,1.29044,1.29672,1.2904200000000001,1.2953700000000001
2024-11-01 16:00:00,1.29538,1.29805,1.29439,1.29566
2024-11-01 20:00:00,1.29565,1.29578,1.29161,1.29195
2024-11-04 00:00:00,1.2966,1.29794,1.29496,1.29752
2024-11-04 04:00:00,1.29752,1.2999,1.2972000000000001,1.29927
2024-11-04 08:00:00,1.29927,1.2996400000000001,1.29454,1.29717
2024-11-04 12:00:00,1.29717,1.29829,1.29516,1.29698
2024-11-04 16:00:00,1.29699,1.29934,1.29343,1.2956400000000001
2024-11-04 20:00:00,1.2956400000000001,1.29616,1.29419,1.29563
2024-11-05 00:00:00,1.29566,1.29593,1.29477,1.29557
2024-11-05 04:00:00,1.29557,1.29637,1.2953000000000001,1.296
2024-11-05 08:00:00,1.296,1.29847,1.29578,1.29821
2024-11-05 12:00:00,1.29821,1.29944,1.29789,1.29828
2024-11-05 16:00:00,1.29829,1.30347,1.2981099999999999,1.30334
2024-11-05 20:00:00,1.30335,1.30424,1.30162,1.30416
2024-11-06 00:00:00,1.30412,1.3048,1.2949,1.29669
2024-11-06 04:00:00,1.29668,1.29697,1.28631,1.2888600000000001
2024-11-06 08:00:00,1.2888600000000001,1.29238,1.28465,1.2901099999999999
2024-11-06 12:00:00,1.29009,1.29095,1.2841,1.28646
2024-11-06 16:00:00,1.28646,1.29088,1.28342,1.28898
2024-11-06 20:00:00,1.28898,1.29196,1.28789,1.2879
2024-11-07 00:00:00,1.28788,1.2892000000000001,1.28717,1.28894
2024-11-07 04:00:00,1.28895,1.29344,1.2888899999999999,1.29308
2024-11-07 08:00:00,1.29307,1.29474,1.2907199999999999,1.29075
2024-11-07 12:00:00,1.29075,1.2974999999999999,1.28973,1.29721
2024-11-07 16:00:00,1.29721,1.30093,1.29643,1.2989899999999999
2024-11-07 20:00:00,1.299,1.29917,1.29483,1.29871
2024-11-08 00:00:00,1.29855,1.2989,1.29645,1.29733
2024-11-08 04:00:00,1.29733,1.29766,1.29619,1.29698
2024-11-08 08:00:00,1.29698,1.29744,1.2935400000000001,1.2960099999999999
2024-11-08 12:00:00,1.29602,1.29766,1.29278,1.29414
2024-11-08 16:00:00,1.29414,1.29483,1.2883499999999999,1.28972
2024-11-08 20:00:00,1.28972,1.29253,1.28962,1.29196
2024-11-11 00:00:00,1.2908,1.29258,1.28891,1.29181
2024-11-11 04:00:00,1.2918,1.29234,1.2901099999999999,1.29153
2024-11-11 08:00:00,1.29152,1.29223,1.28831,1.29004
2024-11-11 12:00:00,1.29002,1.2906900000000001,1.2856,1.28668
2024-11-11 16:00:00,1.2866900000000001,1.2878,1.28577,1.2864200000000001
2024-11-11 20:00:00,1.28641,1.28702,1.28571,1.28693
2024-11-12 00:00:00,1.2868,1.28735,1.28577,1.28613
2024-11-12 04:00:00,1.28613,1.28613,1.2830300000000001,1.2833
2024-11-12 08:00:00,1.28329,1.28329,1.27923,1.28237
2024-11-12 12:00:00,1.28239,1.28316,1.28046,1.2810000000000001
2024-11-12 16:00:00,1.28101,1.28111,1.27191,1.2733400000000001
2024-11-12 20:00:00,1.2733400000000001,1.2751000000000001,1.27325,1.27472
2024-11-13 00:00:00,1.2747600000000001,1.27535,1.2731,1.27502
2024-11-13 04:00:00,1.27502,1.2754699999999999,1.27374,1.27433
2024-11-13 08:00:00,1.27433,1.27557,1.27298,1.2751299999999999
2024-11-13 12:00:00,1.2751299999999999,1.27694,1.27365,1.2754400000000001
2024-11-13 16:00:00,1.27543,1.27568,1.26864,1.27101
2024-11-13 20:00:00,1.27102,1.27203,1.26999,1.2708
2024-11-14 00:00:00,1.27075,1.2711299999999999,1.2692,1.2694
2024-11-14 04:00:00,1.26941,1.26942,1.2673,1.26874
2024-11-14 08:00:00,1.2687300000000001,1.2695400000000001,1.26553,1.26569
2024-11-14 12:00:00,1.26569,1.26798,1.26299,1.26571
2024-11-14 16:00:00,1.26571,1.2720099999999999,1.26558,1.27034
2024-11-14 20:00:00,1.27036,1.2704900000000001,1.26474,1.26663
2024-11-15 00:00:00,1.2665600000000001,1.26722,1.2656399999999999,1.2665199999999999
2024-11-15 04:00:00,1.26653,1.26824,1.2665199999999999,1.2675
2024-11-15 08:00:00,1.2675,1.26906,1.26488,1.26523
2024-11-15 12:00:00,1.26524,1.26971,1.2640500000000001,1.26502
2024-11-15 16:00:00,1.26502,1.26545,1.26144,1.26271
2024-11-15 20:00:00,1.26271,1.2631999999999999,1.25972,1.26184
2024-11-18 00:00:00,1.26163,1.26424,1.26048,1.2635399999999999
2024-11-18 04:00:00,1.2635399999999999,1.26403,1.26205,1.26301
2024-11-18 08:00:00,1.263,1.2640799999999999,1.2612999999999999,1.26298
2024-11-18 12:00:00,1.26297,1.26321,1.2613699999999999,1.26251
2024-11-18 16:00:00,1.2625,1.26687,1.26186,1.26657
2024-11-18 20:00:00,1.2665600000000001,1.2686600000000001,1.26645,1.26772
2024-11-19 00:00:00,1.26776,1.26801,1.26657,1.26772
2024-11-19 04:00:00,1.26772,1.26894,1.26672,1.26692
2024-11-19 08:00:00,1.26693,1.26797,1.26133,1.26274
2024-11-19 12:00:00,1.26274,1.2653400000000001,1.2625,1.26357
2024-11-19 16:00:00,1.26356,1.26823,1.26275,1.26712
2024-11-19 20:00:00,1.26711,1.26854,1.26616,1.26827
2024-11-20 00:00:00,1.26817,1.2695400000000001,1.2671700000000001,1.2689599999999999
2024-11-20 04:00:00,1.26897,1.26936,1.26796,1.26838
2024-11-20 08:00:00,1.26838,1.2714699999999999,1.26641,1.26693
2024-11-20 12:00:00,1.26693,1.26754,1.26488,1.26738
2024-11-20 16:00:00,1.26739,1.26749,1.26309,1.26542
2024-11-20 20:00:00,1.26542,1.2655,1.26414,1.26528
2024-11-21 00:00:00,1.26509,1.2659,1.2648,1.26549
2024-11-21 04:00:00,1.2655,1.26603,1.26495,1.26501
2024-11-21 08:00:00,1.26502,1.26579,1.26231,1.26323
2024-11-21 12:00:00,1.26323,1.26577,1.2625600000000001,1.26475
2024-11-21 16:00:00,1.26475,1.2652700000000001,1.25763,1.26001
2024-11-21 20:00:00,1.26001,1.26054,1.25867,1.25892
2024-11-22 00:00:00,1.25892,1.25942,1.25821,1.25881
2024-11-22 04:00:00,1.25881,1.25942,1.25665,1.25687
2024-11-22 08:00:00,1.25685,1.25817,1.24913,1.2511999999999999
2024-11-22 12:00:00,1.2511999999999999,1.2540499999999999,1.24872,1.25203
2024-11-22 16:00:00,1.25204,1.25378,1.25072,1.25302
2024-11-22 20:00:00,1.25302,1.25353,1.2521900000000001,1.2533
2024-11-25 00:00:00,1.2591999999999999,1.2604899999999999,1.2564,1.2594
2024-11-25 04:00:00,1.25939,1.2607,1.2588599999999999,1.25946
2024-11-25 08:00:00,1.25943,1.26051,1.2548300000000001,1.2573699999999999
2024-11-25 12:00:00,1.25739,1.26135,1.25516,1.26114
2024-11-25 16:00:00,1.26114,1.26132,1.25416,1.25545
2024-11-25 20:00:00,1.2554400000000001,1.25786,1.25539,1.25682
2024-11-26 00:00:00,1.25677,1.25733,1.2507,1.25267
2024-11-26 04:00:00,1.25268,1.25627,1.25243,1.25482
2024-11-26 08:00:00,1.2548300000000001,1.25786,1.25378,1.25718
2024-11-26 12:00:00,1.25715,1.26165,1.2570999999999999,1.25824
2024-11-26 16:00:00,1.2582499999999999,1.25882,1.25312,1.25372
2024-11-26 20:00:00,1.25372,1.25692,1.25248,1.25689
2024-11-27 00:00:00,1.25688,1.25801,1.25665,1.25747
2024-11-27 04:00:00,1.25747,1.25757,1.25665,1.25681
2024-11-27 08:00:00,1.2568,1.2616399999999999,1.25671,1.2604
2024-11-27 12:00:00,1.26041,1.2662900000000001,1.2597800000000001,1.26626
2024-11-27 16:00:00,1.26626,1.26945,1.26332,1.2674699999999999
2024-11-27 20:00:00,1.26746,1.26825,1.26697,1.26791
2024-11-28 00:00:00,1.26787,1.26831,1.2665,1.26728
2024-11-28 04:00:00,1.26729,1.26754,1.2659,1.26642
2024-11-28 08:00:00,1.26641,1.26685,1.26451,1.2651
2024-11-28 12:00:00,1.26511,1.26742,1.26475,1.26638
2024-11-28 16:00:00,1.26639,1.2690000000000001,1.2661,1.26875
2024-11-28 20:00:00,1.2687599999999999,1.26911,1.2684199999999999,1.26863
2024-11-29 00:00:00,1.26846,1.2711700000000001,1.26754,1.2702
2024-11-29 04:00:00,1.2702,1.27169,1.27014,1.27066
2024-11-29 08:00:00,1.27066,1.27497,1.26902,1.26929
2024-11-29 12:00:00,1.26928,1.27029,1.26772,1.26853
2024-11-29 16:00:00,1.26852,1.27245,1.2671700000000001,1.2724199999999999
2024-11-29 20:00:00,1.27243,1.2746,1.2723499999999999,1.27328
2024-12-02 00:00:00,1.27189,1.27339,1.26862,1.26907
2024-12-02 04:00:00,1.26906,1.26947,1.26801,1.26863
2024-12-02 08:00:00,1.26863,1.27088,1.26788,1.27034
2024-12-02 12:00:00,1.27033,1.27226,1.2662200000000001,1.26848
2024-12-02 16:00:00,1.26848,1.26923,1.2617099999999999,1.26443
2024-12-02 20:00:00,1.26443,1.26707,1.26407,1.26539
2024-12-03 00:00:00,1.2649599999999999,1.26602,1.26426,1.26464
2024-12-03 04:00:00,1.26464,1.2650299999999999,1.26382,1.2647300000000001
2024-12-03 08:00:00,1.26472,1.26971,1.26429,1.2677399999999999
2024-12-03 12:00:00,1.2677399999999999,1.26833,1.26434,1.26696
2024-12-03 16:00:00,1.26696,1.26925,1.26365,1.26916
2024-12-03 20:00:00,1.26914,1.26997,1.26655,1.26725
2024-12-04 00:00:00,1.26727,1.26782,1.26599,1.26672
2024-12-04 04:00:00,1.26673,1.2695,1.26518,1.26909
2024-12-04 08:00:00,1.26909,1.27017,1.26298,1.26763
2024-12-04 12:00:00,1.26765,1.26858,1.26607,1.26704
2024-12-04 16:00:00,1.26704,1.27214,1.26626,1.27165
2024-12-04 20:00:00,1.27165,1.27196,1.26865,1.26999
2024-12-05 00:00:00,1.2701799999999999,1.2707899999999999,1.26928,1.26966
2024-12-05 04:00:00,1.26966,1.27168,1.26942,1.2714400000000001
2024-12-05 08:00:00,1.27143,1.27404,1.27122,1.27218
2024-12-05 12:00:00,1.27218,1.27518,1.2713700000000001,1.27514
2024-12-05 16:00:00,1.27515,1.27709,1.27333,1.27465
2024-12-05 20:00:00,1.27464,1.27612,1.27318,1.2760500000000001
2024-12-06 00:00:00,1.27582,1.27617,1.27397,1.27441
2024-12-06 04:00:00,1.27442,1.27539,1.2742200000000001,1.2745
2024-12-06 08:00:00,1.2744900000000001,1.27741,1.2741,1.27593
2024-12-06 12:00:00,1.27595,1.28111,1.27497,1.2794699999999999
2024-12-06 16:00:00,1.27948,1.27987,1.27211,1.27276
2024-12-06 20:00:00,1.27277,1.27429,1.27236,1.27416
2024-12-09 00:00:00,1.27306,1.27505,1.27286,1.27389
2024-12-09 04:00:00,1.27389,1.27438,1.2717100000000001,1.272
2024-12-09 08:00:00,1.272,1.27789,1.272,1.27685
2024-12-09 12:00:00,1.27686,1.2784499999999999,1.27511,1.27786
2024-12-09 16:00:00,1.27786,1.27989,1.27636,1.27705
2024-12-09 20:00:00,1.27705,1.27716,1.27431,1.2751000000000001
2024-12-10 00:00:00,1.27501,1.27524,1.2739099999999999,1.27473
2024-12-10 04:00:00,1.27474,1.2754699999999999,1.2735400000000001,1.27541
2024-12-10 08:00:00,1.27541,1.27633,1.27367,1.27545
2024-12-10 12:00:00,1.2754400000000001,1.27658,1.27438,1.27506
2024-12-10 16:00:00,1.27506,1.27627,1.2723900000000001,1.2745600000000001
2024-12-10 20:00:00,1.27458,1.2778,1.27445,1.27719
2024-12-11 00:00:00,1.27673,1.278,1.27624,1.27783
2024-12-11 04:00:00,1.2778399999999999,1.27817,1.27628,1.27658
2024-12-11 08:00:00,1.27658,1.27718,1.27273,1.27297
2024-12-11 12:00:00,1.27297,1.2781500000000001,1.27131,1.2770299999999999
2024-12-11 16:00:00,1.27698,1.2776,1.27339,1.27433
2024-12-11 20:00:00,1.27434,1.27575,1.27328,1.27505
2024-12-12 00:00:00,1.27497,1.27717,1.2745,1.27683
2024-12-12 04:00:00,1.27683,1.27707,1.27607,1.27644
2024-12-12 08:00:00,1.27645,1.2787899999999999,1.27546,1.2759
2024-12-12 12:00:00,1.27589,1.27644,1.27193,1.2729
2024-12-12 16:00:00,1.2729,1.27367,1.2671000000000001,1.27032
2024-12-12 20:00:00,1.27032,1.27039,1.26667,1.26735
2024-12-13 00:00:00,1.26724,1.26793,1.26641,1.26661
2024-12-13 04:00:00,1.26662,1.26695,1.2657,1.2664
2024-12-13 08:00:00,1.26639,1.2665199999999999,1.2618800000000001,1.26398
2024-12-13 12:00:00,1.264,1.26685,1.26335,1.26648
2024-12-13 16:00:00,1.2664900000000001,1.2665600000000001,1.26082,1.26209
2024-12-13 20:00:00,1.26209,1.2628300000000001,1.26132,1.2619500000000001
2024-12-16 00:00:00,1.26112,1.26361,1.26081,1.26357
2024-12-16 04:00:00,1.2635399999999999,1.26394,1.26285,1.26364
2024-12-16 08:00:00,1.26363,1.26716,1.26294,1.2653699999999999
2024-12-16 12:00:00,1.26538,1.26644,1.26417,1.26639
2024-12-16 16:00:00,1.26638,1.26983,1.2635,1.26824
2024-12-16 20:00:00,1.26825,1.26989,1.26776,1.2683
2024-12-17 00:00:00,1.26818,1.26983,1.26754,1.26895
2024-12-17 04:00:00,1.26895,1.26978,1.26724,1.2674400000000001
2024-12-17 08:00:00,1.2674400000000001,1.27067,1.2666,1.2686600000000001
2024-12-17 12:00:00,1.26867,1.27082,1.26707,1.27023
2024-12-17 16:00:00,1.27023,1.27286,1.26843,1.27199
2024-12-17 20:00:00,1.27197,1.27283,1.27028,1.27126
2024-12-18 00:00:00,1.27088,1.2722,1.27012,1.27106
2024-12-18 04:00:00,1.27107,1.27121,1.2695,1.27021
2024-12-18 08:00:00,1.27021,1.27241,1.26797,1.26877
2024-12-18 12:00:00,1.26877,1.27224,1.26868,1.26911
2024-12-18 16:00:00,1.2691,1.27096,1.2683499999999999,1.2705
2024-12-18 20:00:00,1.27051,1.27184,1.25622,1.25723
2024-12-19 00:00:00,1.25731,1.25904,1.25632,1.25898
2024-12-19 04:00:00,1.25899,1.25968,1.25813,1.25853
2024-12-19 08:00:00,1.25852,1.26668,1.25831,1.2661
2024-12-19 12:00:00,1.2661,1.2661,1.25838,1.25921
2024-12-19 16:00:00,1.2591999999999999,1.26026,1.25078,1.25104
2024-12-19 20:00:00,1.25103,1.25312,1.24951,1.25006
2024-12-20 00:00:00,1.25008,1.2507,1.24864,1.24897
2024-12-20 04:00:00,1.24897,1.24908,1.24753,1.24868
2024-12-20 08:00:00,1.24868,1.25177,1.24776,1.25033
2024-12-20 12:00:00,1.2503199999999999,1.25596,1.24955,1.25542
2024-12-20 16:00:00,1.25543,1.26141,1.25376,1.26034
2024-12-20 20:00:00,1.26034,1.26084,1.25652,1.25672
2024-12-23 00:00:00,1.25607,1.2583199999999999,1.25556,1.25811
2024-12-23 04:00:00,1.25811,1.2588300000000001,1.25759,1.25776
2024-12-23 08:00:00,1.25776,1.25834,1.25555,1.25693
2024-12-23 12:00:00,1.25692,1.25722,1.2512400000000001,1.25254
2024-12-23 16:00:00,1.25255,1.25386,1.25099,1.25209
2024-12-23 20:00:00,1.2521,1.2539,1.25209,1.25356
2024-12-24 00:00:00,1.25306,1.25385,1.2525,1.25317
2024-12-24 04:00:00,1.25318,1.25419,1.25277,1.25379
2024-12-24 08:00:00,1.25379,1.25449,1.25282,1.25339
2024-12-24 12:00:00,1.25338,1.2568,1.25264,1.25657
2024-12-24 16:00:00,1.25657,1.25747,1.25187,1.25193
2024-12-24 20:00:00,1.25193,1.25497,1.2519,1.2539
2024-12-26 00:00:00,1.25488,1.2551999999999999,1.2533400000000001,1.25417
2024-12-26 04:00:00,1.25417,1.25484,1.25379,1.25446
2024-12-26 08:00:00,1.25446,1.25454,1.2521900000000001,1.25309
2024-12-26 12:00:00,1.2530999999999999,1.25348,1.25143,1.25238
2024-12-26 16:00:00,1.25237,1.25251,1.25011,1.2516
2024-12-26 20:00:00,1.25157,1.25365,1.25157,1.25267
2024-12-27 00:00:00,1.25183,1.25321,1.2515800000000001,1.25231
2024-12-27 04:00:00,1.2523,1.25288,1.25183,1.25203
2024-12-27 08:00:00,1.25203,1.25345,1.2505,1.25088
2024-12-27 12:00:00,1.25087,1.25744,1.25087,1.25742
2024-12-27 16:00:00,1.25743,1.25926,1.25534,1.25602
2024-12-27 20:00:00,1.25603,1.25835,1.256,1.25721
2024-12-30 00:00:00,1.25722,1.25879,1.25609,1.25804
2024-12-30 04:00:00,1.25803,1.25853,1.25754,1.25818
2024-12-30 08:00:00,1.25818,1.2589000000000001,1.25616,1.25773
2024-12-30 12:00:00,1.25772,1.26071,1.2553,1.25541
2024-12-30 16:00:00,1.25542,1.25682,1.2506300000000001,1.25445
2024-12-30 20:00:00,1.25446,1.25589,1.25411,1.25515
2024-12-31 00:00:00,1.25411,1.25598,1.25366,1.25583
2024-12-31 04:00:00,1.25583,1.25601,1.25444,1.25509
2024-12-31 08:00:00,1.25509,1.25692,1.25417,1.25546
2024-12-31 12:00:00,1.2554699999999999,1.25548,1.25201,1.25292
2024-12-31 16:00:00,1.25293,1.25545,1.25054,1.25193
2024-12-31 20:00:00,1.25186,1.25275,1.25057,1.25119
2025-01-02 00:00:00,1.25125,1.25225,1.25075,1.25201
2025-01-02 04:00:00,1.25201,1.2540499999999999,1.25201,1.25326
2025-01-02 08:00:00,1.25325,1.2534399999999999,1.24801,1.24824
2025-01-02 12:00:00,1.24824,1.24921,1.23963,1.24042
2025-01-02 16:00:00,1.24042,1.24115,1.23521,1.23722
2025-01-02 20:00:00,1.23723,1.23852,1.23639,1.23805
2025-01-03 00:00:00,1.23713,1.23902,1.23658,1.23853
2025-01-03 04:00:00,1.23852,1.23975,1.23841,1.23954
2025-01-03 08:00:00,1.23954,1.2416800000000001,1.23872,1.2406
2025-01-03 12:00:00,1.2406,1.24166,1.23865,1.24014
2025-01-03 16:00:00,1.24015,1.24294,1.23879,1.24185
2025-01-03 20:00:00,1.24185,1.24341,1.24154,1.24219
2025-01-06 00:00:00,1.2418,1.24388,1.2410700000000001,1.2435100000000001
2025-01-06 04:00:00,1.2435100000000001,1.24441,1.24315,1.24362
2025-01-06 08:00:00,1.24362,1.24918,1.24355,1.24755
2025-01-06 12:00:00,1.24756,1.25511,1.24551,1.25342
2025-01-06 16:00:00,1.25343,1.25373,1.24685,1.2518099999999999
2025-01-06 20:00:00,1.2518,1.25236,1.25024,1.25199
2025-01-07 00:00:00,1.25144,1.25235,1.25042,1.25193
2025-01-07 04:00:00,1.25192,1.2542499999999999,1.25166,1.25378
2025-01-07 08:00:00,1.25378,1.25759,1.25317,1.25633
2025-01-07 12:00:00,1.25634,1.25689,1.2524,1.25421
2025-01-07 16:00:00,1.2542200000000001,1.25442,1.24801,1.2500200000000001
2025-01-07 20:00:00,1.25001,1.25038,1.2477,1.2477
2025-01-08 00:00:00,1.24767,1.24854,1.24714,1.24852
2025-01-08 04:00:00,1.24852,1.24892,1.2478,1.24882
2025-01-08 08:00:00,1.24881,1.24942,1.24402,1.24504
2025-01-08 12:00:00,1.24504,1.24523,1.23207,1.23562
2025-01-08 16:00:00,1.23563,1.23687,1.23242,1.23459
2025-01-08 20:00:00,1.23459,1.23771,1.23457,1.23631
2025-01-09 00:00:00,1.23605,1.23662,1.23479,1.23592
2025-01-09 04:00:00,1.23592,1.23654,1.23289,1.23316
2025-01-09 08:00:00,1.23316,1.23321,1.22383,1.22818
2025-01-09 12:00:00,1.22818,1.23232,1.22515,1.23006
2025-01-09 16:00:00,1.23006,1.23169,1.22873,1.23013
2025-01-09 20:00:00,1.2301199999999999,1.23152,1.22967,1.23071
2025-01-10 00:00:00,1.23035,1.23108,1.2294,1.23037
2025-01-10 04:00:00,1.23038,1.23078,1.22743,1.22759
2025-01-10 08:00:00,1.2276,1.23083,1.22668,1.23023
2025-01-10 12:00:00,1.23024,1.2322,1.21912,1.22316
2025-01-10 16:00:00,1.22317,1.22628,1.21952,1.2221899999999999
2025-01-10 20:00:00,1.22218,1.22231,1.2202,1.22064
2025-01-13 00:00:00,1.22016,1.22103,1.21888,1.21912
2025-01-13 04:00:00,1.21912,1.21933,1.21259,1.21472
2025-01-13 08:00:00,1.2147000000000001,1.21713,1.2101600000000001,1.21066
2025-01-13 12:00:00,1.21063,1.21536,1.20995,1.21418
2025-01-13 16:00:00,1.21413,1.21746,1.21324,1.21739
2025-01-13 20:00:00,1.2174,1.2204,1.21634,1.2203
2025-01-14 00:00:00,1.21981,1.22504,1.21893,1.2211400000000001
2025-01-14 04:00:00,1.2211400000000001,1.22178,1.21919,1.2202600000000001
2025-01-14 08:00:00,1.2202600000000001,1.22459,1.21761,1.21781
2025-01-14 12:00:00,1.2178200000000001,1.2193100000000001,1.21371,1.21533
2025-01-14 16:00:00,1.21533,1.22127,1.21408,1.21855
2025-01-14 20:00:00,1.21856,1.22167,1.21836,1.22155
2025-01-15 00:00:00,1.22102,1.22145,1.21993,1.21998
2025-01-15 04:00:00,1.21999,1.22078,1.21923,1.21995
2025-01-15 08:00:00,1.21995,1.22411,1.21596,1.22184
2025-01-15 12:00:00,1.22183,1.23062,1.22014,1.2298
2025-01-15 16:00:00,1.22979,1.23057,1.21935,1.22149
2025-01-15 20:00:00,1.22149,1.2245,1.22129,1.22434
2025-01-16 00:00:00,1.22343,1.22481,1.22269,1.22287
2025-01-16 04:00:00,1.22292,1.22338,1.22068,1.2209
2025-01-16 08:00:00,1.22089,1.22266,1.21895,1.21976
2025-01-16 12:00:00,1.21975,1.22126,1.21747,1.21973
2025-01-16 16:00:00,1.21973,1.22604,1.21766,1.22367
2025-01-16 20:00:00,1.22366,1.2246299999999999,1.22271,1.22378
2025-01-17 00:00:00,1.22362,1.22404,1.22295,1.22327
2025-01-17 04:00:00,1.22327,1.22442,1.22123,1.22173
2025-01-17 08:00:00,1.22173,1.22178,1.21605,1.21961
2025-01-17 12:00:00,1.21962,1.22169,1.21756,1.2182
2025-01-17 16:00:00,1.2182,1.22279,1.21607,1.21731
2025-01-17 20:00:00,1.21731,1.21867,1.21648,1.21695
2025-01-20 00:00:00,1.21656,1.21949,1.21607,1.21923
2025-01-20 04:00:00,1.21923,1.2215,1.21857,1.22104
2025-01-20 08:00:00,1.22105,1.22218,1.21657,1.21779
2025-01-20 12:00:00,1.2178,1.22991,1.2178,1.22988
2025-01-20 16:00:00,1.22988,1.23266,1.2256,1.22824
2025-01-20 20:00:00,1.22824,1.23445,1.22789,1.2327
2025-01-21 00:00:00,1.23203,1.23451,1.22479,1.22752
2025-01-21 04:00:00,1.22752,1.23116,1.22726,1.22762
2025-01-21 08:00:00,1.22761,1.22864,1.22347,1.22486
2025-01-21 12:00:00,1.22485,1.22812,1.22292,1.22787
2025-01-21 16:00:00,1.22787,1.23355,1.22699,1.23259
2025-01-21 20:00:00,1.23259,1.23601,1.23232,1.23537
2025-01-22 00:00:00,1.23468,1.23539,1.23227,1.23325
2025-01-22 04:00:00,1.23326,1.2348,1.23285,1.2343600000000001
2025-01-22 08:00:00,1.23435,1.23651,1.23116,1.23644
2025-01-22 12:00:00,1.23643,1.23762,1.23359,1.23454
2025-01-22 16:00:00,1.23452,1.23484,1.2307299999999999,1.23217
2025-01-22 20:00:00,1.23217,1.23312,1.23136,1.23159
2025-01-23 00:00:00,1.23104,1.23236,1.23074,1.23105
2025-01-23 04:00:00,1.23106,1.23213,1.23019,1.23117
2025-01-23 08:00:00,1.23116,1.23213,1.22934,1.2317
2025-01-23 12:00:00,1.23169,1.23308,1.23,1.2323
2025-01-23 16:00:00,1.23231,1.23757,1.23001,1.23723
2025-01-23 20:00:00,1.23723,1.23727,1.2347,1.23521
2025-01-24 00:00:00,1.23513,1.23587,1.23467,1.23547
2025-01-24 04:00:00,1.23547,1.24042,1.23544,1.2399499999999999
2025-01-24 08:00:00,1.23996,1.24477,1.23766,1.24278
2025-01-24 12:00:00,1.24278,1.24362,1.24005,1.24146
2025-01-24 16:00:00,1.24145,1.25019,1.24093,1.24879
2025-01-24 20:00:00,1.24879,1.24956,1.2477800000000001,1.24815
2025-01-27 00:00:00,1.24664,1.24728,1.24478,1.2449
2025-01-27 04:00:00,1.2449,1.24632,1.24423,1.2447
2025-01-27 08:00:00,1.2447,1.24865,1.24259,1.24863
2025-01-27 12:00:00,1.24861,1.25233,1.24858,1.25028
2025-01-27 16:00:00,1.25028,1.25116,1.24672,1.24749
2025-01-27 20:00:00,1.24749,1.2500200000000001,1.24697,1.24993
2025-01-28 00:00:00,1.24951,1.24978,1.24367,1.24506
2025-01-28 04:00:00,1.24506,1.24549,1.24345,1.24451
2025-01-28 08:00:00,1.24451,1.24559,1.2426300000000001,1.24484
2025-01-28 12:00:00,1.24484,1.2452,1.24145,1.24241
2025-01-28 16:00:00,1.2424,1.24471,1.2422,1.24286
2025-01-28 20:00:00,1.24287,1.24454,1.24222,1.24421
2025-01-29 00:00:00,1.24399,1.24476,1.2435100000000001,1.2436
2025-01-29 04:00:00,1.2436,1.24553,1.24345,1.2454
2025-01-29 08:00:00,1.2454,1.24633,1.24159,1.2420499999999999
2025-01-29 12:00:00,1.24206,1.24284,1.23932,1.23978
2025-01-29 16:00:00,1.23977,1.24493,1.23965,1.2442199999999999
2025-01-29 20:00:00,1.2442199999999999,1.24579,1.2412,1.24491
2025-01-30 00:00:00,1.24462,1.24602,1.24337,1.24498
2025-01-30 04:00:00,1.24498,1.24557,1.24419,1.24481
2025-01-30 08:00:00,1.24481,1.24627,1.24319,1.24433
2025-01-30 12:00:00,1.24433,1.24714,1.24247,1.24673
2025-01-30 16:00:00,1.2467,1.24769,1.24353,1.2444600000000001
2025-01-30 20:00:00,1.24447,1.24643,1.24077,1.2416800000000001
2025-01-31 00:00:00,1.2413,1.24315,1.24071,1.24188
2025-01-31 04:00:00,1.24192,1.24278,1.2414,1.24208
2025-01-31 08:00:00,1.24208,1.24398,1.24009,1.24215
2025-01-31 12:00:00,1.24215,1.24316,1.24058,1.24134
2025-01-31 16:00:00,1.24137,1.24718,1.23877,1.2454
2025-01-31 20:00:00,1.2454,1.24614,1.23861,1.23879
2025-02-03 00:00:00,1.2282,1.23239,1.22648,1.22882
2025-02-03 04:00:00,1.22882,1.22885,1.22496,1.22774
2025-02-03 08:00:00,1.22774,1.23233,1.2273,1.22927
2025-02-03 12:00:00,1.22927,1.2375099999999999,1.22921,1.23651
2025-02-03 16:00:00,1.23651,1.24365,1.23359,1.23939
2025-02-03 20:00:00,1.23939,1.24546,1.23818,1.24494
2025-02-04 00:00:00,1.24497,1.24538,1.24093,1.24215
2025-02-04 04:00:00,1.24214,1.24275,1.23793,1.23978
2025-02-04 08:00:00,1.23978,1.2437,1.2393399999999999,1.24251
2025-02-04 12:00:00,1.2425,1.24348,1.2396099999999999,1.24285
2025-02-04 16:00:00,1.24286,1.24932,1.24284,1.24826
2025-02-04 20:00:00,1.24825,1.24905,1.24747,1.24809
2025-02-05 00:00:00,1.2478,1.24899,1.24703,1.24704
2025-02-05 04:00:00,1.24704,1.24826,1.24633,1.24676
2025-02-05 08:00:00,1.24676,1.25288,1.24659,1.25175
2025-02-05 12:00:00,1.25175,1.255,1.25122,1.25149
2025-02-05 16:00:00,1.25149,1.2537099999999999,1.25016,1.25091
2025-02-05 20:00:00,1.25091,1.25141,1.2498,1.25039
2025-02-06 00:00:00,1.25047,1.25098,1.24984,1.25078
2025-02-06 04:00:00,1.25075,1.25089,1.2483,1.2484
2025-02-06 08:00:00,1.2484,1.24913,1.24179,1.24255
2025-02-06 12:00:00,1.24255,1.24316,1.23604,1.23836
2025-02-06 16:00:00,1.23835,1.24454,1.23818,1.24417
2025-02-06 20:00:00,1.24419,1.24557,1.2433,1.24345
2025-02-07 00:00:00,1.24322,1.24432,1.24227,1.24316
2025-02-07 04:00:00,1.24316,1.244,1.24199,1.24217
2025-02-07 08:00:00,1.24216,1.24686,1.24193,1.24594
2025-02-07 12:00:00,1.24594,1.24921,1.24203,1.24304
2025-02-07 16:00:00,1.24304,1.24668,1.23759,1.24027
2025-02-07 20:00:00,1.24027,1.24219,1.23977,1.24005
2025-02-10 00:00:00,1.23663,1.24006,1.23648,1.23832
2025-02-10 04:00:00,1.23832,1.24089,1.2380200000000001,1.24007
2025-02-10 08:00:00,1.24007,1.24209,1.23911,1.24088
2025-02-10 12:00:00,1.24089,1.24224,1.23795,1.23906
2025-02-10 16:00:00,1.23906,1.23943,1.23713,1.23805
2025-02-10 20:00:00,1.23805,1.23813,1.23631,1.23663
2025-02-11 00:00:00,1.23665,1.23694,1.23539,1.23598
2025-02-11 04:00:00,1.23598,1.23632,1.23452,1.23617
2025-02-11 08:00:00,1.23617,1.23783,1.23326,1.23653
2025-02-11 12:00:00,1.23655,1.23991,1.23561,1.23981
2025-02-11 16:00:00,1.23981,1.24261,1.23967,1.24236
2025-02-11 20:00:00,1.24236,1.24548,1.2421,1.24466
2025-02-12 00:00:00,1.24455,1.24537,1.2433,1.24503
2025-02-12 04:00:00,1.24503,1.24587,1.24409,1.24454
2025-02-12 08:00:00,1.24454,1.24658,1.2435,1.24464
2025-02-12 12:00:00,1.24464,1.24619,1.23754,1.2389000000000001
2025-02-12 16:00:00,1.23891,1.24838,1.2378,1.24776
2025-02-12 20:00:00,1.24777,1.2483,1.2435,1.24432
2025-02-13 00:00:00,1.24433,1.2457799999999999,1.2436,1.24566
2025-02-13 04:00:00,1.24566,1.24959,1.24522,1.24911
2025-02-13 08:00:00,1.24911,1.25175,1.24718,1.24913
2025-02-13 12:00:00,1.24913,1.25053,1.24527,1.24711
2025-02-13 16:00:00,1.2471,1.2543199999999999,1.24616,1.25216
2025-02-13 20:00:00,1.25218,1.2568,1.24771,1.25659
2025-02-14 00:00:00,1.25653,1.25719,1.25487,1.25638
2025-02-14 04:00:00,1.25638,1.25655,1.25499,1.25538
2025-02-14 08:00:00,1.25539,1.25962,1.2551999999999999,1.25879
2025-02-14 12:00:00,1.25878,1.26092,1.25721,1.26032
2025-02-14 16:00:00,1.26032,1.26305,1.26009,1.26092
2025-02-14 20:00:00,1.26093,1.26105,1.25838,1.2585600000000001
2025-02-17 00:00:00,1.25698,1.26007,1.25698,1.25996
2025-02-17 04:00:00,1.25995,1.25997,1.25833,1.2588599999999999
2025-02-17 08:00:00,1.2588599999999999,1.2604600000000001,1.25836,1.25913
2025-02-17 12:00:00,1.25913,1.2608,1.25879,1.25932
2025-02-17 16:00:00,1.25932,1.26266,1.25853,1.26228
2025-02-17 20:00:00,1.26228,1.26349,1.26189,1.26254
2025-02-18 00:00:00,1.26241,1.26244,1.25998,1.26058
2025-02-18 04:00:00,1.26058,1.26128,1.2593,1.25983
2025-02-18 08:00:00,1.25983,1.26231,1.25929,1.26074
2025-02-18 12:00:00,1.26074,1.26099,1.25824,1.25925
2025-02-18 16:00:00,1.25926,1.26205,1.25892,1.26003
2025-02-18 20:00:00,1.26002,1.26135,1.25928,1.26135
2025-02-19 00:00:00,1.26122,1.26387,1.26052,1.2613699999999999
2025-02-19 04:00:00,1.2613699999999999,1.26248,1.26087,1.26246
2025-02-19 08:00:00,1.26246,1.26348,1.26033,1.2604600000000001
2025-02-19 12:00:00,1.26045,1.26057,1.25753,1.25909
2025-02-19 16:00:00,1.25909,1.26068,1.25631,1.25729
2025-02-19 20:00:00,1.25729,1.25904,1.25666,1.25852
2025-02-20 00:00:00,1.2585600000000001,1.2594400000000001,1.25762,1.25831
2025-02-20 04:00:00,1.25831,1.25995,1.2581,1.25938
2025-02-20 08:00:00,1.25938,1.2616,1.2589000000000001,1.26141
2025-02-20 12:00:00,1.26141,1.2623,1.25971,1.26131
2025-02-20 16:00:00,1.26131,1.26604,1.26057,1.26526
2025-02-20 20:00:00,1.26525,1.26715,1.2649,1.2669000000000001
2025-02-21 00:00:00,1.26684,1.2674400000000001,1.2653699999999999,1.26559
2025-02-21 04:00:00,1.2656,1.2674400000000001,1.26558,1.26601
2025-02-21 08:00:00,1.26601,1.26787,1.26422,1.26504
2025-02-21 12:00:00,1.26504,1.2656800000000001,1.26369,1.2646
2025-02-21 16:00:00,1.2646,1.26681,1.26302,1.26449
2025-02-21 20:00:00,1.26449,1.26453,1.2625,1.26314
2025-02-24 00:00:00,1.26244,1.268,1.26244,1.26783
2025-02-24 04:00:00,1.26783,1.26908,1.26709,1.26745
2025-02-24 08:00:00,1.26745,1.26746,1.26258,1.26382
2025-02-24 12:00:00,1.2638,1.26508,1.26263,1.2645
2025-02-24 16:00:00,1.2645,1.2650000000000001,1.2612,1.26401
2025-02-24 20:00:00,1.26401,1.26507,1.26182,1.26244
2025-02-25 00:00:00,1.26239,1.26288,1.26158,1.2623199999999999
2025-02-25 04:00:00,1.2623199999999999,1.26384,1.26213,1.2637399999999999
2025-02-25 08:00:00,1.2637399999999999,1.2639,1.26059,1.2624
2025-02-25 12:00:00,1.26241,1.26776,1.26154,1.26707
2025-02-25 16:00:00,1.26708,1.26775,1.2640500000000001,1.26633
2025-02-25 20:00:00,1.26634,1.26775,1.2659799999999999,1.26662
2025-02-26 00:00:00,1.26627,1.26779,1.2659500000000001,1.26645
2025-02-26 04:00:00,1.26645,1.2667,1.2635399999999999,1.26386
2025-02-26 08:00:00,1.26386,1.26645,1.26358,1.26536
2025-02-26 12:00:00,1.26536,1.26645,1.26397,1.26538
2025-02-26 16:00:00,1.26539,1.27159,1.26517,1.26846
2025-02-26 20:00:00,1.26846,1.26965,1.26697,1.26767
2025-02-27 00:00:00,1.26726,1.26843,1.26608,1.26646
2025-02-27 04:00:00,1.26646,1.26667,1.26502,1.26546
2025-02-27 08:00:00,1.26546,1.26787,1.26539,1.26786
2025-02-27 12:00:00,1.26786,1.26887,1.2628599999999999,1.26324
2025-02-27 16:00:00,1.26325,1.26452,1.26089,1.26126
2025-02-27 20:00:00,1.26126,1.26295,1.2597800000000001,1.26006
2025-02-28 00:00:00,1.25996,1.26105,1.25938,1.25945
2025-02-28 04:00:00,1.25945,1.2601,1.25805,1.2586
2025-02-28 08:00:00,1.2586,1.26071,1.25729,1.25952
2025-02-28 12:00:00,1.25952,1.26104,1.25836,1.26027
2025-02-28 16:00:00,1.26027,1.26219,1.25807,1.259
2025-02-28 20:00:00,1.259,1.2591,1.25593,1.2577
2025-03-03 00:00:00,1.2581,1.26139,1.25594,1.26086
2025-03-03 04:00:00,1.26086,1.26135,1.25967,1.26051
2025-03-03 08:00:00,1.26051,1.263,1.25826,1.2628599999999999
2025-03-03 12:00:00,1.26287,1.26889,1.26287,1.26797
2025-03-03 16:00:00,1.26797,1.2718,1.26726,1.27165
2025-03-03 20:00:00,1.27165,1.27245,1.26801,1.27011
2025-03-04 00:00:00,1.27002,1.27099,1.26879,1.26973
2025-03-04 04:00:00,1.26972,1.26997,1.26788,1.2695699999999999
2025-03-04 08:00:00,1.2695699999999999,1.27413,1.26887,1.27249
2025-03-04 12:00:00,1.27248,1.27539,1.27044,1.27222
2025-03-04 16:00:00,1.27222,1.2746,1.26997,1.27437
2025-03-04 20:00:00,1.27437,1.27997,1.2741500000000001,1.2795
2025-03-05 00:00:00,1.27946,1.27972,1.2776399999999999,1.27771
2025-03-05 04:00:00,1.27772,1.27972,1.27677,1.27959
2025-03-05 08:00:00,1.27958,1.28544,1.27873,1.28359
2025-03-05 12:00:00,1.28359,1.2843,1.28039,1.28226
2025-03-05 16:00:00,1.28226,1.28812,1.28199,1.28795
2025-03-05 20:00:00,1.28795,1.29009,1.2864,1.2895699999999999
2025-03-06 00:00:00,1.28934,1.29081,1.28871,1.2905
2025-03-06 04:00:00,1.2905,1.29087,1.28833,1.29025
2025-03-06 08:00:00,1.29025,1.29239,1.28691,1.28766
2025-03-06 12:00:00,1.28766,1.28977,1.28658,1.28973
2025-03-06 16:00:00,1.28971,1.29186,1.28804,1.2888
2025-03-06 20:00:00,1.28879,1.29032,1.28709,1.28815
2025-03-07 00:00:00,1.28776,1.28899,1.28722,1.28839
2025-03-07 04:00:00,1.28839,1.28928,1.2877,1.28847
2025-03-07 08:00:00,1.28847,1.29448,1.288,1.29385
2025-03-07 12:00:00,1.29385,1.29426,1.29026,1.29028
2025-03-07 16:00:00,1.29027,1.29372,1.28945,1.29075
2025-03-07 20:00:00,1.29074,1.29299,1.28966,1.29214
2025-03-10 00:00:00,1.29165,1.2943799999999999,1.29026,1.29382
2025-03-10 04:00:00,1.2938100000000001,1.29458,1.29073,1.29074
2025-03-10 08:00:00,1.29074,1.29229,1.28741,1.28778
2025-03-10 12:00:00,1.2878,1.29457,1.28745,1.29337
2025-03-10 16:00:00,1.29337,1.29466,1.2885499999999999,1.28946
2025-03-10 20:00:00,1.28946,1.28948,1.28616,1.28781
2025-03-11 00:00:00,1.2875,1.2888899999999999,1.28726,1.28858
2025-03-11 04:00:00,1.28858,1.2898,1.2876,1.28946
2025-03-11 08:00:00,1.28946,1.2937400000000001,1.28732,1.293
2025-03-11 12:00:00,1.293,1.29517,1.2919100000000001,1.29449
2025-03-11 16:00:00,1.29449,1.29566,1.29179,1.29373
2025-03-11 20:00:00,1.29373,1.29657,1.29338,1.29497
2025-03-12 00:00:00,1.29458,1.2950300000000001,1.29314,1.29359
2025-03-12 04:00:00,1.29359,1.29436,1.29193,1.29239
2025-03-12 08:00:00,1.29238,1.29422,1.29134,1.29422
2025-03-12 12:00:00,1.29422,1.29871,1.2929599999999999,1.2943
2025-03-12 16:00:00,1.2943,1.29828,1.29246,1.29729
2025-03-12 20:00:00,1.29729,1.29807,1.29597,1.29626
2025-03-13 00:00:00,1.29582,1.29683,1.29544,1.29669
2025-03-13 04:00:00,1.29671,1.29736,1.29543,1.29623
2025-03-13 08:00:00,1.29623,1.29661,1.29414,1.29481
2025-03-13 12:00:00,1.29481,1.29663,1.29269,1.29327
2025-03-13 16:00:00,1.29327,1.29603,1.2921,1.29468
2025-03-13 20:00:00,1.29468,1.29555,1.29365,1.29505
2025-03-14 00:00:00,1.2944,1.29588,1.29416,1.2945
2025-03-14 04:00:00,1.2945,1.29491,1.29358,1.29413
2025-03-14 08:00:00,1.29413,1.29498,1.29173,1.29329
2025-03-14 12:00:00,1.2933,1.29543,1.29203,1.29419
2025-03-14 16:00:00,1.29421,1.29459,1.2911000000000001,1.29253
2025-03-14 20:00:00,1.29253,1.29386,1.29244,1.29363
2025-03-17 00:00:00,1.292,1.29359,1.29168,1.2929599999999999
2025-03-17 04:00:00,1.2929599999999999,1.29451,1.2928600000000001,1.29353
2025-03-17 08:00:00,1.29353,1.29463,1.29282,1.29423
2025-03-17 12:00:00,1.29423,1.29775,1.2940800000000001,1.29718
2025-03-17 16:00:00,1.29718,1.29951,1.29675,1.2991
2025-03-17 20:00:00,1.2991,1.29988,1.29855,1.29901
2025-03-18 00:00:00,1.29893,1.29918,1.29818,1.29834
2025-03-18 04:00:00,1.29834,1.29871,1.29708,1.29775
2025-03-18 08:00:00,1.29775,1.30049,1.29679,1.29972
2025-03-18 12:00:00,1.29968,1.30038,1.29514,1.29698
2025-03-18 16:00:00,1.29698,1.29992,1.29539,1.2999100000000001
2025-03-18 20:00:00,1.2999100000000001,1.30098,1.29971,1.30012
2025-03-19 00:00:00,1.30007,1.30041,1.29942,1.29962
2025-03-19 04:00:00,1.29962,1.30031,1.29859,1.29875
2025-03-19 08:00:00,1.29875,1.2991,1.29576,1.29737
2025-03-19 12:00:00,1.29737,1.29825,1.29572,1.29664
2025-03-19 16:00:00,1.29664,1.29762,1.2955,1.29741
2025-03-19 20:00:00,1.29741,1.30112,1.29557,1.30031
2025-03-20 00:00:00,1.3001800000000001,1.30151,1.29893,1.30093
2025-03-20 04:00:00,1.30093,1.30134,1.30004,1.3002099999999999
2025-03-20 08:00:00,1.3002099999999999,1.3002099999999999,1.29626,1.29721
2025-03-20 12:00:00,1.2972000000000001,1.29797,1.29362,1.29513
2025-03-20 16:00:00,1.29513,1.29739,1.2936,1.29653
2025-03-20 20:00:00,1.29653,1.29704,1.29563,1.29664
2025-03-21 00:00:00,1.29653,1.29706,1.29588,1.29642
2025-03-21 04:00:00,1.29642,1.29685,1.29379,1.29399
2025-03-21 08:00:00,1.29399,1.29454,1.29223,1.29405
2025-03-21 12:00:00,1.29405,1.29555,1.29326,1.29368
2025-03-21 16:00:00,1.29368,1.29394,1.28879,1.29208
2025-03-21 20:00:00,1.29208,1.2929599999999999,1.29091,1.29119
2025-03-24 00:00:00,1.2891599999999999,1.29345,1.28876,1.29338
2025-03-24 04:00:00,1.29338,1.29351,1.29112,1.29169
2025-03-24 08:00:00,1.29169,1.29577,1.29127,1.2953000000000001
2025-03-24 12:00:00,1.2953000000000001,1.29743,1.29396,1.29437
2025-03-24 16:00:00,1.29437,1.295,1.28955,1.29037
2025-03-24 20:00:00,1.29037,1.293,1.29005,1.2922500000000001
2025-03-25 00:00:00,1.29224,1.29245,1.29159,1.29172
2025-03-25 04:00:00,1.29172,1.29287,1.29118,1.29237
2025-03-25 08:00:00,1.29236,1.2928,1.2901799999999999,1.29126
2025-03-25 12:00:00,1.29124,1.29609,1.29112,1.2955
2025-03-25 16:00:00,1.29549,1.29608,1.29332,1.29571
2025-03-25 20:00:00,1.29571,1.29668,1.29394,1.2944499999999999
2025-03-26 00:00:00,1.29433,1.29495,1.29334,1.29335
2025-03-26 04:00:00,1.29335,1.29463,1.29271,1.29349
2025-03-26 08:00:00,1.29349,1.29432,1.28864,1.2906900000000001
2025-03-26 12:00:00,1.2907,1.2913299999999999,1.2882500000000001,1.28931
2025-03-26 16:00:00,1.28933,1.29094,1.28744,1.2896
2025-03-26 20:00:00,1.2896,1.28975,1.2879399999999999,1.28881
2025-03-27 00:00:00,1.2889,1.28907,1.28709,1.2889300000000001
2025-03-27 04:00:00,1.2889300000000001,1.29256,1.28891,1.2921
2025-03-27 08:00:00,1.2921,1.29292,1.29014,1.29234
2025-03-27 12:00:00,1.29234,1.29666,1.29115,1.29448
2025-03-27 16:00:00,1.29448,1.29921,1.29227,1.29568
2025-03-27 20:00:00,1.29569,1.2967,1.29456,1.29489
2025-03-28 00:00:00,1.29481,1.29539,1.29409,1.29482
2025-03-28 04:00:00,1.29482,1.29529,1.2940800000000001,1.29414
2025-03-28 08:00:00,1.29414,1.29683,1.29375,1.29464
2025-03-28 12:00:00,1.29464,1.2956699999999999,1.2922500000000001,1.2944
2025-03-28 16:00:00,1.2944,1.2968,1.29342,1.29436
2025-03-28 20:00:00,1.29436,1.2948,1.29294,1.29421
2025-03-31 00:00:00,1.29129,1.29595,1.29129,1.2959399999999999
2025-03-31 04:00:00,1.2959399999999999,1.29717,1.2955,1.29569
2025-03-31 08:00:00,1.29569,1.29727,1.29355,1.29444
2025-03-31 12:00:00,1.29443,1.29595,1.2918,1.29326
2025-03-31 16:00:00,1.29326,1.29412,1.28864,1.2907199999999999
2025-03-31 20:00:00,1.29066,1.29242,1.29047,1.2916400000000001
2025-04-01 00:00:00,1.29178,1.29272,1.29108,1.2926199999999999
2025-04-01 04:00:00,1.2926199999999999,1.29407,1.29176,1.29373
2025-04-01 08:00:00,1.29373,1.2937699999999999,1.29025,1.2925900000000001
2025-04-01 12:00:00,1.29258,1.29382,1.2885499999999999,1.28899
2025-04-01 16:00:00,1.28899,1.29297,1.2879399999999999,1.29265
2025-04-01 20:00:00,1.29265,1.29328,1.29083,1.2923
2025-04-02 00:00:00,1.2922799999999999,1.29329,1.29099,1.2910599999999999
2025-04-02 04:00:00,1.2910599999999999,1.29303,1.29062,1.29184
2025-04-02 08:00:00,1.29184,1.29245,1.29004,1.29206
2025-04-02 12:00:00,1.29206,1.295,1.2919800000000001,1.29432
2025-04-02 16:00:00,1.29432,1.29789,1.2934,1.29705
2025-04-02 20:00:00,1.29705,1.30248,1.29536,1.30102
2025-04-03 00:00:00,1.29975,1.30572,1.29725,1.30403
2025-04-03 04:00:00,1.30403,1.30771,1.30371,1.30586
2025-04-03 08:00:00,1.30585,1.31684,1.30578,1.31623
2025-04-03 12:00:00,1.31623,1.3207200000000001,1.3138,1.31579
2025-04-03 16:00:00,1.31578,1.31964,1.31042,1.3105
2025-04-03 20:00:00,1.31047,1.31086,1.30799,1.31009
2025-04-04 00:00:00,1.30992,1.31083,1.30834,1.31014
2025-04-04 04:00:00,1.31013,1.31095,1.30806,1.30976
2025-04-04 08:00:00,1.30976,1.31137,1.29753,1.29827
2025-04-04 12:00:00,1.29827,1.30494,1.2962500000000001,1.30012
2025-04-04 16:00:00,1.3001,1.30175,1.28881,1.28948
2025-04-04 20:00:00,1.28949,1.29142,1.28532,1.28922
2025-04-07 00:00:00,1.28118,1.29319,1.28118,1.29093
2025-04-07 04:00:00,1.29093,1.2916,1.28498,1.29021
2025-04-07 08:00:00,1.29021,1.29339,1.28655,1.2871000000000001
2025-04-07 12:00:00,1.2871000000000001,1.28765,1.28036,1.28372
2025-04-07 16:00:00,1.28372,1.28461,1.27103,1.27301
2025-04-07 20:00:00,1.27302,1.27783,1.2708,1.2723
2025-04-08 00:00:00,1.27153,1.27654,1.27148,1.2752
2025-04-08 04:00:00,1.27519,1.27919,1.27514,1.27859
2025-04-08 08:00:00,1.27859,1.2796699999999999,1.2745600000000001,1.27527
2025-04-08 12:00:00,1.27527,1.2796,1.27247,1.27758
2025-04-08 16:00:00,1.27758,1.2793700000000001,1.27437,1.27726
2025-04-08 20:00:00,1.27725,1.2814999999999999,1.2755,1.2765
2025-04-09 00:00:00,1.27653,1.2815699999999999,1.2751000000000001,1.28149
2025-04-09 04:00:00,1.28149,1.28568,1.28132,1.2855400000000001
2025-04-09 08:00:00,1.2854999999999999,1.28641,1.27864,1.28253
2025-04-09 12:00:00,1.28253,1.2837100000000001,1.27705,1.2803499999999999
2025-04-09 16:00:00,1.2803499999999999,1.28148,1.27516,1.27651
2025-04-09 20:00:00,1.27651,1.2837399999999999,1.27432,1.28248
2025-04-10 00:00:00,1.2824200000000001,1.28467,1.28007,1.2844
2025-04-10 04:00:00,1.28441,1.28609,1.2822,1.28592
2025-04-10 08:00:00,1.28592,1.28816,1.28449,1.28692
2025-04-10 12:00:00,1.28692,1.2956699999999999,1.2861099999999999,1.29249
2025-04-10 16:00:00,1.29251,1.29787,1.28921,1.29544
2025-04-10 20:00:00,1.29544,1.2995999999999999,1.29315,1.29697
2025-04-11 00:00:00,1.29614,1.30476,1.29614,1.30163
2025-04-11 04:00:00,1.30163,1.30469,1.29943,1.30212
2025-04-11 08:00:00,1.30212,1.31336,1.29848,1.31088
2025-04-11 12:00:00,1.31087,1.31451,1.30563,1.31228
2025-04-11 16:00:00,1.31228,1.31344,1.30304,1.3051300000000001
2025-04-11 20:00:00,1.30514,1.30836,1.3044,1.3078699999999999
2025-04-14 00:00:00,1.30942,1.3106200000000001,1.3063,1.30972
2025-04-14 04:00:00,1.30972,1.31285,1.30954,1.31045
2025-04-14 08:00:00,1.31045,1.31875,1.30963,1.31712
2025-04-14 12:00:00,1.3171300000000001,1.32012,1.31412,1.31457
2025-04-14 16:00:00,1.31458,1.31925,1.31228,1.31663
2025-04-14 20:00:00,1.31664,1.31998,1.31663,1.319
2025-04-15 00:00:00,1.31891,1.31966,1.31639,1.31735
2025-04-15 04:00:00,1.3173599999999999,1.32178,1.31692,1.32116
2025-04-15 08:00:00,1.32116,1.32386,1.31842,1.32298
2025-04-15 12:00:00,1.32298,1.3252,1.32185,1.32237
2025-04-15 16:00:00,1.32237,1.32464,1.32054,1.32124
2025-04-15 20:00:00,1.32125,1.32347,1.32063,1.3231
2025-04-16 00:00:00,1.32297,1.32541,1.32148,1.32465
2025-04-16 04:00:00,1.32466,1.32668,1.32429,1.32644
2025-04-16 08:00:00,1.32644,1.32912,1.3256999999999999,1.32888
2025-04-16 12:00:00,1.32888,1.32922,1.32504,1.326
2025-04-16 16:00:00,1.32598,1.3271600000000001,1.3226499999999999,1.32339
2025-04-16 20:00:00,1.3234,1.32493,1.3212,1.32402
2025-04-17 00:00:00,1.32398,1.32436,1.32111,1.3212
2025-04-17 04:00:00,1.32121,1.32298,1.32028,1.32098
2025-04-17 08:00:00,1.32098,1.3247900000000001,1.32037,1.32395
2025-04-17 12:00:00,1.32395,1.32503,1.32187,1.32496
2025-04-17 16:00:00,1.32495,1.32732,1.32275,1.32579
2025-04-17 20:00:00,1.3258,1.32728,1.32469,1.32678
2025-04-18 00:00:00,1.32648,1.32832,1.3245,1.32808
2025-04-18 04:00:00,1.32806,1.32833,1.32639,1.32682
2025-04-18 08:00:00,1.3268499999999999,1.32793,1.32578,1.3273
2025-04-18 12:00:00,1.32722,1.32803,1.32656,1.32762
2025-04-18 16:00:00,1.32758,1.32855,1.32711,1.32834
2025-04-18 20:00:00,1.32832,1.32989,1.32791,1.32948
2025-04-21 00:00:00,1.3272,1.3356,1.32681,1.33461
2025-04-21 04:00:00,1.33461,1.33869,1.33427,1.3383
2025-04-21 08:00:00,1.3383,1.34164,1.33723,1.34146
2025-04-21 12:00:00,1.34146,1.3422100000000001,1.33795,1.3404099999999999
2025-04-21 16:00:00,1.3404099999999999,1.34089,1.33753,1.33789
2025-04-21 20:00:00,1.33789,1.33847,1.3363,1.33798
2025-04-22 00:00:00,1.33775,1.33847,1.33616,1.33707
2025-04-22 04:00:00,1.33707,1.3410199999999999,1.33707,1.34025
2025-04-22 08:00:00,1.34025,1.34239,1.33688,1.33873
2025-04-22 12:00:00,1.33873,1.33905,1.33551,1.33717
2025-04-22 16:00:00,1.3372,1.33904,1.3342800000000001,1.33464
2025-04-22 20:00:00,1.33464,1.33545,1.3326,1.33316
2025-04-23 00:00:00,1.3328,1.33337,1.32336,1.33057
2025-04-23 04:00:00,1.33056,1.33178,1.3287,1.33054
2025-04-23 08:00:00,1.33054,1.33285,1.3277999999999999,1.33196
2025-04-23 12:00:00,1.33197,1.33391,1.32908,1.33041
2025-04-23 16:00:00,1.33041,1.33196,1.325,1.32609
2025-04-23 20:00:00,1.32609,1.32773,1.32503,1.32538
2025-04-24 00:00:00,1.32508,1.32792,1.3243800000000001,1.32769
2025-04-24 04:00:00,1.32769,1.32868,1.32653,1.327
2025-04-24 08:00:00,1.327,1.33097,1.32649,1.33016
2025-04-24 12:00:00,1.33016,1.33209,1.32976,1.33016
2025-04-24 16:00:00,1.33016,1.3332600000000001,1.32903,1.33288
2025-04-24 20:00:00,1.33288,1.3348900000000001,1.33154,1.33384
2025-04-25 00:00:00,1.33369,1.3339699999999999,1.33061,1.33071
2025-04-25 04:00:00,1.33071,1.33179,1.32793,1.3287
2025-04-25 08:00:00,1.3287,1.33138,1.32739,1.33022
2025-04-25 12:00:00,1.33022,1.33262,1.32869,1.33229
2025-04-25 16:00:00,1.33229,1.33322,1.32979,1.33194
2025-04-25 20:00:00,1.33194,1.33324,1.33098,1.33099
2025-04-28 00:00:00,1.32806,1.33115,1.32806,1.33002
2025-04-28 04:00:00,1.33002,1.33156,1.328,1.3315299999999999
2025-04-28 08:00:00,1.3315299999999999,1.33338,1.32882,1.33288
2025-04-28 12:00:00,1.33289,1.33547,1.33289,1.3342399999999999
2025-04-28 16:00:00,1.3342399999999999,1.34206,1.33411,1.3413
2025-04-28 20:00:00,1.3413,1.3444,1.3411,1.34425
2025-04-29 00:00:00,1.3431899999999999,1.34435,1.34204,1.34256
2025-04-29 04:00:00,1.34256,1.34425,1.3394,1.33961
2025-04-29 08:00:00,1.33961,1.34259,1.33961,1.34109
2025-04-29 12:00:00,1.34109,1.34145,1.33803,1.34094
2025-04-29 16:00:00,1.34094,1.34212,1.33884,1.34073
2025-04-29 20:00:00,1.3407200000000001,1.34108,1.33932,1.3406799999999999
2025-04-30 00:00:00,1.34036,1.34149,1.33974,1.34026
2025-04-30 04:00:00,1.34025,1.34116,1.3382399999999999,1.33908
2025-04-30 08:00:00,1.33908,1.3406500000000001,1.33631,1.33674
2025-04-30 12:00:00,1.33673,1.33745,1.33434,1.3352
2025-04-30 16:00:00,1.33518,1.33591,1.33091,1.33466
2025-04-30 20:00:00,1.33466,1.33581,1.3319,1.33304
2025-05-01 00:00:00,1.33258,1.33312,1.33178,1.33192
2025-05-01 04:00:00,1.33192,1.33194,1.3293,1.32937
2025-05-01 08:00:00,1.32937,1.33334,1.32748,1.3325
2025-05-01 12:00:00,1.3325,1.3345500000000001,1.3312,1.33161
2025-05-01 16:00:00,1.3316,1.3327200000000001,1.32619,1.3281
2025-05-01 20:00:00,1.3281,1.32868,1.3260399999999999,1.32779
2025-05-02 00:00:00,1.32728,1.329,1.32702,1.32791
2025-05-02 04:00:00,1.32791,1.33137,1.32757,1.33081
2025-05-02 08:00:00,1.33081,1.3322,1.32824,1.3292
2025-05-02 12:00:00,1.32919,1.33157,1.3259400000000001,1.32908
2025-05-02 16:00:00,1.32908,1.33308,1.32765,1.32837
2025-05-02 20:00:00,1.32837,1.3294000000000001,1.32633,1.32709
2025-05-05 00:00:00,1.3259400000000001,1.32762,1.32566,1.32714
2025-05-05 04:00:00,1.32714,1.33008,1.32714,1.32954
2025-05-05 08:00:00,1.32954,1.33068,1.32756,1.32819
2025-05-05 12:00:00,1.32821,1.33356,1.32821,1.33308
2025-05-05 16:00:00,1.33308,1.33365,1.32703,1.32739
2025-05-05 20:00:00,1.3274,1.32996,1.32721,1.32966
2025-05-06 00:00:00,1.32957,1.32981,1.32674,1.32695
2025-05-06 04:00:00,1.32695,1.3305500000000001,1.32602,1.33025
2025-05-06 08:00:00,1.33025,1.33339,1.32854,1.33152
2025-05-06 12:00:00,1.33152,1.34028,1.33081,1.33965
2025-05-06 16:00:00,1.33965,1.33974,1.33517,1.33581
2025-05-06 20:00:00,1.33581,1.33867,1.33565,1.33685
2025-05-07 00:00:00,1.33599,1.33782,1.33334,1.3351899999999999
2025-05-07 04:00:00,1.3351899999999999,1.33623,1.33356,1.3342399999999999
2025-05-07 08:00:00,1.3342399999999999,1.33674,1.33356,1.3336000000000001
2025-05-07 12:00:00,1.33361,1.33682,1.33229,1.33667
2025-05-07 16:00:00,1.33667,1.33771,1.33328,1.33481
2025-05-07 20:00:00,1.33481,1.33533,1.32801,1.3290899999999999
2025-05-08 00:00:00,1.32895,1.33071,1.3284799999999999,1.32958
2025-05-08 04:00:00,1.32958,1.33563,1.3293599999999999,1.33322
2025-05-08 08:00:00,1.33322,1.3333,1.32613,1.32664
2025-05-08 12:00:00,1.32664,1.33423,1.32412,1.3324
2025-05-08 16:00:00,1.3324,1.3345,1.32619,1.32659
2025-05-08 20:00:00,1.32659,1.32675,1.32365,1.3244799999999999
2025-05-09 00:00:00,1.32452,1.32518,1.32196,1.32399
2025-05-09 04:00:00,1.32399,1.32423,1.32121,1.32365
2025-05-09 08:00:00,1.32365,1.32712,1.32236,1.32703
2025-05-09 12:00:00,1.32703,1.3287,1.3262,1.32854
2025-05-09 16:00:00,1.32854,1.33227,1.3284,1.33071
2025-05-09 20:00:00,1.33071,1.3319,1.32966,1.33006
2025-05-12 00:00:00,1.32576,1.32953,1.3255,1.3289
2025-05-12 04:00:00,1.3289,1.32944,1.32752,1.32862
2025-05-12 08:00:00,1.32862,1.32993,1.3159100000000001,1.31944
2025-05-12 12:00:00,1.31944,1.32044,1.314,1.31962
2025-05-12 16:00:00,1.31962,1.32155,1.3176999999999999,1.3178
2025-05-12 20:00:00,1.3178,1.31847,1.31623,1.31761
2025-05-13 00:00:00,1.31746,1.31854,1.31668,1.31785
2025-05-13 04:00:00,1.31785,1.3201100000000001,1.3175,1.32009
2025-05-13 08:00:00,1.32012,1.32172,1.3189600000000001,1.32115
2025-05-13 12:00:00,1.32117,1.3244500000000001,1.32022,1.32434
2025-05-13 16:00:00,1.32434,1.32946,1.32214,1.32925
2025-05-13 20:00:00,1.32925,1.33161,1.32876,1.33039
2025-05-14 00:00:00,1.33035,1.33165,1.32992,1.33138
2025-05-14 04:00:00,1.33138,1.332,1.32983,1.33044
2025-05-14 08:00:00,1.33044,1.33589,1.3291,1.33472
2025-05-14 12:00:00,1.33471,1.3360400000000001,1.33163,1.33251
2025-05-14 16:00:00,1.33251,1.33294,1.3271,1.32825
2025-05-14 20:00:00,1.32825,1.32884,1.32534,1.3259699999999999
2025-05-15 00:00:00,1.32528,1.32754,1.32523,1.3272599999999999
2025-05-15 04:00:00,1.32728,1.32868,1.32724,1.32745
2025-05-15 08:00:00,1.32745,1.33051,1.3262399999999999,1.32897
2025-05-15 12:00:00,1.32898,1.3309199999999999,1.32673,1.3305500000000001
2025-05-15 16:00:00,1.3305500000000001,1.33199,1.32638,1.32889
2025-05-15 20:00:00,1.3289,1.33088,1.32867,1.33041
2025-05-16 00:00:00,1.33012,1.33179,1.32946,1.33144
2025-05-16 04:00:00,1.33144,1.33195,1.33066,1.33186
2025-05-16 08:00:00,1.33186,1.33328,1.33015,1.33047
2025-05-16 12:00:00,1.33047,1.3309,1.32736,1.32834
2025-05-16 16:00:00,1.32833,1.32993,1.32507,1.32687
2025-05-16 20:00:00,1.32687,1.32868,1.32679,1.3283
2025-05-19 00:00:00,1.3264,1.33139,1.32615,1.3313
2025-05-19 04:00:00,1.3313,1.3314,1.32904,1.32991
2025-05-19 08:00:00,1.32991,1.33728,1.32928,1.33677
2025-05-19 12:00:00,1.33677,1.3404,1.3363,1.33712
2025-05-19 16:00:00,1.33712,1.3376000000000001,1.33459,1.33548
2025-05-19 20:00:00,1.33548,1.3364500000000001,1.33449,1.3361
2025-05-20 00:00:00,1.33598,1.33625,1.33448,1.33562
2025-05-20 04:00:00,1.33562,1.3374,1.33471,1.33639
2025-05-20 08:00:00,1.33639,1.3395000000000001,1.33637,1.33737
2025-05-20 12:00:00,1.33737,1.33842,1.33355,1.33402
2025-05-20 16:00:00,1.33403,1.33743,1.33349,1.33715
2025-05-20 20:00:00,1.33716,1.33939,1.3369900000000001,1.33932
2025-05-21 00:00:00,1.33924,1.34119,1.33778,1.34088
2025-05-21 04:00:00,1.34087,1.34356,1.33989,1.34305
2025-05-21 08:00:00,1.34305,1.34691,1.3390900000000001,1.3399
2025-05-21 12:00:00,1.3399,1.34382,1.33888,1.34225
2025-05-21 16:00:00,1.34227,1.34517,1.34147,1.34469
2025-05-21 20:00:00,1.34469,1.3452600000000001,1.34131,1.34192
2025-05-22 00:00:00,1.34193,1.34317,1.34049,1.3424800000000001
2025-05-22 04:00:00,1.3424800000000001,1.3441100000000001,1.34165,1.34292
2025-05-22 08:00:00,1.34292,1.3440699999999999,1.34016,1.34024
2025-05-22 12:00:00,1.34024,1.34265,1.3390900000000001,1.34131
2025-05-22 16:00:00,1.34131,1.34366,1.34056,1.3418
2025-05-22 20:00:00,1.3418,1.343,1.34037,1.34179
2025-05-23 00:00:00,1.34185,1.34358,1.34081,1.34322
2025-05-23 04:00:00,1.34322,1.34557,1.34299,1.34523
2025-05-23 08:00:00,1.34523,1.34918,1.3444,1.34883
2025-05-23 12:00:00,1.34883,1.35337,1.3474,1.3518
2025-05-23 16:00:00,1.3518,1.3523800000000001,1.34808,1.35219
2025-05-23 20:00:00,1.35219,1.35394,1.35213,1.35375
2025-05-26 00:00:00,1.35209,1.35613,1.35209,1.35611
2025-05-26 04:00:00,1.35611,1.35934,1.35537,1.35826
2025-05-26 08:00:00,1.35826,1.35926,1.3558,1.35644
2025-05-26 12:00:00,1.35646,1.35682,1.35513,1.35559
2025-05-26 16:00:00,1.35559,1.35683,1.35527,1.35643
2025-05-26 20:00:00,1.35643,1.35652,1.35577,1.3563100000000001
2025-05-27 00:00:00,1.35589,1.35852,1.35526,1.35825
2025-05-27 04:00:00,1.35825,1.35869,1.3553899999999999,1.35553
2025-05-27 08:00:00,1.35553,1.35736,1.3522,1.35369
2025-05-27 12:00:00,1.35368,1.35625,1.35336,1.3562
2025-05-27 16:00:00,1.3562,1.3565,1.35004,1.35074
2025-05-27 20:00:00,1.35074,1.35153,1.3502100000000001,1.3507
2025-05-28 00:00:00,1.3502399999999999,1.35226,1.35008,1.35153
2025-05-28 04:00:00,1.35153,1.3516599999999999,1.3470900000000001,1.34724
2025-05-28 08:00:00,1.34724,1.3511199999999999,1.34611,1.35093
2025-05-28 12:00:00,1.35093,1.3519700000000001,1.34659,1.34693
2025-05-28 16:00:00,1.34693,1.34894,1.34501,1.34747
2025-05-28 20:00:00,1.34747,1.34796,1.34622,1.34697
2025-05-29 00:00:00,1.34652,1.3471,1.3415599999999999,1.3428499999999999
2025-05-29 04:00:00,1.34284,1.34467,1.34189,1.34401
2025-05-29 08:00:00,1.34401,1.3475,1.34265,1.34604
2025-05-29 12:00:00,1.34604,1.35054,1.34581,1.35016
2025-05-29 16:00:00,1.35016,1.35072,1.34765,1.3493
2025-05-29 20:00:00,1.3493,1.35047,1.34871,1.34913
2025-05-30 00:00:00,1.34866,1.35098,1.34828,1.34966
2025-05-30 04:00:00,1.34966,1.3511199999999999,1.34684,1.34717
2025-05-30 08:00:00,1.34717,1.34857,1.34552,1.3466
2025-05-30 12:00:00,1.3466,1.34995,1.34627,1.34928
2025-05-30 16:00:00,1.34928,1.34945,1.3448,1.34608
2025-05-30 20:00:00,1.34608,1.34766,1.34548,1.3455
2025-06-02 00:00:00,1.34628,1.34923,1.34479,1.34885
2025-06-02 04:00:00,1.34885,1.35059,1.34734,1.34888
2025-06-02 08:00:00,1.34888,1.35576,1.34881,1.35433
2025-06-02 12:00:00,1.35433,1.35555,1.35272,1.35427
2025-06-02 16:00:00,1.35428,1.35598,1.35186,1.35227
2025-06-02 20:00:00,1.35225,1.35498,1.3517299999999999,1.35439
2025-06-03 00:00:00,1.3543,1.35595,1.35318,1.35476
2025-06-03 04:00:00,1.35476,1.35477,1.35149,1.35241
2025-06-03 08:00:00,1.35241,1.35375,1.35054,1.35154
2025-06-03 12:00:00,1.35156,1.35266,1.3492,1.35038
2025-06-03 16:00:00,1.35039,1.35335,1.3496299999999999,1.35185
2025-06-03 20:00:00,1.35185,1.35293,1.35138,1.35181
2025-06-04 00:00:00,1.35147,1.35334,1.351,1.35269
2025-06-04 04:00:00,1.35269,1.3544800000000001,1.35107,1.35122
2025-06-04 08:00:00,1.35122,1.35456,1.3501,1.354
2025-06-04 12:00:00,1.354,1.35442,1.35119,1.35432
2025-06-04 16:00:00,1.35432,1.35801,1.35315,1.35714
2025-06-04 20:00:00,1.35714,1.35738,1.35454,1.35529
2025-06-05 00:00:00,1.35521,1.35599,1.35449,1.35599
2025-06-05 04:00:00,1.35598,1.35659,1.35408,1.35474
2025-06-05 08:00:00,1.35474,1.35743,1.35426,1.35674
2025-06-05 12:00:00,1.35674,1.35946,1.35606,1.35789
2025-06-05 16:00:00,1.35791,1.36168,1.35711,1.35863
2025-06-05 20:00:00,1.35865,1.35896,1.35667,1.35698
2025-06-06 00:00:00,1.3568,1.35847,1.35648,1.3578999999999999
2025-06-06 04:00:00,1.3578999999999999,1.35838,1.3565800000000001,1.3575
2025-06-06 08:00:00,1.35751,1.35751,1.35347,1.3538299999999999
2025-06-06 12:00:00,1.3538299999999999,1.35642,1.35185,1.35366
2025-06-06 16:00:00,1.35364,1.3548200000000001,1.35077,1.35194
2025-06-06 20:00:00,1.35194,1.35346,1.35159,1.3526099999999999
2025-06-09 00:00:00,1.3516599999999999,1.35399,1.35162,1.35312
2025-06-09 04:00:00,1.35313,1.35655,1.35313,1.35544
2025-06-09 08:00:00,1.35544,1.3578000000000001,1.35488,1.35735
2025-06-09 12:00:00,1.35735,1.35815,1.3534,1.35365
2025-06-09 16:00:00,1.35365,1.35645,1.35247,1.35587
2025-06-09 20:00:00,1.35586,1.3565800000000001,1.35483,1.3550200000000001
2025-06-10 00:00:00,1.3544,1.35644,1.35399,1.35547
2025-06-10 04:00:00,1.35547,1.35605,1.35196,1.35381
2025-06-10 08:00:00,1.35382,1.3546,1.34564,1.34878
2025-06-10 12:00:00,1.34878,1.35128,1.34801,1.35072
2025-06-10 16:00:00,1.35072,1.35368,1.34979,1.34985
2025-06-10 20:00:00,1.34985,1.35084,1.34903,1.34978
2025-06-11 00:00:00,1.3496000000000001,1.35102,1.34905,1.3492
2025-06-11 04:00:00,1.3492,1.34958,1.34747,1.34828
2025-06-11 08:00:00,1.34828,1.3496299999999999,1.34644,1.34945
2025-06-11 12:00:00,1.34945,1.35499,1.34851,1.35188
2025-06-11 16:00:00,1.35189,1.35581,1.3502,1.35498
2025-06-11 20:00:00,1.35498,1.35674,1.35362,1.35474
2025-06-12 00:00:00,1.3541,1.35885,1.35391,1.35834
2025-06-12 04:00:00,1.35834,1.35935,1.35671,1.35826
2025-06-12 08:00:00,1.35826,1.35901,1.35228,1.35662
2025-06-12 12:00:00,1.3566099999999999,1.36194,1.35601,1.36105
2025-06-12 16:00:00,1.36105,1.36235,1.35822,1.35916
2025-06-12 20:00:00,1.35916,1.36152,1.3584,1.3612600000000001
2025-06-13 00:00:00,1.36116,1.36327,1.3559,1.35704
2025-06-13 04:00:00,1.35704,1.35716,1.35304,1.35343
2025-06-13 08:00:00,1.35343,1.35704,1.35215,1.35593
2025-06-13 12:00:00,1.35593,1.35629,1.3523100000000001,1.35342
2025-06-13 16:00:00,1.35342,1.3603100000000001,1.35164,1.35948
2025-06-13 20:00:00,1.35948,1.35948,1.35587,1.35736
2025-06-16 00:00:00,1.35613,1.35614,1.35344,1.35501
2025-06-16 04:00:00,1.35499,1.35584,1.35349,1.35471
2025-06-16 08:00:00,1.35471,1.35929,1.35471,1.35791
2025-06-16 12:00:00,1.35791,1.3591,1.35739,1.35826
2025-06-16 16:00:00,1.35826,1.36224,1.35825,1.36084
2025-06-16 20:00:00,1.3608500000000001,1.36109,1.3572600000000001,1.35764
2025-06-17 00:00:00,1.35725,1.35835,1.35574,1.35672
2025-06-17 04:00:00,1.35672,1.35794,1.35589,1.35734
2025-06-17 08:00:00,1.35734,1.35789,1.3548200000000001,1.3548200000000001
2025-06-17 12:00:00,1.35483,1.3574,1.3541699999999999,1.3547799999999999
2025-06-17 16:00:00,1.3547799999999999,1.3565,1.34663,1.3471600000000001
2025-06-17 20:00:00,1.3471600000000001,1.3474599999999999,1.34154,1.3428200000000001
2025-06-18 00:00:00,1.34236,1.34383,1.34141,1.34314
2025-06-18 04:00:00,1.34314,1.34471,1.34271,1.34436
2025-06-18 08:00:00,1.34436,1.34766,1.34381,1.34527
2025-06-18 12:00:00,1.34528,1.3468499999999999,1.34382,1.3447200000000001
2025-06-18 16:00:00,1.3447200000000001,1.34757,1.34351,1.34569
2025-06-18 20:00:00,1.34569,1.34764,1.3400699999999999,1.34205
2025-06-19 00:00:00,1.34174,1.34276,1.3408,1.34154
2025-06-19 04:00:00,1.34155,1.3416000000000001,1.33872,1.3411
2025-06-19 08:00:00,1.3411,1.3428499999999999,1.33827,1.34274
2025-06-19 12:00:00,1.34274,1.3449499999999999,1.34043,1.3441100000000001
2025-06-19 16:00:00,1.3441100000000001,1.34458,1.34172,1.34252
2025-06-19 20:00:00,1.34252,1.347,1.34246,1.34676
2025-06-20 00:00:00,1.34584,1.34903,1.34512,1.34881
2025-06-20 04:00:00,1.34881,1.35001,1.3477000000000001,1.34954
2025-06-20 08:00:00,1.34954,1.35009,1.3462399999999999,1.34912
2025-06-20 12:00:00,1.34912,1.35111,1.34854,1.35016
2025-06-20 16:00:00,1.3501699999999999,1.3506,1.34536,1.34707
2025-06-20 20:00:00,1.34707,1.34766,1.34401,1.34463
2025-06-23 00:00:00,1.34005,1.34418,1.33947,1.34219
2025-06-23 04:00:00,1.34219,1.34383,1.34033,1.34098
2025-06-23 08:00:00,1.34098,1.34486,1.34097,1.34144
2025-06-23 12:00:00,1.34144,1.34171,1.33704,1.3392
2025-06-23 16:00:00,1.3392,1.35062,1.33872,1.3492199999999999
2025-06-23 20:00:00,1.34923,1.35309,1.349,1.3523800000000001
2025-06-24 00:00:00,1.35219,1.35551,1.35128,1.35486
2025-06-24 04:00:00,1.35486,1.3572899999999999,1.3535300000000001,1.35652
2025-06-24 08:00:00,1.35652,1.36035,1.35596,1.3600400000000001
2025-06-24 12:00:00,1.3600400000000001,1.36264,1.35945,1.3601
2025-06-24 16:00:00,1.3601,1.36483,1.3591,1.36253
2025-06-24 20:00:00,1.36253,1.3639000000000001,1.36125,1.3614600000000001
2025-06-25 00:00:00,1.36113,1.3623,1.36082,1.36173
2025-06-25 04:00:00,1.36173,1.36292,1.36113,1.36163
2025-06-25 08:00:00,1.36163,1.3633600000000001,1.36064,1.36215
2025-06-25 12:00:00,1.36216,1.36221,1.35907,1.35968
2025-06-25 16:00:00,1.35968,1.36435,1.35941,1.36405
2025-06-25 20:00:00,1.36405,1.36714,1.36365,1.36636
2025-06-26 00:00:00,1.3661699999999999,1.36954,1.36482,1.36896
2025-06-26 04:00:00,1.36896,1.3725,1.36771,1.37009
2025-06-26 08:00:00,1.37009,1.37648,1.36966,1.37497
2025-06-26 12:00:00,1.37497,1.3753600000000001,1.36997,1.37184
2025-06-26 16:00:00,1.37184,1.37708,1.3707,1.37549
2025-06-26 20:00:00,1.37549,1.37632,1.3722699999999999,1.37274
2025-06-27 00:00:00,1.37248,1.37357,1.37165,1.37306
2025-06-27 04:00:00,1.37305,1.375,1.3722699999999999,1.37229
2025-06-27 08:00:00,1.37229,1.37504,1.37202,1.3743400000000001
2025-06-27 12:00:00,1.37436,1.37526,1.37199,1.37406
2025-06-27 16:00:00,1.37406,1.3747,1.37032,1.37074
2025-06-27 20:00:00,1.37074,1.3721,1.36829,1.37204
2025-06-30 00:00:00,1.36938,1.37284,1.36938,1.3714
2025-06-30 04:00:00,1.3714,1.37307,1.37113,1.37295
2025-06-30 08:00:00,1.37295,1.37406,1.36931,1.36995
2025-06-30 12:00:00,1.36995,1.37118,1.3685,1.36935
2025-06-30 16:00:00,1.36935,1.3723,1.36742,1.37141
2025-06-30 20:00:00,1.37141,1.37356,1.37036,1.37341
2025-07-01 00:00:00,1.3729,1.37415,1.3716300000000001,1.37409
2025-07-01 04:00:00,1.37409,1.37487,1.37241,1.3740999999999999
2025-07-01 08:00:00,1.3740999999999999,1.3783699999999999,1.37321,1.3774
2025-07-01 12:00:00,1.3773900000000001,1.37887,1.3740700000000001,1.37415
2025-07-01 16:00:00,1.37414,1.3743699999999999,1.37036,1.37245
2025-07-01 20:00:00,1.37245,1.3750499999999999,1.37213,1.3746
2025-07-02 00:00:00,1.37417,1.37493,1.37369,1.37482
2025-07-02 04:00:00,1.37482,1.37526,1.3732199999999999,1.37442
2025-07-02 08:00:00,1.3744,1.37458,1.36943,1.36981
2025-07-02 12:00:00,1.36979,1.3713,1.35888,1.36079
2025-07-02 16:00:00,1.36079,1.36322,1.35629,1.36311
2025-07-02 20:00:00,1.3631,1.36445,1.36269,1.36334
2025-07-03 00:00:00,1.36315,1.36657,1.36315,1.36473
2025-07-03 04:00:00,1.36473,1.36538,1.36235,1.36295
2025-07-03 08:00:00,1.36295,1.36757,1.3625099999999999,1.36643
2025-07-03 12:00:00,1.36643,1.36682,1.35858,1.36151
2025-07-03 16:00:00,1.36151,1.36743,1.36116,1.36504
2025-07-03 20:00:00,1.36504,1.3654,1.3639299999999999,1.36539
2025-07-04 00:00:00,1.36538,1.36685,1.3643,1.36631
2025-07-04 04:00:00,1.36631,1.36746,1.3645100000000001,1.36738
2025-07-04 08:00:00,1.36738,1.36815,1.36567,1.36643
2025-07-04 12:00:00,1.36642,1.36647,1.36351,1.36354
2025-07-04 16:00:00,1.36354,1.36536,1.36353,1.36471
2025-07-04 20:00:00,1.36471,1.36582,1.36388,1.3642400000000001
2025-07-07 00:00:00,1.3644,1.36578,1.3644,1.36472
2025-07-07 04:00:00,1.36472,1.36472,1.36158,1.36173
2025-07-07 08:00:00,1.36173,1.36264,1.35793,1.35806
2025-07-07 12:00:00,1.35806,1.36213,1.3575300000000001,1.36174
2025-07-07 16:00:00,1.36174,1.36479,1.35942,1.35952
2025-07-07 20:00:00,1.35952,1.36167,1.35893,1.36007
2025-07-08 00:00:00,1.35988,1.36369,1.3594300000000001,1.36289
2025-07-08 04:00:00,1.36289,1.36428,1.36178,1.36317
2025-07-08 08:00:00,1.36316,1.36464,1.36097,1.36123
2025-07-08 12:00:00,1.36123,1.36147,1.35632,1.35782
2025-07-08 16:00:00,1.35781,1.3582,1.35257,1.3578700000000001
2025-07-08 20:00:00,1.35786,1.35974,1.35773,1.35922
2025-07-09 00:00:00,1.3588,1.35965,1.35608,1.35863
2025-07-09 04:00:00,1.35863,1.3593,1.35645,1.35857
2025-07-09 08:00:00,1.35857,1.3606500000000001,1.35791,1.36012
2025-07-09 12:00:00,1.36011,1.3613,1.3574,1.36082
2025-07-09 16:00:00,1.36082,1.36198,1.3578999999999999,1.3584100000000001
2025-07-09 20:00:00,1.3584100000000001,1.36008,1.35808,1.35856
2025-07-10 00:00:00,1.35842,1.36134,1.3575599999999999,1.36096
2025-07-10 04:00:00,1.36096,1.3612199999999999,1.35998,1.36052
2025-07-10 08:00:00,1.36052,1.36196,1.36023,1.3606099999999999
2025-07-10 12:00:00,1.3606099999999999,1.36164,1.35571,1.35603
2025-07-10 16:00:00,1.35603,1.35728,1.35331,1.35641
2025-07-10 20:00:00,1.35641,1.35834,1.3561,1.35795
2025-07-11 00:00:00,1.3576,1.35855,1.3545,1.3555
2025-07-11 04:00:00,1.3555,1.3569499999999999,1.35489,1.3556300000000001
2025-07-11 08:00:00,1.3556300000000001,1.35647,1.35286,1.35355
2025-07-11 12:00:00,1.35355,1.35529,1.34962,1.35042
2025-07-11 16:00:00,1.35042,1.35202,1.34813,1.35065
2025-07-11 20:00:00,1.35065,1.35175,1.34845,1.3489
2025-07-14 00:00:00,1.34811,1.3504399999999999,1.34783,1.34989
2025-07-14 04:00:00,1.34989,1.35025,1.3472,1.34759
2025-07-14 08:00:00,1.34759,1.3489499999999999,1.34516,1.34759
2025-07-14 12:00:00,1.34758,1.34937,1.34704,1.34778
2025-07-14 16:00:00,1.34778,1.34847,1.34271,1.34354
2025-07-14 20:00:00,1.34354,1.3441100000000001,1.34244,1.34267
2025-07-15 00:00:00,1.3426,1.3440699999999999,1.34215,1.34355
2025-07-15 04:00:00,1.34355,1.34397,1.3427,1.3431600000000001
2025-07-15 08:00:00,1.3431600000000001,1.34537,1.3427799999999999,1.34466
2025-07-15 12:00:00,1.3446500000000001,1.34673,1.34318,1.3448
2025-07-15 16:00:00,1.34481,1.34507,1.33803,1.33871
2025-07-15 20:00:00,1.33871,1.33934,1.33789,1.33843
2025-07-16 00:00:00,1.33789,1.3399,1.33781,1.33934
2025-07-16 04:00:00,1.33934,1.3400400000000001,1.33825,1.33965
2025-07-16 08:00:00,1.33965,1.34165,1.3389,1.33913
2025-07-16 12:00:00,1.33914,1.34125,1.33833,1.33929
2025-07-16 16:00:00,1.33929,1.34857,1.3365,1.3422
2025-07-16 20:00:00,1.34218,1.34406,1.34049,1.34195
2025-07-17 00:00:00,1.34173,1.34209,1.33956,1.33997
2025-07-17 04:00:00,1.33997,1.34052,1.33842,1.33956
2025-07-17 08:00:00,1.33956,1.34107,1.33741,1.34106
2025-07-17 12:00:00,1.34107,1.34137,1.33803,1.3401100000000001
2025-07-17 16:00:00,1.3401100000000001,1.34206,1.33929,1.34006
2025-07-17 20:00:00,1.34006,1.342,1.33992,1.34176
2025-07-18 00:00:00,1.34141,1.3437999999999999,1.34056,1.3431899999999999
2025-07-18 04:00:00,1.3431899999999999,1.3440699999999999,1.34238,1.34239
2025-07-18 08:00:00,1.34239,1.3443,1.34108,1.3437000000000001
2025-07-18 12:00:00,1.3437000000000001,1.34726,1.3435000000000001,1.34579
2025-07-18 16:00:00,1.34579,1.34752,1.3417,1.34189
2025-07-18 20:00:00,1.34189,1.34216,1.34053,1.34059
2025-07-21 00:00:00,1.3413599999999999,1.3425,1.34029,1.34039
2025-07-21 04:00:00,1.34039,1.3419400000000001,1.34021,1.34184
2025-07-21 08:00:00,1.34184,1.34661,1.34168,1.34522
2025-07-21 12:00:00,1.34522,1.34837,1.34451,1.3479999999999999
2025-07-21 16:00:00,1.3479999999999999,1.35107,1.34669,1.34945
2025-07-21 20:00:00,1.34945,1.3496000000000001,1.3483100000000001,1.34915
2025-07-22 00:00:00,1.34881,1.3492,1.34792,1.34833
2025-07-22 04:00:00,1.34833,1.34878,1.34741,1.34767
2025-07-22 08:00:00,1.34767,1.34923,1.34615,1.3489900000000001
2025-07-22 12:00:00,1.3489900000000001,1.34998,1.34752,1.34811
2025-07-22 16:00:00,1.34811,1.35328,1.3471199999999999,1.3529900000000001
2025-07-22 20:00:00,1.3529900000000001,1.35337,1.35191,1.35335
2025-07-23 00:00:00,1.35284,1.35347,1.35172,1.35269
2025-07-23 04:00:00,1.35269,1.35352,1.35162,1.35276
2025-07-23 08:00:00,1.35276,1.35488,1.35152,1.35418
2025-07-23 12:00:00,1.35418,1.35488,1.3529900000000001,1.35455
2025-07-23 16:00:00,1.35455,1.35759,1.35235,1.35617
2025-07-23 20:00:00,1.35617,1.35839,1.35574,1.35797
2025-07-24 00:00:00,1.358,1.35873,1.357,1.35741
2025-07-24 04:00:00,1.35741,1.35889,1.35737,1.35796
2025-07-24 08:00:00,1.35796,1.35819,1.35429,1.35439
2025-07-24 12:00:00,1.35439,1.35541,1.35316,1.35354
2025-07-24 16:00:00,1.35354,1.35628,1.35046,1.3511199999999999
2025-07-24 20:00:00,1.35113,1.35281,1.35026,1.35068
2025-07-25 00:00:00,1.3504399999999999,1.35122,1.3502,1.3507500000000001
2025-07-25 04:00:00,1.3507500000000001,1.35126,1.34864,1.34913
2025-07-25 08:00:00,1.34913,1.35047,1.3459699999999999,1.34629
2025-07-25 12:00:00,1.34629,1.34645,1.34233,1.34335
2025-07-25 16:00:00,1.34335,1.34436,1.3416299999999999,1.34211
2025-07-25 20:00:00,1.3421,1.34383,1.34199,1.34313
2025-07-28 00:00:00,1.34184,1.34491,1.34184,1.34435
2025-07-28 04:00:00,1.34435,1.3452899999999999,1.34298,1.34363
2025-07-28 08:00:00,1.34363,1.34368,1.34059,1.34211
2025-07-28 12:00:00,1.34211,1.34383,1.34026,1.34379
2025-07-28 16:00:00,1.34379,1.34401,1.33764,1.33789
2025-07-28 20:00:00,1.33789,1.33806,1.33514,1.33542
2025-07-29 00:00:00,1.3351199999999999,1.33617,1.33447,1.33454
2025-07-29 04:00:00,1.33454,1.33586,1.33368,1.33498
2025-07-29 08:00:00,1.33498,1.33538,1.33158,1.33417
2025-07-29 12:00:00,1.33417,1.33619,1.3315299999999999,1.3315299999999999
2025-07-29 16:00:00,1.3315299999999999,1.33477,1.33078,1.33388
2025-07-29 20:00:00,1.33388,1.3364,1.33356,1.335
2025-07-30 00:00:00,1.3348200000000001,1.3366500000000001,1.33362,1.33658
2025-07-30 04:00:00,1.33658,1.33693,1.33496,1.33508
2025-07-30 08:00:00,1.33508,1.33689,1.33416,1.33676
2025-07-30 12:00:00,1.33676,1.3385799999999999,1.33072,1.33091
2025-07-30 16:00:00,1.3309,1.33137,1.32699,1.32819
2025-07-30 20:00:00,1.3281800000000001,1.33132,1.32276,1.32367
2025-07-31 00:00:00,1.32338,1.32591,1.32276,1.32515
2025-07-31 04:00:00,1.32514,1.32701,1.3241800000000001,1.3269199999999999
2025-07-31 08:00:00,1.3269199999999999,1.32821,1.32397,1.3249900000000001
2025-07-31 12:00:00,1.3249900000000001,1.3250199999999999,1.32087,1.32165
2025-07-31 16:00:00,1.32165,1.32394,1.31857,1.3223
2025-07-31 20:00:00,1.3223,1.32271,1.3199100000000001,1.32031
2025-08-01 00:00:00,1.32027,1.32134,1.31941,1.32101
2025-08-01 04:00:00,1.32101,1.32129,1.319,1.31992
2025-08-01 08:00:00,1.31992,1.32132,1.316,1.31609
2025-08-01 12:00:00,1.31609,1.33032,1.31414,1.32852
2025-08-01 16:00:00,1.32846,1.33108,1.3242099999999999,1.32453
2025-08-01 20:00:00,1.32453,1.32922,1.3216,1.32764
2025-08-04 00:00:00,1.32781,1.3293300000000001,1.3258,1.32614
2025-08-04 04:00:00,1.32615,1.32901,1.3253599999999999,1.32779
2025-08-04 08:00:00,1.32779,1.32914,1.32646,1.3277700000000001
2025-08-04 12:00:00,1.32778,1.3314,1.32707,1.32979
2025-08-04 16:00:00,1.32979,1.33308,1.3277700000000001,1.32853
2025-08-04 20:00:00,1.32853,1.3288,1.3272599999999999,1.32839
2025-08-05 00:00:00,1.32815,1.3303,1.32737,1.3299
2025-08-05 04:00:00,1.3299,1.32998,1.32755,1.32859
2025-08-05 08:00:00,1.32859,1.32954,1.32595,1.32797
2025-08-05 12:00:00,1.32798,1.32953,1.32664,1.32819
2025-08-05 16:00:00,1.32819,1.33164,1.3268499999999999,1.33096
2025-08-05 20:00:00,1.33096,1.33156,1.32889,1.33005
2025-08-06 00:00:00,1.3296000000000001,1.3306,1.32876,1.33009
2025-08-06 04:00:00,1.33009,1.33141,1.32948,1.33118
2025-08-06 08:00:00,1.33118,1.33121,1.3281100000000001,1.3284
2025-08-06 12:00:00,1.3284099999999999,1.33301,1.32834,1.33172
2025-08-06 16:00:00,1.33172,1.33623,1.33129,1.33472
2025-08-06 20:00:00,1.33472,1.33684,1.33453,1.33569
2025-08-07 00:00:00,1.33506,1.3360400000000001,1.33463,1.33481
2025-08-07 04:00:00,1.33481,1.33688,1.3345799999999999,1.33684
2025-08-07 08:00:00,1.33684,1.33803,1.33633,1.33693
2025-08-07 12:00:00,1.33693,1.34366,1.33649,1.34209
2025-08-07 16:00:00,1.34209,1.34345,1.33906,1.34299
2025-08-07 20:00:00,1.34299,1.34482,1.34037,1.34426
2025-08-08 00:00:00,1.34406,1.34531,1.34348,1.34481
2025-08-08 04:00:00,1.34481,1.34508,1.34342,1.34354
2025-08-08 08:00:00,1.34354,1.34513,1.34244,1.34344
2025-08-08 12:00:00,1.34347,1.34535,1.34179,1.3423
2025-08-08 16:00:00,1.34231,1.34543,1.34231,1.34476
2025-08-08 20:00:00,1.34476,1.3458700000000001,1.3443100000000001,1.34473
2025-08-11 00:00:00,1.34358,1.34509,1.34292,1.34425
2025-08-11 04:00:00,1.34426,1.34684,1.3440699999999999,1.34665
2025-08-11 08:00:00,1.34665,1.34767,1.34481,1.34647
2025-08-11 12:00:00,1.34643,1.34692,1.34122,1.34233
2025-08-11 16:00:00,1.34233,1.34267,1.33991,1.34245
2025-08-11 20:00:00,1.34245,1.34372,1.34173,1.3431600000000001
2025-08-12 00:00:00,1.3431199999999999,1.34375,1.3418999999999999,1.34301
2025-08-12 04:00:00,1.34301,1.34396,1.34242,1.34385
2025-08-12 08:00:00,1.34385,1.34715,1.34205,1.34688
2025-08-12 12:00:00,1.34688,1.35097,1.3446,1.34856
2025-08-12 16:00:00,1.34856,1.3523800000000001,1.34633,1.35156
2025-08-12 20:00:00,1.35156,1.3516,1.3488,1.34994
2025-08-13 00:00:00,1.34975,1.35062,1.34917,1.35027
2025-08-13 04:00:00,1.35027,1.3508200000000001,1.34927,1.3504800000000001
2025-08-13 08:00:00,1.3504800000000001,1.35633,1.34997,1.35572
2025-08-13 12:00:00,1.35572,1.35797,1.35562,1.35606
2025-08-13 16:00:00,1.35606,1.3585,1.35538,1.35733
2025-08-13 20:00:00,1.35733,1.35805,1.3563100000000001,1.35768
2025-08-14 00:00:00,1.35738,1.35876,1.35645,1.3586
2025-08-14 04:00:00,1.3586,1.35919,1.35706,1.35758
2025-08-14 08:00:00,1.35758,1.35913,1.3563,1.35721
2025-08-14 12:00:00,1.35721,1.35948,1.35462,1.35531
2025-08-14 16:00:00,1.3553,1.3557000000000001,1.35209,1.35232
2025-08-14 20:00:00,1.35232,1.35395,1.3523,1.3529499999999999
2025-08-15 00:00:00,1.35281,1.35355,1.3522,1.35346
2025-08-15 04:00:00,1.35346,1.35514,1.35308,1.35477
2025-08-15 08:00:00,1.35477,1.35603,1.35426,1.35464
2025-08-15 12:00:00,1.35464,1.35696,1.35453,1.35612
2025-08-15 16:00:00,1.35612,1.3575,1.3553899999999999,1.35574
2025-08-15 20:00:00,1.35575,1.35592,1.35501,1.35548
2025-08-18 00:00:00,1.3545,1.3563,1.35445,1.35532
2025-08-18 04:00:00,1.35532,1.35653,1.35489,1.3563
2025-08-18 08:00:00,1.3563,1.35643,1.35311,1.35464
2025-08-18 12:00:00,1.35463,1.3550499999999999,1.3535,1.3544100000000001
2025-08-18 16:00:00,1.3544100000000001,1.35465,1.35069,1.35092
2025-08-18 20:00:00,1.35091,1.35157,1.35018,1.3503
2025-08-19 00:00:00,1.35026,1.35138,1.34978,1.35025
2025-08-19 04:00:00,1.35025,1.35064,1.3486799999999999,1.35052
2025-08-19 08:00:00,1.3505099999999999,1.35229,1.34967,1.3519999999999999
2025-08-19 12:00:00,1.3519999999999999,1.35312,1.35035,1.35099
2025-08-19 16:00:00,1.35099,1.35159,1.34855,1.34893
2025-08-19 20:00:00,1.34893,1.3495599999999999,1.34778,1.34921
2025-08-20 00:00:00,1.3489900000000001,1.3493,1.34749,1.3479999999999999
2025-08-20 04:00:00,1.3479999999999999,1.34835,1.3462,1.34744
2025-08-20 08:00:00,1.34744,1.35095,1.3471899999999999,1.35009
2025-08-20 12:00:00,1.35009,1.35052,1.34717,1.34891
2025-08-20 16:00:00,1.3489,1.34918,1.34477,1.34607
2025-08-20 20:00:00,1.34607,1.34708,1.34481,1.34545
2025-08-21 00:00:00,1.34559,1.34671,1.34484,1.3457
2025-08-21 04:00:00,1.34569,1.3464800000000001,1.34481,1.34522
2025-08-21 08:00:00,1.34523,1.34715,1.34356,1.3465799999999999
2025-08-21 12:00:00,1.3465799999999999,1.34829,1.34419,1.34463
2025-08-21 16:00:00,1.34462,1.34595,1.34057,1.34191
2025-08-21 20:00:00,1.34192,1.34268,1.34116,1.3413
2025-08-22 00:00:00,1.34105,1.34203,1.34039,1.34202
2025-08-22 04:00:00,1.34202,1.34234,1.33931,1.3394
2025-08-22 08:00:00,1.3394,1.34148,1.33906,1.3413599999999999
2025-08-22 12:00:00,1.34137,1.34205,1.34071,1.3413300000000001
2025-08-22 16:00:00,1.3413300000000001,1.35442,1.34124,1.35257
2025-08-22 20:00:00,1.35257,1.3544100000000001,1.3517299999999999,1.35282
2025-08-25 00:00:00,1.35095,1.35241,1.3495,1.34973
2025-08-25 04:00:00,1.34973,1.35151,1.34898,1.35117
2025-08-25 08:00:00,1.35117,1.35274,1.3502100000000001,1.35032
2025-08-25 12:00:00,1.35032,1.35208,1.34837,1.3504800000000001
2025-08-25 16:00:00,1.3504800000000001,1.3513,1.34848,1.34883
2025-08-25 20:00:00,1.34883,1.34901,1.3446,1.34518
2025-08-26 00:00:00,1.34524,1.34907,1.34466,1.3481
2025-08-26 04:00:00,1.3481,1.3483100000000001,1.34501,1.34569
2025-08-26 08:00:00,1.3457,1.34694,1.34348,1.34637
2025-08-26 12:00:00,1.34636,1.34931,1.34613,1.34793
2025-08-26 16:00:00,1.34789,1.3492899999999999,1.34702,1.3477700000000001
2025-08-26 20:00:00,1.34778,1.34856,1.3468200000000001,1.34772
2025-08-27 00:00:00,1.34776,1.3483,1.34688,1.34714
2025-08-27 04:00:00,1.34715,1.34749,1.34469,1.34488
2025-08-27 08:00:00,1.34488,1.34657,1.34303,1.34452
2025-08-27 12:00:00,1.34452,1.3450199999999999,1.34166,1.34417
2025-08-27 16:00:00,1.34416,1.34974,1.3436,1.3496299999999999
2025-08-27 20:00:00,1.34962,1.3502100000000001,1.34905,1.34982
2025-08-28 00:00:00,1.34952,1.35063,1.3485800000000001,1.3504800000000001
2025-08-28 04:00:00,1.3504800000000001,1.35186,1.35011,1.35043
2025-08-28 08:00:00,1.3504399999999999,1.35134,1.34829,1.3498999999999999
2025-08-28 12:00:00,1.3498999999999999,1.3526500000000001,1.34978,1.35034
2025-08-28 16:00:00,1.35034,1.35273,1.3489200000000001,1.35224
2025-08-28 20:00:00,1.35224,1.35307,1.35072,1.35115
2025-08-29 00:00:00,1.3511600000000001,1.3511600000000001,1.35029,1.35087
2025-08-29 04:00:00,1.35088,1.3511600000000001,1.34942,1.35031
2025-08-29 08:00:00,1.35032,1.35036,1.34697,1.34772
2025-08-29 12:00:00,1.3477299999999999,1.3479,1.34464,1.34603
2025-08-29 16:00:00,1.34603,1.35161,1.3446799999999999,1.3508
2025-08-29 20:00:00,1.35081,1.35169,1.34992,1.35
2025-09-01 00:00:00,1.34881,1.35193,1.34875,1.35184
2025-09-01 04:00:00,1.35184,1.3529200000000001,1.35053,1.35183
2025-09-01 08:00:00,1.35182,1.35407,1.35151,1.3535300000000001
2025-09-01 12:00:00,1.3535300000000001,1.35374,1.35225,1.35331
2025-09-01 16:00:00,1.35334,1.35499,1.3531,1.35423
2025-09-01 20:00:00,1.35423,1.355,1.35399,1.35439
2025-09-02 00:00:00,1.35429,1.35496,1.35344,1.35376
2025-09-02 04:00:00,1.35376,1.3541699999999999,1.35232,1.35276
2025-09-02 08:00:00,1.35275,1.35336,1.33756,1.34134
2025-09-02 12:00:00,1.34135,1.3418,1.33403,1.33517
2025-09-02 16:00:00,1.3352,1.3418700000000001,1.3342399999999999,1.33926
2025-09-02 20:00:00,1.33926,1.33969,1.33751,1.3394
2025-09-03 00:00:00,1.33884,1.33966,1.33721,1.33758
2025-09-03 04:00:00,1.33758,1.33779,1.3360699999999999,1.33694
2025-09-03 08:00:00,1.33691,1.34093,1.3333300000000001,1.3407200000000001
2025-09-03 12:00:00,1.3407200000000001,1.34294,1.33951,1.34247
2025-09-03 16:00:00,1.34247,1.3454,1.34105,1.3449900000000001
2025-09-03 20:00:00,1.34501,1.34585,1.3434599999999999,1.34456
2025-09-04 00:00:00,1.34435,1.34445,1.34308,1.34422
2025-09-04 04:00:00,1.34422,1.345,1.34254,1.3427
2025-09-04 08:00:00,1.3427,1.34569,1.34164,1.34543
2025-09-04 12:00:00,1.34543,1.34592,1.3422100000000001,1.3441
2025-09-04 16:00:00,1.34408,1.34469,1.34172,1.34216
2025-09-04 20:00:00,1.34216,1.3437000000000001,1.34189,1.34352
2025-09-05 00:00:00,1.34327,1.34503,1.34212,1.34493
2025-09-05 04:00:00,1.34493,1.34572,1.34467,1.3450199999999999
2025-09-05 08:00:00,1.3450199999999999,1.34721,1.34496,1.347
2025-09-05 12:00:00,1.34701,1.35324,1.34575,1.35211
2025-09-05 16:00:00,1.35211,1.35548,1.35049,1.3526
2025-09-05 20:00:00,1.3526,1.35262,1.35008,1.35047
2025-09-08 00:00:00,1.34955,1.34995,1.34824,1.34961
2025-09-08 04:00:00,1.34961,1.35057,1.3486799999999999,1.34964
2025-09-08 08:00:00,1.34964,1.35264,1.34957,1.35124
2025-09-08 12:00:00,1.35125,1.3549,1.35022,1.3543
2025-09-08 16:00:00,1.35433,1.35564,1.3528,1.35377
2025-09-08 20:00:00,1.35377,1.3555,1.35274,1.3544
2025-09-09 00:00:00,1.3544399999999999,1.3562400000000001,1.35405,1.35585
2025-09-09 04:00:00,1.35585,1.35754,1.3553,1.35736
2025-09-09 08:00:00,1.35736,1.35827,1.35578,1.35732
2025-09-09 12:00:00,1.35733,1.35906,1.35458,1.3554300000000001
2025-09-09 16:00:00,1.3554300000000001,1.35745,1.3523100000000001,1.35346
2025-09-09 20:00:00,1.35345,1.35388,1.3518,1.35269
2025-09-10 00:00:00,1.35255,1.35307,1.35163,1.35222
2025-09-10 04:00:00,1.35222,1.35426,1.35147,1.3542100000000001
2025-09-10 08:00:00,1.3542,1.35435,1.35131,1.35274
2025-09-10 12:00:00,1.35275,1.35647,1.35235,1.35303
2025-09-10 16:00:00,1.35304,1.35613,1.35256,1.3536299999999999
2025-09-10 20:00:00,1.3536299999999999,1.3542,1.35215,1.35305
2025-09-11 00:00:00,1.35276,1.354,1.35192,1.35275
2025-09-11 04:00:00,1.35275,1.3534,1.35225,1.35271
2025-09-11 08:00:00,1.3527,1.35272,1.35033,1.35145
2025-09-11 12:00:00,1.35145,1.35491,1.34938,1.3545
2025-09-11 16:00:00,1.35456,1.35792,1.35397,1.35777
2025-09-11 20:00:00,1.35777,1.35829,1.35686,1.3572
2025-09-12 00:00:00,1.35708,1.35806,1.35636,1.3572600000000001
2025-09-12 04:00:00,1.3572600000000001,1.35735,1.35523,1.35565
2025-09-12 08:00:00,1.35565,1.3574899999999999,1.35308,1.35338
2025-09-12 12:00:00,1.35338,1.35628,1.35243,1.35433
2025-09-12 16:00:00,1.35433,1.35697,1.35377,1.35602
2025-09-12 20:00:00,1.35603,1.35709,1.35559,1.35569
2025-09-15 00:00:00,1.35465,1.35617,1.35412,1.35559
2025-09-15 04:00:00,1.35559,1.3571,1.35527,1.35673
2025-09-15 08:00:00,1.35674,1.35992,1.3553,1.3582
2025-09-15 12:00:00,1.3582,1.36199,1.35785,1.36148
2025-09-15 16:00:00,1.36148,1.36177,1.35847,1.35989
2025-09-15 20:00:00,1.35989,1.36113,1.35945,1.35977
2025-09-16 00:00:00,1.35986,1.36057,1.35944,1.36017
2025-09-16 04:00:00,1.36016,1.3624800000000001,1.35979,1.3615599999999999
2025-09-16 08:00:00,1.3615599999999999,1.3643100000000001,1.36143,1.36267
2025-09-16 12:00:00,1.36264,1.36497,1.36242,1.36407
2025-09-16 16:00:00,1.36408,1.36719,1.36388,1.36579
2025-09-16 20:00:00,1.36581,1.3668,1.36417,1.36449
2025-09-17 00:00:00,1.36452,1.36591,1.3639700000000001,1.36452
2025-09-17 04:00:00,1.36452,1.36481,1.36396,1.36419
2025-09-17 08:00:00,1.3642,1.36523,1.36299,1.36401
2025-09-17 12:00:00,1.36401,1.36564,1.36385,1.36541
2025-09-17 16:00:00,1.36542,1.36696,1.36483,1.3665
2025-09-17 20:00:00,1.36651,1.37265,1.36196,1.36229
2025-09-18 00:00:00,1.36232,1.36355,1.36194,1.3627
2025-09-18 04:00:00,1.3627099999999999,1.36307,1.3605,1.36067
2025-09-18 08:00:00,1.36067,1.36484,1.35862,1.36395
2025-09-18 12:00:00,1.36395,1.36606,1.35945,1.35945
2025-09-18 16:00:00,1.35945,1.35957,1.35341,1.35527
2025-09-18 20:00:00,1.35527,1.35632,1.35445,1.35524
2025-09-19 00:00:00,1.35526,1.35568,1.35404,1.3549
2025-09-19 04:00:00,1.35489,1.35595,1.35309,1.3544399999999999
2025-09-19 08:00:00,1.35445,1.35514,1.34825,1.34995
2025-09-19 12:00:00,1.34995,1.3510499999999999,1.34631,1.3468499999999999
2025-09-19 16:00:00,1.3468499999999999,1.34982,1.34683,1.34827
2025-09-19 20:00:00,1.34825,1.34853,1.34667,1.34704
2025-09-22 00:00:00,1.34632,1.3473600000000001,1.34573,1.34676
2025-09-22 04:00:00,1.34676,1.34745,1.34531,1.34607
2025-09-22 08:00:00,1.34605,1.35034,1.34592,1.34958
2025-09-22 12:00:00,1.34958,1.35161,1.3490199999999999,1.3508200000000001
2025-09-22 16:00:00,1.35083,1.3520400000000001,1.34921,1.35083
2025-09-22 20:00:00,1.35083,1.35195,1.3507,1.35119
2025-09-23 00:00:00,1.35122,1.35206,1.3503,1.35206
2025-09-23 04:00:00,1.35206,1.35274,1.3503,1.3507500000000001
2025-09-23 08:00:00,1.3507,1.35279,1.3487,1.35037
2025-09-23 12:00:00,1.35038,1.35294,1.34971,1.35246
2025-09-23 16:00:00,1.35247,1.35366,1.3506,1.35209
2025-09-23 20:00:00,1.35209,1.35271,1.35133,1.35245
2025-09-24 00:00:00,1.35241,1.35286,1.35107,1.35148
2025-09-24 04:00:00,1.35148,1.35164,1.35052,1.35089
2025-09-24 08:00:00,1.35088,1.35122,1.34731,1.34839
2025-09-24 12:00:00,1.34839,1.34877,1.34361,1.34459
2025-09-24 16:00:00,1.34458,1.34575,1.34266,1.34428
2025-09-24 20:00:00,1.34428,1.34558,1.34422,1.3447
2025-09-25 00:00:00,1.34457,1.34578,1.34384,1.34566
2025-09-25 04:00:00,1.34569,1.34647,1.3449200000000001,1.3463
2025-09-25 08:00:00,1.3463,1.3467,1.34345,1.34528
2025-09-25 12:00:00,1.34532,1.34595,1.33723,1.33838
2025-09-25 16:00:00,1.33839,1.33944,1.3336000000000001,1.33392
2025-09-25 20:00:00,1.33391,1.33468,1.33236,1.33418
2025-09-26 00:00:00,1.33406,1.33461,1.33293,1.33454
2025-09-26 04:00:00,1.33454,1.33556,1.3339400000000001,1.3354300000000001
2025-09-26 08:00:00,1.3354300000000001,1.33708,1.3345099999999999,1.3365
2025-09-26 12:00:00,1.3365,1.33769,1.33435,1.33769
2025-09-26 16:00:00,1.33771,1.34131,1.33753,1.33983
2025-09-26 20:00:00,1.33984,1.34116,1.3397999999999999,1.33997
2025-09-29 00:00:00,1.3385799999999999,1.34253,1.33857,1.34241
2025-09-29 04:00:00,1.3424,1.34416,1.3416299999999999,1.34375
2025-09-29 08:00:00,1.34375,1.3450199999999999,1.34314,1.34355
2025-09-29 12:00:00,1.34355,1.3457,1.34246,1.34516
2025-09-29 16:00:00,1.34516,1.34522,1.34159,1.3430900000000001
2025-09-29 20:00:00,1.3430900000000001,1.3439,1.34229,1.34306
2025-09-30 00:00:00,1.34238,1.34378,1.34204,1.34249
2025-09-30 04:00:00,1.34252,1.34389,1.34205,1.34384
2025-09-30 08:00:00,1.34385,1.34521,1.34284,1.34458
2025-09-30 12:00:00,1.34458,1.34521,1.34247,1.34423
2025-09-30 16:00:00,1.34424,1.3467,1.3413599999999999,1.34589
2025-09-30 20:00:00,1.34589,1.34639,1.34394,1.34439
2025-10-01 00:00:00,1.34442,1.34523,1.34358,1.3440699999999999
2025-10-01 04:00:00,1.34406,1.34641,1.34348,1.34633
2025-10-01 08:00:00,1.34633,1.34803,1.34538,1.3467500000000001
2025-10-01 12:00:00,1.3467500000000001,1.35219,1.34579,1.35125
2025-10-01 16:00:00,1.35127,1.35275,1.34653,1.34742
2025-10-01 20:00:00,1.34742,1.34893,1.34688,1.34762
2025-10-02 00:00:00,1.34754,1.34833,1.34694,1.34696
2025-10-02 04:00:00,1.34696,1.34876,1.34676,1.34755
2025-10-02 08:00:00,1.34755,1.35104,1.34691,1.35047
2025-10-02 12:00:00,1.35047,1.35079,1.34639,1.3465799999999999
2025-10-02 16:00:00,1.34659,1.34687,1.34009,1.34392
2025-10-02 20:00:00,1.34392,1.34521,1.34359,1.34384
2025-10-03 00:00:00,1.34372,1.34551,1.34297,1.34447
2025-10-03 04:00:00,1.34446,1.34507,1.3433,1.34351
2025-10-03 08:00:00,1.34351,1.34672,1.34289,1.34579
2025-10-03 12:00:00,1.3458,1.34599,1.34369,1.34584
2025-10-03 16:00:00,1.34586,1.34848,1.34505,1.34776
2025-10-03 20:00:00,1.34776,1.34866,1.3463,1.34781
2025-10-06 00:00:00,1.3431,1.3449200000000001,1.3423,1.34401
2025-10-06 04:00:00,1.34406,1.34582,1.34355,1.3446799999999999
2025-10-06 08:00:00,1.3446799999999999,1.34644,1.34183,1.34359
2025-10-06 12:00:00,1.34355,1.34405,1.34166,1.34376
2025-10-06 16:00:00,1.3437700000000001,1.34843,1.34375,1.34753
2025-10-06 20:00:00,1.34752,1.349,1.34752,1.34844
2025-10-07 00:00:00,1.34849,1.34872,1.34759,1.34822
2025-10-07 04:00:00,1.34822,1.34822,1.34676,1.34696
2025-10-07 08:00:00,1.34698,1.34711,1.34296,1.34371
2025-10-07 12:00:00,1.34371,1.34443,1.33921,1.34144
2025-10-07 16:00:00,1.34145,1.34544,1.34098,1.34427
2025-10-07 20:00:00,1.34427,1.3452,1.34159,1.34225
2025-10-08 00:00:00,1.34186,1.34326,1.34118,1.3416000000000001
2025-10-08 04:00:00,1.34159,1.34159,1.33902,1.33937
2025-10-08 08:00:00,1.33937,1.34261,1.33841,1.34083
2025-10-08 12:00:00,1.34084,1.34275,1.34003,1.34192
2025-10-08 16:00:00,1.34192,1.34386,1.3372,1.33875
2025-10-08 20:00:00,1.33875,1.34057,1.3371,1.34029
2025-10-09 00:00:00,1.34024,1.34132,1.33934,1.34098
2025-10-09 04:00:00,1.34097,1.3419400000000001,1.34063,1.34125
2025-10-09 08:00:00,1.34125,1.3417,1.33427,1.33618
2025-10-09 12:00:00,1.33619,1.33901,1.33585,1.33846
2025-10-09 16:00:00,1.3384800000000001,1.33952,1.32911,1.32941
2025-10-09 20:00:00,1.32941,1.3306200000000001,1.32797,1.33017
2025-10-10 00:00:00,1.3299699999999999,1.3306200000000001,1.32928,1.33046
2025-10-10 04:00:00,1.33046,1.3314,1.3299699999999999,1.33087
2025-10-10 08:00:00,1.33088,1.3314599999999999,1.32793,1.3308200000000001
2025-10-10 12:00:00,1.33081,1.33091,1.32617,1.32794
2025-10-10 16:00:00,1.32794,1.33704,1.3268499999999999,1.3345099999999999
2025-10-10 20:00:00,1.33452,1.3355299999999999,1.33318,1.33488
2025-10-13 00:00:00,1.3344,1.33541,1.33229,1.33507
2025-10-13 04:00:00,1.3351,1.33632,1.3345099999999999,1.33567
2025-10-13 08:00:00,1.33567,1.3366500000000001,1.33151,1.33264
2025-10-13 12:00:00,1.33263,1.33527,1.3324500000000001,1.33339
2025-10-13 16:00:00,1.33339,1.33388,1.33193,1.33304
2025-10-13 20:00:00,1.33304,1.33405,1.3326500000000001,1.3333
2025-10-14 00:00:00,1.33317,1.33385,1.33252,1.33362
2025-10-14 04:00:00,1.33364,1.33527,1.33354,1.33522
2025-10-14 08:00:00,1.33523,1.33524,1.32522,1.3284
2025-10-14 12:00:00,1.3284099999999999,1.3284099999999999,1.32486,1.32615
2025-10-14 16:00:00,1.32615,1.33295,1.3261,1.3317700000000001
2025-10-14 20:00:00,1.33174,1.33323,1.33122,1.3318400000000001
2025-10-15 00:00:00,1.33152,1.3331,1.3314599999999999,1.33288
2025-10-15 04:00:00,1.33288,1.3354300000000001,1.33257,1.3348900000000001
2025-10-15 08:00:00,1.33493,1.33734,1.33415,1.33457
2025-10-15 12:00:00,1.3345500000000001,1.33669,1.33361,1.33459
2025-10-15 16:00:00,1.3346,1.34035,1.33351,1.33908
2025-10-15 20:00:00,1.33908,1.34078,1.33705,1.34029
2025-10-16 00:00:00,1.34003,1.3428499999999999,1.33876,1.34222
2025-10-16 04:00:00,1.3422100000000001,1.34423,1.34127,1.34145
2025-10-16 08:00:00,1.34144,1.3443,1.34043,1.34383
2025-10-16 12:00:00,1.34382,1.3449,1.34216,1.34477
2025-10-16 16:00:00,1.34478,1.34547,1.34117,1.34268
2025-10-16 20:00:00,1.34268,1.3448,1.342,1.34353
2025-10-17 00:00:00,1.34327,1.34524,1.34275,1.3447200000000001
2025-10-17 04:00:00,1.34471,1.34539,1.3431199999999999,1.34522
2025-10-17 08:00:00,1.34522,1.34717,1.34112,1.3424
2025-10-17 12:00:00,1.3424,1.34433,1.34084,1.34123
2025-10-17 16:00:00,1.34122,1.34311,1.33911,1.34172
2025-10-17 20:00:00,1.34171,1.34392,1.34107,1.34241
2025-10-20 00:00:00,1.34254,1.34349,1.3410199999999999,1.3434300000000001
2025-10-20 04:00:00,1.3434300000000001,1.34433,1.34271,1.3436
2025-10-20 08:00:00,1.34358,1.34413,1.34057,1.34279
2025-10-20 12:00:00,1.34279,1.34388,1.34001,1.34259
2025-10-20 16:00:00,1.3426,1.34276,1.34019,1.3416000000000001
2025-10-20 20:00:00,1.34157,1.34164,1.34003,1.34036
2025-10-21 00:00:00,1.3404,1.3416299999999999,1.3399,1.34144
2025-10-21 04:00:00,1.34144,1.34144,1.33878,1.33924
2025-10-21 08:00:00,1.33924,1.33974,1.33723,1.338
2025-10-21 12:00:00,1.338,1.33947,1.33661,1.33868
2025-10-21 16:00:00,1.33867,1.33983,1.33612,1.33735
2025-10-21 20:00:00,1.33734,1.33771,1.33654,1.3369
2025-10-22 00:00:00,1.33683,1.33746,1.3361399999999999,1.33713
2025-10-22 04:00:00,1.33713,1.33803,1.3368,1.3379400000000001
2025-10-22 08:00:00,1.33793,1.33872,1.3312599999999999,1.33208
2025-10-22 12:00:00,1.33208,1.33404,1.3305799999999999,1.33239
2025-10-22 16:00:00,1.33239,1.33766,1.33163,1.33711
2025-10-22 20:00:00,1.33711,1.33723,1.33527,1.33555
2025-10-23 00:00:00,1.33537,1.336,1.33395,1.3345799999999999
2025-10-23 04:00:00,1.33459,1.33476,1.33298,1.33392
2025-10-23 08:00:00,1.33392,1.3357299999999999,1.33383,1.33498
2025-10-23 12:00:00,1.33498,1.33544,1.3326500000000001,1.33434
2025-10-23 16:00:00,1.33434,1.33481,1.33112,1.33124
2025-10-23 20:00:00,1.33125,1.33285,1.33079,1.33254
2025-10-24 00:00:00,1.33249,1.3332600000000001,1.33185,1.33303
2025-10-24 04:00:00,1.33303,1.33314,1.33178,1.33212
2025-10-24 08:00:00,1.33212,1.3333599999999999,1.33005,1.3320699999999999
2025-10-24 12:00:00,1.33206,1.33587,1.33003,1.33456
2025-10-24 16:00:00,1.3346,1.33592,1.32876,1.32954
2025-10-24 20:00:00,1.32954,1.33178,1.32953,1.33101
2025-10-27 00:00:00,1.33162,1.33283,1.33129,1.3324099999999999
2025-10-27 04:00:00,1.3324099999999999,1.3336000000000001,1.33132,1.33162
2025-10-27 08:00:00,1.33163,1.33345,1.33105,1.3326500000000001
2025-10-27 12:00:00,1.33266,1.33533,1.33231,1.33478
2025-10-27 16:00:00,1.33478,1.33518,1.33178,1.33351
2025-10-27 20:00:00,1.33351,1.3338999999999999,1.3324799999999999,1.33344
2025-10-28 00:00:00,1.33351,1.33541,1.33332,1.33501
2025-10-28 04:00:00,1.335,1.3367200000000001,1.33478,1.33667
2025-10-28 08:00:00,1.33667,1.337,1.33014,1.33078
2025-10-28 12:00:00,1.33075,1.33286,1.32788,1.32842
2025-10-28 16:00:00,1.32842,1.32911,1.3247499999999999,1.32898
2025-10-28 20:00:00,1.32898,1.32901,1.32684,1.32694
2025-10-29 00:00:00,1.32686,1.3280699999999999,1.3268,1.32725
2025-10-29 04:00:00,1.32725,1.32744,1.32495,1.32512
2025-10-29 08:00:00,1.32512,1.32515,1.32086,1.32086
2025-10-29 12:00:00,1.32085,1.32288,1.31971,1.32037
2025-10-29 16:00:00,1.32038,1.3247499999999999,1.31945,1.32279
2025-10-29 20:00:00,1.32276,1.32318,1.31405,1.31941
2025-10-30 00:00:00,1.31937,1.32077,1.3180399999999999,1.32037
2025-10-30 04:00:00,1.32036,1.32182,1.31968,1.32165
2025-10-30 08:00:00,1.32165,1.32191,1.31849,1.3207499999999999
2025-10-30 12:00:00,1.3207499999999999,1.32095,1.31357,1.31375
2025-10-30 16:00:00,1.31372,1.31808,1.31165,1.3155700000000001
2025-10-30 20:00:00,1.31559,1.3159399999999999,1.31395,1.31491
2025-10-31 00:00:00,1.31443,1.31613,1.31424,1.31592
2025-10-31 04:00:00,1.31592,1.31651,1.31502,1.31571
2025-10-31 08:00:00,1.3157,1.31573,1.31251,1.31411
2025-10-31 12:00:00,1.31411,1.31481,1.31047,1.31067
2025-10-31 16:00:00,1.31068,1.3143,1.30971,1.31281
2025-10-31 20:00:00,1.3128199999999999,1.3149600000000001,1.31233,1.31486
2025-11-03 00:00:00,1.31258,1.31416,1.31257,1.3135
2025-11-03 04:00:00,1.31351,1.31461,1.31332,1.31422
2025-11-03 08:00:00,1.31422,1.3149199999999999,1.31175,1.31253
2025-11-03 12:00:00,1.31254,1.31471,1.31207,1.31267
2025-11-03 16:00:00,1.31267,1.31625,1.31083,1.3145
2025-11-03 20:00:00,1.3145,1.31481,1.31348,1.31385
2025-11-04 00:00:00,1.31391,1.3140399999999999,1.31188,1.3124799999999999
2025-11-04 04:00:00,1.3124799999999999,1.31336,1.3118,1.31216
2025-11-04 08:00:00,1.31217,1.31394,1.30592,1.30629
2025-11-04 12:00:00,1.30629,1.3079100000000001,1.3053,1.30576
2025-11-04 16:00:00,1.30575,1.30652,1.30261,1.30289
2025-11-04 20:00:00,1.30288,1.30288,1.30102,1.30196
2025-11-05 00:00:00,1.3020399999999999,1.30266,1.30103,1.30157
2025-11-05 04:00:00,1.30158,1.30302,1.30139,1.30219
2025-11-05 08:00:00,1.30219,1.30533,1.30198,1.30399
2025-11-05 12:00:00,1.30397,1.30468,1.3012000000000001,1.30257
2025-11-05 16:00:00,1.30256,1.30494,1.30136,1.3039
2025-11-05 20:00:00,1.30389,1.30544,1.30381,1.3051599999999999
2025-11-06 00:00:00,1.30496,1.30654,1.30414,1.30632
2025-11-06 04:00:00,1.30632,1.3066,1.30573,1.30609
2025-11-06 08:00:00,1.3060800000000001,1.30897,1.30531,1.30805
2025-11-06 12:00:00,1.30806,1.31253,1.30595,1.31081
2025-11-06 16:00:00,1.31081,1.3125,1.30807,1.31224
2025-11-06 20:00:00,1.3122500000000001,1.31427,1.31203,1.31368
2025-11-07 00:00:00,1.3134299999999999,1.31424,1.31229,1.31254
2025-11-07 04:00:00,1.31254,1.31308,1.31155,1.31195
2025-11-07 08:00:00,1.31196,1.31277,1.30948,1.30978
2025-11-07 12:00:00,1.3097699999999999,1.31379,1.30962,1.31308
2025-11-07 16:00:00,1.3130899999999999,1.31747,1.31278,1.31705
2025-11-07 20:00:00,1.31705,1.31748,1.31521,1.3161100000000001
2025-11-10 00:00:00,1.3145,1.31593,1.31365,1.31513
2025-11-10 04:00:00,1.31513,1.31602,1.31426,1.31555
2025-11-10 08:00:00,1.31555,1.31848,1.31391,1.3173300000000001
2025-11-10 12:00:00,1.31734,1.31912,1.31521,1.31749
2025-11-10 16:00:00,1.3175,1.31799,1.31457,1.31784
2025-11-10 20:00:00,1.31786,1.3185,1.31731,1.3174000000000001
2025-11-11 00:00:00,1.31731,1.3177699999999999,1.31577,1.3164799999999999
2025-11-11 04:00:00,1.3164799999999999,1.31722,1.31612,1.31663
2025-11-11 08:00:00,1.31663,1.31714,1.31168,1.31296
2025-11-11 12:00:00,1.31295,1.31784,1.31211,1.3171599999999999
2025-11-11 16:00:00,1.3171599999999999,1.31846,1.3158699999999999,1.31744
2025-11-11 20:00:00,1.3174299999999999,1.31782,1.31473,1.3149
2025-11-12 00:00:00,1.3149,1.316,1.3137400000000001,1.31389
2025-11-12 04:00:00,1.31389,1.31441,1.31287,1.31338
2025-11-12 08:00:00,1.31338,1.31555,1.31152,1.31163
2025-11-12 12:00:00,1.31163,1.314,1.30957,1.31051
2025-11-12 16:00:00,1.31051,1.31398,1.3084500000000001,1.3139
2025-11-12 20:00:00,1.31391,1.31441,1.3124,1.31326
2025-11-13 00:00:00,1.31325,1.31325,1.31107,1.31239
2025-11-13 04:00:00,1.31239,1.31287,1.31151,1.31174
2025-11-13 08:00:00,1.31172,1.31712,1.31006,1.31561
2025-11-13 12:00:00,1.31561,1.31843,1.31433,1.3169
2025-11-13 16:00:00,1.31691,1.32158,1.31657,1.32117
2025-11-13 20:00:00,1.32117,1.32142,1.31846,1.3189899999999999
2025-11-14 00:00:00,1.31868,1.31914,1.31359,1.3146900000000001
2025-11-14 04:00:00,1.3146900000000001,1.3159399999999999,1.3139,1.31482
2025-11-14 08:00:00,1.31483,1.32007,1.31081,1.31554
2025-11-14 12:00:00,1.31555,1.31811,1.31224,1.3167200000000001
2025-11-14 16:00:00,1.31673,1.31788,1.3125200000000001,1.31613
2025-11-14 20:00:00,1.31613,1.3174000000000001,1.3149899999999999,1.3168199999999999
2025-11-17 00:00:00,1.31475,1.3171,1.31475,1.31559
2025-11-17 04:00:00,1.31559,1.3155999999999999,1.31417,1.31433
2025-11-17 08:00:00,1.31433,1.31808,1.3136,1.31646
2025-11-17 12:00:00,1.31647,1.31933,1.31493,1.3173
2025-11-17 16:00:00,1.31729,1.31793,1.31613,1.31702
2025-11-17 20:00:00,1.31703,1.31711,1.31451,1.31534
2025-11-18 00:00:00,1.31532,1.3157,1.31455,1.31512
2025-11-18 04:00:00,1.31513,1.31641,1.31451,1.31609
2025-11-18 08:00:00,1.31608,1.31771,1.31482,1.31528
2025-11-18 12:00:00,1.31531,1.31609,1.3134000000000001,1.31544
2025-11-18 16:00:00,1.31543,1.31714,1.31354,1.31411
2025-11-18 20:00:00,1.31412,1.31571,1.31397,1.31447
2025-11-19 00:00:00,1.31424,1.3149,1.31317,1.31328
2025-11-19 04:00:00,1.31329,1.31474,1.31291,1.31464
2025-11-19 08:00:00,1.31464,1.31558,1.31177,1.31271
2025-11-19 12:00:00,1.3127,1.31301,1.3093,1.31192
2025-11-19 16:00:00,1.31192,1.31224,1.30571,1.30682
2025-11-19 20:00:00,1.30682,1.30768,1.30437,1.3058100000000001
2025-11-20 00:00:00,1.30572,1.30625,1.30453,1.30464
2025-11-20 04:00:00,1.30464,1.30623,1.30381,1.30531
2025-11-20 08:00:00,1.3053,1.30802,1.305,1.3079399999999999
2025-11-20 12:00:00,1.30793,1.30998,1.3045,1.30959
2025-11-20 16:00:00,1.30958,1.31241,1.3066,1.30681
2025-11-20 20:00:00,1.30679,1.30876,1.3067,1.30721
2025-11-21 00:00:00,1.30714,1.30876,1.30646,1.3082099999999999
2025-11-21 04:00:00,1.30822,1.30964,1.30751,1.30894
2025-11-21 08:00:00,1.30894,1.31029,1.30591,1.30615
2025-11-21 12:00:00,1.30616,1.30953,1.3038699999999999,1.30843
2025-11-21 16:00:00,1.30843,1.31075,1.30697,1.31007
2025-11-21 20:00:00,1.31007,1.31087,1.30917,1.31005
2025-11-24 00:00:00,1.30941,1.31,1.30857,1.30888
2025-11-24 04:00:00,1.3088899999999999,1.31075,1.3088899999999999,1.31025
2025-11-24 08:00:00,1.31024,1.3112,1.30881,1.30898
2025-11-24 12:00:00,1.30898,1.31179,1.3088199999999999,1.31056
2025-11-24 16:00:00,1.31055,1.31077,1.30808,1.31007
2025-11-24 20:00:00,1.31007,1.31169,1.31,1.3104
2025-11-25 00:00:00,1.31042,1.31161,1.3102,1.31078
2025-11-25 04:00:00,1.31078,1.3115999999999999,1.30957,1.31018
2025-11-25 08:00:00,1.31018,1.31383,1.30982,1.31352
2025-11-25 12:00:00,1.31351,1.31597,1.3109199999999999,1.31538
2025-11-25 16:00:00,1.31537,1.32042,1.3153000000000001,1.32009
2025-11-25 20:00:00,1.3201,1.32144,1.31537,1.31644
2025-11-26 00:00:00,1.31647,1.3188,1.3158,1.31787
2025-11-26 04:00:00,1.31788,1.31974,1.31769,1.31916
2025-11-26 08:00:00,1.31916,1.31981,1.31654,1.31742
2025-11-26 12:00:00,1.3174299999999999,1.32248,1.31244,1.31927
2025-11-26 16:00:00,1.31928,1.32382,1.31849,1.32261
2025-11-26 20:00:00,1.32261,1.3243800000000001,1.32239,1.32428
2025-11-27 00:00:00,1.32376,1.32608,1.32304,1.32571
2025-11-27 04:00:00,1.32571,1.3268499999999999,1.3248199999999999,1.32589
2025-11-27 08:00:00,1.32591,1.32643,1.32102,1.3214000000000001
2025-11-27 12:00:00,1.32141,1.32491,1.32121,1.32433
2025-11-27 16:00:00,1.32434,1.32552,1.32291,1.3237999999999999
2025-11-27 20:00:00,1.3237999999999999,1.32404,1.32337,1.32389
2025-11-28 00:00:00,1.32356,1.32446,1.3228900000000001,1.3233
2025-11-28 04:00:00,1.3233,1.32446,1.32275,1.32327
2025-11-28 08:00:00,1.32335,1.3234,1.32012,1.32083
2025-11-28 12:00:00,1.32083,1.3228,1.32012,1.3225500000000001
2025-11-28 16:00:00,1.3225500000000001,1.32546,1.32066,1.32371
2025-11-28 20:00:00,1.3237,1.3247,1.32304,1.32364
2025-12-01 00:00:00,1.32243,1.32486,1.32165,1.32378
2025-12-01 04:00:00,1.32378,1.32401,1.32187,1.32213
2025-12-01 08:00:00,1.32211,1.32365,1.32056,1.3233
2025-12-01 12:00:00,1.3233,1.3275299999999999,1.32178,1.3266
2025-12-01 16:00:00,1.3266,1.3266200000000001,1.32214,1.32247
2025-12-01 20:00:00,1.32247,1.32279,1.32084,1.3212
2025-12-02 00:00:00,1.32118,1.32151,1.3203,1.32121
2025-12-02 04:00:00,1.32121,1.32218,1.32108,1.32145
2025-12-02 08:00:00,1.32142,1.32208,1.3201,1.3210600000000001
2025-12-02 12:00:00,1.32107,1.3212,1.31808,1.32068
2025-12-02 16:00:00,1.32068,1.32134,1.3179699999999999,1.31941
2025-12-02 20:00:00,1.31941,1.32154,1.31905,1.32119
2025-12-03 00:00:00,1.32063,1.3227,1.3197999999999999,1.32266
2025-12-03 04:00:00,1.32266,1.3237999999999999,1.32245,1.32367
2025-12-03 08:00:00,1.32367,1.3284799999999999,1.32355,1.32789
2025-12-03 12:00:00,1.3278699999999999,1.33151,1.3274,1.32993
2025-12-03 16:00:00,1.3299400000000001,1.33477,1.32921,1.33427
2025-12-03 20:00:00,1.33427,1.33534,1.33386,1.33525
2025-12-04 00:00:00,1.3351600000000001,1.33518,1.33349,1.33401
2025-12-04 04:00:00,1.33402,1.33404,1.33276,1.3338
2025-12-04 08:00:00,1.33381,1.33591,1.33316,1.33459
2025-12-04 12:00:00,1.33459,1.33637,1.33208,1.3342399999999999
2025-12-04 16:00:00,1.3342399999999999,1.33852,1.33408,1.33432
2025-12-04 20:00:00,1.3343099999999999,1.33514,1.3324500000000001,1.3326500000000001
2025-12-05 00:00:00,1.33234,1.3333300000000001,1.33185,1.33332
2025-12-05 04:00:00,1.33332,1.33456,1.3325,1.33452
2025-12-05 08:00:00,1.3345099999999999,1.33624,1.33423,1.3346
2025-12-05 12:00:00,1.33461,1.33557,1.33282,1.33508
2025-12-05 16:00:00,1.33508,1.3362,1.33159,1.33308
2025-12-05 20:00:00,1.33308,1.33408,1.3326,1.3329900000000001
2025-12-08 00:00:00,1.3321,1.33382,1.3312599999999999,1.33369
2025-12-08 04:00:00,1.33369,1.33423,1.33347,1.33372
2025-12-08 08:00:00,1.33371,1.33469,1.33136,1.33172
2025-12-08 12:00:00,1.33172,1.33294,1.3314,1.33197
2025-12-08 16:00:00,1.33198,1.33383,1.3305799999999999,1.33237
2025-12-08 20:00:00,1.3323800000000001,1.3330899999999999,1.33192,1.33213
2025-12-09 00:00:00,1.33205,1.3333,1.33154,1.33328
2025-12-09 04:00:00,1.33328,1.33371,1.33261,1.33334
2025-12-09 08:00:00,1.3333300000000001,1.33562,1.33232,1.33469
2025-12-09 12:00:00,1.33468,1.3349,1.33102,1.33145
2025-12-09 16:00:00,1.33145,1.33205,1.32871,1.32976
2025-12-09 20:00:00,1.32976,1.3307,1.3291,1.32977
2025-12-10 00:00:00,1.32934,1.33047,1.32926,1.32987
2025-12-10 04:00:00,1.32986,1.33099,1.32979,1.33072
2025-12-10 08:00:00,1.33072,1.3327200000000001,1.33057,1.33133
2025-12-10 12:00:00,1.33131,1.33318,1.33015,1.33304
2025-12-10 16:00:00,1.33304,1.33476,1.3315000000000001,1.33457
2025-12-10 20:00:00,1.33457,1.33888,1.33234,1.338
2025-12-11 00:00:00,1.33811,1.3392,1.3371,1.3382100000000001
2025-12-11 04:00:00,1.3382100000000001,1.33872,1.33615,1.33617
2025-12-11 08:00:00,1.33617,1.33793,1.3354599999999999,1.3372
2025-12-11 12:00:00,1.3372,1.34154,1.33679,1.3407499999999999
2025-12-11 16:00:00,1.34076,1.34383,1.3407,1.34211
2025-12-11 20:00:00,1.34211,1.34247,1.33825,1.33862
2025-12-12 00:00:00,1.33837,1.33999,1.3381,1.33922
2025-12-12 04:00:00,1.33921,1.3397000000000001,1.33884,1.33955
2025-12-12 08:00:00,1.33955,1.3399,1.33734,1.3383
2025-12-12 12:00:00,1.3383,1.33834,1.33647,1.33696
2025-12-12 16:00:00,1.33696,1.33783,1.33422,1.33732
2025-12-12 20:00:00,1.33731,1.33769,1.33566,1.3367200000000001
2025-12-15 00:00:00,1.33712,1.33744,1.3354300000000001,1.33735
2025-12-15 04:00:00,1.33734,1.33743,1.3355000000000001,1.33642
2025-12-15 08:00:00,1.33642,1.33887,1.33576,1.33879
2025-12-15 12:00:00,1.33879,1.33967,1.33746,1.33872
2025-12-15 16:00:00,1.3387,1.34015,1.33656,1.33677
2025-12-15 20:00:00,1.33677,1.33782,1.33595,1.33768
2025-12-16 00:00:00,1.33732,1.33835,1.33616,1.33681
2025-12-16 04:00:00,1.33681,1.33741,1.33609,1.33623
2025-12-16 08:00:00,1.33623,1.34158,1.3355299999999999,1.3410199999999999
2025-12-16 12:00:00,1.3410199999999999,1.3456000000000001,1.34066,1.34259
2025-12-16 16:00:00,1.3426,1.34476,1.3404,1.3424
2025-12-16 20:00:00,1.3424,1.3436,1.33992,1.34193
2025-12-17 00:00:00,1.34172,1.34271,1.34172,1.34245
2025-12-17 04:00:00,1.34245,1.34246,1.33799,1.33835
2025-12-17 08:00:00,1.33835,1.339,1.33117,1.33257
2025-12-17 12:00:00,1.33257,1.33591,1.33203,1.33562
2025-12-17 16:00:00,1.33562,1.34066,1.33486,1.33873
2025-12-17 20:00:00,1.33872,1.33949,1.3372600000000001,1.33746
2025-12-18 00:00:00,1.33753,1.33791,1.33616,1.33646
2025-12-18 04:00:00,1.33647,1.33739,1.33617,1.33696
2025-12-18 08:00:00,1.33696,1.33754,1.33409,1.33487
2025-12-18 12:00:00,1.33487,1.34427,1.33378,1.3427799999999999
2025-12-18 16:00:00,1.34279,1.34464,1.33704,1.33809
2025-12-18 20:00:00,1.33809,1.33906,1.33751,1.33816
2025-12-19 00:00:00,1.3378999999999999,1.3387,1.33734,1.33823
2025-12-19 04:00:00,1.33822,1.33861,1.33696,1.33757
2025-12-19 08:00:00,1.33755,1.33876,1.33632,1.3382
2025-12-19 12:00:00,1.3382,1.33868,1.33571,1.33724
2025-12-19 16:00:00,1.33724,1.33869,1.33571,1.33772
2025-12-19 20:00:00,1.33771,1.33942,1.33727,1.33737
2025-12-22 00:00:00,1.3377,1.33983,1.33716,1.33961
2025-12-22 04:00:00,1.33961,1.34018,1.3391600000000001,1.3397299999999999
2025-12-22 08:00:00,1.3397299999999999,1.34247,1.33915,1.34244
2025-12-22 12:00:00,1.34245,1.34442,1.34242,1.34378
2025-12-22 16:00:00,1.34378,1.34776,1.3431600000000001,1.3470900000000001
2025-12-22 20:00:00,1.34708,1.3470900000000001,1.34539,1.3462100000000001
2025-12-23 00:00:00,1.34592,1.34835,1.3446799999999999,1.34771
2025-12-23 04:00:00,1.34771,1.34939,1.34768,1.34888
2025-12-23 08:00:00,1.34888,1.35186,1.3479999999999999,1.35056
2025-12-23 12:00:00,1.35057,1.35187,1.34944,1.34949
2025-12-23 16:00:00,1.3495,1.35003,1.3471,1.34732
2025-12-23 20:00:00,1.34732,1.35236,1.3472,1.35168
2025-12-24 00:00:00,1.35135,1.35321,1.3493,1.3529
2025-12-24 04:00:00,1.35293,1.35341,1.35096,1.35191
2025-12-24 08:00:00,1.3519,1.35281,1.35027,1.35219
2025-12-24 12:00:00,1.35219,1.3524,1.35011,1.35046
2025-12-24 16:00:00,1.35043,1.3511,1.3491900000000001,1.34974
2025-12-24 20:00:00,1.34974,1.3507,1.34947,1.35031
2025-12-26 00:00:00,1.35221,1.35228,1.3495300000000001,1.35126
2025-12-26 04:00:00,1.35125,1.3519,1.34866,1.34946
2025-12-26 08:00:00,1.34946,1.35005,1.34774,1.34851
2025-12-26 12:00:00,1.34851,1.35273,1.34836,1.35168
2025-12-26 16:00:00,1.35169,1.3525800000000001,1.34813,1.34949
2025-12-26 20:00:00,1.34949,1.35064,1.34901,1.34947
2025-12-29 00:00:00,1.34835,1.3512,1.3479999999999999,1.35093
2025-12-29 04:00:00,1.35093,1.35102,1.34836,1.34912
2025-12-29 08:00:00,1.34912,1.3507799999999999,1.3473600000000001,1.34905
2025-12-29 12:00:00,1.34903,1.35108,1.34691,1.34938
2025-12-29 16:00:00,1.34938,1.35128,1.34816,1.3485800000000001
2025-12-29 20:00:00,1.34857,1.35155,1.34846,1.35131
2025-12-30 00:00:00,1.35094,1.35104,1.34959,1.35089
2025-12-30 04:00:00,1.35089,1.35172,1.34996,1.35149
2025-12-30 08:00:00,1.35149,1.35217,1.35004,1.35145
2025-12-30 12:00:00,1.35145,1.35307,1.34869,1.34879
2025-12-30 16:00:00,1.34879,1.34882,1.3449499999999999,1.34697
2025-12-30 20:00:00,1.34697,1.34749,1.34611,1.3467799999999999
2025-12-31 00:00:00,1.34662,1.34677,1.34584,1.34611
2025-12-31 04:00:00,1.34611,1.3465500000000001,1.34574,1.34607
2025-12-31 08:00:00,1.34607,1.3465500000000001,1.3426,1.34372
2025-12-31 12:00:00,1.34378,1.34767,1.34325,1.34542
2025-12-31 16:00:00,1.34546,1.34604,1.34016,1.34521
2025-12-31 20:00:00,1.34523,1.34837,1.3447,1.34729
2026-01-02 00:00:00,1.34643,1.34878,1.34612,1.34876
2026-01-02 04:00:00,1.34876,1.34912,1.34696,1.3471199999999999
2026-01-02 08:00:00,1.3471199999999999,1.34715,1.3449200000000001,1.34549
2026-01-02 12:00:00,1.3455,1.3459699999999999,1.3433899999999999,1.34577
2026-01-02 16:00:00,1.34576,1.3502,1.34534,1.34629
2026-01-02 20:00:00,1.34629,1.34669,1.34464,1.3458700000000001
2026-01-05 00:00:00,1.34455,1.34565,1.34374,1.34402
2026-01-05 04:00:00,1.34402,1.34429,1.34141,1.34279
2026-01-05 08:00:00,1.34279,1.34433,1.34173,1.34427
2026-01-05 12:00:00,1.34426,1.3474300000000001,1.34249,1.3453
2026-01-05 16:00:00,1.34531,1.35392,1.34508,1.3532600000000001
2026-01-05 20:00:00,1.3532600000000001,1.35484,1.3529,1.35419
2026-01-06 00:00:00,1.35409,1.35462,1.35281,1.35461
2026-01-06 04:00:00,1.35461,1.35622,1.35416,1.35497
2026-01-06 08:00:00,1.35497,1.35678,1.35357,1.35357
2026-01-06 12:00:00,1.35357,1.35399,1.35065,1.3523800000000001
2026-01-06 16:00:00,1.3523800000000001,1.35348,1.34916,1.35103
2026-01-06 20:00:00,1.35103,1.35121,1.3492600000000001,1.3501699999999999
2026-01-07 00:00:00,1.34998,1.35099,1.34904,1.35059
2026-01-07 04:00:00,1.35059,1.3517000000000001,1.35031,1.3508499999999999
2026-01-07 08:00:00,1.3508499999999999,1.3517000000000001,1.34851,1.34948
2026-01-07 12:00:00,1.34948,1.35054,1.34809,1.34945
2026-01-07 16:00:00,1.34945,1.3501400000000001,1.34681,1.34732
2026-01-07 20:00:00,1.34733,1.34738,1.3455599999999999,1.34566
2026-01-08 00:00:00,1.34549,1.34615,1.34531,1.34558
2026-01-08 04:00:00,1.34559,1.34656,1.34508,1.34581
2026-01-08 08:00:00,1.3458,1.3462,1.34321,1.34383
2026-01-08 12:00:00,1.34384,1.34506,1.34157,1.34233
2026-01-08 16:00:00,1.34232,1.34469,1.34173,1.3436
2026-01-08 20:00:00,1.3436,1.34449,1.34195,1.34399
2026-01-09 00:00:00,1.34348,1.3441100000000001,1.34268,1.34281
2026-01-09 04:00:00,1.3428200000000001,1.34381,1.34245,1.34301
2026-01-09 08:00:00,1.34302,1.34345,1.34047,1.34103
2026-01-09 12:00:00,1.34103,1.3451,1.33934,1.34354
2026-01-09 16:00:00,1.34353,1.3443399999999999,1.33925,1.3403
2026-01-09 20:00:00,1.3403100000000001,1.34145,1.33952,1.3397700000000001
2026-01-12 00:00:00,1.3394300000000001,1.3441100000000001,1.33906,1.34272
2026-01-12 04:00:00,1.34272,1.34364,1.34164,1.3433899999999999
2026-01-12 08:00:00,1.3433899999999999,1.34692,1.34295,1.34536
2026-01-12 12:00:00,1.34536,1.34859,1.3448,1.34816
2026-01-12 16:00:00,1.34815,1.3483399999999999,1.34555,1.34643
2026-01-12 20:00:00,1.34642,1.34697,1.34572,1.34641
2026-01-13 00:00:00,1.34595,1.34769,1.34573,1.34703
2026-01-13 04:00:00,1.34701,1.34785,1.34694,1.34723
2026-01-13 08:00:00,1.34722,1.34854,1.34626,1.34806
2026-01-13 12:00:00,1.34808,1.34947,1.34513,1.34751
2026-01-13 16:00:00,1.3475,1.34772,1.3425,1.34337
2026-01-13 20:00:00,1.34338,1.3441,1.34206,1.3421
2026-01-14 00:00:00,1.3421,1.3428499999999999,1.34185,1.34228
2026-01-14 04:00:00,1.34228,1.34478,1.34212,1.34354
2026-01-14 08:00:00,1.34354,1.34586,1.34342,1.3457
2026-01-14 12:00:00,1.3457,1.3458700000000001,1.34388,1.34447
2026-01-14 16:00:00,1.34448,1.34643,1.34303,1.3431899999999999
2026-01-14 20:00:00,1.34318,1.34467,1.34246,1.34467
2026-01-15 00:00:00,1.34381,1.34447,1.34274,1.34355
2026-01-15 04:00:00,1.34355,1.34355,1.34231,1.34268
2026-01-15 08:00:00,1.34267,1.3445,1.34234,1.34365
2026-01-15 12:00:00,1.34367,1.34385,1.33688,1.33728
2026-01-15 16:00:00,1.3372899999999999,1.3394,1.33627,1.33876
2026-01-15 20:00:00,1.33876,1.33938,1.33746,1.33816
2026-01-16 00:00:00,1.33768,1.3384,1.33707,1.3379699999999999
2026-01-16 04:00:00,1.3379699999999999,1.33913,1.33789,1.33832
2026-01-16 08:00:00,1.3383099999999999,1.34051,1.33772,1.33969
2026-01-16 12:00:00,1.33968,1.34132,1.33886,1.34037
2026-01-16 16:00:00,1.34037,1.34051,1.33661,1.33788
2026-01-16 20:00:00,1.33788,1.33872,1.33737,1.33756
2026-01-19 00:00:00,1.33441,1.34088,1.33404,1.3391899999999999
2026-01-19 04:00:00,1.3391899999999999,1.3406,1.33812,1.33951
2026-01-19 08:00:00,1.33951,1.3415599999999999,1.33841,1.3406
2026-01-19 12:00:00,1.3406,1.34168,1.34019,1.3414
2026-01-19 16:00:00,1.3413599999999999,1.3435000000000001,1.34104,1.3431199999999999
2026-01-19 20:00:00,1.3431199999999999,1.34337,1.34226,1.3425
2026-01-20 00:00:00,1.34192,1.34267,1.3409,1.34239
2026-01-20 04:00:00,1.34239,1.3449900000000001,1.34199,1.34416
2026-01-20 08:00:00,1.34416,1.34916,1.34259,1.34751
2026-01-20 12:00:00,1.34748,1.34852,1.34395,1.3452600000000001
2026-01-20 16:00:00,1.34527,1.34772,1.34406,1.34564
2026-01-20 20:00:00,1.34564,1.34577,1.34253,1.34419
2026-01-21 00:00:00,1.3436,1.34567,1.3432,1.34521
2026-01-21 04:00:00,1.34521,1.34547,1.34331,1.34376
2026-01-21 08:00:00,1.34376,1.3449,1.34086,1.34104
2026-01-21 12:00:00,1.34104,1.3444099999999999,1.34013,1.34418
2026-01-21 16:00:00,1.34418,1.34592,1.34165,1.3428
2026-01-21 20:00:00,1.34279,1.34324,1.34098,1.34301
2026-01-22 00:00:00,1.34246,1.34318,1.34169,1.34303
2026-01-22 04:00:00,1.34304,1.34394,1.34227,1.34291
2026-01-22 08:00:00,1.3429,1.3446500000000001,1.34094,1.3444099999999999
2026-01-22 12:00:00,1.3444099999999999,1.3452899999999999,1.34013,1.34231
2026-01-22 16:00:00,1.34231,1.34991,1.34223,1.34925
2026-01-22 20:00:00,1.3492199999999999,1.35071,1.34862,1.3501
2026-01-23 00:00:00,1.3493,1.35087,1.34864,1.34978
2026-01-23 04:00:00,1.34979,1.35007,1.34886,1.34986
2026-01-23 08:00:00,1.34986,1.35346,1.34824,1.3529900000000001
2026-01-23 12:00:00,1.35298,1.35366,1.35144,1.3525
2026-01-23 16:00:00,1.3525,1.3623,1.35206,1.36084
2026-01-23 20:00:00,1.36084,1.36457,1.35921,1.36419
2026-01-26 00:00:00,1.36612,1.36819,1.3643399999999999,1.3660999999999999
2026-01-26 04:00:00,1.36609,1.36796,1.36532,1.36669
2026-01-26 08:00:00,1.36669,1.36771,1.36429,1.36719
2026-01-26 12:00:00,1.36722,1.36756,1.36432,1.3661699999999999
2026-01-26 16:00:00,1.3661699999999999,1.37131,1.3658299999999999,1.36879
2026-01-26 20:00:00,1.3688,1.37015,1.36742,1.36776
2026-01-27 00:00:00,1.36756,1.36825,1.36688,1.36798
2026-01-27 04:00:00,1.36798,1.37008,1.36714,1.36783
2026-01-27 08:00:00,1.36783,1.37001,1.3664,1.36991
2026-01-27 12:00:00,1.36991,1.37486,1.3683,1.37351
2026-01-27 16:00:00,1.3735,1.3791,1.37314,1.37874
2026-01-27 20:00:00,1.37874,1.38692,1.37743,1.38473
2026-01-28 00:00:00,1.3841999999999999,1.38476,1.37992,1.38003
2026-01-28 04:00:00,1.38003,1.38104,1.3789,1.38052
2026-01-28 08:00:00,1.3805100000000001,1.38313,1.3775,1.37872
2026-01-28 12:00:00,1.3787099999999999,1.37999,1.37652,1.37701
2026-01-28 16:00:00,1.37703,1.38012,1.3749500000000001,1.37893
2026-01-28 20:00:00,1.37894,1.38109,1.37526,1.38065
2026-01-29 00:00:00,1.3801700000000001,1.38351,1.3792200000000001,1.38032
2026-01-29 04:00:00,1.38032,1.38441,1.37931,1.38379
2026-01-29 08:00:00,1.38379,1.38476,1.38003,1.38034
2026-01-29 12:00:00,1.38034,1.38181,1.37806,1.38061
2026-01-29 16:00:00,1.38064,1.38341,1.37424,1.37985
2026-01-29 20:00:00,1.37982,1.38132,1.37881,1.3809
2026-01-30 00:00:00,1.3801,1.38145,1.37583,1.37611
2026-01-30 04:00:00,1.3761,1.37676,1.37316,1.3755899999999999
2026-01-30 08:00:00,1.3756,1.37833,1.3725100000000001,1.37338
2026-01-30 12:00:00,1.37336,1.37879,1.37323,1.37443
2026-01-30 16:00:00,1.3744399999999999,1.37578,1.37001,1.37088
2026-01-30 20:00:00,1.37089,1.37185,1.36794,1.36841
2026-02-02 00:00:00,1.36876,1.37059,1.36623,1.36934
2026-02-02 04:00:00,1.36934,1.36999,1.3660700000000001,1.3672
2026-02-02 08:00:00,1.3672,1.37109,1.36616,1.37092
2026-02-02 12:00:00,1.3709,1.37153,1.36493,1.36517
2026-02-02 16:00:00,1.36517,1.36771,1.3623,1.366
2026-02-02 20:00:00,1.366,1.36683,1.36435,1.36681
2026-02-03 00:00:00,1.36624,1.36862,1.3654600000000001,1.36862
2026-02-03 04:00:00,1.36862,1.36942,1.36714,1.36895
2026-02-03 08:00:00,1.36895,1.37064,1.36666,1.36669
2026-02-03 12:00:00,1.3667,1.36897,1.36506,1.3670200000000001
2026-02-03 16:00:00,1.3670200000000001,1.37072,1.36565,1.36957
2026-02-03 20:00:00,1.36957,1.37023,1.3673199999999999,1.36977
2026-02-04 00:00:00,1.3691499999999999,1.37101,1.3688,1.37065
2026-02-04 04:00:00,1.37066,1.37196,1.36967,1.3715
2026-02-04 08:00:00,1.3715,1.37332,1.3700999999999999,1.37089
2026-02-04 12:00:00,1.37087,1.37291,1.3694899999999999,1.37131
2026-02-04 16:00:00,1.37131,1.37175,1.36862,1.36972
