time,open,high,low,close
2025-04-16 09:00:00,1.32842,1.32854,1.3256999999999999,1.32625
2025-04-16 10:00:00,1.32626,1.32857,1.32617,1.3284099999999999
2025-04-16 11:00:00,1.3284099999999999,1.32912,1.32668,1.32888
2025-04-16 12:00:00,1.32888,1.32922,1.32606,1.32686
2025-04-16 13:00:00,1.32686,1.32782,1.32605,1.32645
2025-04-16 14:00:00,1.3264,1.32758,1.32583,1.3272
2025-04-16 15:00:00,1.3272,1.3272599999999999,1.32504,1.326
2025-04-16 16:00:00,1.32598,1.3271600000000001,1.32545,1.32621
2025-04-16 17:00:00,1.32623,1.32674,1.3239,1.32575
2025-04-16 18:00:00,1.32575,1.32585,1.3226499999999999,1.32449
2025-04-16 19:00:00,1.32447,1.3247200000000001,1.32305,1.32339
2025-04-16 20:00:00,1.3234,1.32378,1.3212,1.32168
2025-04-16 21:00:00,1.32169,1.32317,1.3214299999999999,1.32302
2025-04-16 22:00:00,1.32302,1.32493,1.32283,1.32376
2025-04-16 23:00:00,1.32376,1.32428,1.32306,1.32402
2025-04-17 00:00:00,1.32398,1.32434,1.3226200000000001,1.32422
2025-04-17 01:00:00,1.32422,1.32436,1.32318,1.32371
2025-04-17 02:00:00,1.32371,1.32422,1.3231600000000001,1.32325
2025-04-17 03:00:00,1.32325,1.32335,1.32111,1.3212
2025-04-17 04:00:00,1.32121,1.32169,1.32028,1.32145
2025-04-17 05:00:00,1.32145,1.32298,1.32142,1.3225500000000001
2025-04-17 06:00:00,1.3225500000000001,1.32291,1.3213599999999999,1.32138
2025-04-17 07:00:00,1.32138,1.32154,1.32093,1.32098
2025-04-17 08:00:00,1.32098,1.32209,1.32046,1.32098
2025-04-17 09:00:00,1.32098,1.32332,1.32037,1.32276
2025-04-17 10:00:00,1.32276,1.32455,1.32233,1.32426
2025-04-17 11:00:00,1.32426,1.3247900000000001,1.32355,1.32395
2025-04-17 12:00:00,1.32395,1.32462,1.32386,1.32409
2025-04-17 13:00:00,1.32409,1.32457,1.32216,1.3223799999999999
2025-04-17 14:00:00,1.3223799999999999,1.32367,1.32198,1.32272
2025-04-17 15:00:00,1.32272,1.32503,1.32187,1.32496
2025-04-17 16:00:00,1.32495,1.32599,1.32444,1.32571
2025-04-17 17:00:00,1.32571,1.32732,1.32275,1.32329
2025-04-17 18:00:00,1.32329,1.32592,1.32288,1.32574
2025-04-17 19:00:00,1.32574,1.32687,1.32508,1.32579
2025-04-17 20:00:00,1.3258,1.32587,1.32469,1.32572
2025-04-17 21:00:00,1.32572,1.32728,1.32504,1.32695
2025-04-17 22:00:00,1.32695,1.32696,1.32618,1.32664
2025-04-17 23:00:00,1.3266200000000001,1.32708,1.32638,1.32678
2025-04-18 00:00:00,1.32648,1.32657,1.3245,1.32589
2025-04-18 01:00:00,1.32589,1.3269199999999999,1.32552,1.32611
2025-04-18 02:00:00,1.32611,1.32684,1.32587,1.32675
2025-04-18 03:00:00,1.32675,1.32832,1.32674,1.32808
2025-04-18 04:00:00,1.32806,1.32833,1.3268900000000001,1.32698
2025-04-18 05:00:00,1.32699,1.32766,1.32654,1.3272300000000001
2025-04-18 06:00:00,1.3272300000000001,1.3275299999999999,1.32639,1.3269
2025-04-18 07:00:00,1.3269,1.32702,1.32663,1.32682
2025-04-18 08:00:00,1.3268499999999999,1.32737,1.32666,1.32686
2025-04-18 09:00:00,1.32684,1.3271899999999999,1.32649,1.32687
2025-04-18 10:00:00,1.32686,1.32793,1.32646,1.32657
2025-04-18 11:00:00,1.32657,1.32733,1.32578,1.3273
2025-04-18 12:00:00,1.32722,1.32732,1.32678,1.32707
2025-04-18 13:00:00,1.32706,1.3275299999999999,1.32656,1.3275299999999999
2025-04-18 14:00:00,1.32751,1.32793,1.32713,1.32747
2025-04-18 15:00:00,1.32747,1.32803,1.3271,1.32762
2025-04-18 16:00:00,1.32758,1.3277999999999999,1.3271600000000001,1.32744
2025-04-18 17:00:00,1.32745,1.32855,1.3274,1.32829
2025-04-18 18:00:00,1.3283,1.32831,1.32711,1.32768
2025-04-18 19:00:00,1.32768,1.32835,1.32745,1.32834
2025-04-18 20:00:00,1.32832,1.32837,1.32791,1.3281800000000001
2025-04-18 21:00:00,1.32819,1.32859,1.32805,1.32856
2025-04-18 22:00:00,1.32856,1.32911,1.32844,1.32884
2025-04-18 23:00:00,1.32883,1.32989,1.32805,1.32948
2025-04-21 00:00:00,1.3272,1.32878,1.32681,1.32804
2025-04-21 01:00:00,1.32798,1.33048,1.3274,1.33043
2025-04-21 02:00:00,1.3304,1.33202,1.33016,1.33145
2025-04-21 03:00:00,1.33145,1.3356,1.33145,1.33461
2025-04-21 04:00:00,1.33461,1.33593,1.33427,1.3351899999999999
2025-04-21 05:00:00,1.3351899999999999,1.33795,1.33479,1.33705
2025-04-21 06:00:00,1.33705,1.33869,1.33705,1.33819
2025-04-21 07:00:00,1.33819,1.33834,1.33663,1.3383
2025-04-21 08:00:00,1.3383,1.3396,1.33814,1.33939
2025-04-21 09:00:00,1.33939,1.33974,1.33723,1.3382
2025-04-21 10:00:00,1.33817,1.34143,1.33766,1.3411
2025-04-21 11:00:00,1.3411,1.34164,1.33952,1.34146
2025-04-21 12:00:00,1.34146,1.3422100000000001,1.34003,1.34008
2025-04-21 13:00:00,1.34009,1.34049,1.33859,1.33897
2025-04-21 14:00:00,1.33897,1.33997,1.33795,1.33967
2025-04-21 15:00:00,1.33967,1.34043,1.33815,1.3404099999999999
2025-04-21 16:00:00,1.3404099999999999,1.34089,1.33862,1.34017
2025-04-21 17:00:00,1.34016,1.34074,1.3386,1.33903
2025-04-21 18:00:00,1.33903,1.33935,1.33782,1.33813
2025-04-21 19:00:00,1.33813,1.3383,1.33753,1.33789
2025-04-21 20:00:00,1.33789,1.33789,1.3363,1.33761
2025-04-21 21:00:00,1.33761,1.33835,1.33707,1.3378999999999999
2025-04-21 22:00:00,1.3378999999999999,1.33847,1.33732,1.33751
2025-04-21 23:00:00,1.33751,1.3381,1.33739,1.33798
2025-04-22 00:00:00,1.33775,1.33843,1.33646,1.33749
2025-04-22 01:00:00,1.33749,1.33847,1.3372899999999999,1.33816
2025-04-22 02:00:00,1.33816,1.33847,1.33731,1.3379699999999999
2025-04-22 03:00:00,1.3379699999999999,1.33806,1.33616,1.33707
2025-04-22 04:00:00,1.33707,1.33806,1.33707,1.33755
2025-04-22 05:00:00,1.33755,1.33967,1.33752,1.33967
2025-04-22 06:00:00,1.33966,1.3410199999999999,1.3395299999999999,1.34045
2025-04-22 07:00:00,1.34045,1.34098,1.3401100000000001,1.34025
2025-04-22 08:00:00,1.34025,1.34239,1.3393,1.34176
2025-04-22 09:00:00,1.34175,1.34201,1.33863,1.33902
2025-04-22 10:00:00,1.33902,1.3400699999999999,1.3371,1.33773
2025-04-22 11:00:00,1.33773,1.3388,1.33688,1.33873
2025-04-22 12:00:00,1.33873,1.33905,1.33627,1.33692
2025-04-22 13:00:00,1.33692,1.33769,1.33631,1.33669
2025-04-22 14:00:00,1.33669,1.33847,1.33644,1.33776
2025-04-22 15:00:00,1.33774,1.33823,1.33551,1.33717
2025-04-22 16:00:00,1.3372,1.33782,1.33581,1.33754
2025-04-22 17:00:00,1.3375,1.33904,1.33701,1.33807
2025-04-22 18:00:00,1.33808,1.33847,1.33718,1.3373599999999999
2025-04-22 19:00:00,1.3373599999999999,1.33773,1.3342800000000001,1.33464
2025-04-22 20:00:00,1.33464,1.33545,1.3339699999999999,1.33454
2025-04-22 21:00:00,1.33454,1.3346,1.3332,1.33368
2025-04-22 22:00:00,1.3336999999999999,1.33412,1.33303,1.33317
2025-04-22 23:00:00,1.33317,1.33395,1.3326,1.33316
2025-04-23 00:00:00,1.3328,1.33337,1.32861,1.32898
2025-04-23 01:00:00,1.32891,1.32927,1.32336,1.32553
2025-04-23 02:00:00,1.3255,1.3284500000000001,1.3253,1.3272
2025-04-23 03:00:00,1.32721,1.3306,1.32708,1.33057
2025-04-23 04:00:00,1.33056,1.33178,1.32973,1.33112
2025-04-23 05:00:00,1.33112,1.33122,1.32972,1.3308900000000001
2025-04-23 06:00:00,1.3308900000000001,1.33101,1.3287,1.32929
2025-04-23 07:00:00,1.32926,1.3306,1.32881,1.33054
2025-04-23 08:00:00,1.33054,1.33168,1.32958,1.3299
2025-04-23 09:00:00,1.3299,1.33253,1.3296700000000001,1.3321
2025-04-23 10:00:00,1.3321,1.33285,1.3302,1.33052
2025-04-23 11:00:00,1.33059,1.33232,1.3277999999999999,1.33196
2025-04-23 12:00:00,1.33197,1.33391,1.3317999999999999,1.33227
2025-04-23 13:00:00,1.33224,1.33232,1.32951,1.33013
2025-04-23 14:00:00,1.33013,1.33107,1.32908,1.32992
2025-04-23 15:00:00,1.32992,1.33088,1.32934,1.33041
2025-04-23 16:00:00,1.33041,1.33196,1.32832,1.3284
2025-04-23 17:00:00,1.3284,1.32995,1.32701,1.32743
2025-04-23 18:00:00,1.32744,1.3283800000000001,1.32544,1.3255
2025-04-23 19:00:00,1.3255,1.32676,1.325,1.32609
2025-04-23 20:00:00,1.32609,1.32773,1.32584,1.3272
2025-04-23 21:00:00,1.32721,1.32724,1.32581,1.32657
2025-04-23 22:00:00,1.32657,1.3271,1.32602,1.32657
2025-04-23 23:00:00,1.32656,1.32666,1.32503,1.32538
2025-04-24 00:00:00,1.32508,1.32592,1.3243800000000001,1.32513
2025-04-24 01:00:00,1.32513,1.32736,1.32486,1.32678
2025-04-24 02:00:00,1.32678,1.32732,1.32635,1.32647
2025-04-24 03:00:00,1.32647,1.32792,1.32587,1.32769
2025-04-24 04:00:00,1.32769,1.32863,1.32756,1.32831
2025-04-24 05:00:00,1.32831,1.32859,1.32786,1.32842
2025-04-24 06:00:00,1.32842,1.32868,1.32678,1.327
2025-04-24 07:00:00,1.327,1.3273,1.32653,1.327
2025-04-24 08:00:00,1.327,1.32748,1.32649,1.3268
2025-04-24 09:00:00,1.3268,1.32809,1.32654,1.32744
2025-04-24 10:00:00,1.32744,1.32965,1.32741,1.32942
2025-04-24 11:00:00,1.32942,1.33097,1.32907,1.33016
2025-04-24 12:00:00,1.33016,1.3317,1.32979,1.33037
2025-04-24 13:00:00,1.33037,1.33209,1.32979,1.33002
2025-04-24 14:00:00,1.33002,1.33209,1.33,1.33083
2025-04-24 15:00:00,1.33083,1.33114,1.32976,1.33016
2025-04-24 16:00:00,1.33016,1.33156,1.3300100000000001,1.33129
2025-04-24 17:00:00,1.33129,1.3332600000000001,1.3309,1.33144
2025-04-24 18:00:00,1.33144,1.3320699999999999,1.32903,1.33052
2025-04-24 19:00:00,1.33052,1.33295,1.3302399999999999,1.33288
2025-04-24 20:00:00,1.33288,1.33345,1.33174,1.33212
2025-04-24 21:00:00,1.33212,1.3327499999999999,1.33154,1.33264
2025-04-24 22:00:00,1.33264,1.33448,1.3324500000000001,1.33375
2025-04-24 23:00:00,1.33375,1.3348900000000001,1.3336000000000001,1.33384
2025-04-25 00:00:00,1.33369,1.33392,1.3320400000000001,1.33317
2025-04-25 01:00:00,1.33316,1.3339699999999999,1.33301,1.3336999999999999
2025-04-25 02:00:00,1.3336999999999999,1.33378,1.33242,1.33273
2025-04-25 03:00:00,1.3327200000000001,1.3327200000000001,1.33061,1.33071
2025-04-25 04:00:00,1.33071,1.33141,1.32981,1.32995
2025-04-25 05:00:00,1.32995,1.33078,1.3299400000000001,1.33053
2025-04-25 06:00:00,1.33053,1.33179,1.3286,1.32867
2025-04-25 07:00:00,1.32867,1.32912,1.32793,1.3287
2025-04-25 08:00:00,1.3287,1.32926,1.32739,1.3278400000000001
2025-04-25 09:00:00,1.32779,1.33076,1.32743,1.33049
2025-04-25 10:00:00,1.33049,1.33138,1.32952,1.3298
2025-04-25 11:00:00,1.3298,1.33049,1.3289900000000001,1.33022
2025-04-25 12:00:00,1.33022,1.33097,1.32958,1.32993
2025-04-25 13:00:00,1.32993,1.33179,1.32869,1.33176
2025-04-25 14:00:00,1.33176,1.33176,1.3305500000000001,1.33064
2025-04-25 15:00:00,1.33066,1.33262,1.33066,1.33229
2025-04-25 16:00:00,1.33229,1.33273,1.32979,1.3305500000000001
2025-04-25 17:00:00,1.33052,1.3322,1.33052,1.33083
2025-04-25 18:00:00,1.33083,1.3329900000000001,1.3299,1.33289
2025-04-25 19:00:00,1.33289,1.33322,1.33191,1.33194
2025-04-25 20:00:00,1.33194,1.33295,1.33163,1.33252
2025-04-25 21:00:00,1.33252,1.33312,1.33179,1.33292
2025-04-25 22:00:00,1.33292,1.33324,1.33188,1.3319
2025-04-25 23:00:00,1.3319,1.33226,1.33098,1.33099
2025-04-28 00:00:00,1.32806,1.33043,1.32806,1.33016
2025-04-28 01:00:00,1.33016,1.33115,1.32931,1.32992
2025-04-28 02:00:00,1.32992,1.3306,1.3287900000000001,1.3289900000000001
2025-04-28 03:00:00,1.3289900000000001,1.33047,1.32894,1.33002
2025-04-28 04:00:00,1.33002,1.33056,1.32862,1.3287200000000001
2025-04-28 05:00:00,1.32873,1.32914,1.328,1.32885
2025-04-28 06:00:00,1.32885,1.32985,1.3287499999999999,1.32952
2025-04-28 07:00:00,1.32952,1.33156,1.32927,1.3315299999999999
2025-04-28 08:00:00,1.3315299999999999,1.33276,1.33149,1.33164
2025-04-28 09:00:00,1.33163,1.33175,1.32882,1.3296299999999999
2025-04-28 10:00:00,1.32962,1.33105,1.32942,1.33054
2025-04-28 11:00:00,1.33052,1.33338,1.33047,1.33288
2025-04-28 12:00:00,1.33289,1.33547,1.33289,1.33425
2025-04-28 13:00:00,1.33425,1.33463,1.33353,1.33403
2025-04-28 14:00:00,1.33403,1.3342399999999999,1.33318,1.33384
2025-04-28 15:00:00,1.33384,1.33541,1.3338,1.3342399999999999
2025-04-28 16:00:00,1.3342399999999999,1.3370600000000001,1.33411,1.33667
2025-04-28 17:00:00,1.33667,1.34206,1.33646,1.33928
2025-04-28 18:00:00,1.33928,1.3400400000000001,1.33807,1.33932
2025-04-28 19:00:00,1.33932,1.34189,1.33928,1.3413
2025-04-28 20:00:00,1.3413,1.34249,1.3411,1.34117
2025-04-28 21:00:00,1.34117,1.3427,1.34115,1.3426
2025-04-28 22:00:00,1.3426,1.34426,1.3425099999999999,1.3439
2025-04-28 23:00:00,1.3439,1.3444,1.34363,1.34425
2025-04-29 00:00:00,1.3431899999999999,1.34421,1.34204,1.34344
2025-04-29 01:00:00,1.34344,1.34435,1.34344,1.34358
2025-04-29 02:00:00,1.34355,1.34428,1.34296,1.34349
2025-04-29 03:00:00,1.3435000000000001,1.3437000000000001,1.34247,1.34256
2025-04-29 04:00:00,1.34256,1.3431600000000001,1.3417,1.34207
2025-04-29 05:00:00,1.34207,1.34425,1.34206,1.3423
2025-04-29 06:00:00,1.3423,1.34252,1.34088,1.34127
2025-04-29 07:00:00,1.34127,1.3415300000000001,1.3394,1.33961
2025-04-29 08:00:00,1.33961,1.3409499999999999,1.33961,1.3408
2025-04-29 09:00:00,1.34081,1.3418999999999999,1.34042,1.34101
2025-04-29 10:00:00,1.34101,1.34225,1.3401,1.3422
2025-04-29 11:00:00,1.3422,1.34259,1.34091,1.34109
2025-04-29 12:00:00,1.34109,1.34128,1.33944,1.33952
2025-04-29 13:00:00,1.33951,1.33988,1.33803,1.33825
2025-04-29 14:00:00,1.33826,1.3393,1.3381,1.33836
2025-04-29 15:00:00,1.33836,1.34145,1.33825,1.34094
2025-04-29 16:00:00,1.34094,1.34175,1.34003,1.34074
2025-04-29 17:00:00,1.34053,1.34212,1.33884,1.33893
2025-04-29 18:00:00,1.33893,1.34105,1.33884,1.33961
2025-04-29 19:00:00,1.33962,1.342,1.33957,1.34073
2025-04-29 20:00:00,1.3407200000000001,1.34087,1.3397700000000001,1.33983
2025-04-29 21:00:00,1.33983,1.34048,1.33932,1.34018
2025-04-29 22:00:00,1.34018,1.3408,1.33969,1.34035
2025-04-29 23:00:00,1.34035,1.34108,1.34025,1.3406799999999999
2025-04-30 00:00:00,1.34036,1.3407499999999999,1.33974,1.3403800000000001
2025-04-30 01:00:00,1.3403800000000001,1.3412899999999999,1.34029,1.34096
2025-04-30 02:00:00,1.34096,1.34144,1.34062,1.34121
2025-04-30 03:00:00,1.34121,1.34149,1.33989,1.34026
2025-04-30 04:00:00,1.34025,1.34116,1.33901,1.33913
2025-04-30 05:00:00,1.33913,1.33976,1.33873,1.33902
2025-04-30 06:00:00,1.33902,1.33952,1.33829,1.33841
2025-04-30 07:00:00,1.33841,1.33957,1.3382399999999999,1.33908
2025-04-30 08:00:00,1.33908,1.3401399999999999,1.33875,1.34003
2025-04-30 09:00:00,1.34003,1.3406500000000001,1.33817,1.34017
2025-04-30 10:00:00,1.34017,1.34017,1.3381,1.3385500000000001
2025-04-30 11:00:00,1.3385500000000001,1.3388499999999999,1.33631,1.33674
2025-04-30 12:00:00,1.33673,1.33745,1.33578,1.33609
2025-04-30 13:00:00,1.33609,1.33659,1.33564,1.33575
2025-04-30 14:00:00,1.33575,1.33693,1.3354599999999999,1.33568
2025-04-30 15:00:00,1.33571,1.3367200000000001,1.33434,1.3352
2025-04-30 16:00:00,1.33518,1.33532,1.33151,1.33229
2025-04-30 17:00:00,1.33229,1.33591,1.33091,1.33556
2025-04-30 18:00:00,1.33556,1.33586,1.33233,1.33417
2025-04-30 19:00:00,1.33417,1.33496,1.33361,1.33466
2025-04-30 20:00:00,1.33466,1.33581,1.334,1.33403
2025-04-30 21:00:00,1.33403,1.33525,1.3336999999999999,1.33389
2025-04-30 22:00:00,1.33389,1.33456,1.33263,1.33286
2025-04-30 23:00:00,1.33286,1.3332600000000001,1.3319,1.33304
2025-05-01 00:00:00,1.33258,1.33312,1.33182,1.33225
2025-05-01 01:00:00,1.33227,1.33292,1.33218,1.3325
2025-05-01 02:00:00,1.33252,1.33253,1.3319,1.33208
2025-05-01 03:00:00,1.33208,1.33267,1.33178,1.33192
2025-05-01 04:00:00,1.33192,1.33194,1.3304,1.3308
2025-05-01 05:00:00,1.3308,1.33169,1.3306,1.33141
2025-05-01 06:00:00,1.33141,1.33169,1.32932,1.33012
2025-05-01 07:00:00,1.33012,1.33033,1.3293,1.32937
2025-05-01 08:00:00,1.32937,1.32956,1.3279,1.32892
2025-05-01 09:00:00,1.32891,1.33014,1.32857,1.32897
2025-05-01 10:00:00,1.32894,1.33074,1.32748,1.33057
2025-05-01 11:00:00,1.33057,1.33334,1.33056,1.3325
2025-05-01 12:00:00,1.3325,1.33317,1.33129,1.33157
2025-05-01 13:00:00,1.33157,1.33389,1.3312,1.33384
2025-05-01 14:00:00,1.33384,1.3345500000000001,1.33236,1.33243
2025-05-01 15:00:00,1.33243,1.33404,1.33142,1.33161
2025-05-01 16:00:00,1.3316,1.3327200000000001,1.33117,1.33234
2025-05-01 17:00:00,1.33234,1.33266,1.32847,1.32955
2025-05-01 18:00:00,1.32955,1.33012,1.32648,1.32727
2025-05-01 19:00:00,1.32727,1.3284099999999999,1.32619,1.3281
2025-05-01 20:00:00,1.3281,1.3281,1.32636,1.32666
2025-05-01 21:00:00,1.32666,1.32868,1.3260399999999999,1.32778
2025-05-01 22:00:00,1.32778,1.32847,1.32764,1.3279
2025-05-01 23:00:00,1.3279,1.32842,1.32742,1.32779
2025-05-02 00:00:00,1.32728,1.328,1.32702,1.32702
2025-05-02 01:00:00,1.3271,1.3286,1.32707,1.3284099999999999
2025-05-02 02:00:00,1.3284099999999999,1.32867,1.32806,1.32857
2025-05-02 03:00:00,1.32858,1.329,1.3274,1.32791
2025-05-02 04:00:00,1.32791,1.329,1.32757,1.3289900000000001
2025-05-02 05:00:00,1.3289900000000001,1.33002,1.3289900000000001,1.32926
2025-05-02 06:00:00,1.32926,1.33105,1.32905,1.33101
2025-05-02 07:00:00,1.33101,1.33137,1.33041,1.33081
2025-05-02 08:00:00,1.33081,1.3322,1.33054,1.33124
2025-05-02 09:00:00,1.33124,1.33212,1.33071,1.3312
2025-05-02 10:00:00,1.3312,1.3319,1.32984,1.32992
2025-05-02 11:00:00,1.3299400000000001,1.32995,1.32824,1.3292
2025-05-02 12:00:00,1.32919,1.33157,1.32863,1.33103
2025-05-02 13:00:00,1.33104,1.33111,1.32876,1.32898
2025-05-02 14:00:00,1.32898,1.33073,1.32864,1.32943
2025-05-02 15:00:00,1.32942,1.32986,1.3259400000000001,1.32908
2025-05-02 16:00:00,1.32908,1.33308,1.32832,1.3320400000000001
2025-05-02 17:00:00,1.33205,1.3329900000000001,1.331,1.3321100000000001
2025-05-02 18:00:00,1.3321100000000001,1.33287,1.32772,1.32808
2025-05-02 19:00:00,1.32808,1.32972,1.32765,1.32837
2025-05-02 20:00:00,1.32837,1.3294000000000001,1.32733,1.32773
2025-05-02 21:00:00,1.32773,1.32819,1.32675,1.32739
2025-05-02 22:00:00,1.3274,1.32839,1.32739,1.32775
2025-05-02 23:00:00,1.32775,1.32791,1.32633,1.32709
2025-05-05 00:00:00,1.3259400000000001,1.32632,1.32566,1.32629
2025-05-05 01:00:00,1.32629,1.32749,1.32595,1.3264
2025-05-05 02:00:00,1.3264,1.32762,1.32614,1.32698
2025-05-05 03:00:00,1.32698,1.32722,1.32617,1.32714
2025-05-05 04:00:00,1.32714,1.32973,1.32714,1.32894
2025-05-05 05:00:00,1.32894,1.33008,1.32831,1.32977
2025-05-05 06:00:00,1.32977,1.32979,1.3284799999999999,1.32887
2025-05-05 07:00:00,1.32887,1.32964,1.32867,1.32954
2025-05-05 08:00:00,1.32954,1.33068,1.32911,1.32938
2025-05-05 09:00:00,1.32938,1.32981,1.32756,1.32808
2025-05-05 10:00:00,1.32809,1.32919,1.32756,1.32808
2025-05-05 11:00:00,1.32808,1.3292,1.32771,1.32819
2025-05-05 12:00:00,1.32821,1.33044,1.32821,1.3303
2025-05-05 13:00:00,1.3303,1.33098,1.32951,1.33071
2025-05-05 14:00:00,1.33071,1.33254,1.33064,1.33165
2025-05-05 15:00:00,1.33165,1.33356,1.33158,1.33308
2025-05-05 16:00:00,1.33308,1.33365,1.33182,1.33222
2025-05-05 17:00:00,1.33223,1.33223,1.32999,1.3306499999999999
2025-05-05 18:00:00,1.3306200000000001,1.33096,1.32802,1.3281800000000001
2025-05-05 19:00:00,1.3281800000000001,1.3282,1.32703,1.32739
2025-05-05 20:00:00,1.3274,1.32836,1.32721,1.3277700000000001
2025-05-05 21:00:00,1.3277700000000001,1.3290899999999999,1.3275299999999999,1.32887
2025-05-05 22:00:00,1.32887,1.32996,1.32873,1.32931
2025-05-05 23:00:00,1.32932,1.32989,1.32907,1.32966
2025-05-06 00:00:00,1.32957,1.32972,1.32865,1.32878
2025-05-06 01:00:00,1.32878,1.32981,1.32878,1.32911
2025-05-06 02:00:00,1.32911,1.32949,1.32893,1.32908
2025-05-06 03:00:00,1.32908,1.32928,1.32674,1.32695
2025-05-06 04:00:00,1.32695,1.3275299999999999,1.32602,1.3273
2025-05-06 05:00:00,1.32732,1.32921,1.32715,1.32866
2025-05-06 06:00:00,1.32866,1.32969,1.32827,1.3295
2025-05-06 07:00:00,1.3295,1.3305500000000001,1.32944,1.33025
2025-05-06 08:00:00,1.33025,1.33043,1.32864,1.32897
2025-05-06 09:00:00,1.32897,1.33046,1.32854,1.33018
2025-05-06 10:00:00,1.33018,1.33288,1.33018,1.33198
2025-05-06 11:00:00,1.33198,1.33339,1.3314,1.33152
2025-05-06 12:00:00,1.33152,1.33172,1.33081,1.33165
2025-05-06 13:00:00,1.33165,1.33541,1.33139,1.3351
2025-05-06 14:00:00,1.3351,1.33747,1.33487,1.33698
2025-05-06 15:00:00,1.33698,1.34028,1.33647,1.33965
2025-05-06 16:00:00,1.33965,1.33967,1.33802,1.3385500000000001
2025-05-06 17:00:00,1.3385500000000001,1.33974,1.33653,1.33718
2025-05-06 18:00:00,1.33718,1.33728,1.33566,1.33673
2025-05-06 19:00:00,1.33673,1.33703,1.33517,1.33581
2025-05-06 20:00:00,1.33581,1.33784,1.33565,1.33662
2025-05-06 21:00:00,1.33663,1.33768,1.33596,1.33761
2025-05-06 22:00:00,1.33761,1.33867,1.33718,1.3378999999999999
2025-05-06 23:00:00,1.33789,1.33819,1.33574,1.33685
2025-05-07 00:00:00,1.33599,1.33769,1.33599,1.33719
2025-05-07 01:00:00,1.33719,1.33782,1.33452,1.33497
2025-05-07 02:00:00,1.33497,1.33567,1.33438,1.33522
2025-05-07 03:00:00,1.33522,1.33608,1.33334,1.3351899999999999
2025-05-07 04:00:00,1.3351899999999999,1.33623,1.33356,1.33511
2025-05-07 05:00:00,1.3351199999999999,1.3354,1.33405,1.33457
2025-05-07 06:00:00,1.33457,1.33493,1.33384,1.3346
2025-05-07 07:00:00,1.3346,1.33549,1.33417,1.3342399999999999
2025-05-07 08:00:00,1.3342399999999999,1.33606,1.33411,1.33576
2025-05-07 09:00:00,1.33576,1.33674,1.33534,1.33646
2025-05-07 10:00:00,1.33646,1.33646,1.33449,1.33521
2025-05-07 11:00:00,1.33521,1.3357299999999999,1.33356,1.3336000000000001
2025-05-07 12:00:00,1.33361,1.3339400000000001,1.33229,1.33337
2025-05-07 13:00:00,1.33337,1.33511,1.33327,1.3346
2025-05-07 14:00:00,1.3346,1.33581,1.33437,1.3348
2025-05-07 15:00:00,1.3348,1.33682,1.33463,1.33667
2025-05-07 16:00:00,1.33667,1.33712,1.33579,1.33642
2025-05-07 17:00:00,1.33642,1.33771,1.33572,1.3366
2025-05-07 18:00:00,1.3366,1.33671,1.33388,1.33429
2025-05-07 19:00:00,1.33429,1.33518,1.33328,1.33481
2025-05-07 20:00:00,1.33481,1.3349199999999999,1.33293,1.33313
2025-05-07 21:00:00,1.33338,1.33533,1.33007,1.3322
2025-05-07 22:00:00,1.3322,1.3323,1.32897,1.32968
2025-05-07 23:00:00,1.32968,1.32982,1.32801,1.3290899999999999
2025-05-08 00:00:00,1.32895,1.32952,1.3284799999999999,1.3293599999999999
2025-05-08 01:00:00,1.3293599999999999,1.32953,1.32858,1.32871
2025-05-08 02:00:00,1.32871,1.32957,1.3287,1.3290199999999999
2025-05-08 03:00:00,1.3290199999999999,1.33071,1.32898,1.32958
2025-05-08 04:00:00,1.32958,1.3345,1.3293599999999999,1.33422
2025-05-08 05:00:00,1.33422,1.3351899999999999,1.33331,1.33422
2025-05-08 06:00:00,1.33422,1.33563,1.3342100000000001,1.33449
2025-05-08 07:00:00,1.33449,1.33474,1.33315,1.33322
2025-05-08 08:00:00,1.33322,1.3333,1.33015,1.33218
2025-05-08 09:00:00,1.33218,1.33223,1.32771,1.32825
2025-05-08 10:00:00,1.32825,1.32917,1.3267,1.32905
2025-05-08 11:00:00,1.32905,1.32954,1.32613,1.32664
2025-05-08 12:00:00,1.32664,1.3281,1.32611,1.32757
2025-05-08 13:00:00,1.32757,1.32955,1.32621,1.3263
2025-05-08 14:00:00,1.3263,1.3333,1.32412,1.3326
2025-05-08 15:00:00,1.3326,1.33423,1.33192,1.3324
2025-05-08 16:00:00,1.3324,1.33449,1.33239,1.33355
2025-05-08 17:00:00,1.33355,1.3345,1.33068,1.33088
2025-05-08 18:00:00,1.33087,1.33175,1.3273,1.32844
2025-05-08 19:00:00,1.3284099999999999,1.32858,1.32619,1.32659
2025-05-08 20:00:00,1.32659,1.32675,1.32458,1.32581
2025-05-08 21:00:00,1.32581,1.32622,1.3249,1.32513
2025-05-08 22:00:00,1.32513,1.32539,1.32365,1.32442
2025-05-08 23:00:00,1.32442,1.32489,1.32374,1.3244799999999999
2025-05-09 00:00:00,1.32452,1.32518,1.32404,1.32462
2025-05-09 01:00:00,1.32489,1.32513,1.32454,1.32503
2025-05-09 02:00:00,1.3250199999999999,1.32504,1.32332,1.32393
2025-05-09 03:00:00,1.32393,1.32434,1.32196,1.32399
2025-05-09 04:00:00,1.32399,1.3242,1.32243,1.3225799999999999
2025-05-09 05:00:00,1.3225799999999999,1.32347,1.32121,1.3234
2025-05-09 06:00:00,1.3234,1.32423,1.323,1.32315
2025-05-09 07:00:00,1.32315,1.32389,1.32309,1.32365
2025-05-09 08:00:00,1.32365,1.32419,1.32236,1.3241399999999999
2025-05-09 09:00:00,1.3241399999999999,1.3247,1.32343,1.3242099999999999
2025-05-09 10:00:00,1.3242099999999999,1.32694,1.32416,1.32623
2025-05-09 11:00:00,1.32623,1.32712,1.32542,1.32703
2025-05-09 12:00:00,1.32703,1.3278699999999999,1.3262,1.32684
2025-05-09 13:00:00,1.32684,1.32783,1.3263,1.3268900000000001
2025-05-09 14:00:00,1.32688,1.32856,1.32657,1.32765
2025-05-09 15:00:00,1.32765,1.3287,1.32727,1.32854
2025-05-09 16:00:00,1.32854,1.32974,1.3284,1.32871
2025-05-09 17:00:00,1.32871,1.33176,1.32843,1.33043
2025-05-09 18:00:00,1.33043,1.33156,1.3293599999999999,1.33156
2025-05-09 19:00:00,1.33156,1.33227,1.33051,1.33071
2025-05-09 20:00:00,1.33071,1.3319,1.33022,1.3315000000000001
2025-05-09 21:00:00,1.3315000000000001,1.33175,1.33099,1.3315000000000001
2025-05-09 22:00:00,1.3315000000000001,1.33157,1.33033,1.33117
2025-05-09 23:00:00,1.33117,1.33117,1.32966,1.33006
2025-05-12 00:00:00,1.32576,1.32883,1.3255,1.32679
2025-05-12 01:00:00,1.32679,1.32925,1.32644,1.3286
2025-05-12 02:00:00,1.3286,1.32953,1.3284099999999999,1.32849
2025-05-12 03:00:00,1.32849,1.3291,1.3274599999999999,1.3289
2025-05-12 04:00:00,1.3289,1.32944,1.32752,1.32788
2025-05-12 05:00:00,1.32788,1.32905,1.32778,1.32827
2025-05-12 06:00:00,1.32827,1.32916,1.32786,1.32913
2025-05-12 07:00:00,1.32913,1.3293599999999999,1.32826,1.32862
2025-05-12 08:00:00,1.32862,1.32883,1.32741,1.32817
2025-05-12 09:00:00,1.32817,1.32993,1.32813,1.32854
2025-05-12 10:00:00,1.32854,1.32893,1.31632,1.31691
2025-05-12 11:00:00,1.31691,1.32029,1.3159100000000001,1.31944
2025-05-12 12:00:00,1.31944,1.32044,1.31864,1.31976
2025-05-12 13:00:00,1.31973,1.31973,1.314,1.31413
2025-05-12 14:00:00,1.31413,1.31845,1.31407,1.3176999999999999
2025-05-12 15:00:00,1.3176999999999999,1.32013,1.31725,1.31962
2025-05-12 16:00:00,1.31962,1.3213599999999999,1.31924,1.32004
2025-05-12 17:00:00,1.32004,1.32129,1.3192599999999999,1.32012
2025-05-12 18:00:00,1.32012,1.32155,1.3189,1.31913
2025-05-12 19:00:00,1.31913,1.31972,1.3176999999999999,1.3178
2025-05-12 20:00:00,1.3178,1.31788,1.31642,1.31755
2025-05-12 21:00:00,1.31756,1.31829,1.31623,1.31802
2025-05-12 22:00:00,1.31802,1.31847,1.3175,1.31785
2025-05-12 23:00:00,1.31785,1.31815,1.3174299999999999,1.31761
2025-05-13 00:00:00,1.31746,1.3177400000000001,1.31668,1.31697
2025-05-13 01:00:00,1.31697,1.31773,1.31691,1.31761
2025-05-13 02:00:00,1.31761,1.31824,1.31714,1.31775
2025-05-13 03:00:00,1.31775,1.31854,1.31737,1.31785
2025-05-13 04:00:00,1.31785,1.31879,1.3175,1.31845
2025-05-13 05:00:00,1.31845,1.31918,1.31793,1.31824
2025-05-13 06:00:00,1.31824,1.31999,1.31792,1.3198400000000001
2025-05-13 07:00:00,1.3198400000000001,1.3201100000000001,1.31903,1.32009
2025-05-13 08:00:00,1.32012,1.32068,1.31932,1.32001
2025-05-13 09:00:00,1.31982,1.3207200000000001,1.3189600000000001,1.31981
2025-05-13 10:00:00,1.3197999999999999,1.32119,1.31954,1.32116
2025-05-13 11:00:00,1.32116,1.32172,1.32003,1.32115
2025-05-13 12:00:00,1.32117,1.32205,1.32063,1.32137
2025-05-13 13:00:00,1.32137,1.32177,1.32028,1.32036
2025-05-13 14:00:00,1.32036,1.32151,1.32022,1.32137
2025-05-13 15:00:00,1.32137,1.3244500000000001,1.32125,1.32434
2025-05-13 16:00:00,1.32434,1.32493,1.32214,1.32267
2025-05-13 17:00:00,1.32267,1.3260399999999999,1.3223500000000001,1.32598
2025-05-13 18:00:00,1.3259699999999999,1.32805,1.3256999999999999,1.32774
2025-05-13 19:00:00,1.32774,1.32946,1.32718,1.32925
2025-05-13 20:00:00,1.32925,1.33032,1.32876,1.32998
2025-05-13 21:00:00,1.32998,1.33025,1.32964,1.33003
2025-05-13 22:00:00,1.33003,1.33079,1.32986,1.33057
2025-05-13 23:00:00,1.33057,1.33161,1.3302100000000001,1.33039
2025-05-14 00:00:00,1.33035,1.3305500000000001,1.3302,1.3304
2025-05-14 01:00:00,1.3304,1.33141,1.33034,1.33141
2025-05-14 02:00:00,1.33141,1.33142,1.33029,1.33037
2025-05-14 03:00:00,1.33037,1.33165,1.32992,1.33138
2025-05-14 04:00:00,1.33138,1.332,1.3305799999999999,1.3308200000000001
2025-05-14 05:00:00,1.3308200000000001,1.33097,1.32989,1.33036
2025-05-14 06:00:00,1.33036,1.3309199999999999,1.32983,1.3309
2025-05-14 07:00:00,1.33091,1.33125,1.33032,1.33044
2025-05-14 08:00:00,1.33044,1.33094,1.33009,1.33016
2025-05-14 09:00:00,1.33016,1.33117,1.3291,1.32995
2025-05-14 10:00:00,1.32995,1.3330899999999999,1.32984,1.33289
2025-05-14 11:00:00,1.33289,1.33589,1.33271,1.33472
2025-05-14 12:00:00,1.33471,1.3360400000000001,1.33376,1.33498
2025-05-14 13:00:00,1.33497,1.33521,1.3336000000000001,1.33488
2025-05-14 14:00:00,1.33488,1.33508,1.33271,1.33335
2025-05-14 15:00:00,1.33335,1.33388,1.33163,1.33251
2025-05-14 16:00:00,1.33251,1.33294,1.33102,1.33171
2025-05-14 17:00:00,1.33171,1.33175,1.32873,1.33045
2025-05-14 18:00:00,1.33043,1.33051,1.32894,1.33007
2025-05-14 19:00:00,1.33007,1.33099,1.3271,1.32825
2025-05-14 20:00:00,1.32825,1.32884,1.3275299999999999,1.32792
2025-05-14 21:00:00,1.32792,1.32801,1.32602,1.32649
2025-05-14 22:00:00,1.32649,1.32649,1.32534,1.32602
2025-05-14 23:00:00,1.3260100000000001,1.3265500000000001,1.3256700000000001,1.3259699999999999
2025-05-15 00:00:00,1.32528,1.32754,1.32523,1.32549
2025-05-15 01:00:00,1.32549,1.32668,1.32549,1.3265
2025-05-15 02:00:00,1.3265,1.3269199999999999,1.32618,1.32636
2025-05-15 03:00:00,1.32636,1.3274599999999999,1.32593,1.3272599999999999
2025-05-15 04:00:00,1.32728,1.32846,1.3272599999999999,1.32762
2025-05-15 05:00:00,1.32762,1.32809,1.32724,1.32801
2025-05-15 06:00:00,1.32801,1.32868,1.32769,1.3280699999999999
2025-05-15 07:00:00,1.3280699999999999,1.32834,1.32738,1.32745
2025-05-15 08:00:00,1.32745,1.32793,1.3262399999999999,1.32727
2025-05-15 09:00:00,1.32721,1.33051,1.32702,1.33041
2025-05-15 10:00:00,1.33039,1.33049,1.32676,1.32678
2025-05-15 11:00:00,1.32678,1.32954,1.3263,1.32897
2025-05-15 12:00:00,1.32898,1.32951,1.3281,1.32874
2025-05-15 13:00:00,1.32874,1.32995,1.32827,1.32905
2025-05-15 14:00:00,1.3290600000000001,1.32938,1.32673,1.32704
2025-05-15 15:00:00,1.32704,1.3309199999999999,1.32704,1.3305500000000001
2025-05-15 16:00:00,1.3305500000000001,1.33199,1.32926,1.32929
2025-05-15 17:00:00,1.32929,1.33035,1.32638,1.3279
2025-05-15 18:00:00,1.3279,1.32952,1.32756,1.32897
2025-05-15 19:00:00,1.32897,1.32968,1.32822,1.32889
2025-05-15 20:00:00,1.3289,1.33008,1.32867,1.3287499999999999
2025-05-15 21:00:00,1.32876,1.33013,1.3287200000000001,1.32985
2025-05-15 22:00:00,1.32985,1.33077,1.32934,1.33056
2025-05-15 23:00:00,1.33056,1.33088,1.3303,1.33041
2025-05-16 00:00:00,1.33012,1.3304,1.32946,1.32989
2025-05-16 01:00:00,1.32989,1.33099,1.32985,1.33087
2025-05-16 02:00:00,1.33087,1.331,1.33032,1.33033
2025-05-16 03:00:00,1.33033,1.33179,1.33015,1.33144
2025-05-16 04:00:00,1.33144,1.3319,1.33106,1.33155
2025-05-16 05:00:00,1.33155,1.33179,1.33066,1.33111
2025-05-16 06:00:00,1.3311,1.3318699999999999,1.33087,1.33121
2025-05-16 07:00:00,1.33121,1.33195,1.3309,1.33186
2025-05-16 08:00:00,1.33186,1.3328,1.33164,1.33256
2025-05-16 09:00:00,1.33256,1.33328,1.33179,1.33246
2025-05-16 10:00:00,1.33246,1.3329,1.3312300000000001,1.3314599999999999
2025-05-16 11:00:00,1.33147,1.33171,1.33015,1.33047
2025-05-16 12:00:00,1.33047,1.3309,1.32907,1.32926
2025-05-16 13:00:00,1.32926,1.32954,1.32828,1.32911
2025-05-16 14:00:00,1.3291,1.33018,1.32823,1.32828
2025-05-16 15:00:00,1.32827,1.32877,1.32736,1.32834
2025-05-16 16:00:00,1.32833,1.32993,1.32788,1.32943
2025-05-16 17:00:00,1.32943,1.3296700000000001,1.32534,1.32657
2025-05-16 18:00:00,1.32657,1.32701,1.3255,1.32562
2025-05-16 19:00:00,1.3256000000000001,1.32693,1.32507,1.32687
2025-05-16 20:00:00,1.32687,1.32749,1.3268,1.3271600000000001
2025-05-16 21:00:00,1.32715,1.32795,1.32679,1.32782
2025-05-16 22:00:00,1.32782,1.32837,1.3274599999999999,1.32759
2025-05-16 23:00:00,1.32759,1.32868,1.32752,1.3283
2025-05-19 00:00:00,1.3264,1.3277999999999999,1.32615,1.32703
2025-05-19 01:00:00,1.32703,1.33045,1.327,1.3301
2025-05-19 02:00:00,1.3301,1.33053,1.32945,1.33053
2025-05-19 03:00:00,1.33053,1.33139,1.32995,1.3313
2025-05-19 04:00:00,1.3313,1.3314,1.3293599999999999,1.32957
2025-05-19 05:00:00,1.32957,1.33048,1.32904,1.32969
2025-05-19 06:00:00,1.32969,1.3301,1.32953,1.32974
2025-05-19 07:00:00,1.32974,1.33025,1.32917,1.32991
2025-05-19 08:00:00,1.32991,1.33047,1.32928,1.33
2025-05-19 09:00:00,1.33,1.33236,1.32951,1.33212
2025-05-19 10:00:00,1.33212,1.33728,1.33201,1.33678
2025-05-19 11:00:00,1.33678,1.337,1.3348200000000001,1.33677
2025-05-19 12:00:00,1.33677,1.3397700000000001,1.3363,1.33966
2025-05-19 13:00:00,1.33967,1.3404,1.33879,1.3388900000000001
2025-05-19 14:00:00,1.3388900000000001,1.33894,1.33752,1.3382100000000001
2025-05-19 15:00:00,1.3382100000000001,1.33834,1.33684,1.33712
2025-05-19 16:00:00,1.33712,1.3376000000000001,1.33606,1.33663
2025-05-19 17:00:00,1.33663,1.33698,1.33539,1.33673
2025-05-19 18:00:00,1.33673,1.33724,1.33532,1.33548
2025-05-19 19:00:00,1.33549,1.33576,1.33459,1.33548
2025-05-19 20:00:00,1.33548,1.3358400000000001,1.33468,1.33504
2025-05-19 21:00:00,1.33504,1.3357700000000001,1.33449,1.33556
2025-05-19 22:00:00,1.33556,1.33612,1.3351,1.33598
2025-05-19 23:00:00,1.33597,1.3364500000000001,1.33587,1.3361
2025-05-20 00:00:00,1.33598,1.33625,1.33484,1.33598
2025-05-20 01:00:00,1.33598,1.33613,1.3354,1.33566
2025-05-20 02:00:00,1.33566,1.3361399999999999,1.33549,1.33592
2025-05-20 03:00:00,1.33592,1.33592,1.33448,1.33562
2025-05-20 04:00:00,1.33562,1.3374,1.33556,1.33576
2025-05-20 05:00:00,1.33576,1.3367499999999999,1.33471,1.33537
2025-05-20 06:00:00,1.33537,1.3370199999999999,1.33515,1.33671
2025-05-20 07:00:00,1.33671,1.3370199999999999,1.33615,1.33639
2025-05-20 08:00:00,1.33639,1.33827,1.33637,1.3376299999999999
2025-05-20 09:00:00,1.3376299999999999,1.33823,1.33669,1.33695
2025-05-20 10:00:00,1.33695,1.3395000000000001,1.33657,1.3392
2025-05-20 11:00:00,1.3392,1.33935,1.33723,1.33737
2025-05-20 12:00:00,1.33737,1.33842,1.33686,1.33721
2025-05-20 13:00:00,1.33721,1.33734,1.3354,1.33629
2025-05-20 14:00:00,1.3363,1.33723,1.33587,1.33619
2025-05-20 15:00:00,1.33619,1.33637,1.33355,1.33402
2025-05-20 16:00:00,1.33403,1.33605,1.33349,1.33571
2025-05-20 17:00:00,1.33572,1.33743,1.33566,1.3369
2025-05-20 18:00:00,1.33691,1.3373300000000001,1.33578,1.33694
2025-05-20 19:00:00,1.33694,1.33737,1.33591,1.33715
2025-05-20 20:00:00,1.33716,1.33859,1.3369900000000001,1.33808
2025-05-20 21:00:00,1.33808,1.33873,1.3377,1.3378700000000001
2025-05-20 22:00:00,1.3378700000000001,1.3390900000000001,1.33777,1.33878
2025-05-20 23:00:00,1.33878,1.33939,1.3386,1.33932
2025-05-21 00:00:00,1.33924,1.33924,1.33778,1.33856
2025-05-21 01:00:00,1.3385500000000001,1.33942,1.3385099999999999,1.33917
2025-05-21 02:00:00,1.33917,1.3397999999999999,1.33908,1.3397299999999999
2025-05-21 03:00:00,1.3397299999999999,1.34119,1.3394599999999999,1.34088
2025-05-21 04:00:00,1.34087,1.34121,1.33989,1.34089
2025-05-21 05:00:00,1.34089,1.3427,1.34079,1.34237
2025-05-21 06:00:00,1.34237,1.34356,1.3421,1.34307
2025-05-21 07:00:00,1.34307,1.34356,1.34267,1.34305
2025-05-21 08:00:00,1.34305,1.3437999999999999,1.34279,1.34355
2025-05-21 09:00:00,1.3435000000000001,1.34691,1.34226,1.34456
2025-05-21 10:00:00,1.34456,1.34463,1.34101,1.34125
2025-05-21 11:00:00,1.34125,1.34196,1.3390900000000001,1.3399
2025-05-21 12:00:00,1.3399,1.34106,1.33888,1.3410199999999999
2025-05-21 13:00:00,1.3410199999999999,1.34382,1.34057,1.3412600000000001
2025-05-21 14:00:00,1.3412600000000001,1.34174,1.33963,1.34143
2025-05-21 15:00:00,1.34145,1.34237,1.34006,1.34225
2025-05-21 16:00:00,1.34227,1.3437000000000001,1.34147,1.34334
2025-05-21 17:00:00,1.34334,1.34432,1.3424,1.34357
2025-05-21 18:00:00,1.34357,1.34497,1.34306,1.34453
2025-05-21 19:00:00,1.34453,1.34517,1.34419,1.34469
2025-05-21 20:00:00,1.34469,1.3452600000000001,1.34325,1.34387
2025-05-21 21:00:00,1.34387,1.34389,1.34268,1.3427799999999999
2025-05-21 22:00:00,1.3427799999999999,1.3434599999999999,1.3416000000000001,1.34164
2025-05-21 23:00:00,1.34164,1.34238,1.34131,1.34192
2025-05-22 00:00:00,1.34193,1.34199,1.34124,1.3416000000000001
2025-05-22 01:00:00,1.3416000000000001,1.34184,1.34049,1.34052
2025-05-22 02:00:00,1.34052,1.34208,1.34049,1.34206
2025-05-22 03:00:00,1.34206,1.34317,1.34203,1.3424800000000001
2025-05-22 04:00:00,1.3424800000000001,1.34345,1.34165,1.34266
2025-05-22 05:00:00,1.34267,1.3441100000000001,1.34191,1.34328
2025-05-22 06:00:00,1.34328,1.34341,1.34232,1.3425099999999999
2025-05-22 07:00:00,1.3425099999999999,1.34311,1.34209,1.34292
2025-05-22 08:00:00,1.34292,1.34328,1.34222,1.34307
2025-05-22 09:00:00,1.34307,1.34318,1.34165,1.34196
2025-05-22 10:00:00,1.34196,1.34329,1.34097,1.34325
2025-05-22 11:00:00,1.34324,1.3440699999999999,1.34016,1.34024
2025-05-22 12:00:00,1.34024,1.34082,1.33921,1.3403
2025-05-22 13:00:00,1.3403,1.34033,1.3390900000000001,1.33983
2025-05-22 14:00:00,1.33983,1.34236,1.33975,1.34201
2025-05-22 15:00:00,1.34201,1.34265,1.3401399999999999,1.34131
2025-05-22 16:00:00,1.34131,1.34279,1.34069,1.34172
2025-05-22 17:00:00,1.3417,1.34363,1.34147,1.34237
2025-05-22 18:00:00,1.34237,1.34299,1.34056,1.3425099999999999
2025-05-22 19:00:00,1.3425099999999999,1.34366,1.34174,1.3418
2025-05-22 20:00:00,1.3418,1.34186,1.34037,1.3415
2025-05-22 21:00:00,1.34148,1.34259,1.3414,1.34231
2025-05-22 22:00:00,1.34231,1.343,1.34176,1.34186
2025-05-22 23:00:00,1.34186,1.34205,1.34118,1.34179
2025-05-23 00:00:00,1.34185,1.34202,1.34081,1.34166
2025-05-23 01:00:00,1.34166,1.34272,1.34166,1.34242
2025-05-23 02:00:00,1.34243,1.34262,1.34188,1.34198
2025-05-23 03:00:00,1.3419699999999999,1.34358,1.34186,1.34322
2025-05-23 04:00:00,1.34322,1.3446500000000001,1.34299,1.34412
2025-05-23 05:00:00,1.34412,1.34482,1.3437999999999999,1.3446
2025-05-23 06:00:00,1.34459,1.34484,1.34429,1.34477
2025-05-23 07:00:00,1.34477,1.34557,1.3446,1.34523
2025-05-23 08:00:00,1.34523,1.34596,1.34457,1.34564
2025-05-23 09:00:00,1.34561,1.3462,1.3444,1.34489
2025-05-23 10:00:00,1.34489,1.3485,1.34452,1.34799
2025-05-23 11:00:00,1.34799,1.34918,1.34778,1.34883
2025-05-23 12:00:00,1.34883,1.3501699999999999,1.34853,1.3498299999999999
2025-05-23 13:00:00,1.3498299999999999,1.35019,1.34927,1.34968
2025-05-23 14:00:00,1.34968,1.3516,1.3474,1.34887
2025-05-23 15:00:00,1.34887,1.35337,1.34771,1.3518
2025-05-23 16:00:00,1.3518,1.3523800000000001,1.34819,1.34824
2025-05-23 17:00:00,1.34822,1.35007,1.34808,1.3496000000000001
2025-05-23 18:00:00,1.3496000000000001,1.3516,1.34937,1.35087
2025-05-23 19:00:00,1.35087,1.35228,1.35049,1.35219
2025-05-23 20:00:00,1.35219,1.35394,1.35213,1.35284
2025-05-23 21:00:00,1.35284,1.35375,1.35275,1.3531
2025-05-23 22:00:00,1.35311,1.35375,1.35262,1.35346
2025-05-23 23:00:00,1.35346,1.35394,1.35328,1.35375
2025-05-26 00:00:00,1.35209,1.3525800000000001,1.35209,1.35256
2025-05-26 01:00:00,1.35256,1.35394,1.3523800000000001,1.3535
2025-05-26 02:00:00,1.3535,1.35425,1.35315,1.35381
2025-05-26 03:00:00,1.35381,1.35613,1.3536299999999999,1.35611
2025-05-26 04:00:00,1.35611,1.35866,1.35537,1.35843
2025-05-26 05:00:00,1.35843,1.35934,1.3578299999999999,1.35822
2025-05-26 06:00:00,1.35821,1.3584399999999999,1.35768,1.35791
2025-05-26 07:00:00,1.35791,1.35857,1.35747,1.35826
2025-05-26 08:00:00,1.35826,1.35926,1.3571900000000001,1.35893
2025-05-26 09:00:00,1.35893,1.35925,1.35713,1.35734
2025-05-26 10:00:00,1.35732,1.35786,1.35657,1.3566799999999999
2025-05-26 11:00:00,1.35669,1.35714,1.3558,1.35644
2025-05-26 12:00:00,1.35646,1.35682,1.35555,1.35617
2025-05-26 13:00:00,1.35617,1.35655,1.35549,1.3562400000000001
2025-05-26 14:00:00,1.3562400000000001,1.3566799999999999,1.35545,1.35599
2025-05-26 15:00:00,1.35599,1.3563,1.35513,1.35559
2025-05-26 16:00:00,1.35559,1.35676,1.35527,1.35671
2025-05-26 17:00:00,1.35671,1.35683,1.35571,1.3563
2025-05-26 18:00:00,1.3563,1.3565,1.3557299999999999,1.35632
2025-05-26 19:00:00,1.35632,1.35649,1.35596,1.35643
2025-05-26 20:00:00,1.35643,1.35652,1.35577,1.35619
2025-05-26 21:00:00,1.35619,1.35648,1.35613,1.35622
2025-05-26 22:00:00,1.35622,1.35648,1.35618,1.35641
2025-05-26 23:00:00,1.35641,1.35652,1.35609,1.3563100000000001
2025-05-27 00:00:00,1.35589,1.35614,1.35526,1.35598
2025-05-27 01:00:00,1.35598,1.35686,1.35564,1.35655
2025-05-27 02:00:00,1.35655,1.35666,1.3563399999999999,1.35654
2025-05-27 03:00:00,1.35654,1.35852,1.35654,1.35825
2025-05-27 04:00:00,1.35825,1.35869,1.3569200000000001,1.35739
2025-05-27 05:00:00,1.35739,1.35813,1.35676,1.35691
2025-05-27 06:00:00,1.35691,1.35763,1.35673,1.35693
2025-05-27 07:00:00,1.35693,1.35754,1.3553899999999999,1.35553
2025-05-27 08:00:00,1.35553,1.35562,1.35386,1.35551
2025-05-27 09:00:00,1.35551,1.35736,1.35465,1.35476
2025-05-27 10:00:00,1.35476,1.35574,1.3522,1.35252
2025-05-27 11:00:00,1.35252,1.35474,1.35229,1.35369
2025-05-27 12:00:00,1.35368,1.3550200000000001,1.35358,1.35457
2025-05-27 13:00:00,1.35458,1.35458,1.35336,1.3541400000000001
2025-05-27 14:00:00,1.3541400000000001,1.35538,1.35412,1.3548499999999999
2025-05-27 15:00:00,1.35486,1.35625,1.35471,1.3562
2025-05-27 16:00:00,1.3562,1.3565,1.3541,1.3543
2025-05-27 17:00:00,1.35433,1.3554300000000001,1.3519,1.35203
2025-05-27 18:00:00,1.35203,1.35213,1.35004,1.35026
2025-05-27 19:00:00,1.35026,1.3512,1.35011,1.35074
2025-05-27 20:00:00,1.35074,1.3511199999999999,1.3502100000000001,1.35092
2025-05-27 21:00:00,1.35092,1.35153,1.35057,1.35124
2025-05-27 22:00:00,1.35124,1.35149,1.35038,1.35052
2025-05-27 23:00:00,1.35052,1.35089,1.35032,1.3507
2025-05-28 00:00:00,1.3502399999999999,1.3507799999999999,1.35008,1.35057
2025-05-28 01:00:00,1.35057,1.3513600000000001,1.35038,1.35124
2025-05-28 02:00:00,1.35124,1.3515,1.35095,1.3513899999999999
2025-05-28 03:00:00,1.3513899999999999,1.35226,1.35133,1.35153
2025-05-28 04:00:00,1.35153,1.3516599999999999,1.3489200000000001,1.34934
2025-05-28 05:00:00,1.34934,1.35006,1.34795,1.34819
2025-05-28 06:00:00,1.34823,1.3489499999999999,1.34764,1.34827
2025-05-28 07:00:00,1.34827,1.34859,1.3470900000000001,1.34724
2025-05-28 08:00:00,1.34724,1.3480699999999999,1.34611,1.34805
2025-05-28 09:00:00,1.3480400000000001,1.34848,1.34715,1.3477999999999999
2025-05-28 10:00:00,1.34779,1.3504399999999999,1.34764,1.34985
2025-05-28 11:00:00,1.34985,1.3511199999999999,1.34962,1.35093
2025-05-28 12:00:00,1.35093,1.35155,1.35054,1.351
2025-05-28 13:00:00,1.351,1.3519700000000001,1.34894,1.3494
2025-05-28 14:00:00,1.3494,1.34981,1.34767,1.34792
2025-05-28 15:00:00,1.34792,1.34844,1.34659,1.34693
2025-05-28 16:00:00,1.34693,1.34732,1.34501,1.34668
2025-05-28 17:00:00,1.34667,1.34894,1.34635,1.3471199999999999
2025-05-28 18:00:00,1.3471199999999999,1.34758,1.34543,1.34596
2025-05-28 19:00:00,1.34596,1.3475,1.34596,1.34747
2025-05-28 20:00:00,1.34747,1.34796,1.34686,1.34698
2025-05-28 21:00:00,1.34701,1.3476,1.34622,1.34695
2025-05-28 22:00:00,1.34695,1.3470900000000001,1.34628,1.34644
2025-05-28 23:00:00,1.34644,1.34713,1.34644,1.34697
2025-05-29 00:00:00,1.34652,1.34689,1.34639,1.34646
2025-05-29 01:00:00,1.34646,1.3471,1.34631,1.34667
2025-05-29 02:00:00,1.34667,1.34676,1.3415599999999999,1.34284
2025-05-29 03:00:00,1.34284,1.3443800000000001,1.3419400000000001,1.3428499999999999
2025-05-29 04:00:00,1.34284,1.34456,1.34189,1.34445
2025-05-29 05:00:00,1.34445,1.34467,1.34323,1.34336
2025-05-29 06:00:00,1.34336,1.34426,1.34289,1.34362
2025-05-29 07:00:00,1.34362,1.34462,1.34315,1.34401
2025-05-29 08:00:00,1.34401,1.34422,1.34265,1.34342
2025-05-29 09:00:00,1.34342,1.34578,1.34287,1.34568
2025-05-29 10:00:00,1.34568,1.34708,1.34568,1.3464800000000001
2025-05-29 11:00:00,1.3464800000000001,1.3475,1.34545,1.34604
2025-05-29 12:00:00,1.34604,1.34774,1.34598,1.34689
2025-05-29 13:00:00,1.34689,1.3484099999999999,1.3467500000000001,1.34729
2025-05-29 14:00:00,1.3473,1.34778,1.34581,1.34608
2025-05-29 15:00:00,1.34608,1.35054,1.34606,1.35016
2025-05-29 16:00:00,1.35016,1.35072,1.3486500000000001,1.34928
2025-05-29 17:00:00,1.34928,1.35004,1.34765,1.34829
2025-05-29 18:00:00,1.34829,1.34954,1.3479999999999999,1.34884
2025-05-29 19:00:00,1.34884,1.3505099999999999,1.34874,1.3493
2025-05-29 20:00:00,1.3493,1.35046,1.34871,1.34971
2025-05-29 21:00:00,1.34973,1.35047,1.34965,1.34985
2025-05-29 22:00:00,1.34985,1.35007,1.3492600000000001,1.34947
2025-05-29 23:00:00,1.34947,1.34964,1.34878,1.34913
2025-05-30 00:00:00,1.34866,1.34913,1.34828,1.34882
2025-05-30 01:00:00,1.34882,1.34995,1.34878,1.34943
2025-05-30 02:00:00,1.34943,1.35013,1.34932,1.34993
2025-05-30 03:00:00,1.34993,1.35098,1.3490199999999999,1.34966
2025-05-30 04:00:00,1.34966,1.3511199999999999,1.34802,1.3482
2025-05-30 05:00:00,1.3482,1.34867,1.34708,1.34727
2025-05-30 06:00:00,1.34727,1.34798,1.34684,1.34711
2025-05-30 07:00:00,1.34711,1.34757,1.34697,1.34717
2025-05-30 08:00:00,1.34717,1.3483399999999999,1.34684,1.34795
2025-05-30 09:00:00,1.34796,1.34857,1.34642,1.34782
2025-05-30 10:00:00,1.34781,1.34818,1.34552,1.34784
2025-05-30 11:00:00,1.34784,1.34847,1.3465,1.3466
2025-05-30 12:00:00,1.3466,1.3473600000000001,1.34627,1.34705
2025-05-30 13:00:00,1.34705,1.3482,1.3468499999999999,1.34722
2025-05-30 14:00:00,1.34722,1.34814,1.34673,1.34756
2025-05-30 15:00:00,1.34756,1.34995,1.3474300000000001,1.34928
2025-05-30 16:00:00,1.34928,1.34945,1.34509,1.34516
2025-05-30 17:00:00,1.34516,1.34894,1.3448,1.34827
2025-05-30 18:00:00,1.34826,1.34842,1.34662,1.34673
2025-05-30 19:00:00,1.34673,1.34727,1.3455,1.34608
2025-05-30 20:00:00,1.34608,1.34765,1.34608,1.34647
2025-05-30 21:00:00,1.34647,1.3473899999999999,1.34645,1.3468
2025-05-30 22:00:00,1.3468,1.34766,1.34644,1.34731
2025-05-30 23:00:00,1.34732,1.34755,1.34548,1.3455
2025-06-02 00:00:00,1.34628,1.34628,1.34479,1.345
2025-06-02 01:00:00,1.345,1.34661,1.34489,1.34645
2025-06-02 02:00:00,1.34645,1.34737,1.3463,1.34686
2025-06-02 03:00:00,1.34686,1.34923,1.3467799999999999,1.34885
2025-06-02 04:00:00,1.34885,1.35059,1.34854,1.3489499999999999
2025-06-02 05:00:00,1.34896,1.34962,1.34844,1.34857
2025-06-02 06:00:00,1.34856,1.34879,1.34734,1.34829
2025-06-02 07:00:00,1.34829,1.34903,1.34815,1.34888
2025-06-02 08:00:00,1.34888,1.35036,1.34881,1.35015
2025-06-02 09:00:00,1.35015,1.35339,1.34986,1.35314
2025-06-02 10:00:00,1.35316,1.35576,1.35287,1.3548499999999999
2025-06-02 11:00:00,1.3548499999999999,1.35525,1.3538299999999999,1.35433
2025-06-02 12:00:00,1.35433,1.35555,1.35403,1.3541400000000001
2025-06-02 13:00:00,1.3541400000000001,1.35458,1.35303,1.35307
2025-06-02 14:00:00,1.35307,1.35429,1.35272,1.35359
2025-06-02 15:00:00,1.35359,1.3550900000000001,1.35318,1.35427
2025-06-02 16:00:00,1.35428,1.35439,1.35186,1.3529
2025-06-02 17:00:00,1.35281,1.35598,1.35281,1.35528
2025-06-02 18:00:00,1.35528,1.35555,1.3544,1.35474
2025-06-02 19:00:00,1.35474,1.35484,1.3519,1.35227
2025-06-02 20:00:00,1.35225,1.35275,1.35181,1.35212
2025-06-02 21:00:00,1.35212,1.3541699999999999,1.3517299999999999,1.3541
2025-06-02 22:00:00,1.3541,1.35479,1.35355,1.35465
2025-06-02 23:00:00,1.35464,1.35498,1.35434,1.35439
2025-06-03 00:00:00,1.3543,1.3543,1.35318,1.35385
2025-06-03 01:00:00,1.35385,1.35487,1.35376,1.3548499999999999
2025-06-03 02:00:00,1.3548499999999999,1.35595,1.35473,1.35572
2025-06-03 03:00:00,1.35572,1.35578,1.35455,1.35476
2025-06-03 04:00:00,1.35476,1.35477,1.35314,1.35337
2025-06-03 05:00:00,1.35337,1.35338,1.35189,1.3522
2025-06-03 06:00:00,1.3522,1.35255,1.35149,1.35185
2025-06-03 07:00:00,1.35185,1.3525800000000001,1.35155,1.35241
2025-06-03 08:00:00,1.35241,1.3526799999999999,1.3512,1.35241
2025-06-03 09:00:00,1.35241,1.35375,1.35155,1.3532199999999999
2025-06-03 10:00:00,1.35321,1.3533,1.35164,1.35196
2025-06-03 11:00:00,1.35196,1.3520400000000001,1.35054,1.35154
2025-06-03 12:00:00,1.35156,1.35266,1.35089,1.3515
2025-06-03 13:00:00,1.3515,1.35199,1.35041,1.35059
2025-06-03 14:00:00,1.35057,1.35079,1.3495,1.35036
2025-06-03 15:00:00,1.35038,1.35054,1.3492,1.35038
2025-06-03 16:00:00,1.35039,1.35224,1.35002,1.35131
2025-06-03 17:00:00,1.3513,1.35335,1.3496299999999999,1.35288
2025-06-03 18:00:00,1.35288,1.3532,1.35165,1.3519999999999999
2025-06-03 19:00:00,1.3519999999999999,1.35266,1.35102,1.35185
2025-06-03 20:00:00,1.35185,1.35293,1.3516599999999999,1.35277
2025-06-03 21:00:00,1.35276,1.35281,1.35188,1.35247
2025-06-03 22:00:00,1.35247,1.3526099999999999,1.3513899999999999,1.35158
2025-06-03 23:00:00,1.35158,1.35222,1.35138,1.35181
2025-06-04 00:00:00,1.35147,1.35162,1.35108,1.35108
2025-06-04 01:00:00,1.35108,1.35227,1.351,1.35213
2025-06-04 02:00:00,1.35213,1.35318,1.35213,1.35308
2025-06-04 03:00:00,1.35307,1.35334,1.35255,1.35269
2025-06-04 04:00:00,1.35269,1.3544800000000001,1.35153,1.35351
2025-06-04 05:00:00,1.35351,1.3538700000000001,1.35203,1.3523100000000001
2025-06-04 06:00:00,1.3523100000000001,1.35286,1.35141,1.3516599999999999
2025-06-04 07:00:00,1.3516599999999999,1.35272,1.35107,1.35122
2025-06-04 08:00:00,1.35122,1.35165,1.3501,1.35104
2025-06-04 09:00:00,1.35104,1.35273,1.3504800000000001,1.3527
2025-06-04 10:00:00,1.3527,1.3541400000000001,1.35227,1.35286
2025-06-04 11:00:00,1.35287,1.35456,1.35243,1.354
2025-06-04 12:00:00,1.354,1.3543,1.35301,1.35359
2025-06-04 13:00:00,1.35359,1.35386,1.35203,1.35241
2025-06-04 14:00:00,1.35241,1.35272,1.35131,1.3513899999999999
2025-06-04 15:00:00,1.3513899999999999,1.35442,1.35119,1.35432
2025-06-04 16:00:00,1.35432,1.3549,1.35315,1.35385
2025-06-04 17:00:00,1.3536299999999999,1.35801,1.3536299999999999,1.35769
2025-06-04 18:00:00,1.35769,1.35778,1.35588,1.3568
2025-06-04 19:00:00,1.3568,1.3572,1.35569,1.35714
2025-06-04 20:00:00,1.35714,1.35738,1.35595,1.3561
2025-06-04 21:00:00,1.3561,1.35663,1.35571,1.35585
2025-06-04 22:00:00,1.35585,1.3559999999999999,1.35463,1.35465
2025-06-04 23:00:00,1.35465,1.3555,1.35454,1.35529
2025-06-05 00:00:00,1.35521,1.35524,1.35466,1.35466
2025-06-05 01:00:00,1.35466,1.35542,1.35449,1.3551
2025-06-05 02:00:00,1.35511,1.35599,1.35503,1.3551
2025-06-05 03:00:00,1.3551,1.35599,1.35467,1.35599
2025-06-05 04:00:00,1.35598,1.35659,1.35434,1.35471
2025-06-05 05:00:00,1.35471,1.35494,1.35408,1.35477
2025-06-05 06:00:00,1.35477,1.35612,1.35443,1.35449
2025-06-05 07:00:00,1.35449,1.35503,1.35429,1.35474
2025-06-05 08:00:00,1.35474,1.355,1.35426,1.3544399999999999
2025-06-05 09:00:00,1.35443,1.35589,1.35443,1.35469
2025-06-05 10:00:00,1.35469,1.35743,1.35452,1.35606
2025-06-05 11:00:00,1.35606,1.35732,1.35606,1.35674
2025-06-05 12:00:00,1.35674,1.3573,1.35606,1.35648
2025-06-05 13:00:00,1.35648,1.3584800000000001,1.35643,1.35747
2025-06-05 14:00:00,1.35747,1.35786,1.35659,1.35707
2025-06-05 15:00:00,1.35706,1.35946,1.35664,1.35789
2025-06-05 16:00:00,1.35791,1.36168,1.35711,1.36025
2025-06-05 17:00:00,1.36025,1.3607,1.35876,1.35917
2025-06-05 18:00:00,1.35917,1.35988,1.35757,1.35822
2025-06-05 19:00:00,1.35822,1.35881,1.35765,1.35863
2025-06-05 20:00:00,1.35865,1.35896,1.35793,1.35893
2025-06-05 21:00:00,1.35893,1.35893,1.35696,1.35801
2025-06-05 22:00:00,1.35801,1.35809,1.35667,1.35739
2025-06-05 23:00:00,1.35739,1.35762,1.3569499999999999,1.35698
2025-06-06 00:00:00,1.3568,1.3572899999999999,1.35648,1.3572
2025-06-06 01:00:00,1.3572,1.3578299999999999,1.35704,1.35782
2025-06-06 02:00:00,1.35782,1.35812,1.3575,1.3578999999999999
2025-06-06 03:00:00,1.3578999999999999,1.35847,1.3578700000000001,1.3578999999999999
2025-06-06 04:00:00,1.3578999999999999,1.35838,1.35727,1.35742
2025-06-06 05:00:00,1.35743,1.35752,1.3565800000000001,1.35698
2025-06-06 06:00:00,1.35698,1.35758,1.35686,1.3571900000000001
2025-06-06 07:00:00,1.3571900000000001,1.35769,1.35713,1.3575
2025-06-06 08:00:00,1.35751,1.35751,1.35619,1.35664
2025-06-06 09:00:00,1.35664,1.35674,1.35442,1.3550200000000001
2025-06-06 10:00:00,1.3550200000000001,1.35523,1.35352,1.35459
2025-06-06 11:00:00,1.35459,1.3548200000000001,1.35347,1.3538299999999999
2025-06-06 12:00:00,1.3538299999999999,1.35399,1.35294,1.35339
2025-06-06 13:00:00,1.35339,1.35523,1.35339,1.35497
2025-06-06 14:00:00,1.35497,1.35552,1.35428,1.35514
2025-06-06 15:00:00,1.35514,1.35642,1.35185,1.35366
2025-06-06 16:00:00,1.35364,1.3544399999999999,1.35077,1.35214
2025-06-06 17:00:00,1.35216,1.3548200000000001,1.3516599999999999,1.35263
2025-06-06 18:00:00,1.35263,1.3535,1.3517000000000001,1.35309
2025-06-06 19:00:00,1.35309,1.35357,1.35181,1.35194
2025-06-06 20:00:00,1.35194,1.35289,1.35159,1.35264
2025-06-06 21:00:00,1.35264,1.35334,1.35257,1.3529900000000001
2025-06-06 22:00:00,1.353,1.35346,1.3526799999999999,1.3532
2025-06-06 23:00:00,1.3532,1.35325,1.35233,1.3526099999999999
2025-06-09 00:00:00,1.3516599999999999,1.35259,1.35162,1.3525
2025-06-09 01:00:00,1.3525,1.35359,1.3525,1.35354
2025-06-09 02:00:00,1.35354,1.35399,1.35341,1.35373
2025-06-09 03:00:00,1.35373,1.35391,1.35283,1.35312
2025-06-09 04:00:00,1.35313,1.35547,1.35313,1.35533
2025-06-09 05:00:00,1.35534,1.35655,1.35518,1.35562
2025-06-09 06:00:00,1.35562,1.35611,1.35518,1.35518
2025-06-09 07:00:00,1.35518,1.3555,1.35497,1.35544
2025-06-09 08:00:00,1.35544,1.35592,1.35488,1.3557299999999999
2025-06-09 09:00:00,1.3557299999999999,1.35723,1.35538,1.3568500000000001
2025-06-09 10:00:00,1.3568500000000001,1.3569499999999999,1.35589,1.35647
2025-06-09 11:00:00,1.35647,1.3578000000000001,1.35636,1.35735
2025-06-09 12:00:00,1.35735,1.35815,1.35711,1.35718
2025-06-09 13:00:00,1.35718,1.35758,1.35581,1.3559
2025-06-09 14:00:00,1.3559,1.35639,1.35551,1.35618
2025-06-09 15:00:00,1.35618,1.35622,1.3534,1.35365
2025-06-09 16:00:00,1.35365,1.35409,1.35247,1.3536000000000001
2025-06-09 17:00:00,1.35361,1.35493,1.35284,1.35452
2025-06-09 18:00:00,1.35452,1.35645,1.35442,1.3562400000000001
2025-06-09 19:00:00,1.3562400000000001,1.3563,1.3553899999999999,1.35587
2025-06-09 20:00:00,1.35586,1.35623,1.35517,1.3558
2025-06-09 21:00:00,1.3558,1.3565800000000001,1.35561,1.3563
2025-06-09 22:00:00,1.3563,1.3565800000000001,1.3557299999999999,1.35579
2025-06-09 23:00:00,1.35579,1.35579,1.35483,1.3550200000000001
2025-06-10 00:00:00,1.3544,1.3552,1.35399,1.3548200000000001
2025-06-10 01:00:00,1.3548200000000001,1.35544,1.35472,1.35529
2025-06-10 02:00:00,1.35529,1.35576,1.3550200000000001,1.35544
2025-06-10 03:00:00,1.35545,1.35644,1.35519,1.35547
2025-06-10 04:00:00,1.35547,1.35605,1.35275,1.35306
2025-06-10 05:00:00,1.35306,1.35403,1.35196,1.35381
2025-06-10 06:00:00,1.35381,1.35442,1.3531900000000001,1.35438
2025-06-10 07:00:00,1.35438,1.35447,1.35321,1.35381
2025-06-10 08:00:00,1.35382,1.3546,1.35352,1.35404
2025-06-10 09:00:00,1.35407,1.35409,1.34823,1.34823
2025-06-10 10:00:00,1.34821,1.3485800000000001,1.34564,1.34725
2025-06-10 11:00:00,1.34725,1.34971,1.34725,1.34878
2025-06-10 12:00:00,1.34878,1.34954,1.34801,1.3492
2025-06-10 13:00:00,1.34921,1.35074,1.3489200000000001,1.35064
2025-06-10 14:00:00,1.35064,1.35087,1.34937,1.35054
2025-06-10 15:00:00,1.35054,1.35128,1.34982,1.35072
2025-06-10 16:00:00,1.35072,1.35344,1.35049,1.35333
2025-06-10 17:00:00,1.35333,1.35368,1.3513600000000001,1.35142
2025-06-10 18:00:00,1.35142,1.35167,1.3505099999999999,1.35072
2025-06-10 19:00:00,1.35072,1.35095,1.34979,1.34985
2025-06-10 20:00:00,1.34985,1.35052,1.34951,1.35004
2025-06-10 21:00:00,1.35004,1.35004,1.34903,1.34943
2025-06-10 22:00:00,1.34943,1.35084,1.34917,1.3502
2025-06-10 23:00:00,1.35019,1.35037,1.3495599999999999,1.34978
2025-06-11 00:00:00,1.3496000000000001,1.35002,1.34905,1.34958
2025-06-11 01:00:00,1.34958,1.35039,1.34927,1.35028
2025-06-11 02:00:00,1.35028,1.35102,1.34961,1.35076
2025-06-11 03:00:00,1.35076,1.35098,1.34911,1.3492
2025-06-11 04:00:00,1.3492,1.34958,1.34752,1.34765
2025-06-11 05:00:00,1.34765,1.3483,1.34747,1.34805
2025-06-11 06:00:00,1.34805,1.34839,1.34755,1.34823
2025-06-11 07:00:00,1.34823,1.34863,1.34774,1.34828
2025-06-11 08:00:00,1.34828,1.34915,1.34809,1.34903
2025-06-11 09:00:00,1.34903,1.34912,1.3465799999999999,1.34674
2025-06-11 10:00:00,1.3467500000000001,1.34893,1.34644,1.34833
2025-06-11 11:00:00,1.34833,1.3496299999999999,1.34802,1.34945
2025-06-11 12:00:00,1.34945,1.35059,1.34901,1.34976
2025-06-11 13:00:00,1.34976,1.35034,1.34937,1.34964
2025-06-11 14:00:00,1.3496299999999999,1.34973,1.34851,1.34952
2025-06-11 15:00:00,1.34952,1.35499,1.34884,1.35188
2025-06-11 16:00:00,1.35189,1.35306,1.3502,1.35186
2025-06-11 17:00:00,1.35186,1.35449,1.35165,1.3538999999999999
2025-06-11 18:00:00,1.3538999999999999,1.35581,1.35332,1.35551
2025-06-11 19:00:00,1.35551,1.35575,1.3541400000000001,1.35498
2025-06-11 20:00:00,1.35498,1.35645,1.35473,1.35628
2025-06-11 21:00:00,1.35629,1.35674,1.35476,1.35476
2025-06-11 22:00:00,1.35476,1.35484,1.35362,1.35381
2025-06-11 23:00:00,1.3538299999999999,1.3547799999999999,1.3538000000000001,1.35474
2025-06-12 00:00:00,1.3541,1.3547500000000001,1.35391,1.35428
2025-06-12 01:00:00,1.35428,1.3569,1.35411,1.35663
2025-06-12 02:00:00,1.35663,1.35728,1.3562699999999999,1.35678
2025-06-12 03:00:00,1.35678,1.35885,1.3562400000000001,1.35834
2025-06-12 04:00:00,1.35834,1.35935,1.35793,1.35833
2025-06-12 05:00:00,1.35832,1.35835,1.35671,1.35734
2025-06-12 06:00:00,1.35734,1.35857,1.35727,1.35835
2025-06-12 07:00:00,1.35835,1.35861,1.35771,1.35826
2025-06-12 08:00:00,1.35826,1.35901,1.35782,1.35888
2025-06-12 09:00:00,1.35896,1.35896,1.3556300000000001,1.35646
2025-06-12 10:00:00,1.35646,1.35646,1.35228,1.3543
2025-06-12 11:00:00,1.3543,1.35674,1.3538000000000001,1.35662
2025-06-12 12:00:00,1.3566099999999999,1.35869,1.35601,1.35776
2025-06-12 13:00:00,1.35776,1.35979,1.35712,1.35896
2025-06-12 14:00:00,1.35896,1.35994,1.35793,1.35925
2025-06-12 15:00:00,1.35925,1.36194,1.35799,1.36105
2025-06-12 16:00:00,1.36105,1.36235,1.3588,1.35958
2025-06-12 17:00:00,1.35958,1.36074,1.3593600000000001,1.35944
2025-06-12 18:00:00,1.35944,1.3596599999999999,1.35824,1.35864
2025-06-12 19:00:00,1.35864,1.35922,1.35822,1.35916
2025-06-12 20:00:00,1.35916,1.35962,1.3584,1.3591
2025-06-12 21:00:00,1.3591,1.35971,1.35863,1.3596300000000001
2025-06-12 22:00:00,1.3596300000000001,1.36046,1.3593600000000001,1.36029
2025-06-12 23:00:00,1.36029,1.36152,1.36011,1.3612600000000001
2025-06-13 00:00:00,1.36116,1.36152,1.35968,1.36108
2025-06-13 01:00:00,1.36108,1.36218,1.36108,1.3617
2025-06-13 02:00:00,1.3617,1.36306,1.36128,1.36291
2025-06-13 03:00:00,1.36286,1.36327,1.3559,1.35704
2025-06-13 04:00:00,1.35704,1.35716,1.3551199999999999,1.35653
2025-06-13 05:00:00,1.35651,1.3569200000000001,1.35523,1.35572
2025-06-13 06:00:00,1.35572,1.35586,1.35407,1.35529
2025-06-13 07:00:00,1.35529,1.35535,1.35304,1.35343
2025-06-13 08:00:00,1.35343,1.35461,1.35281,1.35393
2025-06-13 09:00:00,1.35394,1.35537,1.35215,1.35379
2025-06-13 10:00:00,1.35379,1.35704,1.35365,1.35594
2025-06-13 11:00:00,1.35594,1.3569499999999999,1.35513,1.35593
2025-06-13 12:00:00,1.35593,1.35629,1.35415,1.35442
2025-06-13 13:00:00,1.35442,1.35531,1.3523100000000001,1.35344
2025-06-13 14:00:00,1.35344,1.35479,1.35232,1.35393
2025-06-13 15:00:00,1.35393,1.35422,1.3524,1.35342
2025-06-13 16:00:00,1.35342,1.35428,1.35164,1.3541699999999999
2025-06-13 17:00:00,1.35408,1.3576,1.35388,1.35752
2025-06-13 18:00:00,1.35752,1.3603100000000001,1.35733,1.35923
2025-06-13 19:00:00,1.35923,1.36015,1.3590499999999999,1.35948
2025-06-13 20:00:00,1.35948,1.35948,1.35735,1.35834
2025-06-13 21:00:00,1.35835,1.35862,1.35598,1.35626
2025-06-13 22:00:00,1.35625,1.35716,1.35587,1.35707
2025-06-13 23:00:00,1.35707,1.35739,1.35596,1.35736
2025-06-16 00:00:00,1.35613,1.35614,1.35382,1.3541
2025-06-16 01:00:00,1.3541,1.35614,1.35344,1.35565
2025-06-16 02:00:00,1.35565,1.35578,1.35415,1.35487
2025-06-16 03:00:00,1.35487,1.35559,1.35438,1.35501
2025-06-16 04:00:00,1.35499,1.35584,1.35452,1.35473
2025-06-16 05:00:00,1.35474,1.3553600000000001,1.35419,1.35429
2025-06-16 06:00:00,1.35429,1.35477,1.35349,1.35365
2025-06-16 07:00:00,1.35365,1.35481,1.35361,1.35471
2025-06-16 08:00:00,1.35471,1.35746,1.35471,1.35712
2025-06-16 09:00:00,1.35711,1.3590499999999999,1.3558,1.35862
2025-06-16 10:00:00,1.35862,1.35929,1.35781,1.35837
2025-06-16 11:00:00,1.35837,1.35893,1.35772,1.35791
2025-06-16 12:00:00,1.35791,1.3591,1.35777,1.35861
2025-06-16 13:00:00,1.35861,1.35884,1.35758,1.35807
2025-06-16 14:00:00,1.35807,1.3591,1.35765,1.35777
2025-06-16 15:00:00,1.35777,1.35843,1.35739,1.35826
2025-06-16 16:00:00,1.35826,1.3614600000000001,1.35825,1.36114
2025-06-16 17:00:00,1.36114,1.36224,1.35948,1.35961
2025-06-16 18:00:00,1.35962,1.35998,1.35895,1.3597299999999999
2025-06-16 19:00:00,1.3597299999999999,1.36089,1.35956,1.36084
2025-06-16 20:00:00,1.3608500000000001,1.36109,1.35921,1.3596599999999999
2025-06-16 21:00:00,1.35964,1.36001,1.35941,1.35964
2025-06-16 22:00:00,1.35964,1.35965,1.35738,1.35742
2025-06-16 23:00:00,1.35742,1.35834,1.3572600000000001,1.35764
2025-06-17 00:00:00,1.35725,1.35835,1.35638,1.3569
2025-06-17 01:00:00,1.3569,1.358,1.35686,1.35739
2025-06-17 02:00:00,1.35737,1.35797,1.35633,1.35681
2025-06-17 03:00:00,1.35682,1.35683,1.35574,1.35672
2025-06-17 04:00:00,1.35672,1.3575599999999999,1.3566500000000001,1.3568799999999999
2025-06-17 05:00:00,1.3568799999999999,1.35715,1.35589,1.35697
2025-06-17 06:00:00,1.35697,1.35761,1.3567,1.3574
2025-06-17 07:00:00,1.3574,1.35794,1.35716,1.35734
2025-06-17 08:00:00,1.35734,1.35789,1.35655,1.3569200000000001
2025-06-17 09:00:00,1.3569200000000001,1.35775,1.35603,1.35623
2025-06-17 10:00:00,1.35623,1.35739,1.35538,1.35657
2025-06-17 11:00:00,1.35657,1.3567,1.3548200000000001,1.3548200000000001
2025-06-17 12:00:00,1.35483,1.35588,1.3541699999999999,1.3544
2025-06-17 13:00:00,1.3544,1.3563399999999999,1.35429,1.35585
2025-06-17 14:00:00,1.35585,1.35715,1.35558,1.35618
2025-06-17 15:00:00,1.35618,1.3574,1.35473,1.3547799999999999
2025-06-17 16:00:00,1.3547799999999999,1.3565,1.35436,1.3544100000000001
2025-06-17 17:00:00,1.3544,1.35454,1.34958,1.35122
2025-06-17 18:00:00,1.35122,1.35188,1.34977,1.3514
2025-06-17 19:00:00,1.3514,1.35168,1.34663,1.3471600000000001
2025-06-17 20:00:00,1.3471600000000001,1.3474599999999999,1.34335,1.34453
2025-06-17 21:00:00,1.34453,1.34479,1.34274,1.34281
2025-06-17 22:00:00,1.34281,1.3437299999999999,1.34229,1.34261
2025-06-17 23:00:00,1.34261,1.34315,1.34154,1.3428200000000001
2025-06-18 00:00:00,1.34236,1.34341,1.3418999999999999,1.34232
2025-06-18 01:00:00,1.34232,1.34335,1.34141,1.3424
2025-06-18 02:00:00,1.3424,1.34314,1.34228,1.3429
2025-06-18 03:00:00,1.3429,1.34383,1.34283,1.34314
2025-06-18 04:00:00,1.34314,1.34403,1.34271,1.3437999999999999
2025-06-18 05:00:00,1.3437999999999999,1.34394,1.34302,1.34361
2025-06-18 06:00:00,1.34361,1.3446500000000001,1.34342,1.34383
2025-06-18 07:00:00,1.34383,1.34471,1.34358,1.34436
2025-06-18 08:00:00,1.34436,1.34494,1.34381,1.34433
2025-06-18 09:00:00,1.34435,1.34667,1.34395,1.34632
2025-06-18 10:00:00,1.34631,1.34766,1.34544,1.3458999999999999
2025-06-18 11:00:00,1.3458999999999999,1.34664,1.34488,1.34527
2025-06-18 12:00:00,1.34528,1.34683,1.34496,1.3464
2025-06-18 13:00:00,1.3464,1.3468499999999999,1.34396,1.34413
2025-06-18 14:00:00,1.34412,1.34554,1.34382,1.34511
2025-06-18 15:00:00,1.3451,1.34642,1.34432,1.3447200000000001
2025-06-18 16:00:00,1.3447200000000001,1.3455300000000001,1.34351,1.34409
2025-06-18 17:00:00,1.34409,1.34732,1.3437999999999999,1.3452
2025-06-18 18:00:00,1.34519,1.34737,1.34494,1.3469
2025-06-18 19:00:00,1.34691,1.34757,1.34558,1.34569
2025-06-18 20:00:00,1.34569,1.34619,1.3433899999999999,1.34388
2025-06-18 21:00:00,1.34364,1.34764,1.34108,1.3415300000000001
2025-06-18 22:00:00,1.34154,1.3426,1.3400699999999999,1.3409900000000001
2025-06-18 23:00:00,1.3409900000000001,1.34227,1.34079,1.34205
2025-06-19 00:00:00,1.34174,1.34225,1.34096,1.34195
2025-06-19 01:00:00,1.34195,1.34276,1.34164,1.34214
2025-06-19 02:00:00,1.34214,1.34233,1.34108,1.34143
2025-06-19 03:00:00,1.34143,1.34174,1.3408,1.34154
2025-06-19 04:00:00,1.34155,1.3416000000000001,1.33935,1.3394300000000001
2025-06-19 05:00:00,1.3394300000000001,1.34005,1.33872,1.3396
2025-06-19 06:00:00,1.3396,1.34101,1.3395299999999999,1.34076
2025-06-19 07:00:00,1.34076,1.34116,1.34048,1.3411
2025-06-19 08:00:00,1.3411,1.34114,1.33895,1.33949
2025-06-19 09:00:00,1.33949,1.34079,1.33827,1.3406500000000001
2025-06-19 10:00:00,1.3406500000000001,1.34176,1.3401100000000001,1.34022
2025-06-19 11:00:00,1.34022,1.3428499999999999,1.33976,1.34274
2025-06-19 12:00:00,1.34274,1.34345,1.34173,1.34213
2025-06-19 13:00:00,1.34213,1.34399,1.34201,1.3424
2025-06-19 14:00:00,1.3424,1.3449499999999999,1.34043,1.34473
2025-06-19 15:00:00,1.34473,1.34486,1.34239,1.3441100000000001
2025-06-19 16:00:00,1.3441100000000001,1.34453,1.34215,1.34359
2025-06-19 17:00:00,1.34359,1.34458,1.34172,1.34265
2025-06-19 18:00:00,1.34265,1.3434300000000001,1.34234,1.343
2025-06-19 19:00:00,1.34297,1.34299,1.3422100000000001,1.34252
2025-06-19 20:00:00,1.34252,1.3458700000000001,1.34246,1.34538
2025-06-19 21:00:00,1.34538,1.34606,1.34522,1.34583
2025-06-19 22:00:00,1.34583,1.347,1.34571,1.34688
2025-06-19 23:00:00,1.34688,1.347,1.34641,1.34676
2025-06-20 00:00:00,1.34584,1.3465799999999999,1.34512,1.34593
2025-06-20 01:00:00,1.34593,1.34722,1.34593,1.34673
2025-06-20 02:00:00,1.34673,1.3479700000000001,1.34662,1.34764
2025-06-20 03:00:00,1.34763,1.34903,1.34761,1.34881
2025-06-20 04:00:00,1.34881,1.349,1.34789,1.3479
2025-06-20 05:00:00,1.3479,1.3489499999999999,1.3477000000000001,1.34866
2025-06-20 06:00:00,1.34866,1.34994,1.34852,1.34973
2025-06-20 07:00:00,1.34973,1.35001,1.34938,1.34954
2025-06-20 08:00:00,1.34954,1.35009,1.34912,1.34965
2025-06-20 09:00:00,1.34972,1.34972,1.34662,1.34671
2025-06-20 10:00:00,1.3467,1.34814,1.3462399999999999,1.34761
2025-06-20 11:00:00,1.34762,1.34974,1.3470900000000001,1.34912
2025-06-20 12:00:00,1.34912,1.34961,1.34873,1.34942
2025-06-20 13:00:00,1.34942,1.3498,1.34881,1.34957
2025-06-20 14:00:00,1.34957,1.35002,1.3486099999999999,1.34975
2025-06-20 15:00:00,1.34975,1.35111,1.34854,1.35016
2025-06-20 16:00:00,1.3501699999999999,1.3506,1.34854,1.34876
2025-06-20 17:00:00,1.34876,1.34909,1.34536,1.3464800000000001
2025-06-20 18:00:00,1.34647,1.34809,1.34585,1.34647
2025-06-20 19:00:00,1.34646,1.34801,1.3463,1.34707
2025-06-20 20:00:00,1.34707,1.34766,1.34641,1.34683
2025-06-20 21:00:00,1.34683,1.34725,1.34632,1.3465099999999999
2025-06-20 22:00:00,1.3465099999999999,1.34663,1.34456,1.34458
2025-06-20 23:00:00,1.34459,1.34528,1.34401,1.34463
2025-06-23 00:00:00,1.34005,1.3405,1.33947,1.33998
2025-06-23 01:00:00,1.33998,1.3432,1.33992,1.3428
2025-06-23 02:00:00,1.3428,1.34418,1.34241,1.34348
2025-06-23 03:00:00,1.34348,1.34385,1.34116,1.34219
2025-06-23 04:00:00,1.34219,1.34253,1.34033,1.34222
2025-06-23 05:00:00,1.34223,1.34383,1.34222,1.3425099999999999
2025-06-23 06:00:00,1.3425099999999999,1.343,1.34158,1.34173
2025-06-23 07:00:00,1.34173,1.34226,1.34055,1.34098
2025-06-23 08:00:00,1.34098,1.34315,1.34097,1.3431199999999999
2025-06-23 09:00:00,1.3431199999999999,1.34419,1.3426,1.34376
2025-06-23 10:00:00,1.34375,1.34486,1.34332,1.34399
2025-06-23 11:00:00,1.34399,1.3446500000000001,1.34138,1.34144
2025-06-23 12:00:00,1.34144,1.34171,1.33704,1.33847
2025-06-23 13:00:00,1.33847,1.33938,1.33752,1.33802
2025-06-23 14:00:00,1.33802,1.33957,1.3372,1.33944
2025-06-23 15:00:00,1.33944,1.33976,1.3374,1.3392
2025-06-23 16:00:00,1.3392,1.34302,1.33872,1.34247
2025-06-23 17:00:00,1.34247,1.34951,1.34247,1.34881
2025-06-23 18:00:00,1.34882,1.35061,1.3487,1.3489499999999999
2025-06-23 19:00:00,1.3489499999999999,1.35062,1.34703,1.3492199999999999
2025-06-23 20:00:00,1.34923,1.35229,1.349,1.3520699999999999
2025-06-23 21:00:00,1.3520699999999999,1.35309,1.35165,1.35205
2025-06-23 22:00:00,1.35205,1.35289,1.3519700000000001,1.35272
2025-06-23 23:00:00,1.35272,1.35301,1.35224,1.3523800000000001
2025-06-24 00:00:00,1.35219,1.3525,1.35128,1.35178
2025-06-24 01:00:00,1.35178,1.35473,1.35175,1.35385
2025-06-24 02:00:00,1.35385,1.35551,1.3531,1.35455
2025-06-24 03:00:00,1.35455,1.35534,1.35379,1.35486
2025-06-24 04:00:00,1.35486,1.3556599999999999,1.3538999999999999,1.35405
2025-06-24 05:00:00,1.35405,1.35558,1.3535300000000001,1.35544
2025-06-24 06:00:00,1.35544,1.3566500000000001,1.35544,1.35638
2025-06-24 07:00:00,1.35637,1.3572899999999999,1.35582,1.35652
2025-06-24 08:00:00,1.35652,1.3571,1.35596,1.35693
2025-06-24 09:00:00,1.35693,1.35946,1.3566099999999999,1.3581699999999999
2025-06-24 10:00:00,1.35819,1.3587500000000001,1.3561,1.35799
2025-06-24 11:00:00,1.35795,1.36035,1.35785,1.3600400000000001
2025-06-24 12:00:00,1.3600400000000001,1.36177,1.36002,1.36094
2025-06-24 13:00:00,1.36094,1.36135,1.36044,1.36083
2025-06-24 14:00:00,1.36083,1.36264,1.36081,1.36134
2025-06-24 15:00:00,1.36133,1.3614600000000001,1.35945,1.3601
2025-06-24 16:00:00,1.3601,1.36064,1.3591,1.35994
2025-06-24 17:00:00,1.35994,1.36483,1.35977,1.36221
2025-06-24 18:00:00,1.36221,1.36343,1.36127,1.36142
2025-06-24 19:00:00,1.36142,1.36269,1.36105,1.36253
2025-06-24 20:00:00,1.36253,1.3639000000000001,1.36232,1.36354
2025-06-24 21:00:00,1.36355,1.36378,1.3626,1.3631199999999999
2025-06-24 22:00:00,1.3631199999999999,1.36328,1.36189,1.36199
2025-06-24 23:00:00,1.36199,1.36242,1.36125,1.3614600000000001
2025-06-25 00:00:00,1.36113,1.3623,1.36082,1.36106
2025-06-25 01:00:00,1.36106,1.36152,1.36096,1.36137
2025-06-25 02:00:00,1.36137,1.36189,1.36133,1.3615
2025-06-25 03:00:00,1.3615,1.36193,1.36136,1.36173
2025-06-25 04:00:00,1.36173,1.36292,1.36145,1.36284
2025-06-25 05:00:00,1.36284,1.36286,1.36189,1.36192
2025-06-25 06:00:00,1.36192,1.3621400000000001,1.36118,1.3612199999999999
2025-06-25 07:00:00,1.3612199999999999,1.36165,1.36113,1.36163
2025-06-25 08:00:00,1.36163,1.3624800000000001,1.36145,1.36232
2025-06-25 09:00:00,1.36232,1.3630499999999999,1.36161,1.36256
2025-06-25 10:00:00,1.36256,1.3633600000000001,1.36064,1.36142
2025-06-25 11:00:00,1.36143,1.36245,1.36101,1.36215
2025-06-25 12:00:00,1.36216,1.36221,1.36032,1.36128
2025-06-25 13:00:00,1.36128,1.36139,1.36019,1.36053
2025-06-25 14:00:00,1.36054,1.36175,1.36036,1.36069
2025-06-25 15:00:00,1.36069,1.36071,1.35907,1.35968
2025-06-25 16:00:00,1.35968,1.36174,1.35941,1.3609
2025-06-25 17:00:00,1.36089,1.36273,1.36077,1.36246
2025-06-25 18:00:00,1.36246,1.36269,1.36173,1.3624800000000001
2025-06-25 19:00:00,1.3624800000000001,1.36435,1.36247,1.36405
2025-06-25 20:00:00,1.36405,1.36506,1.36365,1.36499
2025-06-25 21:00:00,1.36499,1.36629,1.36467,1.36628
2025-06-25 22:00:00,1.36628,1.36714,1.36619,1.36653
2025-06-25 23:00:00,1.36653,1.36684,1.3660700000000001,1.36636
2025-06-26 00:00:00,1.3661699999999999,1.3661699999999999,1.36482,1.36538
2025-06-26 01:00:00,1.36539,1.36667,1.36533,1.36665
2025-06-26 02:00:00,1.36665,1.36916,1.36664,1.36897
2025-06-26 03:00:00,1.36896,1.36954,1.36873,1.36896
2025-06-26 04:00:00,1.36896,1.36948,1.36771,1.36921
2025-06-26 05:00:00,1.36921,1.37084,1.36894,1.37064
2025-06-26 06:00:00,1.37064,1.3725,1.37057,1.37111
2025-06-26 07:00:00,1.37111,1.37113,1.36985,1.37009
2025-06-26 08:00:00,1.37009,1.37116,1.36966,1.37093
2025-06-26 09:00:00,1.37093,1.3719299999999999,1.36984,1.3719000000000001
2025-06-26 10:00:00,1.37191,1.37406,1.37186,1.37369
2025-06-26 11:00:00,1.37369,1.37648,1.37337,1.37497
2025-06-26 12:00:00,1.37497,1.3753600000000001,1.37344,1.3744100000000001
2025-06-26 13:00:00,1.3744100000000001,1.37509,1.3728500000000001,1.37286
2025-06-26 14:00:00,1.37286,1.37297,1.36997,1.37076
2025-06-26 15:00:00,1.37076,1.3728500000000001,1.36997,1.37184
2025-06-26 16:00:00,1.37184,1.37418,1.3707,1.37408
2025-06-26 17:00:00,1.3740700000000001,1.3753600000000001,1.3727800000000001,1.37325
2025-06-26 18:00:00,1.37326,1.37528,1.37248,1.3752
2025-06-26 19:00:00,1.3752,1.37708,1.37381,1.37549
2025-06-26 20:00:00,1.37549,1.37632,1.37538,1.37577
2025-06-26 21:00:00,1.37577,1.37602,1.37474,1.37484
2025-06-26 22:00:00,1.37484,1.37485,1.37284,1.37326
2025-06-26 23:00:00,1.37326,1.37361,1.3722699999999999,1.37274
2025-06-27 00:00:00,1.37248,1.37283,1.37196,1.37247
2025-06-27 01:00:00,1.37247,1.37282,1.37165,1.37199
2025-06-27 02:00:00,1.37199,1.37304,1.37199,1.3725100000000001
2025-06-27 03:00:00,1.37252,1.37357,1.37246,1.37306
2025-06-27 04:00:00,1.37305,1.37406,1.37241,1.3737599999999999
2025-06-27 05:00:00,1.3737599999999999,1.37449,1.37344,1.37433
2025-06-27 06:00:00,1.37432,1.375,1.37355,1.37364
2025-06-27 07:00:00,1.37364,1.37378,1.3722699999999999,1.37229
2025-06-27 08:00:00,1.37229,1.37308,1.37202,1.37262
2025-06-27 09:00:00,1.37262,1.37478,1.37221,1.37476
2025-06-27 10:00:00,1.37476,1.3749799999999999,1.3734199999999999,1.37398
2025-06-27 11:00:00,1.37398,1.37504,1.37325,1.3743400000000001
2025-06-27 12:00:00,1.37436,1.3746,1.37343,1.37401
2025-06-27 13:00:00,1.3740299999999999,1.37472,1.3721,1.37241
2025-06-27 14:00:00,1.37241,1.37388,1.37239,1.37377
2025-06-27 15:00:00,1.37377,1.37526,1.37199,1.37406
2025-06-27 16:00:00,1.37406,1.3747,1.37147,1.3721
2025-06-27 17:00:00,1.3721,1.3728799999999999,1.37036,1.37151
2025-06-27 18:00:00,1.37153,1.37282,1.37072,1.37178
2025-06-27 19:00:00,1.37178,1.37247,1.37032,1.37074
2025-06-27 20:00:00,1.37074,1.37123,1.36849,1.36924
2025-06-27 21:00:00,1.36924,1.36991,1.36829,1.36965
2025-06-27 22:00:00,1.36965,1.3711,1.36959,1.37069
2025-06-27 23:00:00,1.37069,1.3721,1.37063,1.37204
2025-06-30 00:00:00,1.36938,1.37146,1.36938,1.3712
2025-06-30 01:00:00,1.3712,1.37271,1.37119,1.3725
2025-06-30 02:00:00,1.3725,1.37284,1.37179,1.37186
2025-06-30 03:00:00,1.37186,1.37221,1.37077,1.3714
2025-06-30 04:00:00,1.3714,1.37297,1.37114,1.37201
2025-06-30 05:00:00,1.3719999999999999,1.37268,1.3716599999999999,1.37176
2025-06-30 06:00:00,1.37176,1.37215,1.37113,1.37128
2025-06-30 07:00:00,1.37128,1.37307,1.37117,1.37295
2025-06-30 08:00:00,1.37295,1.37406,1.37268,1.37284
2025-06-30 09:00:00,1.3728099999999999,1.37381,1.37222,1.37347
2025-06-30 10:00:00,1.37347,1.37347,1.3702,1.37027
2025-06-30 11:00:00,1.37027,1.37049,1.36931,1.36995
2025-06-30 12:00:00,1.36995,1.37036,1.36916,1.36943
2025-06-30 13:00:00,1.36943,1.37022,1.36904,1.3700999999999999
2025-06-30 14:00:00,1.37011,1.37118,1.36966,1.37056
2025-06-30 15:00:00,1.37055,1.3707,1.3685,1.36935
2025-06-30 16:00:00,1.36935,1.36947,1.3677000000000001,1.3685399999999999
2025-06-30 17:00:00,1.3685800000000001,1.37151,1.36742,1.37036
2025-06-30 18:00:00,1.37036,1.3723,1.36964,1.37199
2025-06-30 19:00:00,1.37199,1.37229,1.36985,1.37141
2025-06-30 20:00:00,1.37141,1.37175,1.37036,1.37089
2025-06-30 21:00:00,1.37089,1.37209,1.37076,1.37179
2025-06-30 22:00:00,1.37179,1.3727800000000001,1.37158,1.37259
2025-06-30 23:00:00,1.3725800000000001,1.37356,1.37239,1.37341
2025-07-01 00:00:00,1.3729,1.37326,1.3716300000000001,1.3727800000000001
2025-07-01 01:00:00,1.3727800000000001,1.37372,1.37271,1.3731900000000001
2025-07-01 02:00:00,1.3731900000000001,1.37336,1.37295,1.37311
2025-07-01 03:00:00,1.37311,1.37415,1.37311,1.37409
2025-07-01 04:00:00,1.37409,1.37487,1.3725399999999999,1.37269
2025-07-01 05:00:00,1.37269,1.37382,1.37241,1.37369
2025-07-01 06:00:00,1.37369,1.3746399999999999,1.37361,1.37378
2025-07-01 07:00:00,1.37378,1.37474,1.37364,1.3740999999999999
2025-07-01 08:00:00,1.3740999999999999,1.37486,1.37389,1.3747099999999999
2025-07-01 09:00:00,1.3747099999999999,1.3750499999999999,1.3737,1.37392
2025-07-01 10:00:00,1.37392,1.37684,1.37321,1.37674
2025-07-01 11:00:00,1.37674,1.3783699999999999,1.3757,1.3774
2025-07-01 12:00:00,1.3773900000000001,1.37817,1.37582,1.37755
2025-07-01 13:00:00,1.37755,1.37887,1.3774899999999999,1.37753
2025-07-01 14:00:00,1.37756,1.37787,1.3754,1.37541
2025-07-01 15:00:00,1.37542,1.37602,1.3740700000000001,1.37415
2025-07-01 16:00:00,1.37414,1.3743699999999999,1.37287,1.37304
2025-07-01 17:00:00,1.3725100000000001,1.3735,1.3708,1.3718
2025-07-01 18:00:00,1.3718,1.37245,1.37036,1.37243
2025-07-01 19:00:00,1.37243,1.3725800000000001,1.37118,1.37245
2025-07-01 20:00:00,1.37245,1.37388,1.37213,1.37368
2025-07-01 21:00:00,1.37368,1.37377,1.37313,1.37375
2025-07-01 22:00:00,1.37375,1.37426,1.37344,1.374
2025-07-01 23:00:00,1.37401,1.3750499999999999,1.37394,1.3746
2025-07-02 00:00:00,1.37417,1.37458,1.37369,1.37435
2025-07-02 01:00:00,1.37435,1.3747,1.37413,1.37433
2025-07-02 02:00:00,1.37433,1.37474,1.37414,1.37458
2025-07-02 03:00:00,1.37458,1.37493,1.3742,1.37482
2025-07-02 04:00:00,1.37482,1.37526,1.37365,1.37381
2025-07-02 05:00:00,1.37381,1.37486,1.3732199999999999,1.37463
2025-07-02 06:00:00,1.37463,1.37514,1.37401,1.37459
2025-07-02 07:00:00,1.37459,1.3746399999999999,1.37435,1.37442
2025-07-02 08:00:00,1.3744,1.37458,1.37321,1.37366
2025-07-02 09:00:00,1.37366,1.37406,1.37191,1.37283
2025-07-02 10:00:00,1.37283,1.37283,1.37057,1.37059
2025-07-02 11:00:00,1.37059,1.37106,1.36943,1.36981
2025-07-02 12:00:00,1.36979,1.3700700000000001,1.36881,1.36905
2025-07-02 13:00:00,1.36905,1.37088,1.36898,1.3703400000000001
2025-07-02 14:00:00,1.3703400000000001,1.3713,1.3655,1.36625
2025-07-02 15:00:00,1.36625,1.36676,1.35888,1.36079
2025-07-02 16:00:00,1.36079,1.36231,1.358,1.35864
2025-07-02 17:00:00,1.35864,1.36029,1.35629,1.35935
2025-07-02 18:00:00,1.3593600000000001,1.36232,1.35879,1.36209
2025-07-02 19:00:00,1.36209,1.36322,1.36137,1.36311
2025-07-02 20:00:00,1.3631,1.36445,1.36304,1.36331
2025-07-02 21:00:00,1.36331,1.36411,1.36299,1.36362
2025-07-02 22:00:00,1.36362,1.36382,1.36273,1.36354
2025-07-02 23:00:00,1.36354,1.36354,1.36269,1.36334
2025-07-03 00:00:00,1.36315,1.36657,1.36315,1.3648799999999999
2025-07-03 01:00:00,1.3648799999999999,1.36565,1.36455,1.36547
2025-07-03 02:00:00,1.36547,1.36548,1.36481,1.3649200000000001
2025-07-03 03:00:00,1.3649200000000001,1.36538,1.36441,1.36473
2025-07-03 04:00:00,1.36473,1.36538,1.36433,1.3649
2025-07-03 05:00:00,1.3649,1.3649,1.36285,1.36344
2025-07-03 06:00:00,1.36344,1.36381,1.36249,1.3627799999999999
2025-07-03 07:00:00,1.3627799999999999,1.36298,1.36235,1.36295
2025-07-03 08:00:00,1.36295,1.36419,1.3625099999999999,1.36395
2025-07-03 09:00:00,1.36394,1.3651,1.3637299999999999,1.36504
2025-07-03 10:00:00,1.36504,1.36752,1.365,1.3654899999999999
2025-07-03 11:00:00,1.3655,1.36757,1.3654899999999999,1.36643
2025-07-03 12:00:00,1.36643,1.36673,1.36511,1.3654899999999999
2025-07-03 13:00:00,1.3654899999999999,1.36682,1.3646099999999999,1.3660999999999999
2025-07-03 14:00:00,1.36605,1.36634,1.36545,1.36573
2025-07-03 15:00:00,1.36573,1.36592,1.35858,1.36151
2025-07-03 16:00:00,1.36151,1.36627,1.36116,1.36579
2025-07-03 17:00:00,1.36577,1.36743,1.36328,1.36466
2025-07-03 18:00:00,1.36465,1.36613,1.36401,1.3653
2025-07-03 19:00:00,1.3653,1.36547,1.36359,1.36504
2025-07-03 20:00:00,1.36504,1.36517,1.3643,1.36469
2025-07-03 21:00:00,1.36469,1.36496,1.36407,1.36411
2025-07-03 22:00:00,1.36411,1.36469,1.3639299999999999,1.36466
2025-07-03 23:00:00,1.36466,1.3654,1.36437,1.36539
2025-07-04 00:00:00,1.36538,1.36554,1.3643,1.36508
2025-07-04 01:00:00,1.36508,1.36538,1.3648,1.36537
2025-07-04 02:00:00,1.36537,1.36685,1.3653,1.36659
2025-07-04 03:00:00,1.36659,1.3667799999999999,1.36584,1.36631
2025-07-04 04:00:00,1.36631,1.36656,1.3645100000000001,1.3648500000000001
2025-07-04 05:00:00,1.3648500000000001,1.36564,1.3645800000000001,1.36533
2025-07-04 06:00:00,1.36533,1.36621,1.3652,1.36579
2025-07-04 07:00:00,1.36579,1.36746,1.36572,1.36738
2025-07-04 08:00:00,1.36738,1.36813,1.36738,1.36761
2025-07-04 09:00:00,1.36761,1.36815,1.36662,1.36761
2025-07-04 10:00:00,1.36761,1.36783,1.36567,1.36582
2025-07-04 11:00:00,1.3658299999999999,1.36672,1.36568,1.36643
2025-07-04 12:00:00,1.36642,1.36647,1.3652,1.36571
2025-07-04 13:00:00,1.36571,1.3660999999999999,1.36467,1.36481
2025-07-04 14:00:00,1.36481,1.36559,1.36418,1.36478
2025-07-04 15:00:00,1.36478,1.3648500000000001,1.36351,1.36354
2025-07-04 16:00:00,1.36354,1.36523,1.36353,1.3649499999999999
2025-07-04 17:00:00,1.3649499999999999,1.36536,1.36377,1.3642699999999999
2025-07-04 18:00:00,1.36426,1.36473,1.3639700000000001,1.36444
2025-07-04 19:00:00,1.36444,1.3651499999999999,1.36419,1.36471
2025-07-04 20:00:00,1.36471,1.36521,1.36471,1.36489
2025-07-04 21:00:00,1.36489,1.3654,1.36476,1.36537
2025-07-04 22:00:00,1.36537,1.36554,1.36493,1.36513
2025-07-04 23:00:00,1.36513,1.36582,1.36388,1.3642400000000001
2025-07-07 00:00:00,1.3644,1.36532,1.3644,1.36462
2025-07-07 01:00:00,1.36462,1.36554,1.36462,1.36532
2025-07-07 02:00:00,1.36532,1.36545,1.36466,1.36509
2025-07-07 03:00:00,1.36509,1.36578,1.3645,1.36472
2025-07-07 04:00:00,1.36472,1.36472,1.3632,1.36338
2025-07-07 05:00:00,1.36338,1.36379,1.36256,1.36284
2025-07-07 06:00:00,1.36284,1.36334,1.36259,1.3627799999999999
2025-07-07 07:00:00,1.3627799999999999,1.36299,1.36158,1.36173
2025-07-07 08:00:00,1.36173,1.36254,1.36106,1.3623
2025-07-07 09:00:00,1.3623,1.36264,1.36029,1.3612600000000001
2025-07-07 10:00:00,1.3612600000000001,1.3624,1.36029,1.36045
2025-07-07 11:00:00,1.36045,1.36063,1.35793,1.35806
2025-07-07 12:00:00,1.35806,1.3611900000000001,1.3575300000000001,1.36091
2025-07-07 13:00:00,1.36091,1.3609200000000001,1.35948,1.3602400000000001
2025-07-07 14:00:00,1.3602400000000001,1.36213,1.3599700000000001,1.3615599999999999
2025-07-07 15:00:00,1.3615599999999999,1.36211,1.36115,1.36174
2025-07-07 16:00:00,1.36174,1.3633,1.36137,1.36276
2025-07-07 17:00:00,1.36276,1.36479,1.36273,1.36362
2025-07-07 18:00:00,1.3636,1.36438,1.36288,1.3636
2025-07-07 19:00:00,1.36365,1.36407,1.35942,1.35952
2025-07-07 20:00:00,1.35952,1.36117,1.35893,1.36052
2025-07-07 21:00:00,1.36052,1.36148,1.3591,1.36117
2025-07-07 22:00:00,1.36117,1.36167,1.36073,1.36099
2025-07-07 23:00:00,1.36099,1.361,1.35977,1.36007
2025-07-08 00:00:00,1.35988,1.36162,1.3594300000000001,1.36022
2025-07-08 01:00:00,1.36022,1.36193,1.36018,1.36181
2025-07-08 02:00:00,1.36181,1.3624800000000001,1.36151,1.36237
2025-07-08 03:00:00,1.36237,1.36369,1.36237,1.36289
2025-07-08 04:00:00,1.36289,1.36335,1.36178,1.36254
2025-07-08 05:00:00,1.36254,1.3639000000000001,1.36231,1.3631199999999999
2025-07-08 06:00:00,1.36313,1.3639299999999999,1.36283,1.36334
2025-07-08 07:00:00,1.36333,1.36428,1.36298,1.36317
2025-07-08 08:00:00,1.36316,1.36346,1.36236,1.36286
2025-07-08 09:00:00,1.36286,1.3633,1.36242,1.36274
2025-07-08 10:00:00,1.36274,1.36464,1.36274,1.3641
2025-07-08 11:00:00,1.3641,1.3641,1.36097,1.36123
2025-07-08 12:00:00,1.36123,1.36147,1.35925,1.35951
2025-07-08 13:00:00,1.35951,1.35956,1.35761,1.35773
2025-07-08 14:00:00,1.35773,1.35856,1.35731,1.35737
2025-07-08 15:00:00,1.35737,1.3584800000000001,1.35632,1.35782
2025-07-08 16:00:00,1.35781,1.35792,1.35403,1.35525
2025-07-08 17:00:00,1.35525,1.35619,1.35257,1.3544800000000001
2025-07-08 18:00:00,1.3544800000000001,1.35794,1.354,1.35725
2025-07-08 19:00:00,1.35725,1.3582,1.35635,1.3578700000000001
2025-07-08 20:00:00,1.35786,1.3593600000000001,1.35773,1.3592
2025-07-08 21:00:00,1.3592,1.3597000000000001,1.35856,1.35937
2025-07-08 22:00:00,1.3593600000000001,1.35974,1.3585,1.35895
2025-07-08 23:00:00,1.35892,1.35957,1.35877,1.35922
2025-07-09 00:00:00,1.3588,1.35965,1.35608,1.35818
2025-07-09 01:00:00,1.35818,1.35948,1.35802,1.35931
2025-07-09 02:00:00,1.35931,1.3593600000000001,1.3584,1.35849
2025-07-09 03:00:00,1.35849,1.35877,1.35762,1.35863
2025-07-09 04:00:00,1.35863,1.35907,1.3577,1.35864
2025-07-09 05:00:00,1.35864,1.3593,1.35648,1.35743
2025-07-09 06:00:00,1.35743,1.35743,1.35645,1.3569
2025-07-09 07:00:00,1.3569,1.35866,1.3566500000000001,1.35857
2025-07-09 08:00:00,1.35857,1.35968,1.35842,1.35872
2025-07-09 09:00:00,1.35872,1.3606500000000001,1.3581699999999999,1.3603
2025-07-09 10:00:00,1.3603,1.36052,1.35791,1.35858
2025-07-09 11:00:00,1.35858,1.36052,1.35823,1.36012
2025-07-09 12:00:00,1.36011,1.36084,1.35924,1.3597000000000001
2025-07-09 13:00:00,1.3597000000000001,1.36036,1.3582,1.35831
2025-07-09 14:00:00,1.35831,1.35883,1.3574,1.35773
2025-07-09 15:00:00,1.35773,1.3613,1.35766,1.36082
2025-07-09 16:00:00,1.36082,1.36198,1.35846,1.3586
2025-07-09 17:00:00,1.3586,1.36165,1.35826,1.35882
2025-07-09 18:00:00,1.35882,1.35944,1.3580999999999999,1.35833
2025-07-09 19:00:00,1.35833,1.35879,1.3578999999999999,1.3584100000000001
2025-07-09 20:00:00,1.3584100000000001,1.35918,1.35808,1.35894
2025-07-09 21:00:00,1.35892,1.35992,1.35833,1.35879
2025-07-09 22:00:00,1.35879,1.36008,1.3587,1.35951
2025-07-09 23:00:00,1.35951,1.35956,1.35839,1.35856
2025-07-10 00:00:00,1.35842,1.35864,1.3575599999999999,1.35864
2025-07-10 01:00:00,1.35864,1.35925,1.35856,1.35897
2025-07-10 02:00:00,1.35897,1.35987,1.35879,1.3598
2025-07-10 03:00:00,1.3598,1.36134,1.35951,1.36096
2025-07-10 04:00:00,1.36096,1.3612,1.3603,1.36069
2025-07-10 05:00:00,1.36069,1.3612199999999999,1.36048,1.3607
2025-07-10 06:00:00,1.3607,1.36093,1.3604,1.36044
2025-07-10 07:00:00,1.36044,1.3605800000000001,1.35998,1.36052
2025-07-10 08:00:00,1.36052,1.36105,1.3604,1.36091
2025-07-10 09:00:00,1.3609200000000001,1.36177,1.3605800000000001,1.36111
2025-07-10 10:00:00,1.36111,1.36196,1.36023,1.3612
2025-07-10 11:00:00,1.3612,1.36154,1.36045,1.3606099999999999
2025-07-10 12:00:00,1.3606099999999999,1.36164,1.3605800000000001,1.3609499999999999
2025-07-10 13:00:00,1.3609499999999999,1.3613,1.35977,1.35993
2025-07-10 14:00:00,1.35993,1.35995,1.35721,1.35807
2025-07-10 15:00:00,1.35807,1.35865,1.35571,1.35603
2025-07-10 16:00:00,1.35603,1.35706,1.35446,1.35528
2025-07-10 17:00:00,1.35528,1.35574,1.35331,1.35552
2025-07-10 18:00:00,1.35552,1.35714,1.35538,1.35673
2025-07-10 19:00:00,1.35672,1.35728,1.35601,1.35641
2025-07-10 20:00:00,1.35641,1.3575599999999999,1.3561,1.35716
2025-07-10 21:00:00,1.35716,1.3575599999999999,1.35694,1.35745
2025-07-10 22:00:00,1.35745,1.35828,1.35732,1.35759
2025-07-10 23:00:00,1.35759,1.35834,1.35742,1.35795
2025-07-11 00:00:00,1.3576,1.35799,1.35686,1.35717
2025-07-11 01:00:00,1.35717,1.35854,1.35717,1.35845
2025-07-11 02:00:00,1.35845,1.35855,1.35771,1.35801
2025-07-11 03:00:00,1.35801,1.3581699999999999,1.3545,1.3555
2025-07-11 04:00:00,1.3555,1.3569499999999999,1.35492,1.35588
2025-07-11 05:00:00,1.35588,1.35615,1.3553600000000001,1.35542
2025-07-11 06:00:00,1.35542,1.35667,1.35533,1.35652
2025-07-11 07:00:00,1.35652,1.35657,1.35489,1.3556300000000001
2025-07-11 08:00:00,1.3556300000000001,1.35647,1.3554599999999999,1.35621
2025-07-11 09:00:00,1.35622,1.35622,1.35324,1.35342
2025-07-11 10:00:00,1.35342,1.35571,1.35342,1.35413
2025-07-11 11:00:00,1.35413,1.35474,1.35286,1.35355
2025-07-11 12:00:00,1.35355,1.35529,1.3534,1.35434
2025-07-11 13:00:00,1.35434,1.35499,1.3529,1.3529499999999999
2025-07-11 14:00:00,1.3529499999999999,1.35382,1.34979,1.3503
2025-07-11 15:00:00,1.3503,1.35106,1.34962,1.35042
2025-07-11 16:00:00,1.35042,1.35202,1.3491,1.34952
2025-07-11 17:00:00,1.34951,1.3507799999999999,1.34813,1.3504800000000001
2025-07-11 18:00:00,1.3504800000000001,1.35133,1.34981,1.35028
2025-07-11 19:00:00,1.35028,1.3514599999999999,1.34959,1.35065
2025-07-11 20:00:00,1.35065,1.3516,1.35057,1.35135
2025-07-11 21:00:00,1.35135,1.35175,1.35091,1.35093
2025-07-11 22:00:00,1.35093,1.35095,1.3496299999999999,1.34974
2025-07-11 23:00:00,1.34974,1.34977,1.34845,1.3489
2025-07-14 00:00:00,1.34811,1.34889,1.34794,1.34821
2025-07-14 01:00:00,1.34821,1.34968,1.34783,1.34845
2025-07-14 02:00:00,1.34845,1.34959,1.34836,1.3495599999999999
2025-07-14 03:00:00,1.3495599999999999,1.3504399999999999,1.3495300000000001,1.34989
2025-07-14 04:00:00,1.34989,1.35025,1.34884,1.3489200000000001
2025-07-14 05:00:00,1.3489200000000001,1.34938,1.3472,1.34741
2025-07-14 06:00:00,1.34742,1.34856,1.3473600000000001,1.34821
2025-07-14 07:00:00,1.34821,1.34821,1.34757,1.34759
2025-07-14 08:00:00,1.34759,1.34788,1.3464800000000001,1.34654
2025-07-14 09:00:00,1.34654,1.34661,1.34516,1.34567
2025-07-14 10:00:00,1.34567,1.34884,1.3456000000000001,1.34835
2025-07-14 11:00:00,1.34835,1.3489499999999999,1.34744,1.34759
2025-07-14 12:00:00,1.34758,1.34882,1.34718,1.34845
2025-07-14 13:00:00,1.34835,1.34937,1.34801,1.34886
2025-07-14 14:00:00,1.34886,1.34915,1.34778,1.34828
2025-07-14 15:00:00,1.34828,1.3492,1.34704,1.34778
2025-07-14 16:00:00,1.34778,1.34847,1.34679,1.34824
2025-07-14 17:00:00,1.34824,1.3483800000000001,1.34433,1.34477
2025-07-14 18:00:00,1.34476,1.34593,1.34308,1.34334
2025-07-14 19:00:00,1.34334,1.34428,1.34271,1.34354
2025-07-14 20:00:00,1.34354,1.3441100000000001,1.34263,1.34332
2025-07-14 21:00:00,1.34332,1.34352,1.34267,1.34288
2025-07-14 22:00:00,1.34288,1.3434,1.34244,1.34266
2025-07-14 23:00:00,1.34265,1.34308,1.34247,1.34267
2025-07-15 00:00:00,1.3426,1.34299,1.34216,1.3424800000000001
2025-07-15 01:00:00,1.3424800000000001,1.34305,1.34241,1.34267
2025-07-15 02:00:00,1.34267,1.34291,1.34215,1.3428
2025-07-15 03:00:00,1.3428,1.3440699999999999,1.34263,1.34355
2025-07-15 04:00:00,1.34355,1.34397,1.3427,1.34335
2025-07-15 05:00:00,1.34335,1.34358,1.34272,1.34332
2025-07-15 06:00:00,1.34332,1.3435000000000001,1.34288,1.34296
2025-07-15 07:00:00,1.34296,1.34337,1.34284,1.3431600000000001
2025-07-15 08:00:00,1.3431600000000001,1.34425,1.34314,1.34396
2025-07-15 09:00:00,1.34396,1.34439,1.34306,1.34351
2025-07-15 10:00:00,1.3435000000000001,1.34537,1.3427799999999999,1.34536
2025-07-15 11:00:00,1.34536,1.34536,1.3441100000000001,1.34466
2025-07-15 12:00:00,1.3446500000000001,1.34581,1.34456,1.34546
2025-07-15 13:00:00,1.34546,1.3459400000000001,1.34482,1.34561
2025-07-15 14:00:00,1.34561,1.34565,1.34426,1.3443399999999999
2025-07-15 15:00:00,1.3443399999999999,1.34673,1.34318,1.3448
2025-07-15 16:00:00,1.34481,1.34507,1.33998,1.34047
2025-07-15 17:00:00,1.34048,1.34096,1.33856,1.33958
2025-07-15 18:00:00,1.33958,1.34005,1.33803,1.33958
2025-07-15 19:00:00,1.33957,1.33994,1.33817,1.33871
2025-07-15 20:00:00,1.33871,1.33884,1.33789,1.33852
2025-07-15 21:00:00,1.33852,1.33934,1.3382100000000001,1.33896
2025-07-15 22:00:00,1.33896,1.33917,1.33835,1.33864
2025-07-15 23:00:00,1.33864,1.33875,1.33805,1.33843
2025-07-16 00:00:00,1.33789,1.33832,1.33781,1.33798
2025-07-16 01:00:00,1.33798,1.3385799999999999,1.33793,1.33856
2025-07-16 02:00:00,1.33856,1.33934,1.33844,1.33931
2025-07-16 03:00:00,1.33931,1.3399,1.3385099999999999,1.33934
2025-07-16 04:00:00,1.33934,1.3400400000000001,1.33913,1.33965
2025-07-16 05:00:00,1.33965,1.33968,1.33839,1.33859
2025-07-16 06:00:00,1.33859,1.3394599999999999,1.33825,1.3388499999999999
2025-07-16 07:00:00,1.3388499999999999,1.33967,1.33869,1.33965
2025-07-16 08:00:00,1.33965,1.33998,1.33906,1.33982
2025-07-16 09:00:00,1.33969,1.34165,1.33923,1.34083
2025-07-16 10:00:00,1.34083,1.34105,1.3389,1.33937
2025-07-16 11:00:00,1.33937,1.34016,1.33893,1.33913
2025-07-16 12:00:00,1.33914,1.33974,1.33838,1.33965
2025-07-16 13:00:00,1.33965,1.34063,1.33905,1.34058
2025-07-16 14:00:00,1.34058,1.34116,1.33966,1.34013
2025-07-16 15:00:00,1.34012,1.34125,1.33833,1.33929
2025-07-16 16:00:00,1.33929,1.33981,1.3365,1.33764
2025-07-16 17:00:00,1.33764,1.3402,1.3366500000000001,1.33924
2025-07-16 18:00:00,1.33924,1.34857,1.33923,1.34243
2025-07-16 19:00:00,1.34242,1.3446799999999999,1.34118,1.3422
2025-07-16 20:00:00,1.34218,1.34406,1.34195,1.34204
2025-07-16 21:00:00,1.34204,1.34233,1.34058,1.34088
2025-07-16 22:00:00,1.34088,1.34196,1.34049,1.34176
2025-07-16 23:00:00,1.34176,1.34223,1.34147,1.34195
2025-07-17 00:00:00,1.34173,1.34209,1.34125,1.3413300000000001
2025-07-17 01:00:00,1.3413300000000001,1.34205,1.34131,1.34138
2025-07-17 02:00:00,1.34138,1.3417,1.34089,1.34103
2025-07-17 03:00:00,1.34103,1.34111,1.33956,1.33997
2025-07-17 04:00:00,1.33997,1.34052,1.33923,1.3404099999999999
2025-07-17 05:00:00,1.3404,1.3404099999999999,1.33867,1.3388
2025-07-17 06:00:00,1.3388,1.33931,1.33842,1.33925
2025-07-17 07:00:00,1.33926,1.33958,1.33883,1.33956
2025-07-17 08:00:00,1.33956,1.34003,1.3391,1.33939
2025-07-17 09:00:00,1.3391600000000001,1.34025,1.33741,1.33838
2025-07-17 10:00:00,1.33838,1.33989,1.33804,1.33834
2025-07-17 11:00:00,1.33834,1.34107,1.33806,1.34106
2025-07-17 12:00:00,1.34107,1.34137,1.33928,1.33985
2025-07-17 13:00:00,1.33985,1.34042,1.33917,1.34003
2025-07-17 14:00:00,1.34002,1.3403100000000001,1.33864,1.33922
2025-07-17 15:00:00,1.33921,1.34105,1.33803,1.3401100000000001
2025-07-17 16:00:00,1.3401100000000001,1.34091,1.33929,1.33994
2025-07-17 17:00:00,1.33994,1.3414,1.33949,1.34093
2025-07-17 18:00:00,1.34093,1.34192,1.34064,1.34128
2025-07-17 19:00:00,1.34128,1.34206,1.33969,1.34006
2025-07-17 20:00:00,1.34006,1.34087,1.33992,1.3403800000000001
2025-07-17 21:00:00,1.3403800000000001,1.34121,1.34021,1.34097
2025-07-17 22:00:00,1.34097,1.34199,1.34093,1.34186
2025-07-17 23:00:00,1.34186,1.342,1.3412600000000001,1.34176
2025-07-18 00:00:00,1.34141,1.34176,1.34056,1.34158
2025-07-18 01:00:00,1.34158,1.3432,1.34148,1.34298
2025-07-18 02:00:00,1.34298,1.34349,1.34294,1.3431199999999999
2025-07-18 03:00:00,1.3431199999999999,1.3437999999999999,1.3428,1.3431899999999999
2025-07-18 04:00:00,1.3431899999999999,1.3440699999999999,1.34292,1.3434300000000001
2025-07-18 05:00:00,1.3434300000000001,1.34394,1.3428499999999999,1.34375
2025-07-18 06:00:00,1.34375,1.34385,1.34272,1.34295
2025-07-18 07:00:00,1.34295,1.34296,1.34238,1.34239
2025-07-18 08:00:00,1.34239,1.34239,1.34134,1.34162
2025-07-18 09:00:00,1.34161,1.3433,1.34108,1.3431199999999999
2025-07-18 10:00:00,1.34315,1.34396,1.34269,1.34304
2025-07-18 11:00:00,1.34304,1.3443,1.34302,1.3437000000000001
2025-07-18 12:00:00,1.3437000000000001,1.3443399999999999,1.3435000000000001,1.34408
2025-07-18 13:00:00,1.34408,1.34538,1.3436,1.34518
2025-07-18 14:00:00,1.34518,1.34576,1.34498,1.34571
2025-07-18 15:00:00,1.34571,1.34726,1.34507,1.34579
2025-07-18 16:00:00,1.34579,1.34752,1.34539,1.34642
2025-07-18 17:00:00,1.34639,1.3470900000000001,1.34397,1.34421
2025-07-18 18:00:00,1.34421,1.34481,1.34341,1.34376
2025-07-18 19:00:00,1.34376,1.34387,1.3417,1.34189
2025-07-18 20:00:00,1.34189,1.34216,1.34117,1.34191
2025-07-18 21:00:00,1.34191,1.34214,1.34144,1.34168
2025-07-18 22:00:00,1.34168,1.34178,1.34088,1.34138
2025-07-18 23:00:00,1.34138,1.3416299999999999,1.34053,1.34059
2025-07-21 00:00:00,1.3413599999999999,1.3425,1.34059,1.34124
2025-07-21 01:00:00,1.34124,1.34202,1.34082,1.34127
2025-07-21 02:00:00,1.34127,1.3418,1.34103,1.34151
2025-07-21 03:00:00,1.34151,1.34205,1.34029,1.34039
2025-07-21 04:00:00,1.34039,1.34157,1.34021,1.34124
2025-07-21 05:00:00,1.34124,1.34154,1.34063,1.34121
2025-07-21 06:00:00,1.34121,1.3418,1.34108,1.34161
2025-07-21 07:00:00,1.34161,1.3419400000000001,1.34141,1.34184
2025-07-21 08:00:00,1.34184,1.34252,1.34168,1.34234
2025-07-21 09:00:00,1.34234,1.34439,1.34205,1.34432
2025-07-21 10:00:00,1.34432,1.34476,1.34356,1.34451
2025-07-21 11:00:00,1.34451,1.34661,1.34414,1.34522
2025-07-21 12:00:00,1.34522,1.34591,1.34451,1.34574
2025-07-21 13:00:00,1.34576,1.34599,1.34467,1.34582
2025-07-21 14:00:00,1.34582,1.34798,1.34567,1.34783
2025-07-21 15:00:00,1.34782,1.34837,1.3474,1.3479999999999999
2025-07-21 16:00:00,1.3479999999999999,1.34801,1.34669,1.3469
2025-07-21 17:00:00,1.3469,1.34969,1.34688,1.3492899999999999
2025-07-21 18:00:00,1.3492899999999999,1.35107,1.34921,1.34958
2025-07-21 19:00:00,1.34958,1.34999,1.349,1.34945
2025-07-21 20:00:00,1.34945,1.3496000000000001,1.34839,1.34862
2025-07-21 21:00:00,1.34862,1.34928,1.34839,1.34903
2025-07-21 22:00:00,1.34903,1.34921,1.34837,1.3484
2025-07-21 23:00:00,1.3484,1.3492600000000001,1.3483100000000001,1.34915
2025-07-22 00:00:00,1.34881,1.34889,1.34842,1.3485800000000001
2025-07-22 01:00:00,1.3485800000000001,1.3492,1.34851,1.34893
2025-07-22 02:00:00,1.34893,1.34901,1.34856,1.3489499999999999
2025-07-22 03:00:00,1.3489499999999999,1.349,1.34792,1.34833
2025-07-22 04:00:00,1.34833,1.3485,1.34767,1.34798
2025-07-22 05:00:00,1.34798,1.34878,1.34793,1.34824
2025-07-22 06:00:00,1.34824,1.34829,1.34778,1.34789
2025-07-22 07:00:00,1.34789,1.34822,1.34741,1.34767
2025-07-22 08:00:00,1.34767,1.34794,1.34698,1.3473600000000001
2025-07-22 09:00:00,1.34735,1.34741,1.34664,1.34714
2025-07-22 10:00:00,1.34714,1.34744,1.34615,1.34671
2025-07-22 11:00:00,1.34671,1.34923,1.34647,1.3489900000000001
2025-07-22 12:00:00,1.3489900000000001,1.3496000000000001,1.3486500000000001,1.3495599999999999
2025-07-22 13:00:00,1.3495599999999999,1.34998,1.3476,1.34778
2025-07-22 14:00:00,1.34778,1.34882,1.34752,1.34862
2025-07-22 15:00:00,1.34862,1.34896,1.34756,1.34811
2025-07-22 16:00:00,1.34811,1.34891,1.34764,1.3485
2025-07-22 17:00:00,1.34849,1.3508499999999999,1.3471199999999999,1.3501400000000001
2025-07-22 18:00:00,1.35015,1.35196,1.3496299999999999,1.35194
2025-07-22 19:00:00,1.35194,1.35328,1.3517700000000001,1.3529900000000001
2025-07-22 20:00:00,1.3529900000000001,1.35307,1.35203,1.35232
2025-07-22 21:00:00,1.35232,1.35278,1.35191,1.35272
2025-07-22 22:00:00,1.35272,1.3532600000000001,1.35248,1.35311
2025-07-22 23:00:00,1.35311,1.35337,1.3526099999999999,1.35335
2025-07-23 00:00:00,1.35284,1.35297,1.35178,1.3523
2025-07-23 01:00:00,1.3523,1.35281,1.35223,1.35257
2025-07-23 02:00:00,1.3525800000000001,1.35347,1.35185,1.35211
2025-07-23 03:00:00,1.35211,1.35276,1.35172,1.35269
2025-07-23 04:00:00,1.35269,1.35285,1.35163,1.35227
2025-07-23 05:00:00,1.35227,1.35297,1.35162,1.3519700000000001
2025-07-23 06:00:00,1.3519700000000001,1.35352,1.3519,1.35277
2025-07-23 07:00:00,1.35277,1.35314,1.35219,1.35276
2025-07-23 08:00:00,1.35276,1.35309,1.35196,1.35227
2025-07-23 09:00:00,1.35227,1.35334,1.35152,1.3532899999999999
2025-07-23 10:00:00,1.3532899999999999,1.35488,1.35325,1.35434
2025-07-23 11:00:00,1.35434,1.3548499999999999,1.35362,1.35418
2025-07-23 12:00:00,1.35418,1.35488,1.35367,1.35457
2025-07-23 13:00:00,1.35457,1.35465,1.35346,1.35349
2025-07-23 14:00:00,1.35349,1.35437,1.3532899999999999,1.35399
2025-07-23 15:00:00,1.35399,1.35457,1.3529900000000001,1.35455
2025-07-23 16:00:00,1.35455,1.3547500000000001,1.35235,1.35449
2025-07-23 17:00:00,1.3544800000000001,1.35635,1.35393,1.35602
2025-07-23 18:00:00,1.35602,1.35759,1.35532,1.3566099999999999
2025-07-23 19:00:00,1.3566099999999999,1.3571900000000001,1.3553899999999999,1.35617
2025-07-23 20:00:00,1.35617,1.35738,1.35574,1.3568
2025-07-23 21:00:00,1.3568,1.35809,1.35678,1.35784
2025-07-23 22:00:00,1.35784,1.35839,1.35755,1.3581699999999999
2025-07-23 23:00:00,1.3581699999999999,1.35839,1.35786,1.35797
2025-07-24 00:00:00,1.358,1.3580999999999999,1.357,1.35806
2025-07-24 01:00:00,1.35806,1.3586,1.358,1.35831
2025-07-24 02:00:00,1.35831,1.35873,1.35778,1.35786
2025-07-24 03:00:00,1.35786,1.35789,1.35711,1.35741
2025-07-24 04:00:00,1.35741,1.35889,1.35737,1.35823
2025-07-24 05:00:00,1.35824,1.35843,1.3574899999999999,1.35808
2025-07-24 06:00:00,1.35808,1.35849,1.35769,1.35781
2025-07-24 07:00:00,1.35781,1.35815,1.3575,1.35796
2025-07-24 08:00:00,1.35796,1.35819,1.3575599999999999,1.3578000000000001
2025-07-24 09:00:00,1.3578000000000001,1.3578000000000001,1.35619,1.35628
2025-07-24 10:00:00,1.35628,1.35677,1.3556599999999999,1.35603
2025-07-24 11:00:00,1.35601,1.35663,1.35429,1.35439
2025-07-24 12:00:00,1.35439,1.3548,1.35398,1.3547799999999999
2025-07-24 13:00:00,1.3547799999999999,1.3551,1.35354,1.35389
2025-07-24 14:00:00,1.35389,1.35518,1.35371,1.35516
2025-07-24 15:00:00,1.35516,1.35541,1.35316,1.35354
2025-07-24 16:00:00,1.35354,1.35541,1.35327,1.35526
2025-07-24 17:00:00,1.35524,1.35628,1.3532,1.35422
2025-07-24 18:00:00,1.3542100000000001,1.35431,1.3522,1.3523800000000001
2025-07-24 19:00:00,1.35239,1.35274,1.35046,1.3511199999999999
2025-07-24 20:00:00,1.35113,1.35281,1.35103,1.35185
2025-07-24 21:00:00,1.35185,1.35214,1.35144,1.35161
2025-07-24 22:00:00,1.35161,1.3519999999999999,1.35072,1.35077
2025-07-24 23:00:00,1.35076,1.35111,1.35026,1.35068
2025-07-25 00:00:00,1.3504399999999999,1.35111,1.3502,1.3505
2025-07-25 01:00:00,1.3505,1.35067,1.35031,1.35058
2025-07-25 02:00:00,1.35058,1.35106,1.3504,1.3508499999999999
2025-07-25 03:00:00,1.3508499999999999,1.35122,1.35026,1.3507500000000001
2025-07-25 04:00:00,1.3507500000000001,1.35126,1.34973,1.34997
2025-07-25 05:00:00,1.34997,1.35009,1.3490199999999999,1.34941
2025-07-25 06:00:00,1.34939,1.34974,1.34882,1.34943
2025-07-25 07:00:00,1.34943,1.34992,1.34864,1.34913
2025-07-25 08:00:00,1.34913,1.35047,1.3489,1.35039
2025-07-25 09:00:00,1.35039,1.35039,1.34816,1.3490199999999999
2025-07-25 10:00:00,1.3490199999999999,1.34923,1.34672,1.34683
2025-07-25 11:00:00,1.34683,1.34768,1.3459699999999999,1.34629
2025-07-25 12:00:00,1.34629,1.34641,1.34506,1.3463
2025-07-25 13:00:00,1.3463,1.34645,1.34524,1.34577
2025-07-25 14:00:00,1.34577,1.34602,1.34388,1.3451
2025-07-25 15:00:00,1.34508,1.34546,1.34233,1.34335
2025-07-25 16:00:00,1.34335,1.3439999999999999,1.3416299999999999,1.34374
2025-07-25 17:00:00,1.34374,1.34436,1.34284,1.34302
2025-07-25 18:00:00,1.34302,1.34387,1.34177,1.3427
2025-07-25 19:00:00,1.3427,1.34298,1.34167,1.34211
2025-07-25 20:00:00,1.3421,1.343,1.34199,1.3427799999999999
2025-07-25 21:00:00,1.3427799999999999,1.34364,1.34256,1.34353
2025-07-25 22:00:00,1.34353,1.34383,1.34322,1.3437999999999999
2025-07-25 23:00:00,1.3437999999999999,1.34382,1.34293,1.34313
2025-07-28 00:00:00,1.34184,1.34403,1.34184,1.34357
2025-07-28 01:00:00,1.3437299999999999,1.34454,1.34286,1.34345
2025-07-28 02:00:00,1.34345,1.3443399999999999,1.34324,1.34379
2025-07-28 03:00:00,1.34379,1.34491,1.34361,1.34435
2025-07-28 04:00:00,1.34435,1.3452899999999999,1.34314,1.34358
2025-07-28 05:00:00,1.34358,1.3443399999999999,1.34298,1.34391
2025-07-28 06:00:00,1.34391,1.3443,1.3434599999999999,1.34429
2025-07-28 07:00:00,1.34429,1.34451,1.34328,1.34363
2025-07-28 08:00:00,1.34363,1.34368,1.34257,1.3427
2025-07-28 09:00:00,1.3427,1.3431199999999999,1.34066,1.34215
2025-07-28 10:00:00,1.34215,1.3431600000000001,1.34059,1.3409
2025-07-28 11:00:00,1.3409,1.3429,1.3406500000000001,1.34211
2025-07-28 12:00:00,1.34211,1.34273,1.34111,1.34145
2025-07-28 13:00:00,1.34145,1.3422,1.34086,1.3418700000000001
2025-07-28 14:00:00,1.3418700000000001,1.34298,1.34026,1.34271
2025-07-28 15:00:00,1.34269,1.34383,1.3422,1.34379
2025-07-28 16:00:00,1.34379,1.34401,1.3409200000000001,1.34154
2025-07-28 17:00:00,1.34154,1.34263,1.34093,1.34123
2025-07-28 18:00:00,1.34124,1.3414,1.33913,1.33913
2025-07-28 19:00:00,1.33913,1.3392,1.33764,1.33789
2025-07-28 20:00:00,1.33789,1.33806,1.33572,1.33598
2025-07-28 21:00:00,1.33598,1.3360400000000001,1.33521,1.33538
2025-07-28 22:00:00,1.33538,1.33558,1.33514,1.33548
2025-07-28 23:00:00,1.33548,1.33585,1.3351899999999999,1.33542
2025-07-29 00:00:00,1.3351199999999999,1.33587,1.3349199999999999,1.33551
2025-07-29 01:00:00,1.33549,1.3361,1.33523,1.3360699999999999
2025-07-29 02:00:00,1.3360699999999999,1.33617,1.33556,1.33597
2025-07-29 03:00:00,1.33597,1.33599,1.33447,1.33454
2025-07-29 04:00:00,1.33454,1.33586,1.3345099999999999,1.33497
2025-07-29 05:00:00,1.33497,1.33571,1.33494,1.33564
2025-07-29 06:00:00,1.33564,1.33579,1.33407,1.33411
2025-07-29 07:00:00,1.33411,1.33508,1.33368,1.33498
2025-07-29 08:00:00,1.33498,1.33538,1.3344,1.33491
2025-07-29 09:00:00,1.33491,1.33537,1.33243,1.33267
2025-07-29 10:00:00,1.3326799999999999,1.33365,1.33158,1.33332
2025-07-29 11:00:00,1.33331,1.33487,1.33287,1.33417
2025-07-29 12:00:00,1.33417,1.33586,1.33417,1.33538
2025-07-29 13:00:00,1.33538,1.33619,1.33497,1.33504
2025-07-29 14:00:00,1.33504,1.33529,1.33271,1.33404
2025-07-29 15:00:00,1.33403,1.33437,1.3315299999999999,1.3315299999999999
2025-07-29 16:00:00,1.3315299999999999,1.33267,1.33078,1.3324
2025-07-29 17:00:00,1.3324,1.3336999999999999,1.33098,1.3328
2025-07-29 18:00:00,1.3328,1.33438,1.33264,1.33385
2025-07-29 19:00:00,1.33385,1.33477,1.33377,1.33388
2025-07-29 20:00:00,1.33388,1.33529,1.33369,1.33396
2025-07-29 21:00:00,1.33396,1.33558,1.33356,1.33557
2025-07-29 22:00:00,1.33557,1.3364,1.33528,1.33565
2025-07-29 23:00:00,1.33565,1.33601,1.33474,1.335
2025-07-30 00:00:00,1.3348200000000001,1.33523,1.33362,1.3342800000000001
2025-07-30 01:00:00,1.3342800000000001,1.33539,1.3342800000000001,1.33528
2025-07-30 02:00:00,1.33528,1.33538,1.33494,1.33534
2025-07-30 03:00:00,1.33534,1.3366500000000001,1.33525,1.33658
2025-07-30 04:00:00,1.33658,1.33693,1.33564,1.33571
2025-07-30 05:00:00,1.3357,1.33649,1.33547,1.33596
2025-07-30 06:00:00,1.33596,1.33689,1.33562,1.33596
2025-07-30 07:00:00,1.33596,1.336,1.33496,1.33508
2025-07-30 08:00:00,1.33508,1.33555,1.33468,1.33484
2025-07-30 09:00:00,1.33484,1.33654,1.33416,1.33646
2025-07-30 10:00:00,1.33646,1.33686,1.33589,1.3361
2025-07-30 11:00:00,1.3361,1.33689,1.33586,1.33676
2025-07-30 12:00:00,1.33676,1.3382100000000001,1.33654,1.33817
2025-07-30 13:00:00,1.33815,1.3385799999999999,1.33621,1.33635
2025-07-30 14:00:00,1.3363399999999999,1.33737,1.33574,1.33732
2025-07-30 15:00:00,1.33732,1.3379699999999999,1.33072,1.33091
2025-07-30 16:00:00,1.3309,1.33137,1.32748,1.32817
2025-07-30 17:00:00,1.32817,1.32951,1.32788,1.32908
2025-07-30 18:00:00,1.32908,1.32917,1.32715,1.32729
2025-07-30 19:00:00,1.32729,1.3282,1.32699,1.32819
2025-07-30 20:00:00,1.3281800000000001,1.32922,1.32801,1.32901
2025-07-30 21:00:00,1.329,1.33132,1.3238699999999999,1.32388
2025-07-30 22:00:00,1.32388,1.32519,1.32276,1.32451
2025-07-30 23:00:00,1.32451,1.32544,1.32329,1.32367
2025-07-31 00:00:00,1.32338,1.3237999999999999,1.32276,1.32321
2025-07-31 01:00:00,1.32321,1.32549,1.32321,1.32539
2025-07-31 02:00:00,1.32539,1.32591,1.32491,1.3256000000000001
2025-07-31 03:00:00,1.3256000000000001,1.32575,1.32436,1.32515
2025-07-31 04:00:00,1.32514,1.32592,1.3241800000000001,1.32577
2025-07-31 05:00:00,1.32577,1.32619,1.32524,1.32599
2025-07-31 06:00:00,1.32599,1.32632,1.32464,1.3259699999999999
2025-07-31 07:00:00,1.3259699999999999,1.32701,1.32559,1.3269199999999999
2025-07-31 08:00:00,1.3269199999999999,1.32724,1.32642,1.32644
2025-07-31 09:00:00,1.32644,1.32821,1.3262800000000001,1.32782
2025-07-31 10:00:00,1.32782,1.32785,1.32443,1.32593
2025-07-31 11:00:00,1.32593,1.32612,1.32397,1.3249900000000001
2025-07-31 12:00:00,1.3249900000000001,1.3250199999999999,1.32288,1.32294
2025-07-31 13:00:00,1.32294,1.32344,1.32098,1.32285
2025-07-31 14:00:00,1.32285,1.3242,1.32222,1.32391
2025-07-31 15:00:00,1.3239,1.32405,1.32087,1.32165
2025-07-31 16:00:00,1.32165,1.32187,1.31878,1.31888
2025-07-31 17:00:00,1.31888,1.32394,1.31857,1.32317
2025-07-31 18:00:00,1.32317,1.3237,1.32184,1.32196
2025-07-31 19:00:00,1.32196,1.32372,1.32175,1.3223
2025-07-31 20:00:00,1.3223,1.3223099999999999,1.32026,1.32036
2025-07-31 21:00:00,1.32036,1.32242,1.31993,1.32188
2025-07-31 22:00:00,1.32188,1.32271,1.32059,1.32062
2025-07-31 23:00:00,1.32059,1.3210899999999999,1.3199100000000001,1.32031
2025-08-01 00:00:00,1.32027,1.32103,1.31964,1.31986
2025-08-01 01:00:00,1.31986,1.32091,1.31941,1.32064
2025-08-01 02:00:00,1.32064,1.32117,1.31998,1.32078
2025-08-01 03:00:00,1.32078,1.32134,1.32013,1.32101
2025-08-01 04:00:00,1.32101,1.32129,1.31928,1.31958
2025-08-01 05:00:00,1.31958,1.31986,1.319,1.31955
2025-08-01 06:00:00,1.31951,1.3204799999999999,1.31947,1.32009
2025-08-01 07:00:00,1.32009,1.32016,1.31942,1.31992
2025-08-01 08:00:00,1.31992,1.32069,1.3195700000000001,1.32028
2025-08-01 09:00:00,1.32028,1.32132,1.31985,1.32046
2025-08-01 10:00:00,1.32046,1.32073,1.3186,1.31945
2025-08-01 11:00:00,1.31944,1.31948,1.316,1.31609
2025-08-01 12:00:00,1.31609,1.31665,1.31414,1.31477
2025-08-01 13:00:00,1.31482,1.3167200000000001,1.31463,1.3167
2025-08-01 14:00:00,1.3167,1.31738,1.31575,1.31585
2025-08-01 15:00:00,1.31582,1.33032,1.31444,1.32852
2025-08-01 16:00:00,1.32846,1.33108,1.3263,1.3271
2025-08-01 17:00:00,1.3271,1.32901,1.32575,1.32636
2025-08-01 18:00:00,1.32636,1.32725,1.32446,1.3258
2025-08-01 19:00:00,1.3258,1.32651,1.3242099999999999,1.32453
2025-08-01 20:00:00,1.32453,1.32457,1.3216,1.3228900000000001
2025-08-01 21:00:00,1.3228900000000001,1.3250600000000001,1.32222,1.3226200000000001
2025-08-01 22:00:00,1.32263,1.32772,1.3225,1.32613
2025-08-01 23:00:00,1.32614,1.32922,1.3261,1.32764
2025-08-04 00:00:00,1.32781,1.3282,1.32698,1.32722
2025-08-04 01:00:00,1.32722,1.32861,1.32722,1.32783
2025-08-04 02:00:00,1.32783,1.32925,1.3276,1.32911
2025-08-04 03:00:00,1.32911,1.3293300000000001,1.3258,1.32614
2025-08-04 04:00:00,1.32615,1.32778,1.3253599999999999,1.32767
2025-08-04 05:00:00,1.32767,1.3285,1.32724,1.32813
2025-08-04 06:00:00,1.32813,1.32901,1.32813,1.3283
2025-08-04 07:00:00,1.3283,1.32885,1.32779,1.32779
2025-08-04 08:00:00,1.32779,1.32834,1.32698,1.3276
2025-08-04 09:00:00,1.32759,1.32914,1.3269,1.3284
2025-08-04 10:00:00,1.32843,1.32854,1.32646,1.32768
2025-08-04 11:00:00,1.32768,1.32793,1.32656,1.3277700000000001
2025-08-04 12:00:00,1.32778,1.3306200000000001,1.32758,1.32924
2025-08-04 13:00:00,1.32924,1.32982,1.32707,1.3296999999999999
2025-08-04 14:00:00,1.3296999999999999,1.3314,1.32908,1.32949
2025-08-04 15:00:00,1.32949,1.3311899999999999,1.32827,1.32979
2025-08-04 16:00:00,1.32979,1.33129,1.32953,1.33018
2025-08-04 17:00:00,1.33025,1.33308,1.32874,1.3293300000000001
2025-08-04 18:00:00,1.32934,1.3299,1.32783,1.3287499999999999
2025-08-04 19:00:00,1.3287499999999999,1.32928,1.3277700000000001,1.32853
2025-08-04 20:00:00,1.32853,1.3286,1.32765,1.32816
2025-08-04 21:00:00,1.32816,1.32858,1.32734,1.32757
2025-08-04 22:00:00,1.32757,1.3281800000000001,1.3272599999999999,1.32764
2025-08-04 23:00:00,1.32763,1.3288,1.32749,1.32839
2025-08-05 00:00:00,1.32815,1.3287200000000001,1.32764,1.32771
2025-08-05 01:00:00,1.32771,1.3294000000000001,1.32737,1.32927
2025-08-05 02:00:00,1.32927,1.3299699999999999,1.32917,1.32976
2025-08-05 03:00:00,1.32976,1.3303,1.329,1.3299
2025-08-05 04:00:00,1.3299,1.32998,1.32877,1.32893
2025-08-05 05:00:00,1.32894,1.32897,1.3280699999999999,1.32843
2025-08-05 06:00:00,1.32843,1.32851,1.32764,1.32768
2025-08-05 07:00:00,1.32768,1.32877,1.32755,1.32859
2025-08-05 08:00:00,1.32859,1.32859,1.32712,1.32748
2025-08-05 09:00:00,1.32748,1.32928,1.32725,1.32789
2025-08-05 10:00:00,1.32789,1.32954,1.32595,1.32729
2025-08-05 11:00:00,1.32729,1.32891,1.32668,1.32797
2025-08-05 12:00:00,1.32798,1.32951,1.3277,1.32921
2025-08-05 13:00:00,1.32921,1.32953,1.3283,1.3286
2025-08-05 14:00:00,1.3286,1.3286,1.32664,1.32806
2025-08-05 15:00:00,1.32806,1.32896,1.32703,1.32819
2025-08-05 16:00:00,1.32819,1.32951,1.32688,1.32717
2025-08-05 17:00:00,1.32725,1.32929,1.3268499999999999,1.3289900000000001
2025-08-05 18:00:00,1.3289900000000001,1.3309199999999999,1.3289,1.33074
2025-08-05 19:00:00,1.33074,1.33164,1.33042,1.33096
2025-08-05 20:00:00,1.33096,1.33156,1.33012,1.33044
2025-08-05 21:00:00,1.33044,1.33059,1.32914,1.3295
2025-08-05 22:00:00,1.3295,1.32969,1.32889,1.32962
2025-08-05 23:00:00,1.32962,1.33018,1.32923,1.33005
2025-08-06 00:00:00,1.3296000000000001,1.32975,1.32876,1.32917
2025-08-06 01:00:00,1.32917,1.32988,1.32917,1.32973
2025-08-06 02:00:00,1.32973,1.33014,1.32957,1.32986
2025-08-06 03:00:00,1.32986,1.3306,1.32978,1.33009
2025-08-06 04:00:00,1.33009,1.33009,1.32948,1.32979
2025-08-06 05:00:00,1.32979,1.33047,1.32957,1.33008
2025-08-06 06:00:00,1.33008,1.33101,1.33008,1.33093
2025-08-06 07:00:00,1.33093,1.33141,1.33076,1.33118
2025-08-06 08:00:00,1.33118,1.33121,1.33023,1.33054
2025-08-06 09:00:00,1.33054,1.3309199999999999,1.33005,1.33017
2025-08-06 10:00:00,1.33017,1.33038,1.329,1.33032
2025-08-06 11:00:00,1.33032,1.33033,1.3281100000000001,1.3284
2025-08-06 12:00:00,1.3284099999999999,1.3302,1.32834,1.32982
2025-08-06 13:00:00,1.3298,1.3323800000000001,1.32953,1.33172
2025-08-06 14:00:00,1.33172,1.33301,1.33117,1.33178
2025-08-06 15:00:00,1.33178,1.33208,1.3308,1.33172
2025-08-06 16:00:00,1.33172,1.33292,1.33147,1.33257
2025-08-06 17:00:00,1.33257,1.33321,1.33129,1.33305
2025-08-06 18:00:00,1.33305,1.33588,1.3328,1.33582
2025-08-06 19:00:00,1.33582,1.33623,1.3342100000000001,1.33472
2025-08-06 20:00:00,1.33472,1.33603,1.33453,1.33556
2025-08-06 21:00:00,1.33558,1.33684,1.33545,1.33632
2025-08-06 22:00:00,1.33633,1.3365,1.33545,1.3357299999999999
2025-08-06 23:00:00,1.3357299999999999,1.33602,1.33499,1.33569
2025-08-07 00:00:00,1.33506,1.3355000000000001,1.3349199999999999,1.33505
2025-08-07 01:00:00,1.33505,1.33603,1.33496,1.33583
2025-08-07 02:00:00,1.33583,1.3360400000000001,1.33557,1.33579
2025-08-07 03:00:00,1.33576,1.3358400000000001,1.33463,1.33481
2025-08-07 04:00:00,1.33481,1.33595,1.3345799999999999,1.33548
2025-08-07 05:00:00,1.33548,1.33605,1.33498,1.3351899999999999
2025-08-07 06:00:00,1.3351899999999999,1.3361100000000001,1.3348499999999999,1.33598
2025-08-07 07:00:00,1.33598,1.33688,1.33583,1.33684
2025-08-07 08:00:00,1.33684,1.33713,1.33633,1.3370199999999999
2025-08-07 09:00:00,1.3370199999999999,1.33768,1.33661,1.33746
2025-08-07 10:00:00,1.33745,1.33799,1.33678,1.33745
2025-08-07 11:00:00,1.33745,1.33803,1.33633,1.33693
2025-08-07 12:00:00,1.33693,1.33727,1.33649,1.33682
2025-08-07 13:00:00,1.33682,1.33793,1.33651,1.33753
2025-08-07 14:00:00,1.33751,1.34318,1.33695,1.3412899999999999
2025-08-07 15:00:00,1.3412899999999999,1.34366,1.34122,1.34209
2025-08-07 16:00:00,1.34209,1.34311,1.34145,1.34237
2025-08-07 17:00:00,1.34239,1.34264,1.33958,1.3403800000000001
2025-08-07 18:00:00,1.3403800000000001,1.34345,1.33906,1.34314
2025-08-07 19:00:00,1.34313,1.34333,1.34242,1.34299
2025-08-07 20:00:00,1.34299,1.34329,1.3418999999999999,1.34202
2025-08-07 21:00:00,1.34202,1.34242,1.34037,1.34101
2025-08-07 22:00:00,1.34101,1.3444099999999999,1.34073,1.3443100000000001
2025-08-07 23:00:00,1.3443100000000001,1.34482,1.34401,1.34426
2025-08-08 00:00:00,1.34406,1.3443100000000001,1.34348,1.34353
2025-08-08 01:00:00,1.34353,1.345,1.34353,1.34483
2025-08-08 02:00:00,1.34483,1.34523,1.3446,1.3451
2025-08-08 03:00:00,1.34511,1.34531,1.34435,1.34481
2025-08-08 04:00:00,1.34481,1.34508,1.34342,1.34372
2025-08-08 05:00:00,1.34372,1.34454,1.34369,1.34426
2025-08-08 06:00:00,1.34426,1.34427,1.34355,1.34391
2025-08-08 07:00:00,1.34391,1.34398,1.34348,1.34354
2025-08-08 08:00:00,1.34354,1.34365,1.34247,1.34261
2025-08-08 09:00:00,1.34261,1.34317,1.34244,1.34291
2025-08-08 10:00:00,1.34291,1.34488,1.3429,1.3442
2025-08-08 11:00:00,1.3442,1.34513,1.34273,1.34344
2025-08-08 12:00:00,1.34347,1.34535,1.34329,1.3447
2025-08-08 13:00:00,1.3447,1.34483,1.34322,1.34421
2025-08-08 14:00:00,1.34421,1.34524,1.3437000000000001,1.3440400000000001
2025-08-08 15:00:00,1.3440400000000001,1.34416,1.34179,1.3423
2025-08-08 16:00:00,1.34231,1.34416,1.34231,1.34281
2025-08-08 17:00:00,1.34281,1.34477,1.34257,1.34382
2025-08-08 18:00:00,1.34382,1.34543,1.34365,1.34422
2025-08-08 19:00:00,1.34422,1.34477,1.3439,1.34476
2025-08-08 20:00:00,1.34476,1.3458700000000001,1.3444099999999999,1.34535
2025-08-08 21:00:00,1.34539,1.3456299999999999,1.34458,1.3453
2025-08-08 22:00:00,1.3453,1.34532,1.3443100000000001,1.3450199999999999
2025-08-08 23:00:00,1.3450199999999999,1.34536,1.34433,1.34473
2025-08-11 00:00:00,1.34358,1.3444099999999999,1.34292,1.3434300000000001
2025-08-11 01:00:00,1.3434300000000001,1.34509,1.3434300000000001,1.34425
2025-08-11 02:00:00,1.34425,1.34476,1.3441,1.34432
2025-08-11 03:00:00,1.34432,1.34456,1.34368,1.34425
2025-08-11 04:00:00,1.34426,1.34513,1.3440699999999999,1.34512
2025-08-11 05:00:00,1.34512,1.34588,1.34512,1.34557
2025-08-11 06:00:00,1.34557,1.34663,1.34544,1.3465500000000001
2025-08-11 07:00:00,1.3465500000000001,1.34684,1.34637,1.34665
2025-08-11 08:00:00,1.34665,1.34693,1.34632,1.34681
2025-08-11 09:00:00,1.34681,1.34767,1.3465099999999999,1.34683
2025-08-11 10:00:00,1.34683,1.34683,1.34481,1.34535
2025-08-11 11:00:00,1.34535,1.34666,1.34523,1.34647
2025-08-11 12:00:00,1.34643,1.34692,1.3447,1.3453300000000001
2025-08-11 13:00:00,1.34532,1.34589,1.34451,1.34461
2025-08-11 14:00:00,1.34461,1.34473,1.3425500000000001,1.34301
2025-08-11 15:00:00,1.34301,1.34326,1.34122,1.34233
2025-08-11 16:00:00,1.34233,1.34267,1.3419400000000001,1.34213
2025-08-11 17:00:00,1.34213,1.34219,1.33991,1.3407
2025-08-11 18:00:00,1.3407,1.34168,1.34022,1.3414
2025-08-11 19:00:00,1.3414,1.34259,1.34139,1.34245
2025-08-11 20:00:00,1.34245,1.3432,1.34173,1.34302
2025-08-11 21:00:00,1.34302,1.34372,1.34277,1.34354
2025-08-11 22:00:00,1.34354,1.34357,1.34236,1.34275
2025-08-11 23:00:00,1.34275,1.34356,1.34269,1.3431600000000001
2025-08-12 00:00:00,1.3431199999999999,1.34329,1.3418999999999999,1.34281
2025-08-12 01:00:00,1.34281,1.34336,1.34281,1.34335
2025-08-12 02:00:00,1.34335,1.34351,1.34325,1.34337
2025-08-12 03:00:00,1.34337,1.34375,1.3428200000000001,1.34301
2025-08-12 04:00:00,1.34301,1.34386,1.34281,1.3431199999999999
2025-08-12 05:00:00,1.3431199999999999,1.34374,1.34301,1.3437299999999999
2025-08-12 06:00:00,1.3437299999999999,1.34396,1.3430900000000001,1.34328
2025-08-12 07:00:00,1.34328,1.34388,1.34242,1.34385
2025-08-12 08:00:00,1.34385,1.34406,1.34205,1.34232
2025-08-12 09:00:00,1.34233,1.34467,1.34219,1.3433899999999999
2025-08-12 10:00:00,1.3433899999999999,1.34601,1.3431600000000001,1.3458999999999999
2025-08-12 11:00:00,1.3458999999999999,1.34715,1.34477,1.34688
2025-08-12 12:00:00,1.34688,1.34725,1.34527,1.34596
2025-08-12 13:00:00,1.3459400000000001,1.3464,1.34554,1.34571
2025-08-12 14:00:00,1.34571,1.34593,1.34464,1.34573
2025-08-12 15:00:00,1.34573,1.35097,1.3446,1.34856
2025-08-12 16:00:00,1.34856,1.35001,1.34633,1.34881
2025-08-12 17:00:00,1.34881,1.34975,1.34788,1.34881
2025-08-12 18:00:00,1.34881,1.3523800000000001,1.34864,1.35068
2025-08-12 19:00:00,1.35067,1.35212,1.34998,1.35156
2025-08-12 20:00:00,1.35156,1.3516,1.3507,1.35073
2025-08-12 21:00:00,1.35072,1.35114,1.34918,1.34957
2025-08-12 22:00:00,1.3495599999999999,1.34972,1.3488,1.34954
2025-08-12 23:00:00,1.34954,1.34999,1.34923,1.34994
2025-08-13 00:00:00,1.34975,1.34991,1.34917,1.3495300000000001
2025-08-13 01:00:00,1.3495300000000001,1.3502100000000001,1.34923,1.35004
2025-08-13 02:00:00,1.35004,1.3506,1.34996,1.35043
2025-08-13 03:00:00,1.35043,1.35062,1.34974,1.35027
2025-08-13 04:00:00,1.35027,1.3508200000000001,1.34976,1.34988
2025-08-13 05:00:00,1.34988,1.35049,1.34927,1.35029
2025-08-13 06:00:00,1.35029,1.35064,1.35008,1.35031
2025-08-13 07:00:00,1.35031,1.35057,1.35012,1.3504800000000001
2025-08-13 08:00:00,1.3504800000000001,1.3507799999999999,1.34997,1.35072
2025-08-13 09:00:00,1.35072,1.35174,1.35069,1.35159
2025-08-13 10:00:00,1.35159,1.3547500000000001,1.35159,1.35449
2025-08-13 11:00:00,1.3544399999999999,1.35633,1.35433,1.35572
2025-08-13 12:00:00,1.35572,1.35782,1.35562,1.35763
2025-08-13 13:00:00,1.35763,1.3578700000000001,1.35662,1.35682
2025-08-13 14:00:00,1.35682,1.3578299999999999,1.35652,1.35768
2025-08-13 15:00:00,1.35768,1.35797,1.35591,1.35606
2025-08-13 16:00:00,1.35606,1.35773,1.35538,1.3574
2025-08-13 17:00:00,1.35741,1.3585,1.3569200000000001,1.35717
2025-08-13 18:00:00,1.35717,1.3575599999999999,1.35618,1.35711
2025-08-13 19:00:00,1.35709,1.35791,1.35682,1.35733
2025-08-13 20:00:00,1.35733,1.35772,1.3568,1.35704
2025-08-13 21:00:00,1.35704,1.35714,1.3563100000000001,1.35672
2025-08-13 22:00:00,1.35672,1.35744,1.35642,1.35735
2025-08-13 23:00:00,1.35735,1.35805,1.35728,1.35768
2025-08-14 00:00:00,1.35738,1.35738,1.35645,1.35682
2025-08-14 01:00:00,1.35682,1.35805,1.35682,1.35801
2025-08-14 02:00:00,1.35801,1.35857,1.35797,1.35855
2025-08-14 03:00:00,1.35855,1.35876,1.3582,1.3586
2025-08-14 04:00:00,1.3586,1.35919,1.35822,1.35833
2025-08-14 05:00:00,1.35834,1.3584800000000001,1.35723,1.35778
2025-08-14 06:00:00,1.35778,1.35779,1.35706,1.35736
2025-08-14 07:00:00,1.35736,1.35779,1.35718,1.35758
2025-08-14 08:00:00,1.35758,1.3577,1.35687,1.35698
2025-08-14 09:00:00,1.35742,1.35911,1.3565,1.35789
2025-08-14 10:00:00,1.35789,1.35913,1.35684,1.35732
2025-08-14 11:00:00,1.35732,1.35832,1.3563,1.35721
2025-08-14 12:00:00,1.35721,1.35923,1.3568500000000001,1.35778
2025-08-14 13:00:00,1.35778,1.35948,1.35748,1.35808
2025-08-14 14:00:00,1.35806,1.35839,1.35727,1.35739
2025-08-14 15:00:00,1.35744,1.35823,1.35462,1.35531
2025-08-14 16:00:00,1.3553,1.35564,1.35348,1.35352
2025-08-14 17:00:00,1.35352,1.3557000000000001,1.35336,1.35558
2025-08-14 18:00:00,1.3556,1.35569,1.35273,1.353
2025-08-14 19:00:00,1.353,1.35317,1.35209,1.35232
2025-08-14 20:00:00,1.35232,1.35333,1.3523,1.3531900000000001
2025-08-14 21:00:00,1.3531900000000001,1.35341,1.35243,1.3532899999999999
2025-08-14 22:00:00,1.3532899999999999,1.35395,1.3532199999999999,1.35369
2025-08-14 23:00:00,1.35369,1.3538700000000001,1.35293,1.3529499999999999
2025-08-15 00:00:00,1.35281,1.35321,1.3523,1.3523100000000001
2025-08-15 01:00:00,1.3523100000000001,1.35328,1.3522,1.35285
2025-08-15 02:00:00,1.35285,1.35318,1.3526099999999999,1.3529900000000001
2025-08-15 03:00:00,1.3529900000000001,1.35355,1.35273,1.35346
2025-08-15 04:00:00,1.35346,1.35401,1.35308,1.3537
2025-08-15 05:00:00,1.3537,1.35445,1.35351,1.35434
2025-08-15 06:00:00,1.35434,1.35514,1.35434,1.35473
2025-08-15 07:00:00,1.35473,1.35495,1.3544800000000001,1.35477
2025-08-15 08:00:00,1.35477,1.35529,1.3544,1.35518
2025-08-15 09:00:00,1.35518,1.35552,1.35426,1.35529
2025-08-15 10:00:00,1.35529,1.35603,1.35477,1.35552
2025-08-15 11:00:00,1.35552,1.35582,1.35464,1.35464
2025-08-15 12:00:00,1.35464,1.35578,1.35458,1.35569
2025-08-15 13:00:00,1.35569,1.3563399999999999,1.35515,1.35591
2025-08-15 14:00:00,1.35591,1.35641,1.35551,1.35599
2025-08-15 15:00:00,1.35599,1.35696,1.35453,1.35612
2025-08-15 16:00:00,1.35612,1.3575,1.3553899999999999,1.35667
2025-08-15 17:00:00,1.3566500000000001,1.3572,1.35578,1.35596
2025-08-15 18:00:00,1.35596,1.35714,1.35587,1.35625
2025-08-15 19:00:00,1.35625,1.35643,1.35542,1.35574
2025-08-15 20:00:00,1.35575,1.35592,1.3552,1.35554
2025-08-15 21:00:00,1.35554,1.35572,1.3550900000000001,1.35538
2025-08-15 22:00:00,1.35538,1.35568,1.35501,1.35553
2025-08-15 23:00:00,1.35553,1.35587,1.3553899999999999,1.35548
2025-08-18 00:00:00,1.3545,1.3560699999999999,1.35445,1.3557299999999999
2025-08-18 01:00:00,1.35598,1.3563,1.35531,1.35615
2025-08-18 02:00:00,1.35615,1.35623,1.35541,1.3556
2025-08-18 03:00:00,1.3556,1.3562400000000001,1.35526,1.35532
2025-08-18 04:00:00,1.35532,1.35609,1.35498,1.35592
2025-08-18 05:00:00,1.35591,1.3560699999999999,1.35489,1.35499
2025-08-18 06:00:00,1.35499,1.35576,1.35497,1.35562
2025-08-18 07:00:00,1.35562,1.35653,1.35555,1.3563
2025-08-18 08:00:00,1.3563,1.35643,1.3559,1.35613
2025-08-18 09:00:00,1.35611,1.35633,1.35406,1.35455
2025-08-18 10:00:00,1.35456,1.3554599999999999,1.3538299999999999,1.35389
2025-08-18 11:00:00,1.35389,1.35542,1.35311,1.35464
2025-08-18 12:00:00,1.35463,1.3550499999999999,1.35391,1.35401
2025-08-18 13:00:00,1.35397,1.35464,1.35369,1.35382
2025-08-18 14:00:00,1.35381,1.35476,1.3535,1.35382
2025-08-18 15:00:00,1.35381,1.3544100000000001,1.3535599999999999,1.3544100000000001
2025-08-18 16:00:00,1.3544100000000001,1.35465,1.35358,1.3538000000000001
2025-08-18 17:00:00,1.35381,1.35445,1.35132,1.35162
2025-08-18 18:00:00,1.35161,1.35226,1.3511,1.35195
2025-08-18 19:00:00,1.35195,1.35215,1.35069,1.35092
2025-08-18 20:00:00,1.35091,1.35157,1.35071,1.35097
2025-08-18 21:00:00,1.35096,1.35101,1.35028,1.35055
2025-08-18 22:00:00,1.35056,1.35121,1.35054,1.35062
2025-08-18 23:00:00,1.3506,1.3508,1.35018,1.3503
2025-08-19 00:00:00,1.35026,1.3507799999999999,1.34993,1.35022
2025-08-19 01:00:00,1.35068,1.35138,1.34978,1.35084
2025-08-19 02:00:00,1.35087,1.35089,1.3501400000000001,1.35079
2025-08-19 03:00:00,1.35079,1.35101,1.3501,1.35025
2025-08-19 04:00:00,1.35025,1.3504399999999999,1.3486799999999999,1.34959
2025-08-19 05:00:00,1.34958,1.35022,1.3494,1.34989
2025-08-19 06:00:00,1.34991,1.3504800000000001,1.34969,1.35008
2025-08-19 07:00:00,1.35008,1.35064,1.34974,1.35052
2025-08-19 08:00:00,1.3505099999999999,1.35097,1.34977,1.34998
2025-08-19 09:00:00,1.34998,1.35149,1.34967,1.35144
2025-08-19 10:00:00,1.35144,1.35229,1.3513600000000001,1.3521
2025-08-19 11:00:00,1.3521,1.35229,1.35133,1.3519999999999999
2025-08-19 12:00:00,1.3519999999999999,1.3523800000000001,1.35104,1.35178
2025-08-19 13:00:00,1.35178,1.35312,1.35165,1.35225
2025-08-19 14:00:00,1.35225,1.35264,1.3514300000000001,1.35214
2025-08-19 15:00:00,1.35214,1.3526,1.35035,1.35099
2025-08-19 16:00:00,1.35099,1.35125,1.34962,1.35107
2025-08-19 17:00:00,1.35106,1.35159,1.3495300000000001,1.35026
2025-08-19 18:00:00,1.35026,1.35057,1.34904,1.34928
2025-08-19 19:00:00,1.34931,1.34954,1.34855,1.34893
2025-08-19 20:00:00,1.34893,1.3495599999999999,1.3485800000000001,1.3489900000000001
2025-08-19 21:00:00,1.3489900000000001,1.34904,1.34778,1.34853
2025-08-19 22:00:00,1.34852,1.34905,1.34821,1.34898
2025-08-19 23:00:00,1.34897,1.34924,1.34877,1.34921
2025-08-20 00:00:00,1.3489900000000001,1.34903,1.34794,1.34846
2025-08-20 01:00:00,1.34843,1.3493,1.3484,1.3491
2025-08-20 02:00:00,1.3491,1.34914,1.34846,1.34846
2025-08-20 03:00:00,1.34846,1.3485800000000001,1.34749,1.3479999999999999
2025-08-20 04:00:00,1.3479999999999999,1.34835,1.34703,1.3473600000000001
2025-08-20 05:00:00,1.3473600000000001,1.3473600000000001,1.3462,1.34671
2025-08-20 06:00:00,1.3467,1.34769,1.34668,1.34723
2025-08-20 07:00:00,1.34723,1.34787,1.3472,1.34744
2025-08-20 08:00:00,1.34744,1.34882,1.3471899999999999,1.34821
2025-08-20 09:00:00,1.34808,1.35089,1.34803,1.34891
2025-08-20 10:00:00,1.34891,1.35093,1.34887,1.35089
2025-08-20 11:00:00,1.35089,1.35095,1.34904,1.35009
2025-08-20 12:00:00,1.35009,1.35052,1.34964,1.35012
2025-08-20 13:00:00,1.35012,1.35042,1.34903,1.34945
2025-08-20 14:00:00,1.34945,1.34962,1.34717,1.34718
2025-08-20 15:00:00,1.3471899999999999,1.34954,1.3471899999999999,1.34891
2025-08-20 16:00:00,1.3489,1.34918,1.34704,1.34778
2025-08-20 17:00:00,1.3477700000000001,1.3483800000000001,1.34607,1.3473
2025-08-20 18:00:00,1.34731,1.3473899999999999,1.34477,1.34489
2025-08-20 19:00:00,1.3449,1.3463,1.3449,1.34607
2025-08-20 20:00:00,1.34607,1.34708,1.34591,1.34694
2025-08-20 21:00:00,1.34693,1.34693,1.34506,1.3452
2025-08-20 22:00:00,1.34519,1.3457,1.34481,1.34541
2025-08-20 23:00:00,1.34541,1.34575,1.34496,1.34545
2025-08-21 00:00:00,1.34559,1.34574,1.34484,1.34508
2025-08-21 01:00:00,1.34519,1.34576,1.34504,1.3455599999999999
2025-08-21 02:00:00,1.34557,1.34671,1.34506,1.34663
2025-08-21 03:00:00,1.34661,1.34661,1.34513,1.3457
2025-08-21 04:00:00,1.34569,1.3464800000000001,1.3453,1.34588
2025-08-21 05:00:00,1.3458700000000001,1.34601,1.34508,1.34514
2025-08-21 06:00:00,1.34515,1.34565,1.34481,1.34539
2025-08-21 07:00:00,1.34539,1.34551,1.34515,1.34522
2025-08-21 08:00:00,1.34523,1.34541,1.34482,1.34538
2025-08-21 09:00:00,1.34537,1.34589,1.34413,1.34454
2025-08-21 10:00:00,1.34456,1.34576,1.34356,1.3456000000000001
2025-08-21 11:00:00,1.34557,1.34715,1.34512,1.3465799999999999
2025-08-21 12:00:00,1.3465799999999999,1.34829,1.3465500000000001,1.34755
2025-08-21 13:00:00,1.34755,1.34757,1.34654,1.34732
2025-08-21 14:00:00,1.34732,1.34749,1.34545,1.34545
2025-08-21 15:00:00,1.34545,1.34733,1.34419,1.34463
2025-08-21 16:00:00,1.34462,1.34595,1.3424,1.34263
2025-08-21 17:00:00,1.34264,1.34439,1.34237,1.34263
2025-08-21 18:00:00,1.34263,1.3434,1.34098,1.34145
2025-08-21 19:00:00,1.34144,1.34218,1.34057,1.34191
2025-08-21 20:00:00,1.34192,1.34268,1.34183,1.34225
2025-08-21 21:00:00,1.3422399999999999,1.3424800000000001,1.34174,1.34184
2025-08-21 22:00:00,1.34184,1.3419400000000001,1.34124,1.34127
2025-08-21 23:00:00,1.34127,1.34154,1.34116,1.3413
2025-08-22 00:00:00,1.34105,1.34135,1.34039,1.3407
2025-08-22 01:00:00,1.3407,1.3418700000000001,1.34067,1.34178
2025-08-22 02:00:00,1.34178,1.34202,1.34143,1.34181
2025-08-22 03:00:00,1.34181,1.34203,1.3415,1.34202
2025-08-22 04:00:00,1.34202,1.34234,1.34074,1.34112
2025-08-22 05:00:00,1.34112,1.34165,1.34086,1.34118
2025-08-22 06:00:00,1.34117,1.34139,1.3400699999999999,1.34017
2025-08-22 07:00:00,1.34017,1.34045,1.33931,1.3394
2025-08-22 08:00:00,1.3394,1.3397700000000001,1.3392,1.33944
2025-08-22 09:00:00,1.33937,1.34048,1.33906,1.34016
2025-08-22 10:00:00,1.34015,1.34106,1.34012,1.3406
2025-08-22 11:00:00,1.34062,1.34148,1.34053,1.3413599999999999
2025-08-22 12:00:00,1.34137,1.34193,1.34109,1.34115
2025-08-22 13:00:00,1.34115,1.3415599999999999,1.34071,1.34109
2025-08-22 14:00:00,1.34109,1.34188,1.34103,1.34154
2025-08-22 15:00:00,1.34155,1.34205,1.34114,1.3413300000000001
2025-08-22 16:00:00,1.3413300000000001,1.34322,1.34124,1.34233
2025-08-22 17:00:00,1.34228,1.35247,1.34228,1.35246
2025-08-22 18:00:00,1.35247,1.35442,1.35218,1.35252
2025-08-22 19:00:00,1.35251,1.35385,1.35216,1.35257
2025-08-22 20:00:00,1.35257,1.3544100000000001,1.35257,1.35369
2025-08-22 21:00:00,1.35369,1.35402,1.3523100000000001,1.35255
2025-08-22 22:00:00,1.35255,1.35264,1.3517299999999999,1.35186
2025-08-22 23:00:00,1.35184,1.3529200000000001,1.3518,1.35282
2025-08-25 00:00:00,1.35095,1.35214,1.35086,1.35107
2025-08-25 01:00:00,1.35115,1.35241,1.35115,1.35157
2025-08-25 02:00:00,1.35157,1.35179,1.3508200000000001,1.35084
2025-08-25 03:00:00,1.35084,1.35091,1.3495,1.34973
2025-08-25 04:00:00,1.34973,1.35016,1.34898,1.34939
2025-08-25 05:00:00,1.34939,1.3501400000000001,1.34913,1.34999
2025-08-25 06:00:00,1.34999,1.35125,1.34997,1.35114
2025-08-25 07:00:00,1.35114,1.35151,1.35094,1.35117
2025-08-25 08:00:00,1.35117,1.35119,1.3507,1.3511199999999999
2025-08-25 09:00:00,1.3511199999999999,1.35274,1.3511199999999999,1.35195
2025-08-25 10:00:00,1.35195,1.35199,1.35028,1.35038
2025-08-25 11:00:00,1.35038,1.3509,1.3502100000000001,1.35032
2025-08-25 12:00:00,1.35032,1.3504800000000001,1.34923,1.34947
2025-08-25 13:00:00,1.34947,1.34965,1.34837,1.34906
2025-08-25 14:00:00,1.34907,1.35195,1.3490199999999999,1.35195
2025-08-25 15:00:00,1.35195,1.35208,1.34992,1.3504800000000001
2025-08-25 16:00:00,1.3504800000000001,1.3513,1.35004,1.35089
2025-08-25 17:00:00,1.35089,1.35118,1.35003,1.35025
2025-08-25 18:00:00,1.35025,1.35033,1.34848,1.34893
2025-08-25 19:00:00,1.34894,1.3493,1.34851,1.34883
2025-08-25 20:00:00,1.34883,1.34901,1.34772,1.34792
2025-08-25 21:00:00,1.34792,1.34813,1.34581,1.34608
2025-08-25 22:00:00,1.34608,1.34619,1.3446,1.34539
2025-08-25 23:00:00,1.34538,1.34613,1.34518,1.34518
2025-08-26 00:00:00,1.34524,1.34659,1.34466,1.34537
2025-08-26 01:00:00,1.3454,1.3458,1.34517,1.34558
2025-08-26 02:00:00,1.34558,1.34571,1.3449900000000001,1.34545
2025-08-26 03:00:00,1.34544,1.34907,1.34482,1.3481
2025-08-26 04:00:00,1.3481,1.3483100000000001,1.34673,1.34718
2025-08-26 05:00:00,1.34718,1.34769,1.34613,1.3464800000000001
2025-08-26 06:00:00,1.3464800000000001,1.3464800000000001,1.34501,1.34517
2025-08-26 07:00:00,1.34517,1.34586,1.34504,1.34569
2025-08-26 08:00:00,1.3457,1.3468,1.34535,1.3465799999999999
2025-08-26 09:00:00,1.34652,1.34659,1.34454,1.3459400000000001
2025-08-26 10:00:00,1.3459400000000001,1.34639,1.34348,1.3455300000000001
2025-08-26 11:00:00,1.34555,1.34694,1.34554,1.34637
2025-08-26 12:00:00,1.34636,1.34816,1.34613,1.34795
2025-08-26 13:00:00,1.34796,1.34822,1.34721,1.3479
2025-08-26 14:00:00,1.34791,1.34931,1.34767,1.3488
2025-08-26 15:00:00,1.3488,1.34927,1.34771,1.34793
2025-08-26 16:00:00,1.34789,1.34826,1.34702,1.34806
2025-08-26 17:00:00,1.3480699999999999,1.34897,1.34703,1.34785
2025-08-26 18:00:00,1.34786,1.34898,1.34757,1.34819
2025-08-26 19:00:00,1.34819,1.3492899999999999,1.34772,1.3477700000000001
2025-08-26 20:00:00,1.34778,1.34806,1.34725,1.34725
2025-08-26 21:00:00,1.34727,1.3482,1.3468200000000001,1.34796
2025-08-26 22:00:00,1.3479700000000001,1.34856,1.34784,1.34789
2025-08-26 23:00:00,1.34787,1.34787,1.34729,1.34772
2025-08-27 00:00:00,1.34776,1.34802,1.34732,1.34748
2025-08-27 01:00:00,1.34748,1.3483,1.34734,1.34809
2025-08-27 02:00:00,1.34809,1.34812,1.34752,1.34769
2025-08-27 03:00:00,1.34768,1.34782,1.34688,1.34714
2025-08-27 04:00:00,1.34715,1.34749,1.3468499999999999,1.34698
2025-08-27 05:00:00,1.34698,1.34705,1.34601,1.34626
2025-08-27 06:00:00,1.34626,1.34669,1.3455599999999999,1.34576
2025-08-27 07:00:00,1.34577,1.3458,1.34469,1.34488
2025-08-27 08:00:00,1.34488,1.34561,1.3447,1.3456000000000001
2025-08-27 09:00:00,1.3456299999999999,1.34657,1.34525,1.34638
2025-08-27 10:00:00,1.3464,1.34657,1.34415,1.34534
2025-08-27 11:00:00,1.34534,1.34534,1.34303,1.34452
2025-08-27 12:00:00,1.34452,1.3450199999999999,1.34392,1.34415
2025-08-27 13:00:00,1.34415,1.34419,1.34214,1.34225
2025-08-27 14:00:00,1.34225,1.34353,1.34166,1.34308
2025-08-27 15:00:00,1.34308,1.3445,1.34308,1.34417
2025-08-27 16:00:00,1.34416,1.3455599999999999,1.3436,1.34471
2025-08-27 17:00:00,1.3447,1.34612,1.3443800000000001,1.34603
2025-08-27 18:00:00,1.34602,1.34735,1.34602,1.34662
2025-08-27 19:00:00,1.34662,1.34974,1.34661,1.3496299999999999
2025-08-27 20:00:00,1.34962,1.3502100000000001,1.34931,1.35016
2025-08-27 21:00:00,1.35016,1.3501699999999999,1.34905,1.34973
2025-08-27 22:00:00,1.34974,1.34991,1.34932,1.34977
2025-08-27 23:00:00,1.34977,1.34996,1.34935,1.34982
2025-08-28 00:00:00,1.34952,1.34978,1.3485800000000001,1.3492899999999999
2025-08-28 01:00:00,1.34927,1.3501400000000001,1.34927,1.34994
2025-08-28 02:00:00,1.34994,1.35063,1.34982,1.35039
2025-08-28 03:00:00,1.35039,1.3505099999999999,1.34974,1.3504800000000001
2025-08-28 04:00:00,1.3504800000000001,1.35121,1.35011,1.35045
2025-08-28 05:00:00,1.35045,1.35183,1.35038,1.35163
2025-08-28 06:00:00,1.35163,1.35186,1.3507799999999999,1.35081
2025-08-28 07:00:00,1.3508200000000001,1.35093,1.35032,1.35043
2025-08-28 08:00:00,1.3504399999999999,1.35062,1.34998,1.3504399999999999
2025-08-28 09:00:00,1.35043,1.35134,1.3502100000000001,1.35041
2025-08-28 10:00:00,1.35041,1.35071,1.34877,1.34992
2025-08-28 11:00:00,1.34992,1.35011,1.34829,1.3498999999999999
2025-08-28 12:00:00,1.3498999999999999,1.35073,1.34988,1.35018
2025-08-28 13:00:00,1.3501699999999999,1.3526500000000001,1.34999,1.35213
2025-08-28 14:00:00,1.35211,1.35247,1.35122,1.35144
2025-08-28 15:00:00,1.3514599999999999,1.35192,1.34978,1.35034
2025-08-28 16:00:00,1.35034,1.3511199999999999,1.3489200000000001,1.35063
2025-08-28 17:00:00,1.35064,1.35273,1.35015,1.35117
2025-08-28 18:00:00,1.35118,1.35182,1.3505099999999999,1.35148
2025-08-28 19:00:00,1.35147,1.35249,1.3513600000000001,1.35224
2025-08-28 20:00:00,1.35224,1.35307,1.35183,1.35212
2025-08-28 21:00:00,1.35212,1.35229,1.35138,1.3516
2025-08-28 22:00:00,1.35159,1.35172,1.35106,1.35121
2025-08-28 23:00:00,1.35121,1.35122,1.35072,1.35115
2025-08-29 00:00:00,1.3511600000000001,1.3511600000000001,1.35041,1.3507500000000001
2025-08-29 01:00:00,1.3507500000000001,1.35113,1.35063,1.35069
2025-08-29 02:00:00,1.35069,1.35115,1.35069,1.3508200000000001
2025-08-29 03:00:00,1.35083,1.3511199999999999,1.35029,1.35087
2025-08-29 04:00:00,1.35088,1.3511600000000001,1.3495599999999999,1.34985
2025-08-29 05:00:00,1.34985,1.35047,1.34985,1.35019
2025-08-29 06:00:00,1.3502,1.3502399999999999,1.34957,1.3498700000000001
2025-08-29 07:00:00,1.3498700000000001,1.35032,1.34942,1.35031
2025-08-29 08:00:00,1.35032,1.35036,1.3492899999999999,1.35
2025-08-29 09:00:00,1.35,1.3502399999999999,1.349,1.34907
2025-08-29 10:00:00,1.34904,1.34951,1.3483800000000001,1.34914
2025-08-29 11:00:00,1.34914,1.34943,1.34697,1.34772
2025-08-29 12:00:00,1.3477299999999999,1.3479,1.3459699999999999,1.34599
2025-08-29 13:00:00,1.34598,1.34654,1.3454,1.34622
2025-08-29 14:00:00,1.3462,1.3462100000000001,1.34504,1.3453300000000001
2025-08-29 15:00:00,1.34537,1.34627,1.34464,1.34603
2025-08-29 16:00:00,1.34603,1.34695,1.3446799999999999,1.34691
2025-08-29 17:00:00,1.34705,1.3513899999999999,1.34679,1.35094
2025-08-29 18:00:00,1.35094,1.35161,1.35031,1.3507500000000001
2025-08-29 19:00:00,1.35077,1.3513899999999999,1.34998,1.3508
2025-08-29 20:00:00,1.35081,1.35081,1.3501699999999999,1.35032
2025-08-29 21:00:00,1.35032,1.35113,1.34996,1.35104
2025-08-29 22:00:00,1.35102,1.35154,1.35058,1.35154
2025-08-29 23:00:00,1.35154,1.35169,1.34992,1.35
2025-09-01 00:00:00,1.34881,1.35022,1.34875,1.34973
2025-09-01 01:00:00,1.34982,1.35084,1.34978,1.35031
2025-09-01 02:00:00,1.3503,1.35054,1.35002,1.35033
2025-09-01 03:00:00,1.35033,1.35193,1.3502399999999999,1.35184
2025-09-01 04:00:00,1.35184,1.35193,1.35053,1.3512
2025-09-01 05:00:00,1.35122,1.3529,1.35121,1.35271
2025-09-01 06:00:00,1.35271,1.3529200000000001,1.3519999999999999,1.35235
2025-09-01 07:00:00,1.3523399999999999,1.3523800000000001,1.35168,1.35183
2025-09-01 08:00:00,1.35182,1.35279,1.35172,1.35252
2025-09-01 09:00:00,1.3525,1.35407,1.35232,1.35317
2025-09-01 10:00:00,1.35317,1.3536299999999999,1.35151,1.35301
2025-09-01 11:00:00,1.353,1.35372,1.35244,1.3535300000000001
2025-09-01 12:00:00,1.3535300000000001,1.35374,1.35235,1.35302
2025-09-01 13:00:00,1.35302,1.35347,1.35233,1.3524
2025-09-01 14:00:00,1.35241,1.35331,1.35225,1.35242
2025-09-01 15:00:00,1.35242,1.35337,1.3524,1.35331
2025-09-01 16:00:00,1.35334,1.35449,1.3531,1.35371
2025-09-01 17:00:00,1.35369,1.35499,1.35349,1.3547500000000001
2025-09-01 18:00:00,1.35473,1.35493,1.35381,1.35416
2025-09-01 19:00:00,1.35416,1.35458,1.35398,1.35423
2025-09-01 20:00:00,1.35423,1.3543,1.35399,1.35425
2025-09-01 21:00:00,1.35425,1.35442,1.35413,1.35438
2025-09-01 22:00:00,1.3544,1.35492,1.35437,1.3548499999999999
2025-09-01 23:00:00,1.35483,1.355,1.35439,1.35439
2025-09-02 00:00:00,1.35429,1.35449,1.35344,1.35398
2025-09-02 01:00:00,1.35398,1.3548499999999999,1.35398,1.3545
2025-09-02 02:00:00,1.3545,1.35496,1.3544,1.35464
2025-09-02 03:00:00,1.35463,1.35484,1.3535,1.35376
2025-09-02 04:00:00,1.35376,1.3541699999999999,1.35333,1.35364
2025-09-02 05:00:00,1.35364,1.35364,1.3523800000000001,1.3529
2025-09-02 06:00:00,1.3529,1.35306,1.35243,1.3526099999999999
2025-09-02 07:00:00,1.3526099999999999,1.35304,1.35232,1.35276
2025-09-02 08:00:00,1.35275,1.35312,1.35202,1.3521
2025-09-02 09:00:00,1.3521,1.35336,1.35209,1.35315
2025-09-02 10:00:00,1.35314,1.35333,1.3394,1.3403100000000001
2025-09-02 11:00:00,1.34035,1.34341,1.33756,1.34134
2025-09-02 12:00:00,1.34135,1.3418,1.33814,1.33995
2025-09-02 13:00:00,1.33994,1.34017,1.33713,1.33786
2025-09-02 14:00:00,1.33786,1.3385099999999999,1.33695,1.33836
2025-09-02 15:00:00,1.33836,1.3397299999999999,1.33403,1.33517
2025-09-02 16:00:00,1.3352,1.33958,1.3342399999999999,1.33893
2025-09-02 17:00:00,1.33913,1.3418700000000001,1.3391199999999999,1.33971
2025-09-02 18:00:00,1.33972,1.34002,1.33744,1.33897
2025-09-02 19:00:00,1.33897,1.33928,1.33833,1.33926
2025-09-02 20:00:00,1.33926,1.33941,1.3384,1.33842
2025-09-02 21:00:00,1.33842,1.33868,1.33751,1.33791
2025-09-02 22:00:00,1.33791,1.33915,1.3378999999999999,1.33904
2025-09-02 23:00:00,1.33906,1.33969,1.33903,1.3394
2025-09-03 00:00:00,1.33884,1.33935,1.33829,1.33922
2025-09-03 01:00:00,1.33925,1.33966,1.33866,1.33868
2025-09-03 02:00:00,1.33872,1.33879,1.33814,1.33814
2025-09-03 03:00:00,1.33814,1.33834,1.33721,1.33758
2025-09-03 04:00:00,1.33758,1.33779,1.3367200000000001,1.33693
2025-09-03 05:00:00,1.33693,1.33754,1.33633,1.33655
2025-09-03 06:00:00,1.33656,1.3370600000000001,1.33612,1.33612
2025-09-03 07:00:00,1.3361100000000001,1.33709,1.3360699999999999,1.33694
2025-09-03 08:00:00,1.33691,1.3374,1.33591,1.33623
2025-09-03 09:00:00,1.33623,1.3391,1.33619,1.3376700000000001
2025-09-03 10:00:00,1.33762,1.33806,1.3333300000000001,1.3366500000000001
2025-09-03 11:00:00,1.33663,1.34093,1.33663,1.3407200000000001
2025-09-03 12:00:00,1.3407200000000001,1.34176,1.34023,1.34078
2025-09-03 13:00:00,1.34078,1.34113,1.33951,1.34039
2025-09-03 14:00:00,1.3404,1.3412899999999999,1.33975,1.34119
2025-09-03 15:00:00,1.34117,1.34294,1.34088,1.34247
2025-09-03 16:00:00,1.34247,1.34362,1.34105,1.34157
2025-09-03 17:00:00,1.3415599999999999,1.3446500000000001,1.3415599999999999,1.34335
2025-09-03 18:00:00,1.34335,1.3454,1.34301,1.34476
2025-09-03 19:00:00,1.34477,1.34522,1.34437,1.3449900000000001
2025-09-03 20:00:00,1.34501,1.34585,1.3439,1.34414
2025-09-03 21:00:00,1.34415,1.34478,1.34382,1.34418
2025-09-03 22:00:00,1.34418,1.34419,1.3434599999999999,1.34384
2025-09-03 23:00:00,1.34383,1.34459,1.34381,1.34456
2025-09-04 00:00:00,1.34435,1.34445,1.34308,1.34387
2025-09-04 01:00:00,1.3437299999999999,1.34428,1.34352,1.34391
2025-09-04 02:00:00,1.34391,1.3443,1.34381,1.34409
2025-09-04 03:00:00,1.3441,1.3444,1.3436,1.34422
2025-09-04 04:00:00,1.34422,1.345,1.34332,1.34374
2025-09-04 05:00:00,1.34374,1.34379,1.34294,1.34308
2025-09-04 06:00:00,1.34308,1.3433,1.3425799999999999,1.34279
2025-09-04 07:00:00,1.34279,1.34307,1.34254,1.3427
2025-09-04 08:00:00,1.3427,1.34305,1.34241,1.34281
2025-09-04 09:00:00,1.34284,1.3441,1.3428200000000001,1.34356
2025-09-04 10:00:00,1.34356,1.34383,1.34164,1.34272
2025-09-04 11:00:00,1.34271,1.34569,1.34266,1.34543
2025-09-04 12:00:00,1.34543,1.34592,1.34338,1.34397
2025-09-04 13:00:00,1.34397,1.3456000000000001,1.34376,1.34487
2025-09-04 14:00:00,1.34486,1.34489,1.3425099999999999,1.34334
2025-09-04 15:00:00,1.34335,1.34527,1.3422100000000001,1.3441
2025-09-04 16:00:00,1.34408,1.34469,1.3425799999999999,1.34396
2025-09-04 17:00:00,1.34297,1.34393,1.34172,1.34273
2025-09-04 18:00:00,1.34275,1.34408,1.34262,1.34387
2025-09-04 19:00:00,1.34387,1.34395,1.34175,1.34216
2025-09-04 20:00:00,1.34216,1.34268,1.34189,1.34223
2025-09-04 21:00:00,1.34223,1.3431600000000001,1.34222,1.34262
2025-09-04 22:00:00,1.34262,1.34363,1.34261,1.34359
2025-09-04 23:00:00,1.34358,1.3437000000000001,1.34321,1.34352
2025-09-05 00:00:00,1.34327,1.34334,1.34212,1.34328
2025-09-05 01:00:00,1.34324,1.34361,1.34324,1.34337
2025-09-05 02:00:00,1.34334,1.3445,1.34333,1.3444
2025-09-05 03:00:00,1.3444,1.34503,1.3442,1.34493
2025-09-05 04:00:00,1.34493,1.34543,1.34467,1.34517
2025-09-05 05:00:00,1.34517,1.34572,1.3449900000000001,1.3453
2025-09-05 06:00:00,1.3452899999999999,1.34552,1.34519,1.3454
2025-09-05 07:00:00,1.3454,1.34547,1.3448,1.3450199999999999
2025-09-05 08:00:00,1.3450199999999999,1.34632,1.34496,1.3462
2025-09-05 09:00:00,1.34623,1.3472,1.34557,1.34558
2025-09-05 10:00:00,1.34558,1.34668,1.3450199999999999,1.34643
2025-09-05 11:00:00,1.34639,1.34721,1.34619,1.347
2025-09-05 12:00:00,1.34701,1.34813,1.34672,1.34811
2025-09-05 13:00:00,1.34813,1.34855,1.34778,1.34786
2025-09-05 14:00:00,1.34785,1.3483399999999999,1.34616,1.34622
2025-09-05 15:00:00,1.3462100000000001,1.35324,1.34575,1.35211
2025-09-05 16:00:00,1.35211,1.35498,1.3513899999999999,1.35484
2025-09-05 17:00:00,1.35488,1.35548,1.35049,1.35203
2025-09-05 18:00:00,1.3520400000000001,1.35435,1.35186,1.3541400000000001
2025-09-05 19:00:00,1.35413,1.3542399999999999,1.35254,1.3526
2025-09-05 20:00:00,1.3526,1.35262,1.3510900000000001,1.35126
2025-09-05 21:00:00,1.35126,1.35145,1.35008,1.35052
2025-09-05 22:00:00,1.35052,1.35113,1.3501699999999999,1.35026
2025-09-05 23:00:00,1.35027,1.35079,1.35022,1.35047
2025-09-08 00:00:00,1.34955,1.3498299999999999,1.34935,1.34942
2025-09-08 01:00:00,1.34966,1.34995,1.34824,1.34869
2025-09-08 02:00:00,1.3487,1.34961,1.34862,1.34927
2025-09-08 03:00:00,1.34927,1.34962,1.34832,1.34961
2025-09-08 04:00:00,1.34961,1.35035,1.34907,1.3501699999999999
2025-09-08 05:00:00,1.3501699999999999,1.35057,1.3497,1.3504
2025-09-08 06:00:00,1.35039,1.35056,1.34947,1.34955
2025-09-08 07:00:00,1.3495599999999999,1.34976,1.3486799999999999,1.34964
2025-09-08 08:00:00,1.34964,1.3504,1.34957,1.3496299999999999
2025-09-08 09:00:00,1.34967,1.35189,1.34967,1.35183
2025-09-08 10:00:00,1.35183,1.35259,1.3511,1.35161
2025-09-08 11:00:00,1.35161,1.35264,1.35061,1.35124
2025-09-08 12:00:00,1.35125,1.3514300000000001,1.3508,1.35091
2025-09-08 13:00:00,1.35091,1.3531900000000001,1.35022,1.35303
2025-09-08 14:00:00,1.35301,1.35364,1.35222,1.3529499999999999
2025-09-08 15:00:00,1.35293,1.3549,1.35273,1.3543
2025-09-08 16:00:00,1.35433,1.35564,1.35402,1.3545099999999999
2025-09-08 17:00:00,1.35452,1.35467,1.35309,1.3535300000000001
2025-09-08 18:00:00,1.35352,1.35466,1.3532899999999999,1.35464
2025-09-08 19:00:00,1.35465,1.35486,1.3528,1.35377
2025-09-08 20:00:00,1.35377,1.354,1.35275,1.35279
2025-09-08 21:00:00,1.35278,1.3553600000000001,1.35274,1.35531
2025-09-08 22:00:00,1.35532,1.3555,1.3549,1.3550900000000001
2025-09-08 23:00:00,1.3550499999999999,1.35511,1.35439,1.3544
2025-09-09 00:00:00,1.3544399999999999,1.3545099999999999,1.35405,1.35416
2025-09-09 01:00:00,1.35432,1.35499,1.35418,1.35491
2025-09-09 02:00:00,1.35493,1.3558,1.35491,1.35528
2025-09-09 03:00:00,1.35527,1.3562400000000001,1.35503,1.35585
2025-09-09 04:00:00,1.35585,1.35705,1.3553,1.3567
2025-09-09 05:00:00,1.35669,1.35715,1.35628,1.35637
2025-09-09 06:00:00,1.35636,1.3565,1.35582,1.3559700000000001
2025-09-09 07:00:00,1.3559700000000001,1.35754,1.35588,1.35736
2025-09-09 08:00:00,1.35736,1.35807,1.35708,1.35793
2025-09-09 09:00:00,1.35797,1.35827,1.35578,1.35662
2025-09-09 10:00:00,1.35663,1.35767,1.35583,1.35652
2025-09-09 11:00:00,1.35653,1.3575599999999999,1.3558,1.35732
2025-09-09 12:00:00,1.35733,1.35906,1.3572899999999999,1.35867
2025-09-09 13:00:00,1.35867,1.35895,1.35747,1.35774
2025-09-09 14:00:00,1.35772,1.3578299999999999,1.3557299999999999,1.35582
2025-09-09 15:00:00,1.35582,1.35603,1.35458,1.3554300000000001
2025-09-09 16:00:00,1.3554300000000001,1.35655,1.35515,1.35541
2025-09-09 17:00:00,1.35549,1.35745,1.35321,1.35397
2025-09-09 18:00:00,1.35397,1.35411,1.3523100000000001,1.35314
2025-09-09 19:00:00,1.35314,1.35467,1.35262,1.35346
2025-09-09 20:00:00,1.35345,1.35388,1.35245,1.3526099999999999
2025-09-09 21:00:00,1.3526099999999999,1.35278,1.3522,1.35227
2025-09-09 22:00:00,1.35227,1.35251,1.35184,1.35195
2025-09-09 23:00:00,1.35194,1.3527,1.3518,1.35269
2025-09-10 00:00:00,1.35255,1.35273,1.35171,1.35211
2025-09-10 01:00:00,1.35211,1.35307,1.35184,1.35301
2025-09-10 02:00:00,1.35301,1.35302,1.35182,1.35205
2025-09-10 03:00:00,1.35205,1.3523800000000001,1.35163,1.35222
2025-09-10 04:00:00,1.35222,1.35281,1.35147,1.35222
2025-09-10 05:00:00,1.35224,1.35324,1.3520699999999999,1.35318
2025-09-10 06:00:00,1.35318,1.35365,1.35309,1.3532600000000001
2025-09-10 07:00:00,1.35325,1.35426,1.35316,1.3542100000000001
2025-09-10 08:00:00,1.3542,1.35422,1.3532199999999999,1.35348
2025-09-10 09:00:00,1.35352,1.35435,1.35211,1.3525800000000001
2025-09-10 10:00:00,1.35263,1.35388,1.35131,1.35335
2025-09-10 11:00:00,1.35335,1.3534,1.3519700000000001,1.35274
2025-09-10 12:00:00,1.35275,1.35459,1.3526500000000001,1.35425
2025-09-10 13:00:00,1.35425,1.35436,1.35309,1.3538700000000001
2025-09-10 14:00:00,1.35388,1.35394,1.35276,1.3534
2025-09-10 15:00:00,1.3534,1.35647,1.35235,1.35303
2025-09-10 16:00:00,1.35304,1.35577,1.35256,1.35552
2025-09-10 17:00:00,1.35552,1.35613,1.35473,1.35506
2025-09-10 18:00:00,1.35506,1.35553,1.3543,1.35465
2025-09-10 19:00:00,1.35467,1.35495,1.35337,1.3536299999999999
2025-09-10 20:00:00,1.3536299999999999,1.35408,1.35275,1.35344
2025-09-10 21:00:00,1.35343,1.3542,1.3532199999999999,1.35359
2025-09-10 22:00:00,1.3536000000000001,1.35369,1.35215,1.35306
2025-09-10 23:00:00,1.35306,1.3532899999999999,1.35264,1.35305
2025-09-11 00:00:00,1.35276,1.35307,1.35192,1.35232
2025-09-11 01:00:00,1.35225,1.35381,1.35225,1.35379
2025-09-11 02:00:00,1.35379,1.354,1.35331,1.35331
2025-09-11 03:00:00,1.35331,1.35331,1.3526799999999999,1.35275
2025-09-11 04:00:00,1.35275,1.3534,1.35266,1.35296
2025-09-11 05:00:00,1.35296,1.353,1.35225,1.3526
2025-09-11 06:00:00,1.35259,1.35301,1.35251,1.35276
2025-09-11 07:00:00,1.35276,1.35288,1.3523100000000001,1.35271
2025-09-11 08:00:00,1.3527,1.35272,1.35148,1.35164
2025-09-11 09:00:00,1.35162,1.35246,1.3511600000000001,1.35164
2025-09-11 10:00:00,1.35164,1.35224,1.35033,1.35158
2025-09-11 11:00:00,1.35159,1.35214,1.35133,1.35145
2025-09-11 12:00:00,1.35145,1.3516,1.34939,1.35028
2025-09-11 13:00:00,1.35028,1.35158,1.34992,1.3515
2025-09-11 14:00:00,1.3515,1.35227,1.35058,1.35073
2025-09-11 15:00:00,1.35074,1.35491,1.34938,1.3545
2025-09-11 16:00:00,1.35456,1.35618,1.35397,1.35529
2025-09-11 17:00:00,1.3553,1.35667,1.355,1.35575
2025-09-11 18:00:00,1.35575,1.3578999999999999,1.35526,1.3565800000000001
2025-09-11 19:00:00,1.3566,1.35792,1.35656,1.35777
2025-09-11 20:00:00,1.35777,1.35829,1.35686,1.35707
2025-09-11 21:00:00,1.35707,1.35822,1.35697,1.35792
2025-09-11 22:00:00,1.35792,1.35818,1.35768,1.35778
2025-09-11 23:00:00,1.35778,1.35804,1.35699,1.3572
2025-09-12 00:00:00,1.35708,1.35742,1.35636,1.3569
2025-09-12 01:00:00,1.3569,1.35803,1.3566799999999999,1.3578999999999999
2025-09-12 02:00:00,1.35791,1.35806,1.3574,1.35741
2025-09-12 03:00:00,1.35741,1.35759,1.3568500000000001,1.3572600000000001
2025-09-12 04:00:00,1.3572600000000001,1.35735,1.3556599999999999,1.3557299999999999
2025-09-12 05:00:00,1.3557299999999999,1.3563,1.35556,1.35583
2025-09-12 06:00:00,1.35583,1.35585,1.35538,1.35553
2025-09-12 07:00:00,1.35551,1.35569,1.35523,1.35565
2025-09-12 08:00:00,1.35565,1.35609,1.35523,1.35584
2025-09-12 09:00:00,1.35596,1.3562699999999999,1.3545,1.35568
2025-09-12 10:00:00,1.35568,1.3574899999999999,1.35567,1.35643
2025-09-12 11:00:00,1.35643,1.35643,1.35308,1.35338
2025-09-12 12:00:00,1.35338,1.3548,1.3529900000000001,1.35466
2025-09-12 13:00:00,1.35466,1.35583,1.35456,1.35568
2025-09-12 14:00:00,1.35568,1.35628,1.3547,1.35488
2025-09-12 15:00:00,1.35488,1.35494,1.35243,1.35433
2025-09-12 16:00:00,1.35433,1.35494,1.35377,1.35467
2025-09-12 17:00:00,1.35459,1.35697,1.35459,1.35589
2025-09-12 18:00:00,1.35589,1.35619,1.35436,1.35453
2025-09-12 19:00:00,1.3545099999999999,1.3568500000000001,1.35405,1.35602
2025-09-12 20:00:00,1.35603,1.35683,1.35594,1.35598
2025-09-12 21:00:00,1.35598,1.35709,1.35598,1.35698
2025-09-12 22:00:00,1.35697,1.35703,1.35608,1.35617
2025-09-12 23:00:00,1.35613,1.35619,1.35559,1.35569
2025-09-15 00:00:00,1.35465,1.35615,1.35412,1.3558
2025-09-15 01:00:00,1.35605,1.35617,1.35518,1.3557000000000001
2025-09-15 02:00:00,1.3557000000000001,1.35587,1.35517,1.35527
2025-09-15 03:00:00,1.35526,1.3556,1.35487,1.35559
2025-09-15 04:00:00,1.35559,1.35602,1.35527,1.35587
2025-09-15 05:00:00,1.35588,1.35613,1.35551,1.35598
2025-09-15 06:00:00,1.35598,1.35677,1.35592,1.35649
2025-09-15 07:00:00,1.35649,1.3571,1.35645,1.35673
2025-09-15 08:00:00,1.35674,1.35682,1.35615,1.35616
2025-09-15 09:00:00,1.35619,1.35679,1.3553,1.35626
2025-09-15 10:00:00,1.35626,1.3593899999999999,1.35615,1.35819
2025-09-15 11:00:00,1.35818,1.35992,1.35792,1.3582
2025-09-15 12:00:00,1.3582,1.36005,1.35785,1.35922
2025-09-15 13:00:00,1.3592,1.36133,1.35917,1.36071
2025-09-15 14:00:00,1.36071,1.36195,1.36048,1.3615
2025-09-15 15:00:00,1.36151,1.36199,1.36084,1.36148
2025-09-15 16:00:00,1.36148,1.36177,1.35951,1.3596
2025-09-15 17:00:00,1.35961,1.35962,1.35847,1.35892
2025-09-15 18:00:00,1.35894,1.36074,1.3587099999999999,1.3607
2025-09-15 19:00:00,1.36071,1.36097,1.35945,1.35989
2025-09-15 20:00:00,1.35989,1.36113,1.35945,1.36091
2025-09-15 21:00:00,1.36091,1.36105,1.36001,1.36054
2025-09-15 22:00:00,1.36054,1.36104,1.3604,1.3609200000000001
2025-09-15 23:00:00,1.3609200000000001,1.3611,1.3596300000000001,1.35977
2025-09-16 00:00:00,1.35986,1.36021,1.35944,1.35976
2025-09-16 01:00:00,1.35976,1.36041,1.35976,1.36036
2025-09-16 02:00:00,1.3604,1.36049,1.3601,1.3601
2025-09-16 03:00:00,1.36011,1.36057,1.3598,1.36017
2025-09-16 04:00:00,1.36016,1.36062,1.35979,1.36033
2025-09-16 05:00:00,1.36032,1.36143,1.3603100000000001,1.3612199999999999
2025-09-16 06:00:00,1.3612199999999999,1.3624800000000001,1.36106,1.36173
2025-09-16 07:00:00,1.36173,1.36176,1.3612199999999999,1.3615599999999999
2025-09-16 08:00:00,1.3615599999999999,1.3620999999999999,1.36143,1.36185
2025-09-16 09:00:00,1.36211,1.3633600000000001,1.36197,1.363
2025-09-16 10:00:00,1.36301,1.3643100000000001,1.36264,1.36283
2025-09-16 11:00:00,1.36283,1.36383,1.3624100000000001,1.36267
2025-09-16 12:00:00,1.36264,1.36459,1.36261,1.36421
2025-09-16 13:00:00,1.36422,1.3642400000000001,1.36261,1.3626800000000001
2025-09-16 14:00:00,1.3626800000000001,1.36497,1.36242,1.3643100000000001
2025-09-16 15:00:00,1.36432,1.3646099999999999,1.36249,1.36407
2025-09-16 16:00:00,1.36408,1.36592,1.36389,1.3658000000000001
2025-09-16 17:00:00,1.36579,1.36719,1.3649200000000001,1.36567
2025-09-16 18:00:00,1.36567,1.36577,1.36388,1.3653
2025-09-16 19:00:00,1.36531,1.36638,1.36508,1.36579
2025-09-16 20:00:00,1.36581,1.3668,1.36529,1.36587
2025-09-16 21:00:00,1.36586,1.36642,1.36558,1.36594
2025-09-16 22:00:00,1.36594,1.36616,1.36502,1.3651200000000001
2025-09-16 23:00:00,1.36513,1.36539,1.36417,1.36449
2025-09-17 00:00:00,1.36452,1.36493,1.3639700000000001,1.36422
2025-09-17 01:00:00,1.36422,1.3654600000000001,1.3639999999999999,1.36501
2025-09-17 02:00:00,1.36501,1.3655599999999999,1.36491,1.36527
2025-09-17 03:00:00,1.36527,1.36591,1.36448,1.36452
2025-09-17 04:00:00,1.36452,1.36481,1.36396,1.36433
2025-09-17 05:00:00,1.36433,1.36453,1.36408,1.36432
2025-09-17 06:00:00,1.36432,1.36462,1.36411,1.36432
2025-09-17 07:00:00,1.36432,1.3644,1.3641,1.36419
2025-09-17 08:00:00,1.3642,1.36493,1.3642,1.36486
2025-09-17 09:00:00,1.3643399999999999,1.36507,1.3635,1.36398
2025-09-17 10:00:00,1.36399,1.36417,1.36299,1.36347
2025-09-17 11:00:00,1.36347,1.36523,1.36322,1.36401
2025-09-17 12:00:00,1.36401,1.36564,1.3639999999999999,1.36487
2025-09-17 13:00:00,1.36487,1.36524,1.36385,1.3644
2025-09-17 14:00:00,1.36441,1.36523,1.36401,1.36468
2025-09-17 15:00:00,1.36469,1.36542,1.36435,1.36541
2025-09-17 16:00:00,1.36542,1.36647,1.36483,1.36627
2025-09-17 17:00:00,1.36628,1.36694,1.3658000000000001,1.36594
2025-09-17 18:00:00,1.36593,1.36665,1.36552,1.36589
2025-09-17 19:00:00,1.36589,1.36696,1.36575,1.3665
2025-09-17 20:00:00,1.36651,1.36686,1.36601,1.36634
2025-09-17 21:00:00,1.36603,1.37265,1.36249,1.3639700000000001
2025-09-17 22:00:00,1.3639700000000001,1.36657,1.36341,1.3637299999999999
2025-09-17 23:00:00,1.3637299999999999,1.36385,1.36196,1.36229
2025-09-18 00:00:00,1.36232,1.36293,1.36194,1.36239
2025-09-18 01:00:00,1.36239,1.36333,1.36239,1.36295
2025-09-18 02:00:00,1.36295,1.36355,1.36276,1.36294
2025-09-18 03:00:00,1.36294,1.36299,1.3620700000000001,1.3627
2025-09-18 04:00:00,1.3627099999999999,1.36307,1.36102,1.36175
2025-09-18 05:00:00,1.36175,1.36283,1.36175,1.36276
2025-09-18 06:00:00,1.36276,1.36306,1.36202,1.36208
2025-09-18 07:00:00,1.36208,1.36218,1.3605,1.36067
2025-09-18 08:00:00,1.36067,1.36099,1.35918,1.35968
2025-09-18 09:00:00,1.3597000000000001,1.36049,1.35862,1.35951
2025-09-18 10:00:00,1.3595,1.36404,1.3595,1.3633
2025-09-18 11:00:00,1.3633,1.36484,1.36269,1.36395
2025-09-18 12:00:00,1.36395,1.36555,1.36369,1.36456
2025-09-18 13:00:00,1.36455,1.36541,1.36417,1.36466
2025-09-18 14:00:00,1.36466,1.36606,1.3613,1.3621699999999999
2025-09-18 15:00:00,1.36218,1.36232,1.35945,1.35945
2025-09-18 16:00:00,1.35945,1.35957,1.35341,1.35513
2025-09-18 17:00:00,1.35515,1.35714,1.35456,1.35521
2025-09-18 18:00:00,1.35521,1.35621,1.35359,1.35481
2025-09-18 19:00:00,1.35481,1.35579,1.35419,1.35527
2025-09-18 20:00:00,1.35527,1.35632,1.35507,1.35554
2025-09-18 21:00:00,1.35552,1.35567,1.35445,1.35531
2025-09-18 22:00:00,1.35531,1.35574,1.35477,1.35487
2025-09-18 23:00:00,1.35486,1.35524,1.3545099999999999,1.35524
2025-09-19 00:00:00,1.35526,1.35549,1.35431,1.35532
2025-09-19 01:00:00,1.35535,1.35553,1.35516,1.3552
2025-09-19 02:00:00,1.3552,1.35568,1.35517,1.3555
2025-09-19 03:00:00,1.35552,1.35559,1.35404,1.3549
2025-09-19 04:00:00,1.35489,1.35504,1.3536299999999999,1.3538700000000001
2025-09-19 05:00:00,1.3538700000000001,1.35425,1.35309,1.35413
2025-09-19 06:00:00,1.35412,1.35588,1.35412,1.3550499999999999
2025-09-19 07:00:00,1.35508,1.35595,1.35419,1.3544399999999999
2025-09-19 08:00:00,1.35445,1.35514,1.35409,1.35443
2025-09-19 09:00:00,1.35443,1.35454,1.34972,1.35077
2025-09-19 10:00:00,1.35079,1.35145,1.3485,1.34912
2025-09-19 11:00:00,1.34913,1.35018,1.34825,1.34995
2025-09-19 12:00:00,1.34995,1.3510499999999999,1.34952,1.3504800000000001
2025-09-19 13:00:00,1.35047,1.35087,1.34947,1.34968
2025-09-19 14:00:00,1.34968,1.34989,1.34729,1.34776
2025-09-19 15:00:00,1.34776,1.34832,1.34631,1.3468499999999999
2025-09-19 16:00:00,1.3468499999999999,1.34948,1.34683,1.34898
2025-09-19 17:00:00,1.3489499999999999,1.34982,1.34809,1.34823
2025-09-19 18:00:00,1.34823,1.34854,1.34721,1.34824
2025-09-19 19:00:00,1.34826,1.34854,1.34706,1.34827
2025-09-19 20:00:00,1.34825,1.34853,1.34735,1.34762
2025-09-19 21:00:00,1.34762,1.34766,1.34667,1.34689
2025-09-19 22:00:00,1.34689,1.34755,1.34672,1.34724
2025-09-19 23:00:00,1.34724,1.34742,1.3467,1.34704
2025-09-22 00:00:00,1.34632,1.34654,1.34595,1.34605
2025-09-22 01:00:00,1.34616,1.3473600000000001,1.34616,1.34711
2025-09-22 02:00:00,1.34711,1.34721,1.3462399999999999,1.34628
2025-09-22 03:00:00,1.34627,1.34679,1.34573,1.34676
2025-09-22 04:00:00,1.34676,1.34745,1.34657,1.34662
2025-09-22 05:00:00,1.34663,1.34668,1.34585,1.3459400000000001
2025-09-22 06:00:00,1.3459400000000001,1.34672,1.34576,1.34623
2025-09-22 07:00:00,1.34623,1.34626,1.34531,1.34607
2025-09-22 08:00:00,1.34605,1.3474,1.34592,1.3472
2025-09-22 09:00:00,1.34717,1.3483,1.34703,1.34748
2025-09-22 10:00:00,1.34748,1.34833,1.34717,1.34785
2025-09-22 11:00:00,1.34785,1.35034,1.34768,1.34958
2025-09-22 12:00:00,1.34958,1.35043,1.34904,1.35023
2025-09-22 13:00:00,1.3502100000000001,1.35067,1.34949,1.34996
2025-09-22 14:00:00,1.34996,1.35,1.34924,1.34981
2025-09-22 15:00:00,1.34981,1.35161,1.3490199999999999,1.3508200000000001
2025-09-22 16:00:00,1.35083,1.35148,1.3498299999999999,1.35071
2025-09-22 17:00:00,1.3507,1.35073,1.34924,1.34946
2025-09-22 18:00:00,1.34946,1.35055,1.34921,1.35026
2025-09-22 19:00:00,1.35025,1.3520400000000001,1.35,1.35083
2025-09-22 20:00:00,1.35083,1.35175,1.3507,1.35165
2025-09-22 21:00:00,1.35165,1.35195,1.35148,1.35169
2025-09-22 22:00:00,1.35169,1.35192,1.35149,1.35158
2025-09-22 23:00:00,1.35159,1.35168,1.35118,1.35119
2025-09-23 00:00:00,1.35122,1.35122,1.3503,1.35108
2025-09-23 01:00:00,1.35108,1.3517000000000001,1.351,1.3514300000000001
2025-09-23 02:00:00,1.35144,1.35165,1.35137,1.35141
2025-09-23 03:00:00,1.35141,1.35206,1.3511199999999999,1.35206
2025-09-23 04:00:00,1.35206,1.35274,1.35161,1.35232
2025-09-23 05:00:00,1.35232,1.35245,1.35054,1.35092
2025-09-23 06:00:00,1.35092,1.35157,1.3503,1.35157
2025-09-23 07:00:00,1.35157,1.35174,1.35046,1.3507500000000001
2025-09-23 08:00:00,1.3507,1.35148,1.35037,1.35074
2025-09-23 09:00:00,1.35071,1.35223,1.35023,1.35157
2025-09-23 10:00:00,1.35157,1.3523,1.35049,1.3520400000000001
2025-09-23 11:00:00,1.3520400000000001,1.35279,1.3487,1.35037
2025-09-23 12:00:00,1.35038,1.35144,1.34971,1.35052
2025-09-23 13:00:00,1.3505099999999999,1.35163,1.34991,1.3510900000000001
2025-09-23 14:00:00,1.3510900000000001,1.35198,1.35062,1.3514599999999999
2025-09-23 15:00:00,1.3514599999999999,1.35294,1.35098,1.35246
2025-09-23 16:00:00,1.35247,1.35366,1.3506,1.35176
2025-09-23 17:00:00,1.35176,1.3526099999999999,1.35094,1.35246
2025-09-23 18:00:00,1.35244,1.35256,1.35081,1.3516599999999999
2025-09-23 19:00:00,1.3516599999999999,1.3524,1.35071,1.35209
2025-09-23 20:00:00,1.35209,1.3525800000000001,1.35153,1.35168
2025-09-23 21:00:00,1.35168,1.3522,1.35133,1.35168
2025-09-23 22:00:00,1.35169,1.35271,1.35142,1.35252
2025-09-23 23:00:00,1.35252,1.35271,1.3519999999999999,1.35245
2025-09-24 00:00:00,1.35241,1.35241,1.35107,1.35182
2025-09-24 01:00:00,1.35181,1.35286,1.3518,1.35254
2025-09-24 02:00:00,1.35253,1.35274,1.35221,1.35243
2025-09-24 03:00:00,1.35243,1.3526099999999999,1.3514,1.35148
2025-09-24 04:00:00,1.35148,1.35161,1.35079,1.35111
2025-09-24 05:00:00,1.35111,1.35164,1.35098,1.35111
2025-09-24 06:00:00,1.35111,1.3514300000000001,1.35064,1.35072
2025-09-24 07:00:00,1.35072,1.3510499999999999,1.35052,1.35089
2025-09-24 08:00:00,1.35088,1.35122,1.3501,1.35064
2025-09-24 09:00:00,1.35064,1.3511199999999999,1.34921,1.34989
2025-09-24 10:00:00,1.34988,1.35018,1.34817,1.34847
2025-09-24 11:00:00,1.34847,1.34849,1.34731,1.34839
2025-09-24 12:00:00,1.34839,1.34877,1.34711,1.3477700000000001
2025-09-24 13:00:00,1.3477700000000001,1.34799,1.34645,1.34646
2025-09-24 14:00:00,1.34645,1.34698,1.34554,1.34575
2025-09-24 15:00:00,1.34575,1.3470900000000001,1.34361,1.34459
2025-09-24 16:00:00,1.34458,1.34478,1.34266,1.34374
2025-09-24 17:00:00,1.3437999999999999,1.34575,1.34267,1.34512
2025-09-24 18:00:00,1.34512,1.34568,1.34442,1.3447200000000001
2025-09-24 19:00:00,1.34474,1.34497,1.34391,1.34428
2025-09-24 20:00:00,1.34428,1.34558,1.34422,1.34539
2025-09-24 21:00:00,1.34539,1.3455,1.34435,1.34485
2025-09-24 22:00:00,1.34484,1.34507,1.34432,1.34463
2025-09-24 23:00:00,1.34463,1.34488,1.3443100000000001,1.3447
2025-09-25 00:00:00,1.34457,1.34493,1.34384,1.34452
2025-09-25 01:00:00,1.34452,1.34521,1.34443,1.34509
2025-09-25 02:00:00,1.34511,1.34537,1.34489,1.34494
2025-09-25 03:00:00,1.34493,1.34578,1.34488,1.34566
2025-09-25 04:00:00,1.34569,1.34591,1.3449200000000001,1.3454
2025-09-25 05:00:00,1.34541,1.3462100000000001,1.34539,1.34585
2025-09-25 06:00:00,1.34585,1.34626,1.34555,1.34613
2025-09-25 07:00:00,1.34613,1.34647,1.346,1.3463
2025-09-25 08:00:00,1.3463,1.34631,1.3453300000000001,1.3455
2025-09-25 09:00:00,1.34546,1.3467,1.34498,1.34646
2025-09-25 10:00:00,1.3464800000000001,1.3465099999999999,1.34364,1.3437700000000001
2025-09-25 11:00:00,1.34378,1.34535,1.34345,1.34528
2025-09-25 12:00:00,1.34532,1.34595,1.34462,1.34498
2025-09-25 13:00:00,1.34498,1.34566,1.34462,1.34464
2025-09-25 14:00:00,1.34462,1.34479,1.34178,1.34216
2025-09-25 15:00:00,1.34216,1.34233,1.33723,1.33838
2025-09-25 16:00:00,1.33839,1.33944,1.33632,1.33705
2025-09-25 17:00:00,1.33703,1.33841,1.33471,1.33478
2025-09-25 18:00:00,1.33478,1.33518,1.33411,1.3348499999999999
2025-09-25 19:00:00,1.3348499999999999,1.33572,1.3336000000000001,1.33392
2025-09-25 20:00:00,1.33391,1.33436,1.33267,1.33353
2025-09-25 21:00:00,1.33354,1.33379,1.33236,1.33339
2025-09-25 22:00:00,1.3334,1.33409,1.33337,1.33368
2025-09-25 23:00:00,1.33368,1.33468,1.33364,1.33418
2025-09-26 00:00:00,1.33406,1.33436,1.33322,1.33338
2025-09-26 01:00:00,1.33338,1.3345799999999999,1.33338,1.33438
2025-09-26 02:00:00,1.3344,1.3344,1.33323,1.33352
2025-09-26 03:00:00,1.33352,1.33461,1.33293,1.33454
2025-09-26 04:00:00,1.33454,1.33481,1.3339400000000001,1.33418
2025-09-26 05:00:00,1.33419,1.33554,1.33416,1.33499
2025-09-26 06:00:00,1.33499,1.33544,1.3348499999999999,1.33538
2025-09-26 07:00:00,1.33538,1.33556,1.33495,1.3354300000000001
2025-09-26 08:00:00,1.3354300000000001,1.33578,1.33528,1.33539
2025-09-26 09:00:00,1.33536,1.33642,1.3351,1.33639
2025-09-26 10:00:00,1.3363399999999999,1.33698,1.3345099999999999,1.33528
2025-09-26 11:00:00,1.33527,1.33708,1.33511,1.3365
2025-09-26 12:00:00,1.3365,1.3366,1.33506,1.33527
2025-09-26 13:00:00,1.33525,1.33556,1.33435,1.33461
2025-09-26 14:00:00,1.33462,1.33563,1.33439,1.33503
2025-09-26 15:00:00,1.33503,1.33769,1.33486,1.33769
2025-09-26 16:00:00,1.33771,1.3388200000000001,1.33753,1.33846
2025-09-26 17:00:00,1.3384800000000001,1.34066,1.33846,1.34016
2025-09-26 18:00:00,1.34016,1.34131,1.33944,1.34017
2025-09-26 19:00:00,1.34017,1.34098,1.33965,1.33983
2025-09-26 20:00:00,1.33984,1.34077,1.3397999999999999,1.34048
2025-09-26 21:00:00,1.34048,1.34116,1.34012,1.34097
2025-09-26 22:00:00,1.34097,1.34098,1.3403800000000001,1.3408
2025-09-26 23:00:00,1.3408,1.34094,1.33995,1.33997
2025-09-29 00:00:00,1.3385799999999999,1.34012,1.33857,1.33978
2025-09-29 01:00:00,1.3397999999999999,1.34063,1.3397999999999999,1.34046
2025-09-29 02:00:00,1.34046,1.34113,1.3403800000000001,1.3407499999999999
2025-09-29 03:00:00,1.34076,1.34253,1.34066,1.34241
2025-09-29 04:00:00,1.3424,1.34284,1.3416299999999999,1.34268
2025-09-29 05:00:00,1.34269,1.34341,1.34259,1.34297
2025-09-29 06:00:00,1.34297,1.34347,1.34291,1.34318
2025-09-29 07:00:00,1.34318,1.34416,1.3428200000000001,1.34375
2025-09-29 08:00:00,1.34375,1.34429,1.34344,1.34418
2025-09-29 09:00:00,1.34419,1.34424,1.34344,1.3437999999999999
2025-09-29 10:00:00,1.3437999999999999,1.34498,1.34366,1.34466
2025-09-29 11:00:00,1.34467,1.3450199999999999,1.34314,1.34355
2025-09-29 12:00:00,1.34355,1.34427,1.34301,1.34313
2025-09-29 13:00:00,1.34313,1.34331,1.3425,1.34283
2025-09-29 14:00:00,1.34283,1.34474,1.34246,1.34473
2025-09-29 15:00:00,1.34473,1.3457,1.34341,1.34516
2025-09-29 16:00:00,1.34516,1.34522,1.34376,1.34384
2025-09-29 17:00:00,1.34383,1.34399,1.34159,1.34182
2025-09-29 18:00:00,1.34184,1.34364,1.34171,1.34322
2025-09-29 19:00:00,1.34322,1.34361,1.34263,1.3430900000000001
2025-09-29 20:00:00,1.3430900000000001,1.34341,1.34237,1.34249
2025-09-29 21:00:00,1.3425099999999999,1.3439,1.34229,1.3437999999999999
2025-09-29 22:00:00,1.3437999999999999,1.34385,1.34342,1.34359
2025-09-29 23:00:00,1.34358,1.34359,1.34291,1.34306
2025-09-30 00:00:00,1.34238,1.34276,1.3422,1.34247
2025-09-30 01:00:00,1.34245,1.3433899999999999,1.34243,1.34337
2025-09-30 02:00:00,1.34337,1.34378,1.34333,1.34349
2025-09-30 03:00:00,1.3435000000000001,1.34361,1.34204,1.34249
2025-09-30 04:00:00,1.34252,1.3434599999999999,1.3422399999999999,1.34229
2025-09-30 05:00:00,1.3423,1.34322,1.34205,1.3430900000000001
2025-09-30 06:00:00,1.3430900000000001,1.34389,1.3427799999999999,1.34353
2025-09-30 07:00:00,1.34353,1.34386,1.34277,1.34384
2025-09-30 08:00:00,1.34385,1.34467,1.34333,1.34338
2025-09-30 09:00:00,1.34342,1.34518,1.34284,1.34402
2025-09-30 10:00:00,1.34402,1.34517,1.3431899999999999,1.34466
2025-09-30 11:00:00,1.34471,1.34521,1.34405,1.34458
2025-09-30 12:00:00,1.34458,1.34497,1.34409,1.34446
2025-09-30 13:00:00,1.34445,1.34509,1.34364,1.3437700000000001
2025-09-30 14:00:00,1.34378,1.34439,1.34247,1.3437000000000001
2025-09-30 15:00:00,1.34371,1.34521,1.34363,1.34423
2025-09-30 16:00:00,1.34424,1.3450199999999999,1.3413599999999999,1.3443399999999999
2025-09-30 17:00:00,1.34436,1.3467,1.3435000000000001,1.34616
2025-09-30 18:00:00,1.34615,1.34629,1.34363,1.3443
2025-09-30 19:00:00,1.3443,1.34626,1.34396,1.34589
2025-09-30 20:00:00,1.34589,1.34639,1.34496,1.34509
2025-09-30 21:00:00,1.3451,1.34532,1.34403,1.34488
2025-09-30 22:00:00,1.34489,1.34521,1.34436,1.34489
2025-09-30 23:00:00,1.34494,1.34497,1.34394,1.34439
2025-10-01 00:00:00,1.34442,1.3445,1.3437700000000001,1.3441100000000001
2025-10-01 01:00:00,1.34408,1.34523,1.34408,1.3444099999999999
2025-10-01 02:00:00,1.3444099999999999,1.345,1.34422,1.34425
2025-10-01 03:00:00,1.34424,1.3444099999999999,1.34358,1.3440699999999999
2025-10-01 04:00:00,1.34406,1.34424,1.34348,1.34421
2025-10-01 05:00:00,1.34421,1.34437,1.34349,1.34413
2025-10-01 06:00:00,1.34413,1.34429,1.34359,1.3441
2025-10-01 07:00:00,1.3441,1.34641,1.34409,1.34633
2025-10-01 08:00:00,1.34633,1.34724,1.34552,1.3455300000000001
2025-10-01 09:00:00,1.34555,1.3477999999999999,1.34551,1.34663
2025-10-01 10:00:00,1.34662,1.3477299999999999,1.34538,1.34672
2025-10-01 11:00:00,1.34674,1.34803,1.34666,1.3467500000000001
2025-10-01 12:00:00,1.3467500000000001,1.34752,1.34625,1.34645
2025-10-01 13:00:00,1.34645,1.3476,1.34579,1.34711
2025-10-01 14:00:00,1.34711,1.34887,1.34707,1.34821
2025-10-01 15:00:00,1.34821,1.35219,1.34696,1.35125
2025-10-01 16:00:00,1.35127,1.35275,1.35066,1.35154
2025-10-01 17:00:00,1.35156,1.35243,1.34928,1.35068
2025-10-01 18:00:00,1.35065,1.3508,1.34707,1.34718
2025-10-01 19:00:00,1.3471600000000001,1.34768,1.34653,1.34742
2025-10-01 20:00:00,1.34742,1.34791,1.34717,1.34729
2025-10-01 21:00:00,1.34728,1.34893,1.34688,1.3485800000000001
2025-10-01 22:00:00,1.3485800000000001,1.34882,1.3479,1.34796
2025-10-01 23:00:00,1.34798,1.3479999999999999,1.3471600000000001,1.34762
2025-10-02 00:00:00,1.34754,1.34784,1.34713,1.34766
2025-10-02 01:00:00,1.34774,1.34818,1.34756,1.34796
2025-10-02 02:00:00,1.3479700000000001,1.34833,1.34779,1.34782
2025-10-02 03:00:00,1.34781,1.34783,1.34694,1.34696
2025-10-02 04:00:00,1.34696,1.34842,1.34676,1.3484
2025-10-02 05:00:00,1.3484099999999999,1.34876,1.3479700000000001,1.3481
2025-10-02 06:00:00,1.34809,1.34815,1.34758,1.3477999999999999
2025-10-02 07:00:00,1.3477999999999999,1.34791,1.34737,1.34755
2025-10-02 08:00:00,1.34755,1.34787,1.34691,1.34754
2025-10-02 09:00:00,1.34759,1.34897,1.3473600000000001,1.34897
2025-10-02 10:00:00,1.34898,1.35008,1.34877,1.34942
2025-10-02 11:00:00,1.34945,1.35104,1.34918,1.35047
2025-10-02 12:00:00,1.35047,1.35079,1.34967,1.34989
2025-10-02 13:00:00,1.3498700000000001,1.3498700000000001,1.34799,1.34801
2025-10-02 14:00:00,1.34802,1.3483100000000001,1.34706,1.34764
2025-10-02 15:00:00,1.34763,1.3483,1.34639,1.3465799999999999
2025-10-02 16:00:00,1.34659,1.34687,1.34265,1.34305
2025-10-02 17:00:00,1.34305,1.34307,1.34121,1.34206
2025-10-02 18:00:00,1.34205,1.34273,1.34009,1.34212
2025-10-02 19:00:00,1.34213,1.34394,1.34204,1.34392
2025-10-02 20:00:00,1.34392,1.34455,1.34359,1.34379
2025-10-02 21:00:00,1.34379,1.3448,1.34362,1.3446799999999999
2025-10-02 22:00:00,1.34469,1.34521,1.3443,1.3443
2025-10-02 23:00:00,1.3443,1.34497,1.34383,1.34384
2025-10-03 00:00:00,1.34372,1.34418,1.34297,1.34398
2025-10-03 01:00:00,1.34398,1.34551,1.34381,1.3441100000000001
2025-10-03 02:00:00,1.3441100000000001,1.34466,1.3440699999999999,1.34462
2025-10-03 03:00:00,1.34462,1.34462,1.34393,1.34447
2025-10-03 04:00:00,1.34446,1.34507,1.3433,1.3445
2025-10-03 05:00:00,1.3445,1.34458,1.34359,1.34397
2025-10-03 06:00:00,1.34397,1.34454,1.34356,1.34448
2025-10-03 07:00:00,1.34448,1.34464,1.34351,1.34351
2025-10-03 08:00:00,1.34351,1.34369,1.34307,1.34322
2025-10-03 09:00:00,1.34322,1.3444,1.34289,1.3434
2025-10-03 10:00:00,1.34342,1.34611,1.34342,1.34602
2025-10-03 11:00:00,1.34604,1.34672,1.34527,1.34579
2025-10-03 12:00:00,1.3458,1.34584,1.3442,1.34538
2025-10-03 13:00:00,1.34538,1.34564,1.34485,1.34525
2025-10-03 14:00:00,1.34528,1.34555,1.34446,1.3449200000000001
2025-10-03 15:00:00,1.3449499999999999,1.34599,1.34369,1.34584
2025-10-03 16:00:00,1.34586,1.34688,1.34505,1.34657
2025-10-03 17:00:00,1.3471199999999999,1.34778,1.34571,1.3471899999999999
2025-10-03 18:00:00,1.3471899999999999,1.34848,1.3465500000000001,1.34795
2025-10-03 19:00:00,1.34793,1.34847,1.34732,1.34776
2025-10-03 20:00:00,1.34776,1.34824,1.34669,1.3471199999999999
2025-10-03 21:00:00,1.3471199999999999,1.34809,1.3463,1.3479999999999999
2025-10-03 22:00:00,1.3479999999999999,1.34842,1.34769,1.3483
2025-10-03 23:00:00,1.3483100000000001,1.34866,1.34772,1.34781
2025-10-06 00:00:00,1.3431,1.3449200000000001,1.3428499999999999,1.3434300000000001
2025-10-06 01:00:00,1.34359,1.34409,1.3423,1.34349
2025-10-06 02:00:00,1.34349,1.34387,1.34262,1.34318
2025-10-06 03:00:00,1.34321,1.34403,1.34276,1.34401
2025-10-06 04:00:00,1.34406,1.3451,1.34355,1.3449900000000001
2025-10-06 05:00:00,1.34498,1.34577,1.34491,1.34548
2025-10-06 06:00:00,1.34548,1.34582,1.34515,1.34519
2025-10-06 07:00:00,1.34518,1.34549,1.34455,1.3446799999999999
2025-10-06 08:00:00,1.3446799999999999,1.34527,1.3439999999999999,1.34435
2025-10-06 09:00:00,1.34442,1.34486,1.34307,1.34419
2025-10-06 10:00:00,1.34416,1.34644,1.34362,1.34436
2025-10-06 11:00:00,1.34433,1.34453,1.34183,1.34359
2025-10-06 12:00:00,1.34355,1.3439,1.34244,1.3437000000000001
2025-10-06 13:00:00,1.34369,1.3437700000000001,1.34223,1.3422399999999999
2025-10-06 14:00:00,1.3422399999999999,1.3431899999999999,1.34166,1.34249
2025-10-06 15:00:00,1.3424800000000001,1.34405,1.34233,1.34376
2025-10-06 16:00:00,1.3437700000000001,1.34646,1.34375,1.34613
2025-10-06 17:00:00,1.34612,1.34843,1.3458700000000001,1.34798
2025-10-06 18:00:00,1.34801,1.3484099999999999,1.34684,1.34751
2025-10-06 19:00:00,1.34751,1.3477000000000001,1.34659,1.34753
2025-10-06 20:00:00,1.34752,1.3484,1.34752,1.34839
2025-10-06 21:00:00,1.34839,1.3486799999999999,1.3479700000000001,1.34824
2025-10-06 22:00:00,1.34824,1.349,1.34806,1.34817
2025-10-06 23:00:00,1.34816,1.34869,1.34803,1.34844
2025-10-07 00:00:00,1.34849,1.34849,1.34759,1.34763
2025-10-07 01:00:00,1.34763,1.34871,1.34763,1.34816
2025-10-07 02:00:00,1.34817,1.34872,1.34798,1.34843
2025-10-07 03:00:00,1.34844,1.34847,1.3477700000000001,1.34822
2025-10-07 04:00:00,1.34822,1.34822,1.34726,1.3474
2025-10-07 05:00:00,1.34741,1.34798,1.34729,1.34761
2025-10-07 06:00:00,1.3476,1.34809,1.34745,1.34763
2025-10-07 07:00:00,1.34761,1.3480699999999999,1.34676,1.34696
2025-10-07 08:00:00,1.34698,1.34711,1.34546,1.34599
2025-10-07 09:00:00,1.34601,1.34601,1.34447,1.34531
2025-10-07 10:00:00,1.3453,1.34539,1.34296,1.34368
2025-10-07 11:00:00,1.34368,1.34453,1.34327,1.34371
2025-10-07 12:00:00,1.34371,1.34443,1.34327,1.3444099999999999
2025-10-07 13:00:00,1.34442,1.34442,1.34243,1.34257
2025-10-07 14:00:00,1.34259,1.34284,1.33921,1.3401399999999999
2025-10-07 15:00:00,1.3401399999999999,1.34155,1.33937,1.34144
2025-10-07 16:00:00,1.34145,1.34279,1.34098,1.3418
2025-10-07 17:00:00,1.3418,1.34336,1.34143,1.3431199999999999
2025-10-07 18:00:00,1.3431199999999999,1.34544,1.3431,1.34402
2025-10-07 19:00:00,1.34401,1.34503,1.3439,1.34427
2025-10-07 20:00:00,1.34427,1.3452,1.3439999999999999,1.34405
2025-10-07 21:00:00,1.3440699999999999,1.34413,1.3429,1.34301
2025-10-07 22:00:00,1.343,1.3431,1.34159,1.34214
2025-10-07 23:00:00,1.34213,1.34259,1.3418700000000001,1.34225
2025-10-08 00:00:00,1.34186,1.34326,1.34186,1.3425
2025-10-08 01:00:00,1.3425,1.34288,1.34239,1.34254
2025-10-08 02:00:00,1.34256,1.34265,1.34196,1.34202
2025-10-08 03:00:00,1.34203,1.34214,1.34118,1.3416000000000001
2025-10-08 04:00:00,1.34159,1.34159,1.33962,1.3397299999999999
2025-10-08 05:00:00,1.33976,1.34028,1.33918,1.33969
2025-10-08 06:00:00,1.3397000000000001,1.34,1.33905,1.33995
2025-10-08 07:00:00,1.33995,1.3400699999999999,1.33902,1.33937
2025-10-08 08:00:00,1.33937,1.33937,1.33849,1.3391600000000001
2025-10-08 09:00:00,1.33918,1.33976,1.33841,1.33967
2025-10-08 10:00:00,1.3397000000000001,1.34176,1.3394300000000001,1.34173
2025-10-08 11:00:00,1.34173,1.34261,1.34054,1.34083
2025-10-08 12:00:00,1.34084,1.34138,1.34003,1.3403
2025-10-08 13:00:00,1.3403,1.34275,1.34015,1.34123
2025-10-08 14:00:00,1.34122,1.34164,1.3401,1.3407499999999999
2025-10-08 15:00:00,1.3407499999999999,1.34218,1.34073,1.34192
2025-10-08 16:00:00,1.34192,1.3430900000000001,1.34171,1.34241
2025-10-08 17:00:00,1.3424,1.34386,1.34192,1.34211
2025-10-08 18:00:00,1.3421,1.34232,1.33871,1.3389
2025-10-08 19:00:00,1.3389,1.3390900000000001,1.3372,1.33875
2025-10-08 20:00:00,1.33875,1.33878,1.33793,1.33809
2025-10-08 21:00:00,1.33812,1.33896,1.3371,1.33893
2025-10-08 22:00:00,1.33895,1.34006,1.33895,1.33997
2025-10-08 23:00:00,1.33997,1.34057,1.33968,1.34029
2025-10-09 00:00:00,1.34024,1.34046,1.33934,1.3400400000000001
2025-10-09 01:00:00,1.3400400000000001,1.34081,1.33998,1.34062
2025-10-09 02:00:00,1.34062,1.34063,1.33993,1.3400400000000001
2025-10-09 03:00:00,1.34003,1.34132,1.33993,1.34098
2025-10-09 04:00:00,1.34097,1.34192,1.34078,1.34098
2025-10-09 05:00:00,1.34098,1.3419400000000001,1.34063,1.34164
2025-10-09 06:00:00,1.3416299999999999,1.34183,1.34085,1.34151
2025-10-09 07:00:00,1.34151,1.34158,1.34085,1.34125
2025-10-09 08:00:00,1.34125,1.3417,1.34052,1.34056
2025-10-09 09:00:00,1.34061,1.34071,1.33578,1.33644
2025-10-09 10:00:00,1.3364500000000001,1.33727,1.335,1.33526
2025-10-09 11:00:00,1.33527,1.3364099999999999,1.33427,1.33618
2025-10-09 12:00:00,1.33619,1.3389,1.33588,1.33871
2025-10-09 13:00:00,1.33873,1.33901,1.33689,1.33694
2025-10-09 14:00:00,1.33697,1.33818,1.33585,1.33751
2025-10-09 15:00:00,1.33752,1.33886,1.33686,1.33846
2025-10-09 16:00:00,1.3384800000000001,1.33952,1.33559,1.33688
2025-10-09 17:00:00,1.33688,1.33689,1.3326,1.33323
2025-10-09 18:00:00,1.33322,1.33344,1.32912,1.33091
2025-10-09 19:00:00,1.33091,1.3315000000000001,1.32911,1.32941
2025-10-09 20:00:00,1.32941,1.33034,1.32885,1.32982
2025-10-09 21:00:00,1.32982,1.32984,1.32797,1.32813
2025-10-09 22:00:00,1.3281800000000001,1.3298,1.32812,1.3296700000000001
2025-10-09 23:00:00,1.32964,1.3306200000000001,1.32956,1.33017
2025-10-10 00:00:00,1.3299699999999999,1.33048,1.32928,1.33026
2025-10-10 01:00:00,1.33026,1.3306200000000001,1.32988,1.33003
2025-10-10 02:00:00,1.33004,1.33041,1.32928,1.33029
2025-10-10 03:00:00,1.3302800000000001,1.33056,1.32959,1.33046
2025-10-10 04:00:00,1.33046,1.33087,1.3299699999999999,1.3302
2025-10-10 05:00:00,1.3302100000000001,1.33109,1.3301,1.33083
2025-10-10 06:00:00,1.33083,1.3314,1.33064,1.33118
2025-10-10 07:00:00,1.33118,1.33132,1.33052,1.33087
2025-10-10 08:00:00,1.33088,1.3314599999999999,1.3306499999999999,1.3306499999999999
2025-10-10 09:00:00,1.33064,1.33113,1.32882,1.32962
2025-10-10 10:00:00,1.32962,1.33064,1.32793,1.3303099999999999
2025-10-10 11:00:00,1.3303,1.3313,1.32979,1.3308200000000001
2025-10-10 12:00:00,1.33081,1.33091,1.3287200000000001,1.32911
2025-10-10 13:00:00,1.32913,1.32988,1.32617,1.3262
2025-10-10 14:00:00,1.3262,1.32781,1.32619,1.32721
2025-10-10 15:00:00,1.32721,1.32878,1.32718,1.32794
2025-10-10 16:00:00,1.32794,1.3282,1.3268499999999999,1.32755
2025-10-10 17:00:00,1.32748,1.33093,1.32722,1.33026
2025-10-10 18:00:00,1.33026,1.33704,1.33011,1.33427
2025-10-10 19:00:00,1.33422,1.3357700000000001,1.33381,1.3345099999999999
2025-10-10 20:00:00,1.33452,1.33473,1.33318,1.33449
2025-10-10 21:00:00,1.33449,1.33536,1.33427,1.33464
2025-10-10 22:00:00,1.33464,1.33547,1.33419,1.33499
2025-10-10 23:00:00,1.33499,1.3355299999999999,1.3333599999999999,1.33488
2025-10-13 00:00:00,1.3344,1.3344,1.33229,1.33311
2025-10-13 01:00:00,1.3333599999999999,1.33541,1.33314,1.3342100000000001
2025-10-13 02:00:00,1.33422,1.33479,1.33352,1.33358
2025-10-13 03:00:00,1.33356,1.33507,1.33351,1.33507
2025-10-13 04:00:00,1.3351,1.33575,1.3345099999999999,1.33547
2025-10-13 05:00:00,1.33548,1.33632,1.33503,1.33522
2025-10-13 06:00:00,1.33522,1.33552,1.33484,1.33534
2025-10-13 07:00:00,1.33534,1.3360400000000001,1.33524,1.33567
2025-10-13 08:00:00,1.33567,1.33615,1.33471,1.3348200000000001
2025-10-13 09:00:00,1.3348200000000001,1.3366500000000001,1.33462,1.3348499999999999
2025-10-13 10:00:00,1.3348499999999999,1.33498,1.33297,1.33349
2025-10-13 11:00:00,1.33349,1.33393,1.33151,1.33264
2025-10-13 12:00:00,1.33263,1.33434,1.33247,1.33372
2025-10-13 13:00:00,1.33372,1.3343,1.33284,1.33366
2025-10-13 14:00:00,1.33366,1.33527,1.3327200000000001,1.3330899999999999
2025-10-13 15:00:00,1.3331,1.334,1.3324500000000001,1.33339
2025-10-13 16:00:00,1.33339,1.33388,1.33254,1.3332899999999999
2025-10-13 17:00:00,1.3332899999999999,1.3333300000000001,1.33193,1.33269
2025-10-13 18:00:00,1.3327,1.33356,1.33239,1.33285
2025-10-13 19:00:00,1.33285,1.33374,1.33259,1.33304
2025-10-13 20:00:00,1.33304,1.33343,1.3326500000000001,1.33324
2025-10-13 21:00:00,1.33324,1.33405,1.3331,1.3334
2025-10-13 22:00:00,1.3334,1.33392,1.33303,1.3330899999999999
2025-10-13 23:00:00,1.3330899999999999,1.33345,1.33296,1.3333
2025-10-14 00:00:00,1.33317,1.33348,1.33252,1.333
2025-10-14 01:00:00,1.33304,1.33373,1.3329,1.33311
2025-10-14 02:00:00,1.33312,1.33352,1.3326799999999999,1.33325
2025-10-14 03:00:00,1.33317,1.33385,1.33257,1.33362
2025-10-14 04:00:00,1.33364,1.33474,1.33354,1.33437
2025-10-14 05:00:00,1.33436,1.33459,1.3339699999999999,1.33438
2025-10-14 06:00:00,1.33437,1.33502,1.334,1.33453
2025-10-14 07:00:00,1.33453,1.33527,1.33436,1.33522
2025-10-14 08:00:00,1.33523,1.33524,1.33402,1.33407
2025-10-14 09:00:00,1.33392,1.33402,1.32752,1.32803
2025-10-14 10:00:00,1.32803,1.32834,1.32522,1.32568
2025-10-14 11:00:00,1.32566,1.3284,1.3253300000000001,1.3284
2025-10-14 12:00:00,1.3284099999999999,1.3284099999999999,1.32642,1.32679
2025-10-14 13:00:00,1.32672,1.32718,1.32586,1.32648
2025-10-14 14:00:00,1.32648,1.32759,1.32612,1.3268900000000001
2025-10-14 15:00:00,1.3268900000000001,1.32727,1.32486,1.32615
2025-10-14 16:00:00,1.32615,1.32959,1.3261,1.32822
2025-10-14 17:00:00,1.32821,1.33032,1.32797,1.32968
2025-10-14 18:00:00,1.32968,1.33193,1.32883,1.33178
2025-10-14 19:00:00,1.33179,1.33295,1.33069,1.3317700000000001
2025-10-14 20:00:00,1.33174,1.333,1.33122,1.33279
2025-10-14 21:00:00,1.33279,1.33318,1.33203,1.33276
2025-10-14 22:00:00,1.33276,1.33323,1.33226,1.33257
2025-10-14 23:00:00,1.33256,1.33274,1.33141,1.3318400000000001
2025-10-15 00:00:00,1.33152,1.3321,1.33147,1.33162
2025-10-15 01:00:00,1.33162,1.33229,1.3314599999999999,1.3319
2025-10-15 02:00:00,1.33192,1.33249,1.33172,1.3322
2025-10-15 03:00:00,1.33217,1.3331,1.33201,1.33288
2025-10-15 04:00:00,1.33288,1.33409,1.33257,1.334
2025-10-15 05:00:00,1.33403,1.33515,1.33398,1.33495
2025-10-15 06:00:00,1.33494,1.33542,1.33483,1.3351600000000001
2025-10-15 07:00:00,1.33517,1.3354300000000001,1.33449,1.3348900000000001
2025-10-15 08:00:00,1.33493,1.33589,1.33467,1.33527
2025-10-15 09:00:00,1.33529,1.33734,1.33506,1.33625
2025-10-15 10:00:00,1.33635,1.3364500000000001,1.33419,1.33497
2025-10-15 11:00:00,1.33494,1.33557,1.33415,1.33457
2025-10-15 12:00:00,1.3345500000000001,1.33575,1.33361,1.33507
2025-10-15 13:00:00,1.33507,1.3366,1.33466,1.33649
2025-10-15 14:00:00,1.33649,1.33669,1.33501,1.3351899999999999
2025-10-15 15:00:00,1.3352,1.33566,1.33415,1.33459
2025-10-15 16:00:00,1.3346,1.33528,1.33351,1.33496
2025-10-15 17:00:00,1.33496,1.3367,1.33465,1.33652
2025-10-15 18:00:00,1.33653,1.34035,1.33622,1.3394
2025-10-15 19:00:00,1.3394,1.33948,1.33847,1.33908
2025-10-15 20:00:00,1.33908,1.33908,1.33717,1.33769
2025-10-15 21:00:00,1.3377,1.33871,1.33705,1.3383
2025-10-15 22:00:00,1.33829,1.33939,1.33829,1.33935
2025-10-15 23:00:00,1.33932,1.34078,1.33921,1.34029
2025-10-16 00:00:00,1.34003,1.3401399999999999,1.33876,1.33901
2025-10-16 01:00:00,1.339,1.34083,1.339,1.34037
2025-10-16 02:00:00,1.34039,1.34049,1.3400400000000001,1.3403399999999999
2025-10-16 03:00:00,1.34032,1.3428499999999999,1.33999,1.34222
2025-10-16 04:00:00,1.3422100000000001,1.34423,1.3421699999999999,1.3436
2025-10-16 05:00:00,1.3436,1.3439999999999999,1.3428499999999999,1.3431
2025-10-16 06:00:00,1.3430900000000001,1.34321,1.34219,1.34222
2025-10-16 07:00:00,1.34222,1.34231,1.34127,1.34145
2025-10-16 08:00:00,1.34144,1.34211,1.34119,1.34169
2025-10-16 09:00:00,1.3417,1.34231,1.34043,1.34109
2025-10-16 10:00:00,1.34108,1.3428,1.34084,1.34265
2025-10-16 11:00:00,1.34268,1.3443,1.34238,1.34383
2025-10-16 12:00:00,1.34382,1.34414,1.34328,1.34362
2025-10-16 13:00:00,1.34362,1.34483,1.34299,1.34338
2025-10-16 14:00:00,1.34338,1.34454,1.34216,1.34408
2025-10-16 15:00:00,1.34408,1.3449,1.34226,1.34477
2025-10-16 16:00:00,1.34478,1.34547,1.34202,1.34205
2025-10-16 17:00:00,1.34205,1.34362,1.34117,1.34337
2025-10-16 18:00:00,1.34337,1.34362,1.34175,1.34228
2025-10-16 19:00:00,1.34228,1.34334,1.34149,1.34268
2025-10-16 20:00:00,1.34268,1.3448,1.3425799999999999,1.34382
2025-10-16 21:00:00,1.34382,1.34384,1.342,1.3435000000000001
2025-10-16 22:00:00,1.34351,1.34386,1.343,1.34342
2025-10-16 23:00:00,1.34342,1.34371,1.3431,1.34353
2025-10-17 00:00:00,1.34327,1.34361,1.34275,1.34298
2025-10-17 01:00:00,1.34288,1.34451,1.34288,1.3437000000000001
2025-10-17 02:00:00,1.3437000000000001,1.34454,1.34358,1.3444
2025-10-17 03:00:00,1.3444,1.34524,1.34401,1.3447200000000001
2025-10-17 04:00:00,1.34471,1.34515,1.3437999999999999,1.34386
2025-10-17 05:00:00,1.34387,1.3449,1.3431199999999999,1.34442
2025-10-17 06:00:00,1.34442,1.34513,1.3443800000000001,1.34485
2025-10-17 07:00:00,1.34485,1.34539,1.34459,1.34522
2025-10-17 08:00:00,1.34522,1.34714,1.34518,1.34691
2025-10-17 09:00:00,1.34691,1.34717,1.34501,1.3455599999999999
2025-10-17 10:00:00,1.34554,1.3458,1.34245,1.34323
2025-10-17 11:00:00,1.34326,1.3437299999999999,1.34112,1.3424
2025-10-17 12:00:00,1.3424,1.34396,1.34236,1.34357
2025-10-17 13:00:00,1.34355,1.34418,1.34279,1.34345
2025-10-17 14:00:00,1.34345,1.34433,1.34304,1.3435000000000001
2025-10-17 15:00:00,1.3435000000000001,1.34358,1.34084,1.34123
2025-10-17 16:00:00,1.34122,1.34229,1.34018,1.3404
2025-10-17 17:00:00,1.34037,1.34097,1.33913,1.33921
2025-10-17 18:00:00,1.33921,1.34223,1.33911,1.34222
2025-10-17 19:00:00,1.34222,1.34311,1.34131,1.34172
2025-10-17 20:00:00,1.34171,1.3425,1.34107,1.34167
2025-10-17 21:00:00,1.34168,1.34392,1.34137,1.3434
2025-10-17 22:00:00,1.3433899999999999,1.34378,1.34292,1.3437700000000001
2025-10-17 23:00:00,1.34378,1.34379,1.34209,1.34241
2025-10-20 00:00:00,1.34254,1.34288,1.3410199999999999,1.34195
2025-10-20 01:00:00,1.34198,1.34298,1.34198,1.3428
2025-10-20 02:00:00,1.3428,1.3430900000000001,1.34249,1.34252
2025-10-20 03:00:00,1.34253,1.34349,1.34219,1.3434300000000001
2025-10-20 04:00:00,1.3434300000000001,1.3437299999999999,1.34271,1.34325
2025-10-20 05:00:00,1.34326,1.34433,1.34324,1.34356
2025-10-20 06:00:00,1.34356,1.34412,1.34341,1.3440400000000001
2025-10-20 07:00:00,1.34403,1.3443100000000001,1.34356,1.3436
2025-10-20 08:00:00,1.34358,1.34413,1.34326,1.34406
2025-10-20 09:00:00,1.3440699999999999,1.34408,1.3415599999999999,1.34171
2025-10-20 10:00:00,1.34171,1.3428,1.34057,1.34159
2025-10-20 11:00:00,1.34159,1.3428499999999999,1.34116,1.34279
2025-10-20 12:00:00,1.34279,1.34388,1.34249,1.34281
2025-10-20 13:00:00,1.3428,1.34323,1.34101,1.34106
2025-10-20 14:00:00,1.34105,1.34134,1.34001,1.3412
2025-10-20 15:00:00,1.3412,1.343,1.3409900000000001,1.34259
2025-10-20 16:00:00,1.3426,1.34269,1.34023,1.34044
2025-10-20 17:00:00,1.34045,1.34253,1.34019,1.34164
2025-10-20 18:00:00,1.34164,1.34276,1.3411,1.34201
2025-10-20 19:00:00,1.34201,1.34236,1.34119,1.3416000000000001
2025-10-20 20:00:00,1.34157,1.34164,1.34021,1.34023
2025-10-20 21:00:00,1.34022,1.34115,1.34003,1.34094
2025-10-20 22:00:00,1.34094,1.34131,1.3405,1.34064
2025-10-20 23:00:00,1.34064,1.3411,1.3403399999999999,1.34036
2025-10-21 00:00:00,1.3404,1.34079,1.3399,1.3403
2025-10-21 01:00:00,1.3403,1.34087,1.34026,1.34042
2025-10-21 02:00:00,1.34042,1.34052,1.3403,1.34046
2025-10-21 03:00:00,1.34042,1.3416299999999999,1.34032,1.34144
2025-10-21 04:00:00,1.34144,1.34144,1.33993,1.34005
2025-10-21 05:00:00,1.3400699999999999,1.3400699999999999,1.3391199999999999,1.33929
2025-10-21 06:00:00,1.33929,1.33939,1.33899,1.33931
2025-10-21 07:00:00,1.33931,1.3394,1.33878,1.33924
2025-10-21 08:00:00,1.33924,1.33941,1.33741,1.33753
2025-10-21 09:00:00,1.33753,1.33925,1.33723,1.339
2025-10-21 10:00:00,1.339,1.33974,1.33798,1.33933
2025-10-21 11:00:00,1.33931,1.33931,1.33738,1.338
2025-10-21 12:00:00,1.338,1.33918,1.33753,1.33845
2025-10-21 13:00:00,1.33845,1.33877,1.33661,1.3382800000000001
2025-10-21 14:00:00,1.3382800000000001,1.33947,1.33723,1.33845
2025-10-21 15:00:00,1.33846,1.33893,1.33693,1.33868
2025-10-21 16:00:00,1.33867,1.33881,1.33612,1.33765
2025-10-21 17:00:00,1.33768,1.33867,1.33644,1.3373
2025-10-21 18:00:00,1.3373,1.33941,1.3372899999999999,1.33888
2025-10-21 19:00:00,1.3388900000000001,1.33983,1.33718,1.33735
2025-10-21 20:00:00,1.33734,1.33735,1.33654,1.33723
2025-10-21 21:00:00,1.33723,1.33771,1.33713,1.3372600000000001
2025-10-21 22:00:00,1.3372600000000001,1.33756,1.33693,1.33721
2025-10-21 23:00:00,1.33722,1.33723,1.33656,1.3369
2025-10-22 00:00:00,1.33683,1.33714,1.3361399999999999,1.3369
2025-10-22 01:00:00,1.3369,1.33718,1.3367,1.33688
2025-10-22 02:00:00,1.33688,1.337,1.33639,1.33651
2025-10-22 03:00:00,1.33652,1.33746,1.3364099999999999,1.33713
2025-10-22 04:00:00,1.33713,1.33776,1.3368,1.33711
2025-10-22 05:00:00,1.33712,1.33803,1.33712,1.33764
2025-10-22 06:00:00,1.33764,1.3377,1.33711,1.33743
2025-10-22 07:00:00,1.33743,1.33801,1.33741,1.3379400000000001
2025-10-22 08:00:00,1.33793,1.33872,1.33793,1.3382
2025-10-22 09:00:00,1.33809,1.33812,1.33295,1.3335
2025-10-22 10:00:00,1.33349,1.33382,1.33195,1.33222
2025-10-22 11:00:00,1.3322,1.3326,1.3312599999999999,1.33208
2025-10-22 12:00:00,1.33208,1.33273,1.33166,1.33191
2025-10-22 13:00:00,1.33188,1.33233,1.3305799999999999,1.33129
2025-10-22 14:00:00,1.33129,1.33332,1.33115,1.33281
2025-10-22 15:00:00,1.3328,1.33404,1.33102,1.33239
2025-10-22 16:00:00,1.33239,1.33439,1.33163,1.3342
2025-10-22 17:00:00,1.3342,1.33575,1.33418,1.33548
2025-10-22 18:00:00,1.33548,1.33746,1.3354300000000001,1.33704
2025-10-22 19:00:00,1.33704,1.33766,1.33644,1.33711
2025-10-22 20:00:00,1.33711,1.33723,1.33579,1.33605
2025-10-22 21:00:00,1.33605,1.33619,1.33541,1.33558
2025-10-22 22:00:00,1.33558,1.3361100000000001,1.33527,1.33568
2025-10-22 23:00:00,1.33568,1.3362,1.33552,1.33555
2025-10-23 00:00:00,1.33537,1.33554,1.33493,1.33532
2025-10-23 01:00:00,1.33532,1.336,1.33525,1.3356
2025-10-23 02:00:00,1.33563,1.33564,1.33497,1.33508
2025-10-23 03:00:00,1.33508,1.33508,1.33395,1.3345799999999999
2025-10-23 04:00:00,1.33459,1.33476,1.33389,1.33393
2025-10-23 05:00:00,1.33393,1.334,1.33349,1.33369
2025-10-23 06:00:00,1.3336999999999999,1.33403,1.33327,1.33331
2025-10-23 07:00:00,1.3333,1.33396,1.33298,1.33392
2025-10-23 08:00:00,1.33392,1.3351,1.33383,1.33477
2025-10-23 09:00:00,1.33474,1.3357299999999999,1.33448,1.33497
2025-10-23 10:00:00,1.33497,1.33562,1.33446,1.3351
2025-10-23 11:00:00,1.33511,1.33555,1.3344,1.33498
2025-10-23 12:00:00,1.33498,1.33544,1.3348,1.3349
2025-10-23 13:00:00,1.3348900000000001,1.3351899999999999,1.33352,1.33372
2025-10-23 14:00:00,1.33372,1.33423,1.33337,1.33362
2025-10-23 15:00:00,1.33364,1.33503,1.3326500000000001,1.33434
2025-10-23 16:00:00,1.33434,1.33481,1.33243,1.3327
2025-10-23 17:00:00,1.3327,1.33373,1.33202,1.33221
2025-10-23 18:00:00,1.33221,1.3326,1.33112,1.3321
2025-10-23 19:00:00,1.3321,1.33262,1.3311899999999999,1.33124
2025-10-23 20:00:00,1.33125,1.33212,1.33079,1.33172
2025-10-23 21:00:00,1.33172,1.33244,1.33161,1.33235
2025-10-23 22:00:00,1.33234,1.3326799999999999,1.3323,1.33242
2025-10-23 23:00:00,1.3324099999999999,1.33285,1.3321100000000001,1.33254
2025-10-24 00:00:00,1.33249,1.33251,1.33185,1.33246
2025-10-24 01:00:00,1.33246,1.3330199999999999,1.33242,1.33266
2025-10-24 02:00:00,1.33266,1.33284,1.3324099999999999,1.3326799999999999
2025-10-24 03:00:00,1.3326799999999999,1.3332600000000001,1.33254,1.33303
2025-10-24 04:00:00,1.33303,1.33314,1.33212,1.33216
2025-10-24 05:00:00,1.33217,1.33263,1.33178,1.3318699999999999
2025-10-24 06:00:00,1.3318699999999999,1.33284,1.3318699999999999,1.33255
2025-10-24 07:00:00,1.33255,1.33256,1.33192,1.33212
2025-10-24 08:00:00,1.33212,1.33213,1.3311600000000001,1.33169
2025-10-24 09:00:00,1.33169,1.3333599999999999,1.33121,1.33327
2025-10-24 10:00:00,1.33323,1.33332,1.3314,1.33157
2025-10-24 11:00:00,1.33157,1.33264,1.33005,1.3320699999999999
2025-10-24 12:00:00,1.33206,1.33253,1.33133,1.33219
2025-10-24 13:00:00,1.33219,1.33255,1.33141,1.33176
2025-10-24 14:00:00,1.33176,1.332,1.33003,1.33061
2025-10-24 15:00:00,1.3306200000000001,1.33587,1.33045,1.33456
2025-10-24 16:00:00,1.3346,1.33592,1.33289,1.33383
2025-10-24 17:00:00,1.33373,1.33395,1.32937,1.33004
2025-10-24 18:00:00,1.33004,1.33081,1.3291,1.3296299999999999
2025-10-24 19:00:00,1.3296299999999999,1.32993,1.32876,1.32954
2025-10-24 20:00:00,1.32954,1.33068,1.32953,1.33029
2025-10-24 21:00:00,1.33029,1.33068,1.33007,1.33044
2025-10-24 22:00:00,1.33043,1.3312599999999999,1.3302800000000001,1.3311899999999999
2025-10-24 23:00:00,1.3312,1.33178,1.33067,1.33101
2025-10-27 00:00:00,1.33162,1.33216,1.33129,1.3319
2025-10-27 01:00:00,1.3319,1.3327499999999999,1.33166,1.33231
2025-10-27 02:00:00,1.33231,1.33253,1.33188,1.33218
2025-10-27 03:00:00,1.33219,1.33283,1.3317700000000001,1.3324099999999999
2025-10-27 04:00:00,1.3324099999999999,1.3336000000000001,1.33217,1.33279
2025-10-27 05:00:00,1.33279,1.33282,1.33213,1.33234
2025-10-27 06:00:00,1.33234,1.33269,1.33201,1.33218
2025-10-27 07:00:00,1.33218,1.33224,1.33132,1.33162
2025-10-27 08:00:00,1.33163,1.33225,1.3313,1.3320699999999999
2025-10-27 09:00:00,1.3320699999999999,1.33345,1.3320699999999999,1.33237
2025-10-27 10:00:00,1.33242,1.33261,1.33105,1.33157
2025-10-27 11:00:00,1.33157,1.33342,1.33108,1.3326500000000001
2025-10-27 12:00:00,1.33266,1.33469,1.33231,1.3345500000000001
2025-10-27 13:00:00,1.3345500000000001,1.33513,1.33418,1.33449
2025-10-27 14:00:00,1.33449,1.33533,1.33374,1.33479
2025-10-27 15:00:00,1.33479,1.3351899999999999,1.33402,1.33478
2025-10-27 16:00:00,1.33478,1.33518,1.33255,1.33347
2025-10-27 17:00:00,1.33347,1.33371,1.33263,1.33311
2025-10-27 18:00:00,1.3331,1.3332899999999999,1.33178,1.33293
2025-10-27 19:00:00,1.33293,1.33352,1.33236,1.33351
2025-10-27 20:00:00,1.33351,1.3338999999999999,1.33328,1.33339
2025-10-27 21:00:00,1.33339,1.3338999999999999,1.3324799999999999,1.3338
2025-10-27 22:00:00,1.33379,1.33388,1.33288,1.33351
2025-10-27 23:00:00,1.33351,1.33385,1.3332600000000001,1.33344
2025-10-28 00:00:00,1.33351,1.33374,1.33332,1.33349
2025-10-28 01:00:00,1.33349,1.33401,1.33349,1.33393
2025-10-28 02:00:00,1.33393,1.33448,1.3338700000000001,1.33406
2025-10-28 03:00:00,1.33406,1.33541,1.33372,1.33501
2025-10-28 04:00:00,1.335,1.33582,1.33478,1.33523
2025-10-28 05:00:00,1.33524,1.33585,1.33487,1.33491
2025-10-28 06:00:00,1.3349,1.33578,1.33487,1.33562
2025-10-28 07:00:00,1.33562,1.3367200000000001,1.33554,1.33667
2025-10-28 08:00:00,1.33667,1.337,1.33608,1.33623
2025-10-28 09:00:00,1.33625,1.33673,1.33521,1.33524
2025-10-28 10:00:00,1.33522,1.33527,1.33317,1.33362
2025-10-28 11:00:00,1.33362,1.33382,1.33014,1.33078
2025-10-28 12:00:00,1.33075,1.33227,1.33004,1.33174
2025-10-28 13:00:00,1.33175,1.33286,1.33115,1.33252
2025-10-28 14:00:00,1.33252,1.33259,1.33045,1.33078
2025-10-28 15:00:00,1.33088,1.33136,1.32788,1.32842
2025-10-28 16:00:00,1.32842,1.32852,1.3247499999999999,1.32565
2025-10-28 17:00:00,1.32557,1.32789,1.3254000000000001,1.32765
2025-10-28 18:00:00,1.32766,1.32835,1.32677,1.32773
2025-10-28 19:00:00,1.32773,1.32911,1.32742,1.32898
2025-10-28 20:00:00,1.32898,1.32901,1.32758,1.32772
2025-10-28 21:00:00,1.32772,1.32828,1.32701,1.32799
2025-10-28 22:00:00,1.32797,1.3283800000000001,1.32728,1.32732
2025-10-28 23:00:00,1.32732,1.32791,1.32684,1.32694
2025-10-29 00:00:00,1.32686,1.32734,1.3268,1.32706
2025-10-29 01:00:00,1.32706,1.32744,1.32694,1.32718
2025-10-29 02:00:00,1.3271899999999999,1.3279,1.32694,1.3279
2025-10-29 03:00:00,1.3279,1.3280699999999999,1.32686,1.32725
2025-10-29 04:00:00,1.32725,1.32744,1.32638,1.32642
2025-10-29 05:00:00,1.32642,1.32683,1.32572,1.3264
2025-10-29 06:00:00,1.32642,1.32645,1.32508,1.32525
2025-10-29 07:00:00,1.32526,1.3255,1.32495,1.32512
2025-10-29 08:00:00,1.32512,1.32515,1.32329,1.3235000000000001
2025-10-29 09:00:00,1.32351,1.3241100000000001,1.32253,1.3227
2025-10-29 10:00:00,1.3226200000000001,1.32344,1.3220399999999999,1.32285
2025-10-29 11:00:00,1.32284,1.3229600000000001,1.32086,1.32086
2025-10-29 12:00:00,1.32085,1.32288,1.31977,1.32203
2025-10-29 13:00:00,1.32202,1.3223099999999999,1.32147,1.32184
2025-10-29 14:00:00,1.32184,1.32252,1.32146,1.32179
2025-10-29 15:00:00,1.32179,1.32214,1.31971,1.32037
2025-10-29 16:00:00,1.32038,1.32243,1.31945,1.32064
2025-10-29 17:00:00,1.32064,1.32276,1.32022,1.32276
2025-10-29 18:00:00,1.32276,1.3247499999999999,1.3225500000000001,1.32416
2025-10-29 19:00:00,1.32415,1.32447,1.32267,1.32279
2025-10-29 20:00:00,1.32276,1.32318,1.32166,1.3223
2025-10-29 21:00:00,1.32229,1.32279,1.31405,1.3161100000000001
2025-10-29 22:00:00,1.31612,1.31952,1.3146,1.31943
2025-10-29 23:00:00,1.31943,1.32006,1.31808,1.31941
2025-10-30 00:00:00,1.31937,1.3195999999999999,1.3180399999999999,1.31938
2025-10-30 01:00:00,1.31943,1.31979,1.31927,1.31938
2025-10-30 02:00:00,1.31938,1.31988,1.3191899999999999,1.31948
2025-10-30 03:00:00,1.31947,1.32077,1.31876,1.32037
2025-10-30 04:00:00,1.32036,1.32076,1.31968,1.32063
2025-10-30 05:00:00,1.32064,1.32104,1.32025,1.32043
2025-10-30 06:00:00,1.32043,1.32096,1.31969,1.3203
2025-10-30 07:00:00,1.32029,1.32182,1.3201,1.32165
2025-10-30 08:00:00,1.32165,1.32191,1.32088,1.32104
2025-10-30 09:00:00,1.32103,1.32141,1.31964,1.32025
2025-10-30 10:00:00,1.3202099999999999,1.3212,1.3192300000000001,1.31978
2025-10-30 11:00:00,1.31989,1.3211300000000001,1.31849,1.3207499999999999
2025-10-30 12:00:00,1.3207499999999999,1.32095,1.31841,1.31886
2025-10-30 13:00:00,1.3189,1.31897,1.31744,1.31765
2025-10-30 14:00:00,1.31765,1.3191,1.31744,1.31783
2025-10-30 15:00:00,1.31783,1.31854,1.31357,1.31375
2025-10-30 16:00:00,1.31372,1.31642,1.31165,1.31568
2025-10-30 17:00:00,1.3157,1.31808,1.31522,1.31575
2025-10-30 18:00:00,1.31577,1.31694,1.3145,1.31463
2025-10-30 19:00:00,1.31463,1.31602,1.3135,1.3155700000000001
2025-10-30 20:00:00,1.31559,1.3159399999999999,1.31464,1.3153000000000001
2025-10-30 21:00:00,1.31531,1.31578,1.31461,1.31474
2025-10-30 22:00:00,1.31474,1.31505,1.31395,1.31446
2025-10-30 23:00:00,1.31446,1.3155999999999999,1.31433,1.31491
2025-10-31 00:00:00,1.31443,1.3153000000000001,1.31424,1.31521
2025-10-31 01:00:00,1.31516,1.31546,1.31501,1.31535
2025-10-31 02:00:00,1.31537,1.31603,1.31508,1.31586
2025-10-31 03:00:00,1.31586,1.31613,1.31551,1.31592
2025-10-31 04:00:00,1.31592,1.31651,1.31531,1.31535
2025-10-31 05:00:00,1.31535,1.3158400000000001,1.31502,1.31528
2025-10-31 06:00:00,1.31528,1.3155299999999999,1.31502,1.31518
2025-10-31 07:00:00,1.31518,1.31574,1.31512,1.31571
2025-10-31 08:00:00,1.3157,1.31573,1.3148,1.315
2025-10-31 09:00:00,1.315,1.31571,1.31369,1.31402
2025-10-31 10:00:00,1.31399,1.31508,1.31251,1.31453
2025-10-31 11:00:00,1.31453,1.31466,1.31385,1.31411
2025-10-31 12:00:00,1.31411,1.31481,1.3133,1.31434
2025-10-31 13:00:00,1.31434,1.31479,1.31301,1.3131
2025-10-31 14:00:00,1.3131,1.31399,1.3115,1.31287
2025-10-31 15:00:00,1.3128600000000001,1.3129,1.31047,1.31067
2025-10-31 16:00:00,1.31068,1.31164,1.30971,1.31137
2025-10-31 17:00:00,1.31137,1.31271,1.31039,1.31247
2025-10-31 18:00:00,1.31246,1.31392,1.31162,1.31384
2025-10-31 19:00:00,1.31384,1.3143,1.31262,1.31281
2025-10-31 20:00:00,1.3128199999999999,1.31378,1.31233,1.3131599999999999
2025-10-31 21:00:00,1.31312,1.31427,1.31296,1.31396
2025-10-31 22:00:00,1.31397,1.31441,1.3136,1.31366
2025-10-31 23:00:00,1.31364,1.3149600000000001,1.31361,1.31486
2025-11-03 00:00:00,1.31258,1.3139,1.31257,1.31384
2025-11-03 01:00:00,1.31384,1.31416,1.31324,1.31339
2025-11-03 02:00:00,1.31339,1.31372,1.31302,1.31356
2025-11-03 03:00:00,1.31355,1.31372,1.31326,1.3135
2025-11-03 04:00:00,1.31351,1.31422,1.31332,1.31387
2025-11-03 05:00:00,1.31387,1.31415,1.31376,1.31395
2025-11-03 06:00:00,1.31395,1.31449,1.31388,1.31414
2025-11-03 07:00:00,1.31414,1.31461,1.31397,1.31422
2025-11-03 08:00:00,1.31422,1.31491,1.31417,1.31466
2025-11-03 09:00:00,1.31463,1.3149199999999999,1.3134299999999999,1.31383
2025-11-03 10:00:00,1.31382,1.31389,1.31175,1.31236
2025-11-03 11:00:00,1.31237,1.3135,1.31185,1.31253
2025-11-03 12:00:00,1.31254,1.3139,1.31207,1.31301
2025-11-03 13:00:00,1.31301,1.3139,1.31243,1.3127900000000001
2025-11-03 14:00:00,1.3127900000000001,1.31471,1.3126,1.31405
2025-11-03 15:00:00,1.3140399999999999,1.3140399999999999,1.3121,1.31267
2025-11-03 16:00:00,1.31267,1.31292,1.31083,1.3113299999999999
2025-11-03 17:00:00,1.31193,1.31475,1.31168,1.3146200000000001
2025-11-03 18:00:00,1.3146200000000001,1.3151,1.31409,1.31479
2025-11-03 19:00:00,1.31479,1.31625,1.31427,1.3145
2025-11-03 20:00:00,1.3145,1.31481,1.31354,1.31387
2025-11-03 21:00:00,1.31387,1.31421,1.31348,1.31378
2025-11-03 22:00:00,1.31378,1.31419,1.3136700000000001,1.31389
2025-11-03 23:00:00,1.31389,1.31414,1.31357,1.31385
2025-11-04 00:00:00,1.31391,1.3140399999999999,1.3132,1.31344
2025-11-04 01:00:00,1.31344,1.31395,1.31328,1.3134700000000001
2025-11-04 02:00:00,1.3134700000000001,1.3134700000000001,1.3119,1.3124799999999999
2025-11-04 03:00:00,1.3124799999999999,1.3127499999999999,1.31188,1.3124799999999999
2025-11-04 04:00:00,1.3124799999999999,1.31263,1.3118,1.31233
2025-11-04 05:00:00,1.31234,1.31336,1.31234,1.31283
2025-11-04 06:00:00,1.31283,1.31332,1.31234,1.31238
2025-11-04 07:00:00,1.31237,1.31253,1.3118699999999999,1.31216
2025-11-04 08:00:00,1.31217,1.3127,1.31169,1.31241
2025-11-04 09:00:00,1.3124,1.31394,1.31179,1.3121
2025-11-04 10:00:00,1.31209,1.31216,1.30857,1.3092
2025-11-04 11:00:00,1.3092,1.30954,1.30592,1.30629
2025-11-04 12:00:00,1.30629,1.3079100000000001,1.30613,1.30728
2025-11-04 13:00:00,1.30728,1.30751,1.30571,1.30585
2025-11-04 14:00:00,1.30587,1.30685,1.3053,1.30668
2025-11-04 15:00:00,1.30668,1.3068,1.30572,1.30576
2025-11-04 16:00:00,1.30575,1.30652,1.30337,1.30481
2025-11-04 17:00:00,1.30481,1.30583,1.30406,1.30463
2025-11-04 18:00:00,1.30463,1.30517,1.30401,1.3043
2025-11-04 19:00:00,1.30431,1.30451,1.30261,1.30289
2025-11-04 20:00:00,1.30288,1.30288,1.30173,1.30231
2025-11-04 21:00:00,1.30231,1.30266,1.30134,1.30149
2025-11-04 22:00:00,1.30149,1.30251,1.30102,1.30188
2025-11-04 23:00:00,1.30187,1.30234,1.30157,1.30196
2025-11-05 00:00:00,1.3020399999999999,1.30259,1.30152,1.3024499999999999
2025-11-05 01:00:00,1.30244,1.30266,1.30193,1.30213
2025-11-05 02:00:00,1.30213,1.30231,1.3014700000000001,1.30191
2025-11-05 03:00:00,1.30191,1.30244,1.30103,1.30157
2025-11-05 04:00:00,1.30158,1.30228,1.30139,1.30158
2025-11-05 05:00:00,1.30158,1.3020399999999999,1.30156,1.30203
2025-11-05 06:00:00,1.30203,1.3027,1.3020100000000001,1.30258
2025-11-05 07:00:00,1.30258,1.30302,1.30219,1.30219
2025-11-05 08:00:00,1.30219,1.3031,1.30215,1.30284
2025-11-05 09:00:00,1.30283,1.30311,1.30198,1.30274
2025-11-05 10:00:00,1.30275,1.30495,1.3027199999999999,1.30451
2025-11-05 11:00:00,1.30445,1.30533,1.30338,1.30399
2025-11-05 12:00:00,1.30397,1.30405,1.3024,1.30252
2025-11-05 13:00:00,1.30252,1.3036699999999999,1.3012000000000001,1.30352
2025-11-05 14:00:00,1.30352,1.30465,1.30342,1.3042099999999999
2025-11-05 15:00:00,1.3042099999999999,1.30468,1.30254,1.30257
2025-11-05 16:00:00,1.30256,1.3035700000000001,1.30187,1.30328
2025-11-05 17:00:00,1.3029600000000001,1.30472,1.30136,1.30415
2025-11-05 18:00:00,1.30414,1.30493,1.30312,1.3048199999999999
2025-11-05 19:00:00,1.30483,1.30494,1.30348,1.3039
2025-11-05 20:00:00,1.30389,1.3046,1.30381,1.30454
2025-11-05 21:00:00,1.30454,1.30481,1.30419,1.30451
2025-11-05 22:00:00,1.30462,1.30519,1.3045900000000001,1.30501
2025-11-05 23:00:00,1.30502,1.30544,1.30476,1.3051599999999999
2025-11-06 00:00:00,1.30496,1.305,1.30414,1.30458
2025-11-06 01:00:00,1.30458,1.3053,1.3045,1.30523
2025-11-06 02:00:00,1.30522,1.306,1.30508,1.30599
2025-11-06 03:00:00,1.30599,1.30654,1.30588,1.30632
2025-11-06 04:00:00,1.30632,1.30641,1.30573,1.30596
2025-11-06 05:00:00,1.30597,1.30648,1.3057400000000001,1.30636
2025-11-06 06:00:00,1.30637,1.3066,1.30588,1.30626
2025-11-06 07:00:00,1.30625,1.30648,1.30579,1.30609
2025-11-06 08:00:00,1.3060800000000001,1.30678,1.30531,1.3054299999999999
2025-11-06 09:00:00,1.30545,1.30719,1.30538,1.30629
2025-11-06 10:00:00,1.3063,1.30873,1.3059,1.3084799999999999
2025-11-06 11:00:00,1.30847,1.30897,1.30775,1.30805
2025-11-06 12:00:00,1.30806,1.30876,1.30773,1.3078699999999999
2025-11-06 13:00:00,1.30788,1.30949,1.30772,1.30922
2025-11-06 14:00:00,1.30922,1.31046,1.30595,1.31003
2025-11-06 15:00:00,1.31003,1.31253,1.30936,1.31081
2025-11-06 16:00:00,1.31081,1.31107,1.30832,1.30835
2025-11-06 17:00:00,1.30835,1.31051,1.30807,1.31021
2025-11-06 18:00:00,1.31021,1.31106,1.3096999999999999,1.31051
2025-11-06 19:00:00,1.31051,1.3125,1.31023,1.31224
2025-11-06 20:00:00,1.3122500000000001,1.31427,1.31203,1.31396
2025-11-06 21:00:00,1.31396,1.31424,1.31298,1.3132
2025-11-06 22:00:00,1.31321,1.3140100000000001,1.31321,1.3136
2025-11-06 23:00:00,1.3136,1.31389,1.31335,1.31368
2025-11-07 00:00:00,1.3134299999999999,1.31362,1.31229,1.31298
2025-11-07 01:00:00,1.31298,1.31424,1.31241,1.3140100000000001
2025-11-07 02:00:00,1.31405,1.31419,1.31297,1.31297
2025-11-07 03:00:00,1.31297,1.31297,1.31238,1.31254
2025-11-07 04:00:00,1.31254,1.31308,1.31199,1.31216
2025-11-07 05:00:00,1.3121800000000001,1.31238,1.31158,1.31188
2025-11-07 06:00:00,1.31188,1.31189,1.31155,1.31171
2025-11-07 07:00:00,1.31171,1.31224,1.31168,1.31195
2025-11-07 08:00:00,1.31196,1.31207,1.31136,1.31138
2025-11-07 09:00:00,1.31138,1.31253,1.31135,1.3125200000000001
2025-11-07 10:00:00,1.3125200000000001,1.31277,1.31017,1.31032
2025-11-07 11:00:00,1.3103099999999999,1.31063,1.30948,1.30978
2025-11-07 12:00:00,1.3097699999999999,1.31103,1.30962,1.31097
2025-11-07 13:00:00,1.31097,1.31241,1.31061,1.31206
2025-11-07 14:00:00,1.31206,1.31287,1.3109899999999999,1.31156
2025-11-07 15:00:00,1.31158,1.31379,1.3115700000000001,1.31308
2025-11-07 16:00:00,1.3130899999999999,1.31501,1.31278,1.3149899999999999
2025-11-07 17:00:00,1.31498,1.31747,1.31453,1.31514
2025-11-07 18:00:00,1.31515,1.31708,1.31511,1.31624
2025-11-07 19:00:00,1.31624,1.31725,1.31568,1.31705
2025-11-07 20:00:00,1.31705,1.31748,1.31659,1.31683
2025-11-07 21:00:00,1.3168199999999999,1.31731,1.31567,1.31578
2025-11-07 22:00:00,1.31577,1.31653,1.31569,1.31634
2025-11-07 23:00:00,1.31633,1.31651,1.31521,1.3161100000000001
2025-11-10 00:00:00,1.3145,1.31593,1.31378,1.31482
2025-11-10 01:00:00,1.31474,1.31566,1.31397,1.31412
2025-11-10 02:00:00,1.31412,1.31534,1.31365,1.3145
2025-11-10 03:00:00,1.31451,1.31551,1.31402,1.31513
2025-11-10 04:00:00,1.31513,1.31521,1.31463,1.31485
2025-11-10 05:00:00,1.31484,1.31497,1.31426,1.31471
2025-11-10 06:00:00,1.3147199999999999,1.31546,1.31455,1.3152599999999999
2025-11-10 07:00:00,1.31525,1.31602,1.31509,1.31555
2025-11-10 08:00:00,1.31555,1.3159100000000001,1.31391,1.31413
2025-11-10 09:00:00,1.31415,1.31669,1.31414,1.31572
2025-11-10 10:00:00,1.31572,1.31848,1.31558,1.3174000000000001
2025-11-10 11:00:00,1.3174000000000001,1.31795,1.31669,1.3173300000000001
2025-11-10 12:00:00,1.31734,1.31755,1.31573,1.31602
2025-11-10 13:00:00,1.31602,1.31773,1.31521,1.3176
2025-11-10 14:00:00,1.3176,1.31881,1.31757,1.31813
2025-11-10 15:00:00,1.31813,1.31912,1.3171,1.31749
2025-11-10 16:00:00,1.3175,1.31753,1.31527,1.3166
2025-11-10 17:00:00,1.3166,1.31703,1.31457,1.31479
2025-11-10 18:00:00,1.31478,1.31633,1.31471,1.3155999999999999
2025-11-10 19:00:00,1.31561,1.31799,1.31554,1.31784
2025-11-10 20:00:00,1.31786,1.3185,1.31773,1.31799
2025-11-10 21:00:00,1.31799,1.31842,1.3179,1.3180100000000001
2025-11-10 22:00:00,1.318,1.31843,1.31796,1.31811
2025-11-10 23:00:00,1.3181,1.31821,1.31731,1.3174000000000001
2025-11-11 00:00:00,1.31731,1.31765,1.31678,1.31687
2025-11-11 01:00:00,1.31685,1.3177699999999999,1.31685,1.31725
2025-11-11 02:00:00,1.31725,1.31752,1.31649,1.3165200000000001
2025-11-11 03:00:00,1.31651,1.31667,1.31577,1.3164799999999999
2025-11-11 04:00:00,1.3164799999999999,1.31683,1.31612,1.31635
2025-11-11 05:00:00,1.31635,1.31704,1.31632,1.31684
2025-11-11 06:00:00,1.31684,1.31719,1.31632,1.31661
2025-11-11 07:00:00,1.31661,1.31722,1.31625,1.31663
2025-11-11 08:00:00,1.31663,1.31714,1.31519,1.31542
2025-11-11 09:00:00,1.3155700000000001,1.31582,1.31208,1.31257
2025-11-11 10:00:00,1.31257,1.31353,1.31206,1.31235
2025-11-11 11:00:00,1.31233,1.31344,1.31168,1.31296
2025-11-11 12:00:00,1.31295,1.3141,1.31211,1.31386
2025-11-11 13:00:00,1.31388,1.31522,1.31338,1.31486
2025-11-11 14:00:00,1.31486,1.31546,1.31391,1.31421
2025-11-11 15:00:00,1.3142,1.31784,1.3142,1.3171599999999999
2025-11-11 16:00:00,1.3171599999999999,1.31846,1.31608,1.31808
2025-11-11 17:00:00,1.31807,1.31808,1.3158699999999999,1.3173300000000001
2025-11-11 18:00:00,1.31734,1.31796,1.31677,1.31728
2025-11-11 19:00:00,1.31728,1.31791,1.31688,1.31744
2025-11-11 20:00:00,1.3174299999999999,1.31782,1.31718,1.31753
2025-11-11 21:00:00,1.31752,1.31753,1.3165499999999999,1.31668
2025-11-11 22:00:00,1.31669,1.31718,1.31612,1.31616
2025-11-11 23:00:00,1.31615,1.31626,1.31473,1.3149
2025-11-12 00:00:00,1.3149,1.316,1.31467,1.31518
2025-11-12 01:00:00,1.31519,1.31542,1.31474,1.3152300000000001
2025-11-12 02:00:00,1.3152300000000001,1.3153299999999999,1.31411,1.31411
2025-11-12 03:00:00,1.31412,1.31447,1.3137400000000001,1.31389
2025-11-12 04:00:00,1.31389,1.31441,1.31376,1.31385
2025-11-12 05:00:00,1.31385,1.3142800000000001,1.31354,1.314
2025-11-12 06:00:00,1.314,1.31409,1.31287,1.31302
2025-11-12 07:00:00,1.31302,1.31393,1.31287,1.31338
2025-11-12 08:00:00,1.31338,1.31419,1.31307,1.31406
2025-11-12 09:00:00,1.3140800000000001,1.31494,1.31388,1.31456
2025-11-12 10:00:00,1.31458,1.31555,1.31167,1.31171
2025-11-12 11:00:00,1.3117,1.31314,1.31152,1.31163
2025-11-12 12:00:00,1.31163,1.31283,1.31108,1.31256
2025-11-12 13:00:00,1.31257,1.31387,1.31158,1.31373
2025-11-12 14:00:00,1.31372,1.314,1.31078,1.3118
2025-11-12 15:00:00,1.31179,1.31229,1.30957,1.31051
2025-11-12 16:00:00,1.31051,1.31076,1.3084500000000001,1.30991
2025-11-12 17:00:00,1.3099,1.31324,1.3097699999999999,1.31307
2025-11-12 18:00:00,1.31307,1.31364,1.31281,1.31302
2025-11-12 19:00:00,1.31302,1.31398,1.31299,1.3139
2025-11-12 20:00:00,1.31391,1.31441,1.31376,1.31403
2025-11-12 21:00:00,1.31403,1.31413,1.3128,1.313
2025-11-12 22:00:00,1.31299,1.31334,1.3127900000000001,1.3130899999999999
2025-11-12 23:00:00,1.31308,1.31336,1.3124,1.31326
2025-11-13 00:00:00,1.31325,1.31325,1.31208,1.3127900000000001
2025-11-13 01:00:00,1.31281,1.31314,1.31267,1.3127900000000001
2025-11-13 02:00:00,1.3127900000000001,1.3128600000000001,1.31156,1.31177
2025-11-13 03:00:00,1.31177,1.3124799999999999,1.31107,1.31239
2025-11-13 04:00:00,1.31239,1.31281,1.3118,1.31249
2025-11-13 05:00:00,1.31249,1.31287,1.31219,1.3126
2025-11-13 06:00:00,1.31259,1.31278,1.31206,1.31234
2025-11-13 07:00:00,1.31234,1.31251,1.31151,1.31174
2025-11-13 08:00:00,1.31172,1.31232,1.31151,1.31216
2025-11-13 09:00:00,1.31215,1.31436,1.31006,1.3141
2025-11-13 10:00:00,1.3141,1.31687,1.3130600000000001,1.31673
2025-11-13 11:00:00,1.31673,1.31712,1.31427,1.31561
2025-11-13 12:00:00,1.31561,1.31639,1.31516,1.31567
2025-11-13 13:00:00,1.31567,1.31606,1.31433,1.31478
2025-11-13 14:00:00,1.31478,1.3183,1.3147,1.31811
2025-11-13 15:00:00,1.31813,1.31843,1.31582,1.3169
2025-11-13 16:00:00,1.31691,1.31817,1.31657,1.3181
2025-11-13 17:00:00,1.31811,1.3199100000000001,1.3173599999999999,1.3198400000000001
2025-11-13 18:00:00,1.3198400000000001,1.3213300000000001,1.31912,1.32123
2025-11-13 19:00:00,1.32123,1.32158,1.32039,1.32117
2025-11-13 20:00:00,1.32117,1.32142,1.3192,1.31963
2025-11-13 21:00:00,1.31962,1.31973,1.31898,1.31901
2025-11-13 22:00:00,1.31902,1.31946,1.31846,1.31853
2025-11-13 23:00:00,1.31852,1.31936,1.31846,1.3189899999999999
2025-11-14 00:00:00,1.31868,1.31914,1.316,1.31624
2025-11-14 01:00:00,1.31623,1.31785,1.31366,1.31532
2025-11-14 02:00:00,1.31532,1.31615,1.31359,1.31479
2025-11-14 03:00:00,1.31479,1.31507,1.31416,1.3146900000000001
2025-11-14 04:00:00,1.3146900000000001,1.31518,1.31425,1.31497
2025-11-14 05:00:00,1.31497,1.3159399999999999,1.31442,1.31456
2025-11-14 06:00:00,1.31456,1.31502,1.3139,1.31445
2025-11-14 07:00:00,1.31445,1.31511,1.31413,1.31482
2025-11-14 08:00:00,1.31483,1.31592,1.31407,1.31449
2025-11-14 09:00:00,1.31449,1.31586,1.31265,1.31467
2025-11-14 10:00:00,1.31467,1.32007,1.31081,1.31659
2025-11-14 11:00:00,1.31658,1.31821,1.31486,1.31554
2025-11-14 12:00:00,1.31555,1.31604,1.31412,1.31422
2025-11-14 13:00:00,1.31421,1.3143500000000001,1.31224,1.31384
2025-11-14 14:00:00,1.31384,1.31811,1.3131,1.31802
2025-11-14 15:00:00,1.31799,1.31803,1.31581,1.3167200000000001
2025-11-14 16:00:00,1.31673,1.31788,1.31484,1.31593
2025-11-14 17:00:00,1.31593,1.31593,1.3125200000000001,1.31395
2025-11-14 18:00:00,1.31395,1.31634,1.31391,1.31551
2025-11-14 19:00:00,1.31551,1.31632,1.31512,1.31613
2025-11-14 20:00:00,1.31613,1.31636,1.3149899999999999,1.31608
2025-11-14 21:00:00,1.31608,1.3168,1.31564,1.3165
2025-11-14 22:00:00,1.3165,1.3171300000000001,1.31619,1.3168199999999999
2025-11-14 23:00:00,1.31683,1.3174000000000001,1.31651,1.3168199999999999
2025-11-17 00:00:00,1.31475,1.31687,1.31475,1.31632
2025-11-17 01:00:00,1.31632,1.3171,1.31563,1.3159100000000001
2025-11-17 02:00:00,1.3159100000000001,1.31592,1.315,1.31562
2025-11-17 03:00:00,1.31562,1.3165200000000001,1.3154,1.31559
2025-11-17 04:00:00,1.31559,1.3155999999999999,1.31516,1.31521
2025-11-17 05:00:00,1.31521,1.31521,1.31417,1.31452
2025-11-17 06:00:00,1.31452,1.31518,1.31443,1.31514
2025-11-17 07:00:00,1.31514,1.31547,1.3142800000000001,1.31433
2025-11-17 08:00:00,1.31433,1.31517,1.3136,1.31491
2025-11-17 09:00:00,1.31491,1.31773,1.31488,1.31755
2025-11-17 10:00:00,1.31757,1.31808,1.31593,1.31654
2025-11-17 11:00:00,1.31654,1.31764,1.3158699999999999,1.31646
2025-11-17 12:00:00,1.31647,1.31714,1.31517,1.31543
2025-11-17 13:00:00,1.31543,1.31811,1.31493,1.31807
2025-11-17 14:00:00,1.31807,1.31933,1.31766,1.3180100000000001
2025-11-17 15:00:00,1.318,1.3188,1.31719,1.3173
2025-11-17 16:00:00,1.31729,1.31779,1.31624,1.3165200000000001
2025-11-17 17:00:00,1.31651,1.3177699999999999,1.31613,1.31773
2025-11-17 18:00:00,1.31775,1.3179,1.3165200000000001,1.31781
2025-11-17 19:00:00,1.3178,1.31793,1.3167499999999999,1.31702
2025-11-17 20:00:00,1.31703,1.31711,1.3159,1.31602
2025-11-17 21:00:00,1.31602,1.31647,1.31458,1.31464
2025-11-17 22:00:00,1.31464,1.31579,1.31451,1.31547
2025-11-17 23:00:00,1.31547,1.3159100000000001,1.31528,1.31534
2025-11-18 00:00:00,1.31532,1.3157,1.31487,1.31504
2025-11-18 01:00:00,1.31504,1.3157,1.3149,1.31554
2025-11-18 02:00:00,1.31554,1.31555,1.3146,1.31483
2025-11-18 03:00:00,1.31483,1.3155000000000001,1.31455,1.31512
2025-11-18 04:00:00,1.31513,1.31547,1.3149199999999999,1.3153299999999999
2025-11-18 05:00:00,1.31534,1.31556,1.31482,1.3149
2025-11-18 06:00:00,1.3149199999999999,1.31635,1.31451,1.31631
2025-11-18 07:00:00,1.3163,1.31641,1.31607,1.31609
2025-11-18 08:00:00,1.31608,1.31624,1.31482,1.3149199999999999
2025-11-18 09:00:00,1.3149199999999999,1.31635,1.31482,1.31504
2025-11-18 10:00:00,1.31503,1.31771,1.31484,1.31559
2025-11-18 11:00:00,1.31561,1.31639,1.31497,1.31528
2025-11-18 12:00:00,1.31531,1.3155999999999999,1.31433,1.3148
2025-11-18 13:00:00,1.3148,1.31495,1.31375,1.3141
2025-11-18 14:00:00,1.3141,1.3154,1.31375,1.3153299999999999
2025-11-18 15:00:00,1.31532,1.31609,1.3134000000000001,1.31544
2025-11-18 16:00:00,1.31543,1.31632,1.31501,1.3158
2025-11-18 17:00:00,1.31579,1.31714,1.3143500000000001,1.31445
2025-11-18 18:00:00,1.31444,1.31503,1.31354,1.31502
2025-11-18 19:00:00,1.31501,1.31513,1.3138,1.31411
2025-11-18 20:00:00,1.31412,1.31568,1.31397,1.31525
2025-11-18 21:00:00,1.31524,1.31571,1.31493,1.31551
2025-11-18 22:00:00,1.31551,1.31568,1.31451,1.3146499999999999
2025-11-18 23:00:00,1.31466,1.31494,1.3143799999999999,1.31447
2025-11-19 00:00:00,1.31424,1.31477,1.31424,1.31441
2025-11-19 01:00:00,1.31441,1.31483,1.31424,1.31471
2025-11-19 02:00:00,1.31471,1.3149,1.31402,1.31409
2025-11-19 03:00:00,1.31409,1.3143,1.31317,1.31328
2025-11-19 04:00:00,1.31329,1.31403,1.31291,1.31373
2025-11-19 05:00:00,1.31373,1.31447,1.31365,1.3140399999999999
2025-11-19 06:00:00,1.3140399999999999,1.3140399999999999,1.31323,1.31403
2025-11-19 07:00:00,1.3140399999999999,1.31474,1.31394,1.31464
2025-11-19 08:00:00,1.31464,1.3155000000000001,1.3145,1.3152300000000001
2025-11-19 09:00:00,1.31501,1.31558,1.31322,1.31421
2025-11-19 10:00:00,1.31422,1.31484,1.31235,1.31244
2025-11-19 11:00:00,1.31243,1.31376,1.31177,1.31271
2025-11-19 12:00:00,1.3127,1.31285,1.3093,1.31047
2025-11-19 13:00:00,1.31052,1.31272,1.31039,1.31271
2025-11-19 14:00:00,1.31272,1.31301,1.31154,1.31181
2025-11-19 15:00:00,1.31181,1.31291,1.31132,1.31192
2025-11-19 16:00:00,1.31192,1.31224,1.31054,1.31093
2025-11-19 17:00:00,1.31093,1.31162,1.30715,1.308
2025-11-19 18:00:00,1.30798,1.3085499999999999,1.30675,1.30752
2025-11-19 19:00:00,1.30752,1.30803,1.30571,1.30682
2025-11-19 20:00:00,1.30682,1.30768,1.30629,1.30655
2025-11-19 21:00:00,1.30656,1.30678,1.30437,1.3045900000000001
2025-11-19 22:00:00,1.30457,1.3054999999999999,1.30443,1.30498
2025-11-19 23:00:00,1.30498,1.3061,1.30446,1.3058100000000001
2025-11-20 00:00:00,1.30572,1.30583,1.30541,1.30564
2025-11-20 01:00:00,1.30564,1.30625,1.30527,1.30603
2025-11-20 02:00:00,1.3060399999999999,1.3060399999999999,1.30495,1.30548
2025-11-20 03:00:00,1.30548,1.30561,1.30453,1.30464
2025-11-20 04:00:00,1.30464,1.30529,1.30381,1.30525
2025-11-20 05:00:00,1.30524,1.30563,1.30407,1.30469
2025-11-20 06:00:00,1.30469,1.30623,1.30441,1.30592
2025-11-20 07:00:00,1.30592,1.30593,1.30523,1.30531
2025-11-20 08:00:00,1.3053,1.30643,1.305,1.30628
2025-11-20 09:00:00,1.30625,1.3070599999999999,1.30573,1.30694
2025-11-20 10:00:00,1.30695,1.30769,1.30597,1.3065
2025-11-20 11:00:00,1.30653,1.30802,1.30613,1.3079399999999999
2025-11-20 12:00:00,1.30793,1.30849,1.3072300000000001,1.30729
2025-11-20 13:00:00,1.30729,1.30769,1.30634,1.3065
2025-11-20 14:00:00,1.3065,1.30657,1.30565,1.30571
2025-11-20 15:00:00,1.30571,1.30998,1.3045,1.30959
2025-11-20 16:00:00,1.30958,1.31241,1.30816,1.31115
2025-11-20 17:00:00,1.31113,1.31132,1.3081,1.3094999999999999
2025-11-20 18:00:00,1.3094999999999999,1.31029,1.30747,1.30769
2025-11-20 19:00:00,1.3077,1.30826,1.3066,1.30681
2025-11-20 20:00:00,1.30679,1.30802,1.3067,1.30754
2025-11-20 21:00:00,1.30753,1.30876,1.30711,1.30872
2025-11-20 22:00:00,1.30873,1.30873,1.30693,1.30702
2025-11-20 23:00:00,1.3070300000000001,1.3073299999999999,1.30677,1.30721
2025-11-21 00:00:00,1.30714,1.30741,1.30646,1.30666
2025-11-21 01:00:00,1.30666,1.30856,1.30666,1.30833
2025-11-21 02:00:00,1.30833,1.30876,1.3075700000000001,1.30847
2025-11-21 03:00:00,1.30846,1.30875,1.3079100000000001,1.3082099999999999
2025-11-21 04:00:00,1.30822,1.30868,1.30751,1.30802
2025-11-21 05:00:00,1.30802,1.30883,1.30768,1.30869
2025-11-21 06:00:00,1.30869,1.30925,1.30856,1.3090600000000001
2025-11-21 07:00:00,1.3090600000000001,1.30964,1.30881,1.30894
2025-11-21 08:00:00,1.30894,1.3097699999999999,1.30885,1.30911
2025-11-21 09:00:00,1.30911,1.3091599999999999,1.30661,1.30813
2025-11-21 10:00:00,1.3081800000000001,1.31029,1.30731,1.30986
2025-11-21 11:00:00,1.30985,1.30996,1.30591,1.30615
2025-11-21 12:00:00,1.30616,1.30655,1.30507,1.30651
2025-11-21 13:00:00,1.30652,1.3069600000000001,1.3042099999999999,1.30451
2025-11-21 14:00:00,1.3045200000000001,1.30895,1.3038699999999999,1.30892
2025-11-21 15:00:00,1.3088899999999999,1.30953,1.30804,1.30843
2025-11-21 16:00:00,1.30843,1.30922,1.30697,1.30894
2025-11-21 17:00:00,1.30898,1.30999,1.3076400000000001,1.30851
2025-11-21 18:00:00,1.3085200000000001,1.30998,1.30732,1.3097699999999999
2025-11-21 19:00:00,1.3097699999999999,1.31075,1.3088600000000001,1.31007
2025-11-21 20:00:00,1.31007,1.31012,1.30917,1.30968
2025-11-21 21:00:00,1.30968,1.31087,1.3096700000000001,1.31026
2025-11-21 22:00:00,1.31026,1.31054,1.30991,1.31054
2025-11-21 23:00:00,1.31053,1.31085,1.30989,1.31005
2025-11-24 00:00:00,1.30941,1.30983,1.30941,1.30964
2025-11-24 01:00:00,1.30963,1.31,1.30929,1.30963
2025-11-24 02:00:00,1.30963,1.3096700000000001,1.30857,1.3089
2025-11-24 03:00:00,1.3089,1.30937,1.30876,1.30888
2025-11-24 04:00:00,1.3088899999999999,1.30996,1.3088899999999999,1.3096
2025-11-24 05:00:00,1.3096,1.31022,1.30945,1.30978
2025-11-24 06:00:00,1.30978,1.3103099999999999,1.30968,1.31012
2025-11-24 07:00:00,1.3101099999999999,1.31075,1.3100800000000001,1.31025
2025-11-24 08:00:00,1.31024,1.3112,1.30987,1.30994
2025-11-24 09:00:00,1.30994,1.31002,1.3088899999999999,1.30902
2025-11-24 10:00:00,1.30903,1.31102,1.30891,1.30955
2025-11-24 11:00:00,1.30955,1.30985,1.30881,1.30898
2025-11-24 12:00:00,1.30898,1.30989,1.30891,1.30941
2025-11-24 13:00:00,1.30942,1.30965,1.30894,1.3091300000000001
2025-11-24 14:00:00,1.3091300000000001,1.31161,1.3088199999999999,1.31119
2025-11-24 15:00:00,1.3112,1.31179,1.31045,1.31056
2025-11-24 16:00:00,1.31055,1.31063,1.30851,1.30923
2025-11-24 17:00:00,1.30923,1.3100100000000001,1.30808,1.30984
2025-11-24 18:00:00,1.30983,1.31077,1.30945,1.30957
2025-11-24 19:00:00,1.30957,1.31049,1.30859,1.31007
2025-11-24 20:00:00,1.31007,1.3115999999999999,1.31,1.31159
2025-11-24 21:00:00,1.3115999999999999,1.31169,1.31055,1.31091
2025-11-24 22:00:00,1.31091,1.3112,1.31071,1.31088
2025-11-24 23:00:00,1.31088,1.31106,1.31039,1.3104
2025-11-25 00:00:00,1.31042,1.31104,1.3102,1.31071
2025-11-25 01:00:00,1.3107,1.31088,1.31041,1.31059
2025-11-25 02:00:00,1.31059,1.31084,1.31024,1.31082
2025-11-25 03:00:00,1.31082,1.31161,1.31071,1.31078
2025-11-25 04:00:00,1.31078,1.31131,1.31056,1.31129
2025-11-25 05:00:00,1.31128,1.3115999999999999,1.30995,1.3100100000000001
2025-11-25 06:00:00,1.31002,1.31003,1.30968,1.30982
2025-11-25 07:00:00,1.30982,1.31039,1.30957,1.31018
2025-11-25 08:00:00,1.31018,1.31064,1.30982,1.3104
2025-11-25 09:00:00,1.31043,1.3129,1.31039,1.3122099999999999
2025-11-25 10:00:00,1.31222,1.31287,1.31093,1.3109600000000001
2025-11-25 11:00:00,1.3109600000000001,1.31383,1.3109,1.31352
2025-11-25 12:00:00,1.31351,1.31406,1.31236,1.31299
2025-11-25 13:00:00,1.31298,1.31298,1.31098,1.31124
2025-11-25 14:00:00,1.31124,1.31387,1.3109199999999999,1.3135
2025-11-25 15:00:00,1.31352,1.31597,1.31322,1.31538
2025-11-25 16:00:00,1.31537,1.31833,1.3153000000000001,1.31784
2025-11-25 17:00:00,1.31785,1.31959,1.31737,1.3176999999999999
2025-11-25 18:00:00,1.3176999999999999,1.3185799999999999,1.31712,1.31721
2025-11-25 19:00:00,1.3172,1.32042,1.31717,1.32009
2025-11-25 20:00:00,1.3201,1.32138,1.3198699999999999,1.32058
2025-11-25 21:00:00,1.32058,1.3214000000000001,1.32007,1.3212
2025-11-25 22:00:00,1.3212,1.32144,1.31537,1.3162099999999999
2025-11-25 23:00:00,1.3162099999999999,1.31719,1.31616,1.31644
2025-11-26 00:00:00,1.31647,1.31756,1.31602,1.3165200000000001
2025-11-26 01:00:00,1.3165200000000001,1.31723,1.3158,1.31583
2025-11-26 02:00:00,1.31583,1.31739,1.31583,1.3169
2025-11-26 03:00:00,1.3169,1.3188,1.31654,1.31787
2025-11-26 04:00:00,1.31788,1.31939,1.31769,1.31873
2025-11-26 05:00:00,1.31873,1.31974,1.31873,1.31965
2025-11-26 06:00:00,1.31965,1.31974,1.31876,1.31878
2025-11-26 07:00:00,1.31878,1.3192,1.31873,1.31916
2025-11-26 08:00:00,1.31916,1.31981,1.3183500000000001,1.31891
2025-11-26 09:00:00,1.3189199999999999,1.31945,1.31654,1.31793
2025-11-26 10:00:00,1.31793,1.31878,1.31681,1.31741
2025-11-26 11:00:00,1.3174299999999999,1.31811,1.31687,1.31742
2025-11-26 12:00:00,1.3174299999999999,1.31771,1.31576,1.31619
2025-11-26 13:00:00,1.31619,1.32016,1.31507,1.31728
2025-11-26 14:00:00,1.31722,1.31893,1.31244,1.31843
2025-11-26 15:00:00,1.31845,1.32248,1.31768,1.31927
2025-11-26 16:00:00,1.31928,1.32077,1.31849,1.3198699999999999
2025-11-26 17:00:00,1.3198400000000001,1.32352,1.3195700000000001,1.32259
2025-11-26 18:00:00,1.3226,1.32382,1.3219400000000001,1.32257
2025-11-26 19:00:00,1.32257,1.32303,1.3219400000000001,1.32261
2025-11-26 20:00:00,1.32261,1.32341,1.32239,1.3234
2025-11-26 21:00:00,1.3234,1.32375,1.323,1.32347
2025-11-26 22:00:00,1.32346,1.32419,1.32327,1.3235999999999999
2025-11-26 23:00:00,1.32361,1.3243800000000001,1.32345,1.32428
2025-11-27 00:00:00,1.32376,1.32395,1.32304,1.32354
2025-11-27 01:00:00,1.32354,1.32486,1.32354,1.3245
2025-11-27 02:00:00,1.32449,1.32505,1.32436,1.32483
2025-11-27 03:00:00,1.32483,1.32608,1.3248199999999999,1.32571
2025-11-27 04:00:00,1.32571,1.3263,1.32491,1.32513
2025-11-27 05:00:00,1.32513,1.32577,1.3248199999999999,1.32559
2025-11-27 06:00:00,1.32559,1.3268499999999999,1.32544,1.32573
2025-11-27 07:00:00,1.32574,1.3268499999999999,1.32571,1.32589
2025-11-27 08:00:00,1.32591,1.32643,1.32392,1.3243
2025-11-27 09:00:00,1.32429,1.32452,1.3229600000000001,1.32391
2025-11-27 10:00:00,1.32391,1.3242,1.32183,1.3223500000000001
2025-11-27 11:00:00,1.32234,1.3224,1.32102,1.3214000000000001
2025-11-27 12:00:00,1.32141,1.32275,1.32121,1.32243
2025-11-27 13:00:00,1.3224,1.3232,1.32206,1.32295
2025-11-27 14:00:00,1.32295,1.32348,1.32256,1.32333
2025-11-27 15:00:00,1.32332,1.32491,1.32329,1.32433
2025-11-27 16:00:00,1.32434,1.32454,1.32291,1.32339
2025-11-27 17:00:00,1.32339,1.32523,1.32328,1.32513
2025-11-27 18:00:00,1.32512,1.32552,1.32399,1.3244
2025-11-27 19:00:00,1.3244,1.3248,1.32306,1.3237999999999999
2025-11-27 20:00:00,1.3237999999999999,1.32388,1.32337,1.32346
2025-11-27 21:00:00,1.32346,1.3238400000000001,1.32346,1.32371
2025-11-27 22:00:00,1.32371,1.32382,1.32361,1.32372
2025-11-27 23:00:00,1.32372,1.32404,1.32367,1.32389
2025-11-28 00:00:00,1.32356,1.32375,1.32291,1.32333
2025-11-28 01:00:00,1.32333,1.32413,1.32293,1.32404
2025-11-28 02:00:00,1.32404,1.32446,1.32328,1.32362
2025-11-28 03:00:00,1.3235999999999999,1.32427,1.3228900000000001,1.3233
2025-11-28 04:00:00,1.3233,1.32385,1.3229,1.3235999999999999
2025-11-28 05:00:00,1.3235999999999999,1.32446,1.32327,1.32385
2025-11-28 06:00:00,1.32383,1.3243800000000001,1.32337,1.32381
2025-11-28 07:00:00,1.32376,1.32409,1.32275,1.32327
2025-11-28 08:00:00,1.32335,1.3234,1.32154,1.32166
2025-11-28 09:00:00,1.32163,1.3220100000000001,1.3210600000000001,1.3213
2025-11-28 10:00:00,1.32131,1.32142,1.32023,1.32029
2025-11-28 11:00:00,1.32029,1.32278,1.32012,1.32083
2025-11-28 12:00:00,1.32083,1.32146,1.32036,1.3207499999999999
2025-11-28 13:00:00,1.3207499999999999,1.32128,1.32013,1.32023
2025-11-28 14:00:00,1.32022,1.32208,1.32012,1.32178
2025-11-28 15:00:00,1.32178,1.3228,1.32117,1.3225500000000001
2025-11-28 16:00:00,1.3225500000000001,1.32309,1.32162,1.32304
2025-11-28 17:00:00,1.32304,1.32546,1.32066,1.32513
2025-11-28 18:00:00,1.32513,1.3252,1.32349,1.32361
2025-11-28 19:00:00,1.32361,1.32402,1.32272,1.32371
2025-11-28 20:00:00,1.3237,1.32381,1.32304,1.32376
2025-11-28 21:00:00,1.32376,1.32464,1.32372,1.32457
2025-11-28 22:00:00,1.32457,1.3247,1.32424,1.32424
2025-11-28 23:00:00,1.32424,1.32456,1.32351,1.32364
2025-12-01 00:00:00,1.32243,1.32304,1.32165,1.3228900000000001
2025-12-01 01:00:00,1.32283,1.32486,1.32283,1.32392
2025-12-01 02:00:00,1.32392,1.32443,1.32361,1.32368
2025-12-01 03:00:00,1.32368,1.32469,1.3231,1.32378
2025-12-01 04:00:00,1.32378,1.32401,1.32247,1.32277
2025-12-01 05:00:00,1.32277,1.32311,1.32221,1.32305
2025-12-01 06:00:00,1.32307,1.32337,1.32264,1.32269
2025-12-01 07:00:00,1.32269,1.32315,1.32187,1.32213
2025-12-01 08:00:00,1.32211,1.32225,1.32107,1.32159
2025-12-01 09:00:00,1.32163,1.32365,1.32131,1.32203
2025-12-01 10:00:00,1.32203,1.32295,1.32056,1.3210899999999999
2025-12-01 11:00:00,1.3210899999999999,1.3235299999999999,1.3210899999999999,1.3233
2025-12-01 12:00:00,1.3233,1.32332,1.32178,1.32284
2025-12-01 13:00:00,1.32284,1.32366,1.32206,1.32335
2025-12-01 14:00:00,1.32336,1.32701,1.32333,1.32673
2025-12-01 15:00:00,1.32673,1.3275299999999999,1.32593,1.3266
2025-12-01 16:00:00,1.3266,1.3266200000000001,1.3243800000000001,1.3248199999999999
2025-12-01 17:00:00,1.32512,1.3259699999999999,1.32303,1.32521
2025-12-01 18:00:00,1.32521,1.32526,1.32226,1.32271
2025-12-01 19:00:00,1.32271,1.32322,1.32214,1.32247
2025-12-01 20:00:00,1.32247,1.32279,1.32127,1.32154
2025-12-01 21:00:00,1.32154,1.32154,1.32084,1.32125
2025-12-01 22:00:00,1.32125,1.32146,1.32095,1.32131
2025-12-01 23:00:00,1.3213,1.32147,1.32101,1.3212
2025-12-02 00:00:00,1.32118,1.32151,1.32077,1.32084
2025-12-02 01:00:00,1.32084,1.32129,1.32084,1.3209
2025-12-02 02:00:00,1.3209,1.3212,1.32053,1.3207
2025-12-02 03:00:00,1.3207,1.32141,1.3203,1.32121
2025-12-02 04:00:00,1.32121,1.32171,1.32108,1.32161
2025-12-02 05:00:00,1.32161,1.3218,1.3213,1.32172
2025-12-02 06:00:00,1.32173,1.32218,1.32157,1.32161
2025-12-02 07:00:00,1.32161,1.32173,1.3211,1.32145
2025-12-02 08:00:00,1.32142,1.3216,1.3207900000000001,1.32129
2025-12-02 09:00:00,1.32128,1.3219699999999999,1.32088,1.32154
2025-12-02 10:00:00,1.32154,1.32199,1.3208,1.32119
2025-12-02 11:00:00,1.32119,1.32208,1.3201,1.3210600000000001
2025-12-02 12:00:00,1.32107,1.3212,1.31808,1.31956
2025-12-02 13:00:00,1.3195700000000001,1.32017,1.31918,1.3198400000000001
2025-12-02 14:00:00,1.3198400000000001,1.32101,1.31949,1.32093
2025-12-02 15:00:00,1.32093,1.32094,1.31977,1.32068
2025-12-02 16:00:00,1.32068,1.3213300000000001,1.31996,1.32108
2025-12-02 17:00:00,1.3210899999999999,1.32134,1.31853,1.3201
2025-12-02 18:00:00,1.3201100000000001,1.3204099999999999,1.31806,1.31836
2025-12-02 19:00:00,1.31837,1.3195299999999999,1.3179699999999999,1.31941
2025-12-02 20:00:00,1.31941,1.3202,1.31905,1.31977
2025-12-02 21:00:00,1.31978,1.3213300000000001,1.31971,1.32098
2025-12-02 22:00:00,1.32098,1.32147,1.32067,1.32118
2025-12-02 23:00:00,1.32118,1.32154,1.32067,1.32119
2025-12-03 00:00:00,1.32063,1.32123,1.3197999999999999,1.32004
2025-12-03 01:00:00,1.32004,1.32211,1.32004,1.32199
2025-12-03 02:00:00,1.32198,1.3222800000000001,1.32173,1.32217
2025-12-03 03:00:00,1.32217,1.3227,1.32216,1.32266
2025-12-03 04:00:00,1.32266,1.32306,1.32245,1.32298
2025-12-03 05:00:00,1.32298,1.32322,1.32286,1.32291
2025-12-03 06:00:00,1.32291,1.3233,1.32269,1.32317
2025-12-03 07:00:00,1.32317,1.3237999999999999,1.3231600000000001,1.32367
2025-12-03 08:00:00,1.32367,1.32426,1.32355,1.32426
2025-12-03 09:00:00,1.32426,1.32527,1.32383,1.32428
2025-12-03 10:00:00,1.32433,1.32633,1.32374,1.3259
2025-12-03 11:00:00,1.32591,1.3284799999999999,1.32565,1.32789
2025-12-03 12:00:00,1.3278699999999999,1.32897,1.3274,1.32836
2025-12-03 13:00:00,1.32835,1.32965,1.32795,1.32965
2025-12-03 14:00:00,1.32965,1.33039,1.32941,1.3299
2025-12-03 15:00:00,1.3299,1.33151,1.3296700000000001,1.32993
2025-12-03 16:00:00,1.3299400000000001,1.33168,1.32921,1.33133
2025-12-03 17:00:00,1.33135,1.33316,1.33044,1.33313
2025-12-03 18:00:00,1.33313,1.33474,1.33292,1.3332
2025-12-03 19:00:00,1.3332,1.33477,1.33285,1.33427
2025-12-03 20:00:00,1.33427,1.33533,1.33386,1.3348
2025-12-03 21:00:00,1.3348,1.33529,1.33468,1.33508
2025-12-03 22:00:00,1.33509,1.33523,1.33474,1.33478
2025-12-03 23:00:00,1.33478,1.33534,1.33476,1.33525
2025-12-04 00:00:00,1.3351600000000001,1.3351600000000001,1.33462,1.3348200000000001
2025-12-04 01:00:00,1.3348200000000001,1.33518,1.3345099999999999,1.33477
2025-12-04 02:00:00,1.33477,1.33477,1.33377,1.33399
2025-12-04 03:00:00,1.33399,1.33438,1.33349,1.33401
2025-12-04 04:00:00,1.33402,1.33404,1.33346,1.3336700000000001
2025-12-04 05:00:00,1.3336700000000001,1.33368,1.33276,1.3332
2025-12-04 06:00:00,1.3332,1.3334,1.33313,1.33318
2025-12-04 07:00:00,1.33318,1.33402,1.33316,1.3338
2025-12-04 08:00:00,1.33381,1.33389,1.33322,1.33379
2025-12-04 09:00:00,1.3338,1.33415,1.33316,1.33368
2025-12-04 10:00:00,1.3336700000000001,1.33591,1.33337,1.33427
2025-12-04 11:00:00,1.3342800000000001,1.33498,1.3336299999999999,1.33459
2025-12-04 12:00:00,1.33459,1.3351,1.33372,1.33443
2025-12-04 13:00:00,1.33442,1.33637,1.3341,1.33603
2025-12-04 14:00:00,1.33602,1.33619,1.33401,1.33491
2025-12-04 15:00:00,1.3349,1.33502,1.33208,1.3342399999999999
2025-12-04 16:00:00,1.3342399999999999,1.33741,1.3342399999999999,1.33704
2025-12-04 17:00:00,1.33703,1.33852,1.3354300000000001,1.3373
2025-12-04 18:00:00,1.3373,1.3373300000000001,1.33477,1.33526
2025-12-04 19:00:00,1.33526,1.3353,1.33408,1.33432
2025-12-04 20:00:00,1.3343099999999999,1.33514,1.3336000000000001,1.3343099999999999
2025-12-04 21:00:00,1.3343099999999999,1.3346,1.33377,1.334
2025-12-04 22:00:00,1.33399,1.33399,1.33269,1.33287
2025-12-04 23:00:00,1.33288,1.3332,1.3324500000000001,1.3326500000000001
2025-12-05 00:00:00,1.33234,1.33264,1.33185,1.33201
2025-12-05 01:00:00,1.33201,1.33259,1.33201,1.33223
2025-12-05 02:00:00,1.33222,1.33301,1.3322,1.33301
2025-12-05 03:00:00,1.33301,1.3333300000000001,1.33281,1.33332
2025-12-05 04:00:00,1.33332,1.33342,1.3330199999999999,1.33321
2025-12-05 05:00:00,1.33321,1.33322,1.3325,1.33271
2025-12-05 06:00:00,1.33271,1.33371,1.3327,1.33362
2025-12-05 07:00:00,1.33362,1.33456,1.3336000000000001,1.33452
2025-12-05 08:00:00,1.3345099999999999,1.33523,1.33423,1.3348900000000001
2025-12-05 09:00:00,1.3348900000000001,1.33624,1.33484,1.33531
2025-12-05 10:00:00,1.33532,1.33603,1.33457,1.33501
2025-12-05 11:00:00,1.33501,1.3354,1.3342800000000001,1.3346
2025-12-05 12:00:00,1.33461,1.33483,1.33328,1.33379
2025-12-05 13:00:00,1.3338,1.33402,1.33282,1.334
2025-12-05 14:00:00,1.334,1.33488,1.3338700000000001,1.33484
2025-12-05 15:00:00,1.33484,1.33557,1.33399,1.33508
2025-12-05 16:00:00,1.33508,1.3362,1.33427,1.33478
2025-12-05 17:00:00,1.33479,1.33593,1.3338999999999999,1.3342800000000001
2025-12-05 18:00:00,1.3342800000000001,1.33436,1.33159,1.33227
2025-12-05 19:00:00,1.33227,1.33311,1.33183,1.33308
2025-12-05 20:00:00,1.33308,1.33408,1.33296,1.33338
2025-12-05 21:00:00,1.33338,1.3336000000000001,1.3329,1.33341
2025-12-05 22:00:00,1.33341,1.33341,1.3326,1.33331
2025-12-05 23:00:00,1.3333,1.33372,1.33266,1.3329900000000001
2025-12-08 00:00:00,1.3321,1.33266,1.3312599999999999,1.33244
2025-12-08 01:00:00,1.33244,1.33316,1.33218,1.33257
2025-12-08 02:00:00,1.33258,1.3333599999999999,1.33224,1.33334
2025-12-08 03:00:00,1.33334,1.33382,1.33311,1.33369
2025-12-08 04:00:00,1.33369,1.33414,1.33347,1.33413
2025-12-08 05:00:00,1.33413,1.33423,1.33362,1.33372
2025-12-08 06:00:00,1.33372,1.3342100000000001,1.33364,1.33403
2025-12-08 07:00:00,1.33402,1.33412,1.33358,1.33372
2025-12-08 08:00:00,1.33371,1.33469,1.33274,1.33307
2025-12-08 09:00:00,1.33314,1.33348,1.33219,1.3325
2025-12-08 10:00:00,1.3325,1.33338,1.33191,1.33277
2025-12-08 11:00:00,1.33276,1.33289,1.33136,1.33172
2025-12-08 12:00:00,1.33172,1.33294,1.3316,1.33189
2025-12-08 13:00:00,1.33188,1.3326799999999999,1.3314,1.3317700000000001
2025-12-08 14:00:00,1.3317700000000001,1.33222,1.3314,1.332
2025-12-08 15:00:00,1.33201,1.33294,1.3315000000000001,1.33197
2025-12-08 16:00:00,1.33198,1.33383,1.33148,1.33267
2025-12-08 17:00:00,1.33267,1.33279,1.3305799999999999,1.33118
2025-12-08 18:00:00,1.3312,1.3325,1.3308499999999999,1.33188
2025-12-08 19:00:00,1.33189,1.33243,1.33109,1.33237
2025-12-08 20:00:00,1.3323800000000001,1.3330899999999999,1.33192,1.3324500000000001
2025-12-08 21:00:00,1.33243,1.33291,1.33218,1.33266
2025-12-08 22:00:00,1.33266,1.33297,1.3323,1.33251
2025-12-08 23:00:00,1.33252,1.3326,1.33195,1.33213
2025-12-09 00:00:00,1.33205,1.33213,1.33154,1.33179
2025-12-09 01:00:00,1.33176,1.33269,1.33157,1.33269
2025-12-09 02:00:00,1.33269,1.33287,1.33188,1.33217
2025-12-09 03:00:00,1.33217,1.3333,1.33183,1.33328
2025-12-09 04:00:00,1.33328,1.33347,1.33261,1.33286
2025-12-09 05:00:00,1.33286,1.33316,1.33263,1.33282
2025-12-09 06:00:00,1.33282,1.3331,1.33267,1.333
2025-12-09 07:00:00,1.33301,1.33371,1.33269,1.33334
2025-12-09 08:00:00,1.3333300000000001,1.33347,1.33277,1.3330600000000001
2025-12-09 09:00:00,1.3330600000000001,1.33325,1.33232,1.33281
2025-12-09 10:00:00,1.33282,1.33513,1.33262,1.33442
2025-12-09 11:00:00,1.33442,1.33562,1.33412,1.33469
2025-12-09 12:00:00,1.33468,1.3349,1.33295,1.33373
2025-12-09 13:00:00,1.33374,1.33378,1.3324,1.33289
2025-12-09 14:00:00,1.33289,1.3331,1.33161,1.33197
2025-12-09 15:00:00,1.33197,1.33277,1.33102,1.33145
2025-12-09 16:00:00,1.33145,1.33205,1.3301,1.33163
2025-12-09 17:00:00,1.33163,1.33163,1.32871,1.32969
2025-12-09 18:00:00,1.32969,1.33183,1.32968,1.33178
2025-12-09 19:00:00,1.33179,1.33195,1.32966,1.32976
2025-12-09 20:00:00,1.32976,1.33033,1.3291,1.33011
2025-12-09 21:00:00,1.33012,1.33045,1.32955,1.33017
2025-12-09 22:00:00,1.33017,1.3307,1.32976,1.3300100000000001
2025-12-09 23:00:00,1.3300100000000001,1.33043,1.32962,1.32977
2025-12-10 00:00:00,1.32934,1.32998,1.32926,1.3299
2025-12-10 01:00:00,1.3299,1.33043,1.3298,1.3303
2025-12-10 02:00:00,1.3303,1.33047,1.32986,1.33039
2025-12-10 03:00:00,1.33038,1.3304,1.32959,1.32987
2025-12-10 04:00:00,1.32986,1.33053,1.32979,1.3299699999999999
2025-12-10 05:00:00,1.3299699999999999,1.33048,1.32984,1.33027
2025-12-10 06:00:00,1.33026,1.33078,1.33026,1.33051
2025-12-10 07:00:00,1.3305,1.33099,1.33042,1.33072
2025-12-10 08:00:00,1.33072,1.3314,1.33057,1.33136
2025-12-10 09:00:00,1.33139,1.33258,1.33128,1.33242
2025-12-10 10:00:00,1.3324099999999999,1.3327200000000001,1.33166,1.33186
2025-12-10 11:00:00,1.33185,1.33186,1.33073,1.33133
2025-12-10 12:00:00,1.33131,1.33157,1.33067,1.33133
2025-12-10 13:00:00,1.33132,1.33164,1.33015,1.33111
2025-12-10 14:00:00,1.3311,1.33173,1.3307,1.33142
2025-12-10 15:00:00,1.33142,1.33318,1.33048,1.33304
2025-12-10 16:00:00,1.33304,1.33342,1.3323,1.333
2025-12-10 17:00:00,1.3329900000000001,1.33368,1.3315000000000001,1.33208
2025-12-10 18:00:00,1.33208,1.33392,1.33156,1.33381
2025-12-10 19:00:00,1.33381,1.33476,1.3332,1.33457
2025-12-10 20:00:00,1.33457,1.33466,1.3330199999999999,1.33315
2025-12-10 21:00:00,1.33316,1.33694,1.33234,1.33651
2025-12-10 22:00:00,1.3365,1.33888,1.33596,1.3385099999999999
2025-12-10 23:00:00,1.3385099999999999,1.33871,1.33789,1.338
2025-12-11 00:00:00,1.33811,1.3382100000000001,1.3371,1.33789
2025-12-11 01:00:00,1.33789,1.3391600000000001,1.3375,1.33886
2025-12-11 02:00:00,1.33886,1.3392,1.33762,1.33777
2025-12-11 03:00:00,1.33777,1.33875,1.33776,1.3382100000000001
2025-12-11 04:00:00,1.3382100000000001,1.33872,1.3369900000000001,1.3370600000000001
2025-12-11 05:00:00,1.3370600000000001,1.33738,1.33662,1.3367200000000001
2025-12-11 06:00:00,1.33671,1.33695,1.33629,1.33694
2025-12-11 07:00:00,1.33693,1.33708,1.33615,1.33617
2025-12-11 08:00:00,1.33617,1.33701,1.33593,1.33692
2025-12-11 09:00:00,1.33692,1.33793,1.33658,1.33698
2025-12-11 10:00:00,1.33698,1.33788,1.33658,1.3366799999999999
2025-12-11 11:00:00,1.3366799999999999,1.33734,1.3354599999999999,1.3372
2025-12-11 12:00:00,1.3372,1.33812,1.33679,1.33784
2025-12-11 13:00:00,1.33784,1.33873,1.33755,1.33857
2025-12-11 14:00:00,1.33857,1.33939,1.33786,1.3389199999999999
2025-12-11 15:00:00,1.3389199999999999,1.34154,1.33847,1.3407499999999999
2025-12-11 16:00:00,1.34076,1.34266,1.3407,1.34179
2025-12-11 17:00:00,1.34177,1.34355,1.34115,1.3434599999999999
2025-12-11 18:00:00,1.3434599999999999,1.34383,1.3416000000000001,1.34254
2025-12-11 19:00:00,1.34254,1.34299,1.34166,1.34211
2025-12-11 20:00:00,1.34211,1.34247,1.34125,1.34135
2025-12-11 21:00:00,1.3413300000000001,1.34134,1.33897,1.33905
2025-12-11 22:00:00,1.33904,1.3395000000000001,1.33825,1.3394
2025-12-11 23:00:00,1.33939,1.33959,1.3384800000000001,1.33862
2025-12-12 00:00:00,1.33837,1.33927,1.3381,1.33895
2025-12-12 01:00:00,1.33895,1.33938,1.33888,1.33932
2025-12-12 02:00:00,1.33932,1.33959,1.33922,1.3393
2025-12-12 03:00:00,1.33929,1.33999,1.33899,1.33922
2025-12-12 04:00:00,1.33921,1.3395000000000001,1.33903,1.33913
2025-12-12 05:00:00,1.3391199999999999,1.3394,1.33895,1.33908
2025-12-12 06:00:00,1.33908,1.33941,1.33884,1.33886
2025-12-12 07:00:00,1.33886,1.3397000000000001,1.33884,1.33955
2025-12-12 08:00:00,1.33955,1.3399,1.33906,1.33957
2025-12-12 09:00:00,1.33956,1.33956,1.33745,1.3384800000000001
2025-12-12 10:00:00,1.33847,1.33886,1.33771,1.33783
2025-12-12 11:00:00,1.33782,1.33859,1.33734,1.3383
2025-12-12 12:00:00,1.3383,1.33834,1.33691,1.33764
2025-12-12 13:00:00,1.3376299999999999,1.33783,1.33678,1.33751
2025-12-12 14:00:00,1.33751,1.33771,1.33647,1.33734
2025-12-12 15:00:00,1.33735,1.33834,1.33682,1.33696
2025-12-12 16:00:00,1.33696,1.33781,1.33631,1.33728
2025-12-12 17:00:00,1.33727,1.33783,1.33522,1.33549
2025-12-12 18:00:00,1.33549,1.33596,1.33422,1.33487
2025-12-12 19:00:00,1.33486,1.33735,1.33479,1.33732
2025-12-12 20:00:00,1.33731,1.33769,1.3360699999999999,1.33612
2025-12-12 21:00:00,1.33612,1.3366799999999999,1.33566,1.33658
2025-12-12 22:00:00,1.33658,1.33747,1.33647,1.33663
2025-12-12 23:00:00,1.33663,1.33727,1.33642,1.3367200000000001
2025-12-15 00:00:00,1.33712,1.33723,1.3354300000000001,1.3364500000000001
2025-12-15 01:00:00,1.3366,1.33721,1.33646,1.33673
2025-12-15 02:00:00,1.33673,1.33679,1.33559,1.33656
2025-12-15 03:00:00,1.33658,1.33744,1.33574,1.33735
2025-12-15 04:00:00,1.33734,1.33743,1.33642,1.33682
2025-12-15 05:00:00,1.33682,1.33703,1.3355299999999999,1.33569
2025-12-15 06:00:00,1.33569,1.33605,1.3355000000000001,1.33581
2025-12-15 07:00:00,1.33581,1.33659,1.33558,1.33642
2025-12-15 08:00:00,1.33642,1.33671,1.33576,1.33657
2025-12-15 09:00:00,1.33657,1.33701,1.33583,1.3363399999999999
2025-12-15 10:00:00,1.33635,1.33737,1.33613,1.33677
2025-12-15 11:00:00,1.33677,1.33887,1.3367,1.33879
2025-12-15 12:00:00,1.33879,1.33881,1.33746,1.33802
2025-12-15 13:00:00,1.33801,1.33897,1.33796,1.33834
2025-12-15 14:00:00,1.33834,1.33944,1.33832,1.33899
2025-12-15 15:00:00,1.33896,1.33967,1.33853,1.33872
2025-12-15 16:00:00,1.3387,1.34015,1.33826,1.33967
2025-12-15 17:00:00,1.33967,1.33981,1.33811,1.33949
2025-12-15 18:00:00,1.33948,1.33957,1.33735,1.33796
2025-12-15 19:00:00,1.33796,1.33811,1.33656,1.33677
2025-12-15 20:00:00,1.33677,1.33751,1.33595,1.3366
2025-12-15 21:00:00,1.3366,1.33732,1.33622,1.3373
2025-12-15 22:00:00,1.3373,1.33757,1.3369900000000001,1.3374
2025-12-15 23:00:00,1.33738,1.33782,1.33713,1.33768
2025-12-16 00:00:00,1.33732,1.33741,1.3366,1.33723
2025-12-16 01:00:00,1.33727,1.3381,1.33674,1.33791
2025-12-16 02:00:00,1.33791,1.33835,1.33677,1.33697
2025-12-16 03:00:00,1.33697,1.3372899999999999,1.33616,1.33681
2025-12-16 04:00:00,1.33681,1.3371,1.33656,1.33692
2025-12-16 05:00:00,1.33692,1.33741,1.33626,1.33655
2025-12-16 06:00:00,1.33655,1.337,1.3364500000000001,1.33678
2025-12-16 07:00:00,1.33678,1.33696,1.33609,1.33623
2025-12-16 08:00:00,1.33623,1.33666,1.3355299999999999,1.3363399999999999
2025-12-16 09:00:00,1.33636,1.33784,1.33622,1.33751
2025-12-16 10:00:00,1.33752,1.33948,1.33749,1.33935
2025-12-16 11:00:00,1.33935,1.34158,1.33924,1.3410199999999999
2025-12-16 12:00:00,1.3410199999999999,1.34269,1.34066,1.34233
2025-12-16 13:00:00,1.34232,1.3431199999999999,1.34116,1.3431
2025-12-16 14:00:00,1.3431,1.34372,1.34264,1.34367
2025-12-16 15:00:00,1.34367,1.3456000000000001,1.34106,1.34259
2025-12-16 16:00:00,1.3426,1.34458,1.34164,1.3443100000000001
2025-12-16 17:00:00,1.34432,1.34476,1.3404,1.34158
2025-12-16 18:00:00,1.34157,1.34293,1.34119,1.34265
2025-12-16 19:00:00,1.34268,1.34403,1.34202,1.3424
2025-12-16 20:00:00,1.3424,1.34272,1.34089,1.34245
2025-12-16 21:00:00,1.34245,1.34315,1.33992,1.3425799999999999
2025-12-16 22:00:00,1.34256,1.3436,1.34223,1.34247
2025-12-16 23:00:00,1.34247,1.34259,1.3418999999999999,1.34193
2025-12-17 00:00:00,1.34172,1.34222,1.34172,1.34192
2025-12-17 01:00:00,1.34193,1.34268,1.34193,1.34254
2025-12-17 02:00:00,1.34254,1.34271,1.34195,1.34207
2025-12-17 03:00:00,1.34207,1.34259,1.34201,1.34245
2025-12-17 04:00:00,1.34245,1.34246,1.3406500000000001,1.34087
2025-12-17 05:00:00,1.34087,1.34127,1.34067,1.34096
2025-12-17 06:00:00,1.34096,1.34097,1.33932,1.33949
2025-12-17 07:00:00,1.33949,1.33959,1.33799,1.33835
2025-12-17 08:00:00,1.33835,1.339,1.33722,1.3376299999999999
2025-12-17 09:00:00,1.3374,1.33755,1.33154,1.33229
2025-12-17 10:00:00,1.33227,1.33317,1.33117,1.33269
2025-12-17 11:00:00,1.33266,1.33354,1.33226,1.33257
2025-12-17 12:00:00,1.33257,1.33355,1.33203,1.3335
2025-12-17 13:00:00,1.33349,1.33375,1.33213,1.33276
2025-12-17 14:00:00,1.33276,1.33461,1.33261,1.33446
2025-12-17 15:00:00,1.33446,1.33591,1.3339699999999999,1.33562
2025-12-17 16:00:00,1.33562,1.33663,1.33486,1.33629
2025-12-17 17:00:00,1.33629,1.34003,1.33558,1.33992
2025-12-17 18:00:00,1.33991,1.34066,1.3385,1.33898
2025-12-17 19:00:00,1.33898,1.3395299999999999,1.3382,1.33873
2025-12-17 20:00:00,1.33872,1.33949,1.33735,1.3376000000000001
2025-12-17 21:00:00,1.3376000000000001,1.33809,1.3372600000000001,1.3377
2025-12-17 22:00:00,1.33769,1.33843,1.33747,1.33783
2025-12-17 23:00:00,1.33783,1.33799,1.33738,1.33746
2025-12-18 00:00:00,1.33753,1.33761,1.3369900000000001,1.33748
2025-12-18 01:00:00,1.33748,1.33779,1.3370199999999999,1.33737
2025-12-18 02:00:00,1.33737,1.33769,1.33696,1.3376299999999999
2025-12-18 03:00:00,1.3376299999999999,1.33791,1.33616,1.33646
2025-12-18 04:00:00,1.33647,1.33709,1.3364,1.33688
2025-12-18 05:00:00,1.33688,1.33711,1.33617,1.33646
2025-12-18 06:00:00,1.33646,1.33691,1.33635,1.33687
2025-12-18 07:00:00,1.33687,1.33739,1.33667,1.33696
2025-12-18 08:00:00,1.33696,1.33708,1.33623,1.33669
2025-12-18 09:00:00,1.3366799999999999,1.33754,1.33637,1.33662
2025-12-18 10:00:00,1.33661,1.3373300000000001,1.33547,1.33595
2025-12-18 11:00:00,1.33595,1.33595,1.33409,1.33487
2025-12-18 12:00:00,1.33487,1.33534,1.33436,1.33524
2025-12-18 13:00:00,1.33526,1.33585,1.3349199999999999,1.3349199999999999
2025-12-18 14:00:00,1.33499,1.3397299999999999,1.33378,1.3395299999999999
2025-12-18 15:00:00,1.3395299999999999,1.34427,1.33914,1.3427799999999999
2025-12-18 16:00:00,1.34279,1.34464,1.34094,1.34158
2025-12-18 17:00:00,1.34158,1.3416000000000001,1.33859,1.33947
2025-12-18 18:00:00,1.33948,1.34053,1.33812,1.33862
2025-12-18 19:00:00,1.33862,1.33869,1.33704,1.33809
2025-12-18 20:00:00,1.33809,1.3385099999999999,1.33751,1.33813
2025-12-18 21:00:00,1.33813,1.33906,1.33802,1.33862
2025-12-18 22:00:00,1.3386,1.33897,1.33775,1.33783
2025-12-18 23:00:00,1.33783,1.3382800000000001,1.3378,1.33816
2025-12-19 00:00:00,1.3378999999999999,1.33817,1.33745,1.33788
2025-12-19 01:00:00,1.33788,1.33853,1.33734,1.33834
2025-12-19 02:00:00,1.33835,1.3385799999999999,1.3378,1.33849
2025-12-19 03:00:00,1.33849,1.3387,1.33789,1.33823
2025-12-19 04:00:00,1.33822,1.33861,1.33775,1.33791
2025-12-19 05:00:00,1.33793,1.33823,1.3373300000000001,1.33777
2025-12-19 06:00:00,1.33777,1.33802,1.33696,1.33723
2025-12-19 07:00:00,1.33723,1.33769,1.33723,1.33757
2025-12-19 08:00:00,1.33755,1.33856,1.3370199999999999,1.33836
2025-12-19 09:00:00,1.33834,1.3385500000000001,1.33632,1.33653
2025-12-19 10:00:00,1.33653,1.33805,1.33649,1.3374
2025-12-19 11:00:00,1.33739,1.33876,1.33723,1.3382
2025-12-19 12:00:00,1.3382,1.33868,1.3374,1.3381
2025-12-19 13:00:00,1.33811,1.33823,1.3369,1.33723
2025-12-19 14:00:00,1.33723,1.3378700000000001,1.33681,1.3373300000000001
2025-12-19 15:00:00,1.3373300000000001,1.33739,1.33571,1.33724
2025-12-19 16:00:00,1.33724,1.33869,1.3366500000000001,1.33707
2025-12-19 17:00:00,1.3368,1.3372600000000001,1.33571,1.33618
2025-12-19 18:00:00,1.33617,1.33779,1.33595,1.33774
2025-12-19 19:00:00,1.33775,1.33812,1.33692,1.33772
2025-12-19 20:00:00,1.33771,1.33902,1.33759,1.33861
2025-12-19 21:00:00,1.33861,1.3391899999999999,1.33818,1.33908
2025-12-19 22:00:00,1.33903,1.33942,1.33735,1.3374
2025-12-19 23:00:00,1.33741,1.33789,1.33727,1.33737
2025-12-22 00:00:00,1.3377,1.33809,1.3372899999999999,1.33732
2025-12-22 01:00:00,1.33735,1.33845,1.33716,1.3378999999999999
2025-12-22 02:00:00,1.33792,1.33902,1.33785,1.33893
2025-12-22 03:00:00,1.33893,1.33983,1.33893,1.33961
2025-12-22 04:00:00,1.33961,1.34,1.3391600000000001,1.33927
2025-12-22 05:00:00,1.33927,1.3397299999999999,1.33917,1.33929
2025-12-22 06:00:00,1.33929,1.34018,1.33923,1.3399
2025-12-22 07:00:00,1.3399,1.3401100000000001,1.33958,1.3397299999999999
2025-12-22 08:00:00,1.3397299999999999,1.34001,1.33915,1.33942
2025-12-22 09:00:00,1.33942,1.34192,1.33942,1.34138
2025-12-22 10:00:00,1.34137,1.34238,1.34094,1.34201
2025-12-22 11:00:00,1.342,1.34247,1.3410199999999999,1.34244
2025-12-22 12:00:00,1.34245,1.3440400000000001,1.34242,1.3435000000000001
2025-12-22 13:00:00,1.3435000000000001,1.34424,1.3431899999999999,1.34387
2025-12-22 14:00:00,1.34387,1.3442,1.34261,1.34338
2025-12-22 15:00:00,1.34338,1.34442,1.34317,1.34378
2025-12-22 16:00:00,1.34378,1.34573,1.3431600000000001,1.34504
2025-12-22 17:00:00,1.34504,1.3458999999999999,1.34443,1.3454
2025-12-22 18:00:00,1.3454,1.34583,1.3446500000000001,1.34559
2025-12-22 19:00:00,1.34558,1.34776,1.34558,1.3470900000000001
2025-12-22 20:00:00,1.34708,1.3470900000000001,1.34564,1.34619
2025-12-22 21:00:00,1.34619,1.34639,1.34539,1.34585
2025-12-22 22:00:00,1.34585,1.34628,1.34546,1.34577
2025-12-22 23:00:00,1.34577,1.34623,1.3456299999999999,1.3462100000000001
2025-12-23 00:00:00,1.34592,1.34625,1.3446799999999999,1.34607
2025-12-23 01:00:00,1.34607,1.34699,1.34577,1.34684
2025-12-23 02:00:00,1.34684,1.34765,1.34681,1.3472
2025-12-23 03:00:00,1.3472,1.34835,1.34697,1.34771
2025-12-23 04:00:00,1.34771,1.34862,1.34768,1.34828
2025-12-23 05:00:00,1.34828,1.349,1.3480400000000001,1.34891
2025-12-23 06:00:00,1.34891,1.34925,1.34856,1.34879
2025-12-23 07:00:00,1.34878,1.34939,1.3487,1.34888
2025-12-23 08:00:00,1.34888,1.3489900000000001,1.3479999999999999,1.3481
2025-12-23 09:00:00,1.3481,1.35031,1.34806,1.3501699999999999
2025-12-23 10:00:00,1.3501699999999999,1.35115,1.3496000000000001,1.35094
2025-12-23 11:00:00,1.35096,1.35186,1.3497,1.35056
2025-12-23 12:00:00,1.35057,1.35174,1.3501,1.35156
2025-12-23 13:00:00,1.35156,1.35187,1.35031,1.35036
2025-12-23 14:00:00,1.35037,1.35111,1.35016,1.35023
2025-12-23 15:00:00,1.3502399999999999,1.35129,1.34944,1.34949
2025-12-23 16:00:00,1.3495,1.35003,1.3483100000000001,1.34839
2025-12-23 17:00:00,1.34839,1.34964,1.34724,1.3483800000000001
2025-12-23 18:00:00,1.3483800000000001,1.34878,1.3479,1.34848
2025-12-23 19:00:00,1.34848,1.34871,1.3471,1.34732
2025-12-23 20:00:00,1.34732,1.3489900000000001,1.3472,1.34896
2025-12-23 21:00:00,1.34897,1.34975,1.34887,1.3497
2025-12-23 22:00:00,1.34967,1.35005,1.34944,1.34991
2025-12-23 23:00:00,1.34992,1.35236,1.34989,1.35168
2025-12-24 00:00:00,1.35135,1.35192,1.3493,1.3511600000000001
2025-12-24 01:00:00,1.3511600000000001,1.35171,1.35036,1.35129
2025-12-24 02:00:00,1.3513,1.35172,1.35069,1.35148
2025-12-24 03:00:00,1.35149,1.35321,1.3511,1.3529
2025-12-24 04:00:00,1.35293,1.35341,1.35266,1.35271
2025-12-24 05:00:00,1.35272,1.35273,1.35156,1.35164
2025-12-24 06:00:00,1.35164,1.35165,1.35096,1.3514
2025-12-24 07:00:00,1.3514,1.35225,1.35127,1.35191
2025-12-24 08:00:00,1.3519,1.35242,1.35164,1.35209
2025-12-24 09:00:00,1.35209,1.35232,1.35093,1.35108
2025-12-24 10:00:00,1.35104,1.35221,1.35027,1.3522
2025-12-24 11:00:00,1.35221,1.35281,1.3520400000000001,1.35219
2025-12-24 12:00:00,1.35219,1.3524,1.35125,1.35168
2025-12-24 13:00:00,1.35169,1.35192,1.3510900000000001,1.35142
2025-12-24 14:00:00,1.35142,1.35145,1.35011,1.35035
2025-12-24 15:00:00,1.35034,1.35097,1.35015,1.35046
2025-12-24 16:00:00,1.35043,1.3511,1.34966,1.34967
2025-12-24 17:00:00,1.3496299999999999,1.35097,1.3491900000000001,1.35071
2025-12-24 18:00:00,1.35071,1.35107,1.34984,1.3502100000000001
2025-12-24 19:00:00,1.3502100000000001,1.3506,1.34927,1.34974
2025-12-24 20:00:00,1.34974,1.35054,1.34947,1.35016
2025-12-24 21:00:00,1.35016,1.35028,1.34992,1.35016
2025-12-24 22:00:00,1.35015,1.35035,1.34993,1.3501
2025-12-24 23:00:00,1.3501,1.3507,1.3498999999999999,1.35031
2025-12-26 00:00:00,1.35221,1.35221,1.3507500000000001,1.351
2025-12-26 01:00:00,1.351,1.3511,1.3495300000000001,1.35083
2025-12-26 02:00:00,1.35084,1.35189,1.35054,1.35099
2025-12-26 03:00:00,1.35099,1.35228,1.35083,1.35126
2025-12-26 04:00:00,1.35125,1.3519,1.35107,1.3517000000000001
2025-12-26 05:00:00,1.3517000000000001,1.35176,1.3504800000000001,1.35057
2025-12-26 06:00:00,1.35057,1.35083,1.34996,1.34999
2025-12-26 07:00:00,1.34999,1.34999,1.34866,1.34946
2025-12-26 08:00:00,1.34946,1.35005,1.34877,1.34894
2025-12-26 09:00:00,1.34894,1.34908,1.34798,1.34828
2025-12-26 10:00:00,1.34829,1.34964,1.34774,1.34958
2025-12-26 11:00:00,1.34958,1.3498,1.3483,1.34851
2025-12-26 12:00:00,1.34851,1.3495,1.34836,1.34884
2025-12-26 13:00:00,1.34884,1.34977,1.34884,1.34947
2025-12-26 14:00:00,1.34947,1.34971,1.34886,1.34966
2025-12-26 15:00:00,1.34968,1.35273,1.34944,1.35168
2025-12-26 16:00:00,1.35169,1.35214,1.35072,1.35157
2025-12-26 17:00:00,1.35157,1.3525800000000001,1.35034,1.35069
2025-12-26 18:00:00,1.35068,1.35076,1.34822,1.34875
2025-12-26 19:00:00,1.34875,1.3497,1.34813,1.34949
2025-12-26 20:00:00,1.34949,1.34998,1.34927,1.34954
2025-12-26 21:00:00,1.3495300000000001,1.35001,1.34901,1.35001
2025-12-26 22:00:00,1.35001,1.35064,1.34992,1.35033
2025-12-26 23:00:00,1.35033,1.35057,1.34925,1.34947
2025-12-29 00:00:00,1.34835,1.34932,1.3479999999999999,1.34881
2025-12-29 01:00:00,1.34906,1.35011,1.3483800000000001,1.34971
2025-12-29 02:00:00,1.34971,1.3508200000000001,1.34971,1.35076
2025-12-29 03:00:00,1.3507500000000001,1.3512,1.35056,1.35093
2025-12-29 04:00:00,1.35093,1.35102,1.35022,1.35069
2025-12-29 05:00:00,1.35069,1.35098,1.3503,1.35068
2025-12-29 06:00:00,1.35068,1.35069,1.34942,1.34943
2025-12-29 07:00:00,1.34943,1.3495,1.34836,1.34912
2025-12-29 08:00:00,1.34912,1.34974,1.34871,1.34966
2025-12-29 09:00:00,1.34967,1.34976,1.3482,1.3485
2025-12-29 10:00:00,1.34849,1.34982,1.34771,1.3486
2025-12-29 11:00:00,1.3486,1.3507799999999999,1.3473600000000001,1.34905
2025-12-29 12:00:00,1.34903,1.35088,1.34887,1.34974
2025-12-29 13:00:00,1.34973,1.35108,1.34886,1.3489
2025-12-29 14:00:00,1.3489,1.3489499999999999,1.34691,1.34826
2025-12-29 15:00:00,1.34825,1.3497,1.34795,1.34938
2025-12-29 16:00:00,1.34938,1.35074,1.34859,1.35008
2025-12-29 17:00:00,1.35009,1.35128,1.34856,1.35007
2025-12-29 18:00:00,1.35007,1.35008,1.34852,1.34937
2025-12-29 19:00:00,1.34937,1.3495599999999999,1.34816,1.3485800000000001
2025-12-29 20:00:00,1.34857,1.34959,1.34846,1.34909
2025-12-29 21:00:00,1.34908,1.35084,1.34891,1.3507
2025-12-29 22:00:00,1.3507,1.35102,1.3502,1.35049
2025-12-29 23:00:00,1.35049,1.35155,1.35037,1.35131
2025-12-30 00:00:00,1.35094,1.35094,1.34959,1.35013
2025-12-30 01:00:00,1.35013,1.35098,1.34995,1.35091
2025-12-30 02:00:00,1.35089,1.35104,1.34998,1.35025
2025-12-30 03:00:00,1.35025,1.35095,1.34977,1.35089
2025-12-30 04:00:00,1.35089,1.3512,1.35004,1.35027
2025-12-30 05:00:00,1.35027,1.3507799999999999,1.34996,1.35053
2025-12-30 06:00:00,1.35054,1.3511,1.3504,1.35104
2025-12-30 07:00:00,1.3510499999999999,1.35172,1.3510499999999999,1.35149
2025-12-30 08:00:00,1.35149,1.35217,1.35115,1.35157
2025-12-30 09:00:00,1.35156,1.35156,1.35004,1.35058
2025-12-30 10:00:00,1.35058,1.35187,1.3505,1.3509
2025-12-30 11:00:00,1.3509,1.35188,1.35074,1.35145
2025-12-30 12:00:00,1.35145,1.35307,1.3514300000000001,1.35213
2025-12-30 13:00:00,1.35214,1.35247,1.3503,1.3504399999999999
2025-12-30 14:00:00,1.3504399999999999,1.35084,1.34934,1.34968
2025-12-30 15:00:00,1.34967,1.34995,1.34869,1.34879
2025-12-30 16:00:00,1.34879,1.34882,1.34711,1.34763
2025-12-30 17:00:00,1.34764,1.34785,1.3449499999999999,1.3473600000000001
2025-12-30 18:00:00,1.3473600000000001,1.34835,1.3463,1.34766
2025-12-30 19:00:00,1.34765,1.34789,1.34654,1.34697
2025-12-30 20:00:00,1.34697,1.34749,1.34653,1.3467799999999999
2025-12-30 21:00:00,1.34679,1.34728,1.34622,1.34657
2025-12-30 22:00:00,1.34661,1.34676,1.34611,1.34637
2025-12-30 23:00:00,1.34638,1.34688,1.34638,1.3467799999999999
2025-12-31 00:00:00,1.34662,1.34665,1.3458999999999999,1.34637
2025-12-31 01:00:00,1.34636,1.34677,1.3461,1.34664
2025-12-31 02:00:00,1.34664,1.34676,1.34584,1.34638
2025-12-31 03:00:00,1.34637,1.34665,1.34602,1.34611
2025-12-31 04:00:00,1.34611,1.3464,1.34593,1.34613
2025-12-31 05:00:00,1.34612,1.3465500000000001,1.34601,1.34639
2025-12-31 06:00:00,1.34637,1.34642,1.34574,1.34585
2025-12-31 07:00:00,1.34585,1.34633,1.34582,1.34607
2025-12-31 08:00:00,1.34607,1.34612,1.34528,1.34576
2025-12-31 09:00:00,1.34575,1.34604,1.34512,1.34564
2025-12-31 10:00:00,1.34565,1.3465500000000001,1.34264,1.34294
2025-12-31 11:00:00,1.34294,1.34447,1.3426,1.34372
2025-12-31 12:00:00,1.34378,1.34401,1.34325,1.34384
2025-12-31 13:00:00,1.34384,1.3457,1.34372,1.3455300000000001
2025-12-31 14:00:00,1.3455300000000001,1.34688,1.3447200000000001,1.34671
2025-12-31 15:00:00,1.34671,1.34767,1.34483,1.34542
2025-12-31 16:00:00,1.34546,1.34552,1.34321,1.3433899999999999
2025-12-31 17:00:00,1.3433899999999999,1.34535,1.34016,1.34507
2025-12-31 18:00:00,1.34507,1.34604,1.34374,1.3446
2025-12-31 19:00:00,1.3446,1.34559,1.34385,1.34521
2025-12-31 20:00:00,1.34523,1.34579,1.3447,1.34534
2025-12-31 21:00:00,1.34534,1.34608,1.34528,1.34596
2025-12-31 22:00:00,1.34596,1.34816,1.34595,1.34803
2025-12-31 23:00:00,1.34803,1.34837,1.34724,1.34729
2026-01-02 00:00:00,1.34643,1.3466,1.34612,1.34642
2026-01-02 01:00:00,1.34641,1.34771,1.34641,1.34737
2026-01-02 02:00:00,1.34737,1.34827,1.3471600000000001,1.34814
2026-01-02 03:00:00,1.34815,1.34878,1.3480699999999999,1.34876
2026-01-02 04:00:00,1.34876,1.34912,1.34866,1.3488
2026-01-02 05:00:00,1.3488,1.34901,1.34843,1.3486799999999999
2026-01-02 06:00:00,1.3486799999999999,1.34876,1.34779,1.34788
2026-01-02 07:00:00,1.34788,1.34809,1.34696,1.3471199999999999
2026-01-02 08:00:00,1.3471199999999999,1.34715,1.34638,1.34679
2026-01-02 09:00:00,1.34674,1.3470900000000001,1.34577,1.34642
2026-01-02 10:00:00,1.34641,1.34687,1.3449200000000001,1.34538
2026-01-02 11:00:00,1.34538,1.34643,1.34509,1.34549
2026-01-02 12:00:00,1.3455,1.34586,1.34439,1.3449900000000001
2026-01-02 13:00:00,1.34498,1.34525,1.3433899999999999,1.34409
2026-01-02 14:00:00,1.34409,1.3449499999999999,1.34358,1.34457
2026-01-02 15:00:00,1.34457,1.3459699999999999,1.34423,1.34577
2026-01-02 16:00:00,1.34576,1.34679,1.34534,1.3464800000000001
2026-01-02 17:00:00,1.34643,1.3502,1.34641,1.34969
2026-01-02 18:00:00,1.34969,1.3498700000000001,1.34732,1.34778
2026-01-02 19:00:00,1.34779,1.34781,1.34615,1.34629
2026-01-02 20:00:00,1.34629,1.34638,1.34464,1.34515
2026-01-02 21:00:00,1.34516,1.3458,1.34473,1.34549
2026-01-02 22:00:00,1.3455,1.34574,1.34493,1.34568
2026-01-02 23:00:00,1.34568,1.34669,1.3456000000000001,1.3458700000000001
2026-01-05 00:00:00,1.34455,1.34544,1.34412,1.3444099999999999
2026-01-05 01:00:00,1.34436,1.34565,1.34374,1.3437999999999999
2026-01-05 02:00:00,1.3437999999999999,1.34482,1.34374,1.34433
2026-01-05 03:00:00,1.34433,1.34488,1.34385,1.34402
2026-01-05 04:00:00,1.34402,1.34429,1.34257,1.34313
2026-01-05 05:00:00,1.34313,1.34363,1.34141,1.34161
2026-01-05 06:00:00,1.34161,1.34281,1.34143,1.34256
2026-01-05 07:00:00,1.34256,1.3431899999999999,1.34227,1.34279
2026-01-05 08:00:00,1.34279,1.34369,1.34206,1.34357
2026-01-05 09:00:00,1.34356,1.34366,1.34205,1.34228
2026-01-05 10:00:00,1.34229,1.34388,1.34173,1.34256
2026-01-05 11:00:00,1.34257,1.34433,1.34219,1.34427
2026-01-05 12:00:00,1.34426,1.34645,1.34405,1.34633
2026-01-05 13:00:00,1.34633,1.3471,1.34579,1.34593
2026-01-05 14:00:00,1.34593,1.3474300000000001,1.34527,1.34557
2026-01-05 15:00:00,1.34558,1.3457,1.34249,1.3453
2026-01-05 16:00:00,1.34531,1.34765,1.34508,1.34724
2026-01-05 17:00:00,1.34724,1.35039,1.34717,1.35027
2026-01-05 18:00:00,1.35028,1.35253,1.35026,1.35252
2026-01-05 19:00:00,1.35251,1.35392,1.35243,1.3532600000000001
2026-01-05 20:00:00,1.3532600000000001,1.35394,1.3529,1.35393
2026-01-05 21:00:00,1.35394,1.35458,1.3535599999999999,1.35431
2026-01-05 22:00:00,1.35431,1.35465,1.35419,1.35434
2026-01-05 23:00:00,1.35433,1.35484,1.35395,1.35419
2026-01-06 00:00:00,1.35409,1.3543,1.35366,1.3538700000000001
2026-01-06 01:00:00,1.3538700000000001,1.35415,1.3532,1.35324
2026-01-06 02:00:00,1.35325,1.35357,1.35281,1.3535599999999999
2026-01-06 03:00:00,1.3535599999999999,1.35462,1.35316,1.35461
2026-01-06 04:00:00,1.35461,1.35579,1.35416,1.35567
2026-01-06 05:00:00,1.3556599999999999,1.35622,1.35508,1.35588
2026-01-06 06:00:00,1.35588,1.35619,1.35541,1.35558
2026-01-06 07:00:00,1.35558,1.3558,1.35457,1.35497
2026-01-06 08:00:00,1.35497,1.35579,1.35484,1.3555
2026-01-06 09:00:00,1.35551,1.35678,1.35469,1.35504
2026-01-06 10:00:00,1.35503,1.35667,1.35472,1.3554
2026-01-06 11:00:00,1.3554,1.35549,1.35357,1.35357
2026-01-06 12:00:00,1.35357,1.35399,1.35297,1.35328
2026-01-06 13:00:00,1.3532600000000001,1.35349,1.35174,1.35208
2026-01-06 14:00:00,1.35208,1.35293,1.3508200000000001,1.35119
2026-01-06 15:00:00,1.35119,1.3524,1.35065,1.3523800000000001
2026-01-06 16:00:00,1.3523800000000001,1.35348,1.35155,1.35253
2026-01-06 17:00:00,1.35254,1.35272,1.34939,1.3507500000000001
2026-01-06 18:00:00,1.3507500000000001,1.35095,1.34916,1.34948
2026-01-06 19:00:00,1.34948,1.3511199999999999,1.34927,1.35103
2026-01-06 20:00:00,1.35103,1.35121,1.3498,1.34984
2026-01-06 21:00:00,1.34984,1.35007,1.3492600000000001,1.35004
2026-01-06 22:00:00,1.35004,1.3506,1.34985,1.34986
2026-01-06 23:00:00,1.34986,1.35023,1.34977,1.3501699999999999
2026-01-07 00:00:00,1.34998,1.3501400000000001,1.34904,1.35
2026-01-07 01:00:00,1.35,1.35036,1.34986,1.34996
2026-01-07 02:00:00,1.34996,1.3505,1.34978,1.35026
2026-01-07 03:00:00,1.35026,1.35099,1.35005,1.35059
2026-01-07 04:00:00,1.35059,1.35135,1.35055,1.35101
2026-01-07 05:00:00,1.351,1.3517000000000001,1.35098,1.35144
2026-01-07 06:00:00,1.35142,1.35162,1.35043,1.35053
2026-01-07 07:00:00,1.35053,1.351,1.35031,1.3508499999999999
2026-01-07 08:00:00,1.3508499999999999,1.3517000000000001,1.35046,1.35134
2026-01-07 09:00:00,1.35135,1.35167,1.34917,1.3492600000000001
2026-01-07 10:00:00,1.34924,1.34969,1.34851,1.34962
2026-01-07 11:00:00,1.34962,1.34979,1.34864,1.34948
2026-01-07 12:00:00,1.34948,1.3504800000000001,1.34935,1.34978
2026-01-07 13:00:00,1.34978,1.35054,1.34947,1.35002
2026-01-07 14:00:00,1.35002,1.35027,1.3486,1.34917
2026-01-07 15:00:00,1.34916,1.35005,1.34809,1.34945
2026-01-07 16:00:00,1.34945,1.3501400000000001,1.34836,1.34999
2026-01-07 17:00:00,1.35002,1.35002,1.34725,1.34808
2026-01-07 18:00:00,1.34805,1.34862,1.34681,1.34714
2026-01-07 19:00:00,1.34714,1.3479700000000001,1.34693,1.34732
2026-01-07 20:00:00,1.34733,1.34738,1.34681,1.34693
2026-01-07 21:00:00,1.34692,1.34707,1.34623,1.34646
2026-01-07 22:00:00,1.34647,1.3468,1.3461400000000001,1.34627
2026-01-07 23:00:00,1.34626,1.34627,1.3455599999999999,1.34566
2026-01-08 00:00:00,1.34549,1.34615,1.3454,1.34572
2026-01-08 01:00:00,1.34572,1.34592,1.34551,1.34586
2026-01-08 02:00:00,1.34586,1.34607,1.34565,1.34585
2026-01-08 03:00:00,1.34585,1.34607,1.34531,1.34558
2026-01-08 04:00:00,1.34559,1.34596,1.34508,1.34565
2026-01-08 05:00:00,1.34565,1.34656,1.3456299999999999,1.34635
2026-01-08 06:00:00,1.34635,1.34636,1.34585,1.34603
2026-01-08 07:00:00,1.34603,1.34608,1.34524,1.34581
2026-01-08 08:00:00,1.3458,1.3462,1.34522,1.346
2026-01-08 09:00:00,1.346,1.34609,1.34451,1.34456
2026-01-08 10:00:00,1.34457,1.3446500000000001,1.34354,1.34386
2026-01-08 11:00:00,1.34386,1.34459,1.34321,1.34383
2026-01-08 12:00:00,1.34384,1.3448,1.34357,1.34474
2026-01-08 13:00:00,1.34473,1.34506,1.34439,1.34444
2026-01-08 14:00:00,1.34442,1.34474,1.34372,1.34384
2026-01-08 15:00:00,1.34383,1.34475,1.34157,1.34233
2026-01-08 16:00:00,1.34232,1.34359,1.34173,1.34352
2026-01-08 17:00:00,1.34353,1.34469,1.3426,1.3441100000000001
2026-01-08 18:00:00,1.3441100000000001,1.34444,1.3428499999999999,1.34299
2026-01-08 19:00:00,1.34298,1.34372,1.34259,1.3436
2026-01-08 20:00:00,1.3436,1.34379,1.3422100000000001,1.34227
2026-01-08 21:00:00,1.34228,1.3431199999999999,1.34195,1.3431
2026-01-08 22:00:00,1.34311,1.34379,1.34297,1.34363
2026-01-08 23:00:00,1.34363,1.34449,1.34353,1.34399
2026-01-09 00:00:00,1.34348,1.34393,1.3428,1.34345
2026-01-09 01:00:00,1.34344,1.3441100000000001,1.3428,1.3436
2026-01-09 02:00:00,1.34361,1.34371,1.34317,1.34322
2026-01-09 03:00:00,1.34323,1.34362,1.34268,1.34281
2026-01-09 04:00:00,1.3428200000000001,1.34337,1.34245,1.34325
2026-01-09 05:00:00,1.34325,1.34378,1.3431199999999999,1.34368
2026-01-09 06:00:00,1.34368,1.3437999999999999,1.3431600000000001,1.34357
2026-01-09 07:00:00,1.34357,1.34381,1.34275,1.34301
2026-01-09 08:00:00,1.34302,1.34325,1.34246,1.34276
2026-01-09 09:00:00,1.34276,1.34292,1.34145,1.3429
2026-01-09 10:00:00,1.34293,1.34345,1.34117,1.3415300000000001
2026-01-09 11:00:00,1.34154,1.3421,1.34047,1.34103
2026-01-09 12:00:00,1.34103,1.3412600000000001,1.3404,1.34086
2026-01-09 13:00:00,1.34086,1.34144,1.34048,1.34135
2026-01-09 14:00:00,1.34134,1.34195,1.34098,1.34195
2026-01-09 15:00:00,1.34195,1.3451,1.33934,1.34354
2026-01-09 16:00:00,1.34353,1.3443399999999999,1.34059,1.34125
2026-01-09 17:00:00,1.34124,1.3418999999999999,1.33925,1.34178
2026-01-09 18:00:00,1.34178,1.34226,1.34048,1.34106
2026-01-09 19:00:00,1.34106,1.34113,1.33981,1.3403
2026-01-09 20:00:00,1.3403100000000001,1.34145,1.33998,1.34058
2026-01-09 21:00:00,1.34058,1.34114,1.34033,1.3406799999999999
2026-01-09 22:00:00,1.34069,1.34098,1.34051,1.3406500000000001
2026-01-09 23:00:00,1.3406500000000001,1.34094,1.33952,1.3397700000000001
2026-01-12 00:00:00,1.3394300000000001,1.33978,1.33906,1.33914
2026-01-12 01:00:00,1.33914,1.33996,1.33913,1.33938
2026-01-12 02:00:00,1.33938,1.34355,1.3391,1.34349
2026-01-12 03:00:00,1.34349,1.3441100000000001,1.34266,1.34272
2026-01-12 04:00:00,1.34272,1.3433899999999999,1.34213,1.34228
2026-01-12 05:00:00,1.34228,1.3428200000000001,1.34203,1.34205
2026-01-12 06:00:00,1.34205,1.3424,1.34164,1.34226
2026-01-12 07:00:00,1.34226,1.34364,1.3421699999999999,1.3433899999999999
2026-01-12 08:00:00,1.3433899999999999,1.34413,1.34295,1.34387
2026-01-12 09:00:00,1.34383,1.34471,1.3433899999999999,1.34444
2026-01-12 10:00:00,1.34444,1.34615,1.34428,1.34571
2026-01-12 11:00:00,1.34571,1.34692,1.34503,1.34536
2026-01-12 12:00:00,1.34536,1.3471199999999999,1.3448,1.34711
2026-01-12 13:00:00,1.34711,1.34748,1.34546,1.34598
2026-01-12 14:00:00,1.34598,1.3473600000000001,1.34576,1.3465500000000001
2026-01-12 15:00:00,1.3465500000000001,1.34859,1.34613,1.34816
2026-01-12 16:00:00,1.34815,1.3483399999999999,1.34635,1.34733
2026-01-12 17:00:00,1.34735,1.3480400000000001,1.3468200000000001,1.34755
2026-01-12 18:00:00,1.34755,1.34776,1.34638,1.34642
2026-01-12 19:00:00,1.34642,1.3471899999999999,1.34555,1.34643
2026-01-12 20:00:00,1.34642,1.34642,1.34573,1.34592
2026-01-12 21:00:00,1.34592,1.34668,1.34572,1.3465799999999999
2026-01-12 22:00:00,1.3465799999999999,1.3469,1.3462,1.34633
2026-01-12 23:00:00,1.34633,1.34697,1.34618,1.34641
2026-01-13 00:00:00,1.34595,1.34659,1.34586,1.34599
2026-01-13 01:00:00,1.34603,1.3469,1.34573,1.3466
2026-01-13 02:00:00,1.3466,1.34767,1.34625,1.34761
2026-01-13 03:00:00,1.34761,1.34769,1.34665,1.34703
2026-01-13 04:00:00,1.34701,1.34765,1.34697,1.34726
2026-01-13 05:00:00,1.34726,1.34785,1.34694,1.34703
2026-01-13 06:00:00,1.34703,1.34771,1.347,1.3473600000000001
2026-01-13 07:00:00,1.3473600000000001,1.34769,1.34708,1.34723
2026-01-13 08:00:00,1.34722,1.34728,1.34628,1.34728
2026-01-13 09:00:00,1.34728,1.3473600000000001,1.34626,1.34671
2026-01-13 10:00:00,1.34668,1.34779,1.34637,1.34765
2026-01-13 11:00:00,1.34765,1.34854,1.34733,1.34806
2026-01-13 12:00:00,1.34808,1.34833,1.34695,1.34714
2026-01-13 13:00:00,1.3471199999999999,1.34738,1.34672,1.34727
2026-01-13 14:00:00,1.34727,1.34734,1.34581,1.3461
2026-01-13 15:00:00,1.3461,1.34947,1.34513,1.34751
2026-01-13 16:00:00,1.3475,1.34772,1.34513,1.3458700000000001
2026-01-13 17:00:00,1.34589,1.34599,1.34351,1.34421
2026-01-13 18:00:00,1.3442,1.34452,1.3425,1.34341
2026-01-13 19:00:00,1.34342,1.34378,1.34272,1.34337
2026-01-13 20:00:00,1.34338,1.3441,1.34242,1.34397
2026-01-13 21:00:00,1.34397,1.34398,1.3427799999999999,1.34349
2026-01-13 22:00:00,1.34349,1.34361,1.34292,1.34306
2026-01-13 23:00:00,1.34306,1.34317,1.34206,1.3421
2026-01-14 00:00:00,1.3421,1.34239,1.34185,1.3421
2026-01-14 01:00:00,1.3421,1.3428499999999999,1.3421,1.34259
2026-01-14 02:00:00,1.34259,1.34272,1.3421,1.34271
2026-01-14 03:00:00,1.34271,1.34271,1.34198,1.34228
2026-01-14 04:00:00,1.34228,1.34371,1.34212,1.34359
2026-01-14 05:00:00,1.3436,1.34478,1.3436,1.3445
2026-01-14 06:00:00,1.3445,1.34462,1.34389,1.34398
2026-01-14 07:00:00,1.34398,1.34416,1.34353,1.34354
2026-01-14 08:00:00,1.34354,1.34481,1.34342,1.34471
2026-01-14 09:00:00,1.34471,1.34497,1.3437299999999999,1.34393
2026-01-14 10:00:00,1.34393,1.3449900000000001,1.3437000000000001,1.34498
2026-01-14 11:00:00,1.34498,1.34586,1.3446500000000001,1.3457
2026-01-14 12:00:00,1.3457,1.3458700000000001,1.34505,1.34538
2026-01-14 13:00:00,1.34539,1.34539,1.34453,1.34491
2026-01-14 14:00:00,1.3449200000000001,1.34583,1.34424,1.34522
2026-01-14 15:00:00,1.34522,1.34528,1.34388,1.34447
2026-01-14 16:00:00,1.34448,1.34643,1.34436,1.34565
2026-01-14 17:00:00,1.34564,1.34615,1.34439,1.34561
2026-01-14 18:00:00,1.3456000000000001,1.34585,1.34405,1.34437
2026-01-14 19:00:00,1.34436,1.34451,1.34303,1.3431899999999999
2026-01-14 20:00:00,1.34318,1.3433,1.34268,1.3427
2026-01-14 21:00:00,1.3427,1.34331,1.34246,1.3430900000000001
2026-01-14 22:00:00,1.3430900000000001,1.3441,1.34298,1.34329
2026-01-14 23:00:00,1.34329,1.34467,1.34323,1.34467
2026-01-15 00:00:00,1.34381,1.34447,1.34321,1.34366
2026-01-15 01:00:00,1.34366,1.34442,1.34324,1.34401
2026-01-15 02:00:00,1.34401,1.34401,1.34308,1.3437299999999999
2026-01-15 03:00:00,1.34374,1.34387,1.34274,1.34355
2026-01-15 04:00:00,1.34355,1.34355,1.34297,1.34332
2026-01-15 05:00:00,1.34333,1.34337,1.3426,1.34277
2026-01-15 06:00:00,1.34277,1.34289,1.34233,1.34239
2026-01-15 07:00:00,1.34238,1.34321,1.34231,1.34268
2026-01-15 08:00:00,1.34267,1.34329,1.34234,1.34273
2026-01-15 09:00:00,1.3427799999999999,1.34432,1.34237,1.34347
2026-01-15 10:00:00,1.34344,1.3444,1.34264,1.34388
2026-01-15 11:00:00,1.34389,1.3445,1.34353,1.34365
2026-01-15 12:00:00,1.34367,1.34385,1.34159,1.34204
2026-01-15 13:00:00,1.34202,1.34281,1.3417,1.34182
2026-01-15 14:00:00,1.3418,1.34207,1.34015,1.34039
2026-01-15 15:00:00,1.34039,1.3404099999999999,1.33688,1.33728
2026-01-15 16:00:00,1.3372899999999999,1.33872,1.33627,1.33712
2026-01-15 17:00:00,1.33712,1.33887,1.3369,1.33861
2026-01-15 18:00:00,1.3386,1.3394,1.3379699999999999,1.33849
2026-01-15 19:00:00,1.3385,1.33939,1.33806,1.33876
2026-01-15 20:00:00,1.33876,1.33938,1.33876,1.3391600000000001
2026-01-15 21:00:00,1.3391600000000001,1.3392,1.33836,1.33857
2026-01-15 22:00:00,1.33857,1.33859,1.33746,1.33758
2026-01-15 23:00:00,1.33758,1.3384,1.33756,1.33816
2026-01-16 00:00:00,1.33768,1.33818,1.3372,1.3374
2026-01-16 01:00:00,1.33739,1.33827,1.3373,1.3381
2026-01-16 02:00:00,1.3381,1.33825,1.33707,1.33769
2026-01-16 03:00:00,1.33769,1.3384,1.33754,1.3379699999999999
2026-01-16 04:00:00,1.3379699999999999,1.33883,1.33789,1.33844
2026-01-16 05:00:00,1.33844,1.33911,1.3383099999999999,1.3390900000000001
2026-01-16 06:00:00,1.3390900000000001,1.33913,1.33881,1.3389199999999999
2026-01-16 07:00:00,1.3389199999999999,1.33897,1.33817,1.33832
2026-01-16 08:00:00,1.3383099999999999,1.33841,1.33772,1.33803
2026-01-16 09:00:00,1.33803,1.33923,1.33775,1.33907
2026-01-16 10:00:00,1.33907,1.33981,1.33895,1.33932
2026-01-16 11:00:00,1.33932,1.34051,1.33905,1.33969
2026-01-16 12:00:00,1.33968,1.34132,1.33967,1.34058
2026-01-16 13:00:00,1.34058,1.34123,1.34048,1.34078
2026-01-16 14:00:00,1.34079,1.3410199999999999,1.33928,1.34002
2026-01-16 15:00:00,1.34002,1.34081,1.33886,1.34037
2026-01-16 16:00:00,1.34037,1.34051,1.33952,1.33981
2026-01-16 17:00:00,1.33981,1.34039,1.33661,1.3378
2026-01-16 18:00:00,1.33778,1.339,1.33772,1.33818
2026-01-16 19:00:00,1.33818,1.33867,1.33764,1.33788
2026-01-16 20:00:00,1.33788,1.33872,1.33737,1.33799
2026-01-16 21:00:00,1.33799,1.3384800000000001,1.33759,1.33817
2026-01-16 22:00:00,1.33818,1.33863,1.33789,1.33806
2026-01-16 23:00:00,1.33806,1.33829,1.3374,1.33756
2026-01-19 00:00:00,1.33441,1.33557,1.33404,1.33517
2026-01-19 01:00:00,1.33517,1.3407499999999999,1.33507,1.34022
2026-01-19 02:00:00,1.34022,1.34088,1.33823,1.34008
2026-01-19 03:00:00,1.34009,1.34028,1.3391,1.3391899999999999
2026-01-19 04:00:00,1.3391899999999999,1.33935,1.33812,1.3387
2026-01-19 05:00:00,1.33869,1.3391600000000001,1.3385799999999999,1.3388499999999999
2026-01-19 06:00:00,1.3388499999999999,1.33964,1.33884,1.33952
2026-01-19 07:00:00,1.3395299999999999,1.3406,1.33932,1.33951
2026-01-19 08:00:00,1.33951,1.3400699999999999,1.3394300000000001,1.33986
2026-01-19 09:00:00,1.33986,1.34101,1.33841,1.33891
2026-01-19 10:00:00,1.3389199999999999,1.34096,1.3387,1.34091
2026-01-19 11:00:00,1.34091,1.3415599999999999,1.33906,1.3406
2026-01-19 12:00:00,1.3406,1.3413,1.34051,1.34098
2026-01-19 13:00:00,1.34098,1.34107,1.34019,1.34085
2026-01-19 14:00:00,1.34085,1.34145,1.34049,1.34059
2026-01-19 15:00:00,1.34058,1.34168,1.34057,1.3414
2026-01-19 16:00:00,1.3413599999999999,1.34243,1.34104,1.34203
2026-01-19 17:00:00,1.34202,1.34287,1.3418700000000001,1.3421699999999999
2026-01-19 18:00:00,1.3421699999999999,1.3435000000000001,1.34207,1.34277
2026-01-19 19:00:00,1.34277,1.34337,1.34263,1.3431199999999999
2026-01-19 20:00:00,1.3431199999999999,1.34337,1.34262,1.34267
2026-01-19 21:00:00,1.34267,1.34297,1.34257,1.34259
2026-01-19 22:00:00,1.34259,1.34286,1.3425,1.34279
2026-01-19 23:00:00,1.34279,1.34286,1.34226,1.3425
2026-01-20 00:00:00,1.34192,1.34267,1.3409,1.34207
2026-01-20 01:00:00,1.34207,1.3425799999999999,1.34169,1.3418999999999999
2026-01-20 02:00:00,1.3418999999999999,1.34203,1.3410199999999999,1.34186
2026-01-20 03:00:00,1.34184,1.34242,1.34158,1.34239
2026-01-20 04:00:00,1.34239,1.3428200000000001,1.34199,1.34236
2026-01-20 05:00:00,1.34236,1.3439999999999999,1.34231,1.34351
2026-01-20 06:00:00,1.34351,1.3443100000000001,1.34349,1.34409
2026-01-20 07:00:00,1.34409,1.3449900000000001,1.34406,1.34416
2026-01-20 08:00:00,1.34416,1.34437,1.34315,1.34351
2026-01-20 09:00:00,1.34347,1.34828,1.34259,1.34747
2026-01-20 10:00:00,1.34748,1.34916,1.3474599999999999,1.34783
2026-01-20 11:00:00,1.34784,1.3489200000000001,1.34704,1.34751
2026-01-20 12:00:00,1.34748,1.34852,1.34647,1.34801
2026-01-20 13:00:00,1.34802,1.34828,1.34595,1.34632
2026-01-20 14:00:00,1.34633,1.3465799999999999,1.34395,1.34458
2026-01-20 15:00:00,1.34459,1.34794,1.3441,1.3452600000000001
2026-01-20 16:00:00,1.34527,1.34626,1.34406,1.3458
2026-01-20 17:00:00,1.34581,1.34772,1.34524,1.34568
2026-01-20 18:00:00,1.34568,1.34705,1.34534,1.34694
2026-01-20 19:00:00,1.34695,1.34755,1.34562,1.34564
2026-01-20 20:00:00,1.34564,1.34577,1.34422,1.3443100000000001
2026-01-20 21:00:00,1.34429,1.34454,1.34266,1.3427799999999999
2026-01-20 22:00:00,1.34277,1.34357,1.34253,1.34336
2026-01-20 23:00:00,1.34336,1.34424,1.34322,1.34419
2026-01-21 00:00:00,1.3436,1.34455,1.3432,1.34374
2026-01-21 01:00:00,1.34375,1.34427,1.34352,1.34406
2026-01-21 02:00:00,1.34406,1.34427,1.34333,1.34427
2026-01-21 03:00:00,1.34425,1.34567,1.34399,1.34521
2026-01-21 04:00:00,1.34521,1.34547,1.34435,1.3444
2026-01-21 05:00:00,1.34439,1.34464,1.34333,1.34403
2026-01-21 06:00:00,1.34403,1.34403,1.34331,1.3437700000000001
2026-01-21 07:00:00,1.3437700000000001,1.34403,1.34354,1.34376
2026-01-21 08:00:00,1.34376,1.34426,1.34354,1.34365
2026-01-21 09:00:00,1.34362,1.3449,1.34292,1.34425
2026-01-21 10:00:00,1.34425,1.34478,1.3433,1.34386
2026-01-21 11:00:00,1.34386,1.34386,1.34086,1.34104
2026-01-21 12:00:00,1.34104,1.34148,1.34032,1.3407499999999999
2026-01-21 13:00:00,1.3407499999999999,1.3421699999999999,1.34013,1.34098
2026-01-21 14:00:00,1.34098,1.34262,1.3401399999999999,1.3424800000000001
2026-01-21 15:00:00,1.3424800000000001,1.3444099999999999,1.34123,1.34418
2026-01-21 16:00:00,1.34418,1.34564,1.34228,1.34509
2026-01-21 17:00:00,1.3451,1.34592,1.34246,1.34272
2026-01-21 18:00:00,1.34272,1.34409,1.34239,1.34279
2026-01-21 19:00:00,1.3428,1.34383,1.34165,1.3428
2026-01-21 20:00:00,1.34279,1.34279,1.3418700000000001,1.34215
2026-01-21 21:00:00,1.34216,1.34306,1.34098,1.34256
2026-01-21 22:00:00,1.34256,1.34263,1.34123,1.3424800000000001
2026-01-21 23:00:00,1.34247,1.34324,1.34234,1.34301
2026-01-22 00:00:00,1.34246,1.3431199999999999,1.34216,1.3425099999999999
2026-01-22 01:00:00,1.3425099999999999,1.34308,1.34179,1.3418
2026-01-22 02:00:00,1.3418,1.34311,1.34169,1.34294
2026-01-22 03:00:00,1.34294,1.34318,1.34245,1.34303
2026-01-22 04:00:00,1.34304,1.34353,1.34227,1.34254
2026-01-22 05:00:00,1.34254,1.34337,1.34254,1.34324
2026-01-22 06:00:00,1.34324,1.34394,1.343,1.3431600000000001
2026-01-22 07:00:00,1.3431600000000001,1.3431600000000001,1.34234,1.34291
2026-01-22 08:00:00,1.3429,1.34297,1.34205,1.3425799999999999
2026-01-22 09:00:00,1.3425799999999999,1.34376,1.3423,1.34315
2026-01-22 10:00:00,1.34313,1.34329,1.34094,1.34181
2026-01-22 11:00:00,1.3418700000000001,1.3446500000000001,1.34175,1.3444099999999999
2026-01-22 12:00:00,1.3444099999999999,1.34507,1.34364,1.34477
2026-01-22 13:00:00,1.34476,1.3452899999999999,1.34013,1.34208
2026-01-22 14:00:00,1.34207,1.3441,1.34152,1.34254
2026-01-22 15:00:00,1.34252,1.34386,1.34033,1.34231
2026-01-22 16:00:00,1.34231,1.34525,1.34223,1.3446799999999999
2026-01-22 17:00:00,1.3446799999999999,1.34847,1.34459,1.34774
2026-01-22 18:00:00,1.34778,1.34991,1.34776,1.3489200000000001
2026-01-22 19:00:00,1.3489,1.34957,1.34737,1.34925
2026-01-22 20:00:00,1.3492199999999999,1.35022,1.34906,1.34988
2026-01-22 21:00:00,1.3498700000000001,1.34994,1.34862,1.34909
2026-01-22 22:00:00,1.34909,1.35034,1.34884,1.3497
2026-01-22 23:00:00,1.34967,1.35071,1.3495599999999999,1.3501
2026-01-23 00:00:00,1.3493,1.35045,1.34864,1.34994
2026-01-23 01:00:00,1.34993,1.35087,1.34993,1.34995
2026-01-23 02:00:00,1.34995,1.35009,1.3495300000000001,1.3496299999999999
2026-01-23 03:00:00,1.3496299999999999,1.35047,1.34958,1.34978
2026-01-23 04:00:00,1.34979,1.3498299999999999,1.34914,1.34925
2026-01-23 05:00:00,1.34925,1.34951,1.34886,1.34904
2026-01-23 06:00:00,1.34903,1.34977,1.34897,1.34971
2026-01-23 07:00:00,1.34969,1.35007,1.34957,1.34986
2026-01-23 08:00:00,1.34986,1.34997,1.3483100000000001,1.34839
2026-01-23 09:00:00,1.34843,1.35121,1.34843,1.34924
2026-01-23 10:00:00,1.3492199999999999,1.35025,1.34824,1.35015
2026-01-23 11:00:00,1.3501400000000001,1.35346,1.34985,1.3529900000000001
2026-01-23 12:00:00,1.35298,1.35366,1.35223,1.3526799999999999
2026-01-23 13:00:00,1.35269,1.35324,1.35144,1.35182
2026-01-23 14:00:00,1.35182,1.35323,1.35178,1.35285
2026-01-23 15:00:00,1.35285,1.3535,1.35243,1.3525
2026-01-23 16:00:00,1.3525,1.35379,1.35206,1.3536000000000001
2026-01-23 17:00:00,1.3536000000000001,1.35675,1.35346,1.35643
2026-01-23 18:00:00,1.35645,1.35978,1.35609,1.35884
2026-01-23 19:00:00,1.35884,1.3623,1.35862,1.36084
2026-01-23 20:00:00,1.36084,1.36094,1.35921,1.36054
2026-01-23 21:00:00,1.36054,1.36291,1.36052,1.36234
2026-01-23 22:00:00,1.36235,1.36382,1.3621699999999999,1.36368
2026-01-23 23:00:00,1.36368,1.36457,1.36323,1.36419
2026-01-26 00:00:00,1.36612,1.36819,1.3657,1.36777
2026-01-26 01:00:00,1.36776,1.36805,1.3654899999999999,1.36647
2026-01-26 02:00:00,1.36646,1.36674,1.3643399999999999,1.36672
2026-01-26 03:00:00,1.36673,1.36743,1.36588,1.3660999999999999
2026-01-26 04:00:00,1.36609,1.36796,1.36589,1.3669
2026-01-26 05:00:00,1.3669,1.36691,1.3655,1.36599
2026-01-26 06:00:00,1.36599,1.36677,1.36532,1.366
2026-01-26 07:00:00,1.366,1.36697,1.3658299999999999,1.36669
2026-01-26 08:00:00,1.36669,1.36685,1.36561,1.36564
2026-01-26 09:00:00,1.36568,1.36762,1.36444,1.36465
2026-01-26 10:00:00,1.36466,1.36682,1.36429,1.36621
2026-01-26 11:00:00,1.3663,1.36771,1.36584,1.36719
2026-01-26 12:00:00,1.36722,1.36756,1.3666800000000001,1.36708
2026-01-26 13:00:00,1.3670900000000001,1.3673600000000001,1.36651,1.36662
2026-01-26 14:00:00,1.36662,1.36728,1.36479,1.36533
2026-01-26 15:00:00,1.36533,1.36619,1.36432,1.3661699999999999
2026-01-26 16:00:00,1.3661699999999999,1.36916,1.3658299999999999,1.3691200000000001
2026-01-26 17:00:00,1.36913,1.37128,1.3688500000000001,1.37082
2026-01-26 18:00:00,1.37079,1.37131,1.36931,1.36968
2026-01-26 19:00:00,1.36969,1.37043,1.36856,1.36879
2026-01-26 20:00:00,1.3688,1.37015,1.36848,1.3688500000000001
2026-01-26 21:00:00,1.36886,1.36886,1.36755,1.36823
2026-01-26 22:00:00,1.3682400000000001,1.3686099999999999,1.36791,1.36804
2026-01-26 23:00:00,1.36805,1.36865,1.36742,1.36776
2026-01-27 00:00:00,1.36756,1.36775,1.36688,1.3676300000000001
2026-01-27 01:00:00,1.3676300000000001,1.36796,1.36742,1.3675
2026-01-27 02:00:00,1.3675,1.36816,1.36725,1.36733
2026-01-27 03:00:00,1.3673199999999999,1.36825,1.36703,1.36798
2026-01-27 04:00:00,1.36798,1.37008,1.36771,1.36961
2026-01-27 05:00:00,1.36958,1.36958,1.36825,1.3683
2026-01-27 06:00:00,1.36828,1.36883,1.36723,1.36746
2026-01-27 07:00:00,1.36746,1.36817,1.36714,1.36783
2026-01-27 08:00:00,1.36783,1.36902,1.36775,1.36819
2026-01-27 09:00:00,1.36819,1.36903,1.36699,1.36742
2026-01-27 10:00:00,1.36742,1.36773,1.3664,1.36749
2026-01-27 11:00:00,1.36749,1.37001,1.36681,1.36991
2026-01-27 12:00:00,1.36991,1.3703400000000001,1.3683,1.37031
2026-01-27 13:00:00,1.37031,1.37124,1.37009,1.37107
2026-01-27 14:00:00,1.37107,1.37415,1.3707799999999999,1.3740700000000001
2026-01-27 15:00:00,1.3740700000000001,1.37486,1.37255,1.37351
2026-01-27 16:00:00,1.3735,1.37765,1.37314,1.37705
2026-01-27 17:00:00,1.37703,1.37908,1.37477,1.37517
2026-01-27 18:00:00,1.37516,1.3791,1.37509,1.37799
2026-01-27 19:00:00,1.37798,1.37882,1.37609,1.37874
2026-01-27 20:00:00,1.37874,1.37911,1.37759,1.37771
2026-01-27 21:00:00,1.37771,1.37843,1.37743,1.37833
2026-01-27 22:00:00,1.37831,1.38692,1.37764,1.38368
2026-01-27 23:00:00,1.38364,1.38564,1.38292,1.38473
2026-01-28 00:00:00,1.3841999999999999,1.38476,1.38258,1.38433
2026-01-28 01:00:00,1.38431,1.38453,1.38224,1.38269
2026-01-28 02:00:00,1.38269,1.38314,1.3814199999999999,1.38174
2026-01-28 03:00:00,1.3817300000000001,1.38191,1.37992,1.38003
2026-01-28 04:00:00,1.38003,1.38074,1.37917,1.38036
2026-01-28 05:00:00,1.38039,1.38104,1.37972,1.37998
2026-01-28 06:00:00,1.37999,1.38033,1.37941,1.38019
2026-01-28 07:00:00,1.3801999999999999,1.38056,1.3789,1.38052
2026-01-28 08:00:00,1.3805100000000001,1.38158,1.38038,1.38061
2026-01-28 09:00:00,1.38063,1.38313,1.37927,1.38012
2026-01-28 10:00:00,1.38013,1.38113,1.3775,1.3786800000000001
2026-01-28 11:00:00,1.37867,1.3792499999999999,1.37756,1.37872
2026-01-28 12:00:00,1.3787099999999999,1.37999,1.37764,1.3793
2026-01-28 13:00:00,1.3793,1.3793,1.37677,1.37698
2026-01-28 14:00:00,1.37698,1.37942,1.3768500000000001,1.37936
2026-01-28 15:00:00,1.37937,1.37941,1.37652,1.37701
2026-01-28 16:00:00,1.37703,1.38012,1.3768099999999999,1.37865
2026-01-28 17:00:00,1.37865,1.37995,1.3749500000000001,1.3789500000000001
2026-01-28 18:00:00,1.3789500000000001,1.37941,1.37639,1.37846
2026-01-28 19:00:00,1.37846,1.3790499999999999,1.37723,1.37893
2026-01-28 20:00:00,1.37894,1.37924,1.37634,1.3774199999999999
2026-01-28 21:00:00,1.37699,1.37964,1.37526,1.37933
2026-01-28 22:00:00,1.3793199999999999,1.3802400000000001,1.37862,1.3799000000000001
2026-01-28 23:00:00,1.37989,1.38109,1.37974,1.38065
2026-01-29 00:00:00,1.3801700000000001,1.3806,1.3792200000000001,1.38001
2026-01-29 01:00:00,1.37999,1.38307,1.3795600000000001,1.3827
2026-01-29 02:00:00,1.3827099999999999,1.38351,1.3813900000000001,1.38205
2026-01-29 03:00:00,1.38206,1.38206,1.38001,1.38032
2026-01-29 04:00:00,1.38032,1.38159,1.37931,1.38124
2026-01-29 05:00:00,1.38123,1.3833199999999999,1.3811200000000001,1.38326
2026-01-29 06:00:00,1.38326,1.38403,1.3824100000000001,1.38392
2026-01-29 07:00:00,1.38392,1.38441,1.3835899999999999,1.38379
2026-01-29 08:00:00,1.38379,1.384,1.38281,1.38379
2026-01-29 09:00:00,1.38378,1.38476,1.3824,1.38318
2026-01-29 10:00:00,1.38317,1.38463,1.3814199999999999,1.38208
2026-01-29 11:00:00,1.3820700000000001,1.38244,1.38003,1.38034
2026-01-29 12:00:00,1.38034,1.38068,1.37811,1.37828
2026-01-29 13:00:00,1.37827,1.37982,1.37806,1.37943
2026-01-29 14:00:00,1.37943,1.38143,1.37889,1.38134
2026-01-29 15:00:00,1.38134,1.38181,1.37977,1.38061
2026-01-29 16:00:00,1.38064,1.38341,1.38046,1.3826800000000001
2026-01-29 17:00:00,1.3826800000000001,1.3827099999999999,1.37424,1.37637
2026-01-29 18:00:00,1.37638,1.3799299999999999,1.376,1.37926
2026-01-29 19:00:00,1.37926,1.38075,1.37926,1.37985
2026-01-29 20:00:00,1.37982,1.38048,1.37881,1.37979
2026-01-29 21:00:00,1.3798,1.38006,1.3792,1.37933
2026-01-29 22:00:00,1.37933,1.38084,1.37885,1.38049
2026-01-29 23:00:00,1.38049,1.38132,1.3799299999999999,1.3809
2026-01-30 00:00:00,1.3801,1.38101,1.37942,1.38075
2026-01-30 01:00:00,1.38075,1.38145,1.3805100000000001,1.38082
2026-01-30 02:00:00,1.3808099999999999,1.38143,1.3773900000000001,1.37774
2026-01-30 03:00:00,1.37775,1.3780000000000001,1.37583,1.37611
2026-01-30 04:00:00,1.3761,1.37662,1.37316,1.3761999999999999
2026-01-30 05:00:00,1.37623,1.37664,1.37477,1.37528
2026-01-30 06:00:00,1.3752900000000001,1.37676,1.37487,1.3752900000000001
2026-01-30 07:00:00,1.37531,1.37633,1.3746399999999999,1.3755899999999999
2026-01-30 08:00:00,1.3756,1.37642,1.37404,1.3751
2026-01-30 09:00:00,1.37511,1.37833,1.3746399999999999,1.37696
2026-01-30 10:00:00,1.37702,1.37805,1.37589,1.37649
2026-01-30 11:00:00,1.37643,1.37677,1.3725100000000001,1.37338
2026-01-30 12:00:00,1.37336,1.37509,1.37323,1.37481
2026-01-30 13:00:00,1.37483,1.37799,1.37448,1.37791
2026-01-30 14:00:00,1.3779,1.37879,1.37572,1.37621
2026-01-30 15:00:00,1.37621,1.37677,1.37355,1.37443
2026-01-30 16:00:00,1.3744399999999999,1.37578,1.37361,1.37394
2026-01-30 17:00:00,1.37393,1.3743699999999999,1.3709799999999999,1.3719999999999999
2026-01-30 18:00:00,1.37199,1.37298,1.37131,1.37272
2026-01-30 19:00:00,1.37273,1.37282,1.37001,1.37088
2026-01-30 20:00:00,1.37089,1.3715899999999999,1.36807,1.37115
2026-01-30 21:00:00,1.37115,1.37185,1.369,1.36981
2026-01-30 22:00:00,1.36982,1.36982,1.36832,1.36833
2026-01-30 23:00:00,1.36832,1.36904,1.36794,1.36841
2026-02-02 00:00:00,1.36876,1.36916,1.3673899999999999,1.36809
2026-02-02 01:00:00,1.36809,1.36909,1.36623,1.36761
2026-02-02 02:00:00,1.36762,1.37059,1.36762,1.37003
2026-02-02 03:00:00,1.37003,1.37005,1.36767,1.36934
2026-02-02 04:00:00,1.36934,1.36999,1.36818,1.3682400000000001
2026-02-02 05:00:00,1.3682400000000001,1.36926,1.36787,1.36842
2026-02-02 06:00:00,1.3684,1.36881,1.36774,1.36823
2026-02-02 07:00:00,1.3682400000000001,1.36833,1.3660700000000001,1.3672
2026-02-02 08:00:00,1.3672,1.3676300000000001,1.36616,1.36757
2026-02-02 09:00:00,1.36758,1.36887,1.3673600000000001,1.3679299999999999
2026-02-02 10:00:00,1.3679299999999999,1.37013,1.36783,1.36921
2026-02-02 11:00:00,1.36921,1.37109,1.36823,1.37092
2026-02-02 12:00:00,1.3709,1.37153,1.36964,1.3702
2026-02-02 13:00:00,1.3702,1.37119,1.36951,1.37003
2026-02-02 14:00:00,1.37002,1.37067,1.36853,1.36881
2026-02-02 15:00:00,1.3688,1.36882,1.36493,1.36517
2026-02-02 16:00:00,1.36517,1.36771,1.36311,1.36677
2026-02-02 17:00:00,1.36528,1.36615,1.3626800000000001,1.36282
2026-02-02 18:00:00,1.36282,1.36567,1.3623,1.36531
2026-02-02 19:00:00,1.36531,1.36628,1.36506,1.366
2026-02-02 20:00:00,1.366,1.36616,1.36481,1.365
2026-02-02 21:00:00,1.365,1.3661699999999999,1.36435,1.3659
2026-02-02 22:00:00,1.36591,1.3667799999999999,1.36538,1.36657
2026-02-02 23:00:00,1.36658,1.36683,1.36638,1.36681
2026-02-03 00:00:00,1.36624,1.3666,1.3654600000000001,1.36625
2026-02-03 01:00:00,1.36625,1.36731,1.36585,1.3673
2026-02-03 02:00:00,1.3673,1.36807,1.36711,1.36803
2026-02-03 03:00:00,1.36803,1.36862,1.36745,1.36862
2026-02-03 04:00:00,1.36862,1.36864,1.36714,1.3672900000000001
2026-02-03 05:00:00,1.3672900000000001,1.3688799999999999,1.36714,1.36849
2026-02-03 06:00:00,1.36849,1.36942,1.36849,1.36875
2026-02-03 07:00:00,1.36875,1.3692,1.36833,1.36895
2026-02-03 08:00:00,1.36895,1.37011,1.36889,1.36929
2026-02-03 09:00:00,1.36923,1.37064,1.36833,1.36972
2026-02-03 10:00:00,1.3697,1.36997,1.36768,1.3686
2026-02-03 11:00:00,1.3686099999999999,1.3691,1.36666,1.36669
2026-02-03 12:00:00,1.3667,1.36735,1.3655,1.36554
2026-02-03 13:00:00,1.3655300000000001,1.36622,1.36506,1.36506
2026-02-03 14:00:00,1.36507,1.36832,1.36507,1.36818
2026-02-03 15:00:00,1.36817,1.36897,1.36701,1.3670200000000001
2026-02-03 16:00:00,1.3670200000000001,1.36846,1.36565,1.36688
2026-02-03 17:00:00,1.36688,1.3704399999999999,1.3664,1.37031
2026-02-03 18:00:00,1.37031,1.37069,1.36928,1.36991
2026-02-03 19:00:00,1.36991,1.37072,1.36929,1.36957
2026-02-03 20:00:00,1.36957,1.37018,1.36773,1.36777
2026-02-03 21:00:00,1.36774,1.36916,1.3673199999999999,1.3688
2026-02-03 22:00:00,1.36881,1.36997,1.3684,1.36962
2026-02-03 23:00:00,1.36962,1.37023,1.36952,1.36977
2026-02-04 00:00:00,1.3691499999999999,1.3700700000000001,1.36884,1.36895
2026-02-04 01:00:00,1.36895,1.37013,1.3688,1.36971
2026-02-04 02:00:00,1.36971,1.36978,1.36911,1.36941
2026-02-04 03:00:00,1.3694,1.37101,1.36916,1.37065
2026-02-04 04:00:00,1.37066,1.37128,1.36977,1.37003
2026-02-04 05:00:00,1.37003,1.37052,1.36967,1.37043
2026-02-04 06:00:00,1.37043,1.37168,1.37031,1.3716
2026-02-04 07:00:00,1.3716,1.37196,1.37119,1.3715
2026-02-04 08:00:00,1.3715,1.37218,1.37128,1.3713
2026-02-04 09:00:00,1.3713,1.37189,1.3706,1.37157
2026-02-04 10:00:00,1.3715600000000001,1.37331,1.3712,1.37294
2026-02-04 11:00:00,1.37295,1.37332,1.3700999999999999,1.37089
2026-02-04 12:00:00,1.37087,1.37161,1.3694899999999999,1.3716
2026-02-04 13:00:00,1.37161,1.3716300000000001,1.37013,1.37089
2026-02-04 14:00:00,1.37089,1.37244,1.37061,1.37198
2026-02-04 15:00:00,1.37199,1.37291,1.3702,1.37131
2026-02-04 16:00:00,1.37131,1.37175,1.36862,1.36971
