time,open,high,low,close,tick_volume,spread,real_volume
2018-01-02 00:00:00,1.35059,1.35219,1.34906,1.35133,16596,0,0
2018-01-02 04:00:00,1.35133,1.3523399999999999,1.3508200000000001,1.35226,13373,0,0
2018-01-02 08:00:00,1.35225,1.35664,1.35176,1.3548499999999999,38685,0,0
2018-01-02 12:00:00,1.3548499999999999,1.35679,1.35396,1.3557299999999999,40533,0,0
2018-01-02 16:00:00,1.35572,1.3600400000000001,1.35423,1.3584100000000001,45659,0,0
2018-01-02 20:00:00,1.3584,1.36002,1.35815,1.35933,17608,0,0
2018-01-03 00:00:00,1.35868,1.36055,1.35852,1.3602699999999999,14106,0,0
2018-01-03 04:00:00,1.3602699999999999,1.36075,1.35886,1.36057,12774,0,0
2018-01-03 08:00:00,1.36057,1.36127,1.35822,1.35856,35895,0,0
2018-01-03 12:00:00,1.35856,1.35927,1.35541,1.35617,36769,0,0
2018-01-03 16:00:00,1.35617,1.35621,1.34937,1.3526099999999999,39115,0,0
2018-01-03 20:00:00,1.35259,1.35262,1.35028,1.3517000000000001,23258,0,0
2018-01-04 00:00:00,1.35095,1.35158,1.35055,1.35113,13118,0,0
2018-01-04 04:00:00,1.35114,1.35232,1.3511199999999999,1.35161,15106,0,0
2018-01-04 08:00:00,1.35163,1.35504,1.35155,1.35445,32747,0,0
2018-01-04 12:00:00,1.3544399999999999,1.35598,1.3532899999999999,1.35342,37680,0,0
2018-01-04 16:00:00,1.35343,1.35585,1.35311,1.35464,41554,0,0
2018-01-04 20:00:00,1.35464,1.35561,1.35375,1.35514,17170,0,0
2018-01-05 00:00:00,1.35468,1.3566799999999999,1.354,1.35561,12866,0,0
2018-01-05 04:00:00,1.35562,1.35734,1.35553,1.35701,13558,0,0
2018-01-05 08:00:00,1.35702,1.35772,1.35232,1.35302,33524,0,0
2018-01-05 12:00:00,1.35302,1.35823,1.35266,1.35655,39931,0,0
2018-01-05 16:00:00,1.3565800000000001,1.35701,1.3543,1.3564,48569,0,0
2018-01-05 20:00:00,1.3564,1.3572899999999999,1.35608,1.3565800000000001,14531,0,0
2018-01-08 00:00:00,1.35519,1.35855,1.35518,1.35791,11947,0,0
2018-01-08 04:00:00,1.3578999999999999,1.35839,1.35522,1.35561,14903,0,0
2018-01-08 08:00:00,1.3556,1.35591,1.35253,1.35277,25840,0,0
2018-01-08 12:00:00,1.35277,1.35545,1.35228,1.35427,34539,0,0
2018-01-08 16:00:00,1.35427,1.3585,1.354,1.3559,35412,0,0
2018-01-08 20:00:00,1.35591,1.3568500000000001,1.35574,1.3567,14185,0,0
2018-01-09 00:00:00,1.35648,1.35723,1.35564,1.35704,12538,0,0
2018-01-09 04:00:00,1.35703,1.35823,1.35701,1.35747,14133,0,0
2018-01-09 08:00:00,1.35748,1.35758,1.35138,1.35301,38100,0,0
2018-01-09 12:00:00,1.35298,1.35418,1.35113,1.35167,28869,0,0
2018-01-09 16:00:00,1.35167,1.35328,1.35059,1.3526799999999999,36438,0,0
2018-01-09 20:00:00,1.35267,1.3541699999999999,1.3520699999999999,1.35396,16695,0,0
2018-01-10 00:00:00,1.35397,1.3542,1.3526,1.35359,16136,0,0
2018-01-10 04:00:00,1.35359,1.35384,1.35168,1.35186,13751,0,0
2018-01-10 08:00:00,1.35186,1.35316,1.34931,1.3498,40512,0,0
2018-01-10 12:00:00,1.34981,1.35621,1.34817,1.35257,68170,0,0
2018-01-10 16:00:00,1.35257,1.35401,1.3504800000000001,1.35167,47974,0,0
2018-01-10 20:00:00,1.35168,1.35214,1.35041,1.35072,28851,0,0
2018-01-11 00:00:00,1.35029,1.35167,1.35004,1.35126,18348,0,0
2018-01-11 04:00:00,1.35125,1.35162,1.34851,1.35001,23946,0,0
2018-01-11 08:00:00,1.35,1.35002,1.34733,1.3487,36030,0,0
2018-01-11 12:00:00,1.3487,1.35254,1.3458,1.35246,61000,0,0
2018-01-11 16:00:00,1.35246,1.35549,1.35225,1.35447,44298,0,0
2018-01-11 20:00:00,1.35446,1.3551199999999999,1.3529200000000001,1.35398,20916,0,0
2018-01-12 00:00:00,1.3532,1.35646,1.3532,1.35467,19525,0,0
2018-01-12 04:00:00,1.35467,1.3551199999999999,1.35399,1.35429,16839,0,0
2018-01-12 08:00:00,1.35429,1.36209,1.35375,1.36121,54770,0,0
2018-01-12 12:00:00,1.3612199999999999,1.36929,1.36087,1.36568,56625,0,0
2018-01-12 16:00:00,1.36568,1.37001,1.36448,1.36914,62278,0,0
2018-01-12 20:00:00,1.3691499999999999,1.3744399999999999,1.36904,1.37305,35037,0,0
2018-01-15 00:00:00,1.3725,1.3749500000000001,1.37237,1.37415,23762,0,0
2018-01-15 04:00:00,1.37415,1.3755600000000001,1.37314,1.37474,28644,0,0
2018-01-15 08:00:00,1.37473,1.38087,1.37313,1.37912,42690,0,0
2018-01-15 12:00:00,1.37911,1.38199,1.37653,1.37982,43123,0,0
2018-01-15 16:00:00,1.37982,1.38172,1.3779,1.38107,37613,0,0
2018-01-15 20:00:00,1.38107,1.38135,1.37909,1.3795600000000001,16324,0,0
2018-01-16 00:00:00,1.37865,1.38041,1.37836,1.37995,16305,0,0
2018-01-16 04:00:00,1.37995,1.38058,1.37827,1.37882,18646,0,0
2018-01-16 08:00:00,1.37882,1.38029,1.3755600000000001,1.37653,55876,0,0
2018-01-16 12:00:00,1.37653,1.37672,1.37419,1.37643,41359,0,0
2018-01-16 16:00:00,1.37643,1.37793,1.37496,1.3772,44040,0,0
2018-01-16 20:00:00,1.37721,1.37995,1.37714,1.37908,24387,0,0
2018-01-17 00:00:00,1.37913,1.38365,1.3786399999999999,1.38161,28539,0,0
2018-01-17 04:00:00,1.3816,1.3820000000000001,1.37691,1.37755,27551,0,0
2018-01-17 08:00:00,1.37755,1.37953,1.37568,1.37942,49280,0,0
2018-01-17 12:00:00,1.37942,1.38072,1.37761,1.3793,44906,0,0
2018-01-17 16:00:00,1.37931,1.38499,1.379,1.38498,57993,0,0
2018-01-17 20:00:00,1.38498,1.39426,1.38215,1.38275,52495,0,0
2018-01-18 00:00:00,1.38269,1.38391,1.38058,1.38184,28655,0,0
2018-01-18 04:00:00,1.38183,1.3834,1.3805399999999999,1.38336,27726,0,0
2018-01-18 08:00:00,1.38336,1.38477,1.38049,1.38428,43433,0,0
2018-01-18 12:00:00,1.38429,1.38909,1.3829500000000001,1.38632,44349,0,0
2018-01-18 16:00:00,1.38631,1.39132,1.38608,1.38772,60312,0,0
2018-01-18 20:00:00,1.3877,1.38998,1.38647,1.38933,29228,0,0
2018-01-19 00:00:00,1.38918,1.39056,1.38856,1.3896600000000001,22594,0,0
2018-01-19 04:00:00,1.38967,1.39242,1.3891499999999999,1.3906800000000001,26959,0,0
2018-01-19 08:00:00,1.39071,1.39452,1.3892,1.39143,54567,0,0
2018-01-19 12:00:00,1.39142,1.39196,1.38517,1.38594,54196,0,0
2018-01-19 16:00:00,1.38594,1.38828,1.38384,1.38595,52529,0,0
2018-01-19 20:00:00,1.38594,1.38812,1.38432,1.38477,28049,0,0
2018-01-22 00:00:00,1.3886,1.38958,1.3857,1.38622,26593,0,0
2018-01-22 04:00:00,1.38622,1.3875,1.38575,1.38667,27579,0,0
2018-01-22 08:00:00,1.38669,1.39113,1.38575,1.3897599999999999,42837,0,0
2018-01-22 12:00:00,1.38975,1.39279,1.3885100000000001,1.39228,34529,0,0
2018-01-22 16:00:00,1.39227,1.3970500000000001,1.39145,1.39578,46862,0,0
2018-01-22 20:00:00,1.3958,1.39906,1.39493,1.39877,21780,0,0
2018-01-23 00:00:00,1.3983400000000001,1.40032,1.3976199999999999,1.39934,19077,0,0
2018-01-23 04:00:00,1.39932,1.39963,1.39722,1.39798,28014,0,0
2018-01-23 08:00:00,1.39798,1.39948,1.3939,1.3947,50690,0,0
2018-01-23 12:00:00,1.39468,1.39672,1.39158,1.3955899999999999,47304,0,0
2018-01-23 16:00:00,1.39558,1.40276,1.39509,1.39794,61909,0,0
2018-01-23 20:00:00,1.39795,1.40023,1.39752,1.39993,23119,0,0
2018-01-24 00:00:00,1.39946,1.40255,1.39943,1.40226,20424,0,0
2018-01-24 04:00:00,1.40229,1.40489,1.40152,1.40331,34441,0,0
2018-01-24 08:00:00,1.4033,1.41187,1.4020000000000001,1.4093200000000001,68120,0,0
2018-01-24 12:00:00,1.4093200000000001,1.41971,1.40855,1.41819,67538,0,0
2018-01-24 16:00:00,1.4182000000000001,1.42416,1.41792,1.41954,69610,0,0
2018-01-24 20:00:00,1.41954,1.4263,1.41934,1.42351,37165,0,0
2018-01-25 00:00:00,1.42375,1.42546,1.42148,1.42429,21762,0,0
2018-01-25 04:00:00,1.42429,1.43052,1.4235,1.42981,45168,0,0
2018-01-25 08:00:00,1.4298199999999999,1.4328699999999999,1.42329,1.42871,90834,0,0
2018-01-25 12:00:00,1.4287,1.4314,1.425,1.43118,73096,0,0
2018-01-25 16:00:00,1.43117,1.43454,1.42393,1.42554,91469,0,0
2018-01-25 20:00:00,1.4255499999999999,1.42756,1.4083,1.41391,93446,0,0
2018-01-26 00:00:00,1.4132500000000001,1.41916,1.41078,1.41861,32507,0,0
2018-01-26 04:00:00,1.41861,1.4190800000000001,1.41652,1.41811,44025,0,0
2018-01-26 08:00:00,1.4181,1.42866,1.41766,1.42607,82557,0,0
2018-01-26 12:00:00,1.42608,1.42682,1.42211,1.42283,61152,0,0
2018-01-26 16:00:00,1.4228399999999999,1.42321,1.41443,1.41914,91289,0,0
2018-01-26 20:00:00,1.41913,1.42077,1.41365,1.415,43910,0,0
2018-01-29 00:00:00,1.41288,1.41585,1.4123999999999999,1.41282,29945,0,0
2018-01-29 04:00:00,1.41282,1.41486,1.41105,1.41327,36638,0,0
2018-01-29 08:00:00,1.41326,1.41435,1.40936,1.41078,65114,0,0
2018-01-29 12:00:00,1.41076,1.41231,1.40571,1.40794,61799,0,0
2018-01-29 16:00:00,1.40795,1.40968,1.40251,1.40693,65707,0,0
2018-01-29 20:00:00,1.4069099999999999,1.40798,1.40594,1.40763,26912,0,0
2018-01-30 00:00:00,1.40732,1.40771,1.40549,1.40716,22851,0,0
2018-01-30 04:00:00,1.4071500000000001,1.4071500000000001,1.40356,1.40378,47317,0,0
2018-01-30 08:00:00,1.4037899999999999,1.40772,1.39799,1.4072200000000001,67818,0,0
2018-01-30 12:00:00,1.4072200000000001,1.415,1.40645,1.41404,62759,0,0
2018-01-30 16:00:00,1.41405,1.41539,1.4098600000000001,1.41426,69705,0,0
2018-01-30 20:00:00,1.41426,1.41666,1.41241,1.4149,34145,0,0
2018-01-31 00:00:00,1.41436,1.41704,1.41387,1.41557,31405,0,0
2018-01-31 04:00:00,1.41557,1.41898,1.41356,1.41888,46305,0,0
2018-01-31 08:00:00,1.41888,1.42132,1.4126699999999999,1.41288,75698,0,0
2018-01-31 12:00:00,1.41285,1.41843,1.41216,1.4176199999999999,59054,0,0
2018-01-31 16:00:00,1.41764,1.42328,1.4150800000000001,1.4184,76265,0,0
2018-01-31 20:00:00,1.41838,1.42111,1.4150800000000001,1.41932,69654,0,0
2018-02-01 00:00:00,1.4187,1.42136,1.41749,1.42053,22389,0,0
2018-02-01 04:00:00,1.42053,1.42114,1.41872,1.41902,24107,0,0
2018-02-01 08:00:00,1.41901,1.42746,1.41588,1.42485,73960,0,0
2018-02-01 12:00:00,1.42484,1.42503,1.42022,1.42266,58250,0,0
2018-02-01 16:00:00,1.42266,1.42621,1.41894,1.42302,67283,0,0
2018-02-01 20:00:00,1.42303,1.42783,1.4228,1.42628,47136,0,0
2018-02-02 00:00:00,1.4254,1.42782,1.4249,1.42636,25864,0,0
2018-02-02 04:00:00,1.42635,1.42724,1.42509,1.42577,30876,0,0
2018-02-02 08:00:00,1.42578,1.42731,1.42076,1.4216199999999999,56767,0,0
2018-02-02 12:00:00,1.4216,1.42333,1.41433,1.4157199999999999,57276,0,0
2018-02-02 16:00:00,1.4157199999999999,1.41707,1.41014,1.41557,81048,0,0
2018-02-02 20:00:00,1.41557,1.41745,1.41121,1.41154,50711,0,0
2018-02-05 00:00:00,1.40992,1.41232,1.4082,1.41133,33119,0,0
2018-02-05 04:00:00,1.41133,1.41289,1.40971,1.41231,32012,0,0
2018-02-05 08:00:00,1.41231,1.41507,1.40881,1.41162,61652,0,0
2018-02-05 12:00:00,1.41161,1.41326,1.40256,1.40416,54145,0,0
2018-02-05 16:00:00,1.40421,1.40421,1.39868,1.4032200000000001,67672,0,0
2018-02-05 20:00:00,1.4032200000000001,1.4032499999999999,1.39547,1.39588,87044,0,0
2018-02-06 00:00:00,1.3952200000000001,1.39764,1.39375,1.39554,44316,0,0
2018-02-06 04:00:00,1.39554,1.39719,1.39389,1.39667,63639,0,0
2018-02-06 08:00:00,1.39666,1.39995,1.39422,1.39932,85174,0,0
2018-02-06 12:00:00,1.3993,1.39947,1.3836300000000001,1.38561,77429,0,0
2018-02-06 16:00:00,1.38562,1.39773,1.38536,1.39571,94393,0,0
2018-02-06 20:00:00,1.39569,1.39806,1.39409,1.39505,54751,0,0
2018-02-07 00:00:00,1.3943400000000001,1.39685,1.39388,1.39664,24498,0,0
2018-02-07 04:00:00,1.39663,1.39695,1.39523,1.39621,28153,0,0
2018-02-07 08:00:00,1.39622,1.39944,1.39187,1.39224,60314,0,0
2018-02-07 12:00:00,1.39225,1.39239,1.38727,1.39059,51528,0,0
2018-02-07 16:00:00,1.3906100000000001,1.39378,1.38559,1.38738,77632,0,0
2018-02-07 20:00:00,1.38734,1.38864,1.38486,1.3881000000000001,50207,0,0
2018-02-08 00:00:00,1.38717,1.38986,1.38657,1.38902,23816,0,0
2018-02-08 04:00:00,1.38901,1.39081,1.38714,1.39053,36080,0,0
2018-02-08 08:00:00,1.39052,1.39178,1.38457,1.38604,61297,0,0
2018-02-08 12:00:00,1.38604,1.40389,1.38532,1.40382,93345,0,0
2018-02-08 16:00:00,1.40382,1.40672,1.38788,1.39009,107056,0,0
2018-02-08 20:00:00,1.39009,1.39485,1.38865,1.39112,66004,0,0
2018-02-09 00:00:00,1.39114,1.39467,1.3906800000000001,1.39336,25775,0,0
2018-02-09 04:00:00,1.39333,1.39509,1.39196,1.39438,33879,0,0
2018-02-09 08:00:00,1.39438,1.39871,1.39076,1.39188,60872,0,0
2018-02-09 12:00:00,1.39188,1.39263,1.3790499999999999,1.38364,80216,0,0
2018-02-09 16:00:00,1.38364,1.38411,1.37646,1.37859,95882,0,0
2018-02-09 20:00:00,1.37857,1.38328,1.37781,1.38269,65386,0,0
2018-02-12 00:00:00,1.38036,1.38391,1.37979,1.38311,22661,0,0
2018-02-12 04:00:00,1.38311,1.38726,1.383,1.38631,22488,0,0
2018-02-12 08:00:00,1.38633,1.3876,1.3824,1.38449,54064,0,0
2018-02-12 12:00:00,1.3845,1.38758,1.38076,1.3811200000000001,43671,0,0
2018-02-12 16:00:00,1.3811200000000001,1.38344,1.3795899999999999,1.38168,63140,0,0
2018-02-12 20:00:00,1.38168,1.38403,1.38167,1.38376,28561,0,0
2018-02-13 00:00:00,1.38342,1.38537,1.3832499999999999,1.38448,16372,0,0
2018-02-13 04:00:00,1.38448,1.38552,1.38338,1.38522,24789,0,0
2018-02-13 08:00:00,1.38522,1.3902,1.3838599999999999,1.38845,61907,0,0
2018-02-13 12:00:00,1.3884400000000001,1.39243,1.38511,1.38673,52086,0,0
2018-02-13 16:00:00,1.3867099999999999,1.39043,1.38639,1.3865,56670,0,0
2018-02-13 20:00:00,1.38651,1.3897599999999999,1.38644,1.38922,27458,0,0
2018-02-14 00:00:00,1.38901,1.3894199999999999,1.38823,1.3886,15331,0,0
2018-02-14 04:00:00,1.38859,1.39211,1.3884,1.39005,34426,0,0
2018-02-14 08:00:00,1.39005,1.39081,1.38552,1.3871,43943,0,0
2018-02-14 12:00:00,1.38711,1.3894199999999999,1.37999,1.3833,56313,0,0
2018-02-14 16:00:00,1.3833,1.39835,1.38245,1.39774,102016,0,0
2018-02-14 20:00:00,1.39774,1.4016600000000001,1.39741,1.3998300000000001,48799,0,0
2018-02-15 00:00:00,1.39939,1.40213,1.39939,1.4007800000000001,22767,0,0
2018-02-15 04:00:00,1.40079,1.40211,1.39999,1.40145,26046,0,0
2018-02-15 08:00:00,1.40145,1.40775,1.40066,1.40603,65650,0,0
2018-02-15 12:00:00,1.40602,1.40967,1.40374,1.40782,57735,0,0
2018-02-15 16:00:00,1.40781,1.40998,1.4022700000000001,1.40456,77092,0,0
2018-02-15 20:00:00,1.40457,1.41046,1.40438,1.4099300000000001,36506,0,0
2018-02-16 00:00:00,1.4098600000000001,1.41128,1.4088,1.41116,13357,0,0
2018-02-16 04:00:00,1.4111500000000001,1.4144999999999999,1.4105400000000001,1.41318,34631,0,0
2018-02-16 08:00:00,1.41318,1.41415,1.40973,1.40977,50142,0,0
2018-02-16 12:00:00,1.40977,1.41029,1.40249,1.40265,57044,0,0
2018-02-16 16:00:00,1.4026399999999999,1.40733,1.40052,1.40439,66935,0,0
2018-02-16 20:00:00,1.40445,1.40468,1.39966,1.4025400000000001,35115,0,0
2018-02-19 00:00:00,1.40106,1.40495,1.40089,1.40486,19516,0,0
2018-02-19 04:00:00,1.40485,1.40493,1.40123,1.40161,21789,0,0
2018-02-19 08:00:00,1.4015900000000001,1.40335,1.3992499999999999,1.40163,41634,0,0
2018-02-19 12:00:00,1.40164,1.40311,1.39626,1.39634,37241,0,0
2018-02-19 16:00:00,1.39632,1.40218,1.39588,1.4013499999999999,33693,0,0
2018-02-19 20:00:00,1.40134,1.4020299999999999,1.39927,1.39966,12282,0,0
2018-02-20 00:00:00,1.3994900000000001,1.4004400000000001,1.39696,1.39776,20839,0,0
2018-02-20 04:00:00,1.39778,1.39842,1.39676,1.39759,20209,0,0
2018-02-20 08:00:00,1.39758,1.40155,1.39313,1.40038,58548,0,0
2018-02-20 12:00:00,1.40038,1.4013,1.39649,1.39719,53297,0,0
2018-02-20 16:00:00,1.39719,1.40244,1.39693,1.40023,54503,0,0
2018-02-20 20:00:00,1.40024,1.40045,1.3981,1.39954,22051,0,0
2018-02-21 00:00:00,1.3992200000000001,1.40084,1.39873,1.3997899999999999,18179,0,0
2018-02-21 04:00:00,1.3998,1.40023,1.39723,1.39779,25099,0,0
2018-02-21 08:00:00,1.39779,1.40007,1.39276,1.3969,47406,0,0
2018-02-21 12:00:00,1.39688,1.39691,1.39042,1.39253,55223,0,0
2018-02-21 16:00:00,1.39252,1.39908,1.3921700000000001,1.3967,66227,0,0
2018-02-21 20:00:00,1.3967,1.40088,1.39063,1.39169,67276,0,0
2018-02-22 00:00:00,1.39171,1.39181,1.38974,1.39133,21410,0,0
2018-02-22 04:00:00,1.39134,1.3915,1.39045,1.39045,21119,0,0
2018-02-22 08:00:00,1.39046,1.3917,1.38693,1.38882,50708,0,0
2018-02-22 12:00:00,1.3888,1.39197,1.38567,1.39193,59935,0,0
2018-02-22 16:00:00,1.39194,1.3989099999999999,1.3909799999999999,1.39601,61754,0,0
2018-02-22 20:00:00,1.39601,1.3970099999999999,1.3946100000000001,1.39546,30499,0,0
2018-02-23 00:00:00,1.39507,1.39608,1.39451,1.39555,17734,0,0
2018-02-23 04:00:00,1.3955600000000001,1.39609,1.39397,1.39441,24905,0,0
2018-02-23 08:00:00,1.3944,1.39948,1.3924,1.3967,44621,0,0
2018-02-23 12:00:00,1.3967100000000001,1.40005,1.39042,1.39816,47982,0,0
2018-02-23 16:00:00,1.39816,1.40056,1.39598,1.39822,52816,0,0
2018-02-23 20:00:00,1.39822,1.39822,1.3961700000000001,1.39696,23547,0,0
2018-02-26 00:00:00,1.3982299999999999,1.39873,1.3963999999999999,1.39811,22640,0,0
2018-02-26 04:00:00,1.39813,1.40189,1.39813,1.40184,22740,0,0
2018-02-26 08:00:00,1.40183,1.407,1.4009,1.40607,46450,0,0
2018-02-26 12:00:00,1.40608,1.40677,1.3992,1.3992,41039,0,0
2018-02-26 16:00:00,1.3992,1.39975,1.3928099999999999,1.39659,60103,0,0
2018-02-26 20:00:00,1.3966,1.3973200000000001,1.39566,1.39662,20609,0,0
2018-02-27 00:00:00,1.39655,1.39745,1.3958599999999999,1.39691,19021,0,0
2018-02-27 04:00:00,1.39691,1.39727,1.39527,1.39634,20663,0,0
2018-02-27 08:00:00,1.39635,1.39964,1.3949799999999999,1.39533,46122,0,0
2018-02-27 12:00:00,1.39533,1.39726,1.39107,1.39117,56499,0,0
2018-02-27 16:00:00,1.39118,1.39323,1.38577,1.39238,90282,0,0
2018-02-27 20:00:00,1.39238,1.3941,1.39013,1.39087,29039,0,0
2018-02-28 00:00:00,1.3904,1.39145,1.38979,1.3908800000000001,21551,0,0
2018-02-28 04:00:00,1.39087,1.39115,1.38898,1.39021,20297,0,0
2018-02-28 08:00:00,1.3902,1.39166,1.3872200000000001,1.38914,46608,0,0
2018-02-28 12:00:00,1.38913,1.3897599999999999,1.38071,1.38224,62686,0,0
2018-02-28 16:00:00,1.38226,1.38352,1.37709,1.3785,76435,0,0
2018-02-28 20:00:00,1.37848,1.37897,1.37568,1.3759299999999999,30258,0,0
2018-03-01 00:00:00,1.37585,1.3761700000000001,1.37433,1.3752,19528,0,0
2018-03-01 04:00:00,1.37519,1.37603,1.37426,1.37535,20711,0,0
2018-03-01 08:00:00,1.37534,1.37706,1.37396,1.37405,47473,0,0
2018-03-01 12:00:00,1.37404,1.3774199999999999,1.37271,1.37724,50950,0,0
2018-03-01 16:00:00,1.37724,1.37791,1.37117,1.37354,90406,0,0
2018-03-01 20:00:00,1.37354,1.37857,1.37148,1.37756,69626,0,0
2018-03-02 00:00:00,1.37735,1.37934,1.37662,1.37877,20813,0,0
2018-03-02 04:00:00,1.37878,1.3793,1.37778,1.379,25203,0,0
2018-03-02 08:00:00,1.379,1.3791,1.37555,1.37731,49173,0,0
2018-03-02 12:00:00,1.37733,1.38167,1.37591,1.3790499999999999,71029,0,0
2018-03-02 16:00:00,1.3790200000000001,1.37951,1.37568,1.37718,78990,0,0
2018-03-02 20:00:00,1.37716,1.38041,1.37634,1.37985,33107,0,0
2018-03-05 00:00:00,1.37995,1.38143,1.3777599999999999,1.37969,29141,0,0
2018-03-05 04:00:00,1.37968,1.38004,1.37811,1.37903,21312,0,0
2018-03-05 08:00:00,1.37903,1.38231,1.37664,1.38166,58300,0,0
2018-03-05 12:00:00,1.38166,1.38351,1.38031,1.38035,49441,0,0
2018-03-05 16:00:00,1.38032,1.38775,1.37984,1.38457,66554,0,0
2018-03-05 20:00:00,1.38456,1.38534,1.38228,1.3848,29422,0,0
2018-03-06 00:00:00,1.38484,1.3862700000000001,1.38377,1.38537,21281,0,0
2018-03-06 04:00:00,1.38537,1.38565,1.38367,1.38458,20625,0,0
2018-03-06 08:00:00,1.38458,1.38541,1.38166,1.38492,46703,0,0
2018-03-06 12:00:00,1.38491,1.39295,1.38431,1.3905699999999999,62593,0,0
2018-03-06 16:00:00,1.3906,1.39165,1.38712,1.38788,67578,0,0
2018-03-06 20:00:00,1.38789,1.39001,1.38787,1.3888,27569,0,0
2018-03-07 00:00:00,1.38846,1.39073,1.38842,1.38931,32951,0,0
2018-03-07 04:00:00,1.38932,1.3897300000000001,1.3881999999999999,1.38833,28935,0,0
2018-03-07 08:00:00,1.38833,1.39127,1.38462,1.38648,49914,0,0
2018-03-07 12:00:00,1.38647,1.38889,1.38529,1.38814,54779,0,0
2018-03-07 16:00:00,1.38814,1.39009,1.38663,1.38869,65192,0,0
2018-03-07 20:00:00,1.38869,1.3906399999999999,1.38824,1.39038,27055,0,0
2018-03-08 00:00:00,1.38868,1.39082,1.38867,1.39043,16780,0,0
2018-03-08 04:00:00,1.39043,1.39094,1.38989,1.38999,20875,0,0
2018-03-08 08:00:00,1.38999,1.39101,1.38616,1.3862700000000001,47701,0,0
2018-03-08 12:00:00,1.3862700000000001,1.38984,1.38524,1.38857,64952,0,0
2018-03-08 16:00:00,1.38857,1.38886,1.38082,1.3815,74944,0,0
2018-03-08 20:00:00,1.3815,1.38206,1.37813,1.38126,39593,0,0
2018-03-09 00:00:00,1.38046,1.38154,1.3788,1.37953,27798,0,0
2018-03-09 04:00:00,1.37952,1.3807800000000001,1.37921,1.3807,24205,0,0
2018-03-09 08:00:00,1.3807,1.38312,1.37971,1.3811200000000001,41672,0,0
2018-03-09 12:00:00,1.38117,1.3847800000000001,1.38021,1.38389,62775,0,0
2018-03-09 16:00:00,1.38389,1.3889,1.38337,1.38521,66932,0,0
2018-03-09 20:00:00,1.38521,1.38611,1.3841,1.38493,25060,0,0
2018-03-12 00:00:00,1.3844400000000001,1.38589,1.38409,1.38563,10104,0,0
2018-03-12 04:00:00,1.38562,1.38644,1.38524,1.38609,19110,0,0
2018-03-12 08:00:00,1.3860999999999999,1.38815,1.38544,1.38772,32816,0,0
2018-03-12 12:00:00,1.38771,1.38965,1.3841,1.38934,42488,0,0
2018-03-12 16:00:00,1.38934,1.3906399999999999,1.38803,1.38918,49715,0,0
2018-03-12 20:00:00,1.38918,1.39177,1.38857,1.39052,23914,0,0
2018-03-13 00:00:00,1.39048,1.39126,1.39022,1.39069,11832,0,0
2018-03-13 04:00:00,1.39069,1.39097,1.38893,1.38907,21451,0,0
2018-03-13 08:00:00,1.38906,1.38978,1.38789,1.38907,28291,0,0
2018-03-13 12:00:00,1.38907,1.39624,1.38745,1.3951,52136,0,0
2018-03-13 16:00:00,1.39509,1.39933,1.39402,1.3989099999999999,74919,0,0
2018-03-13 20:00:00,1.3989099999999999,1.39946,1.3957899999999999,1.39618,31730,0,0
2018-03-14 00:00:00,1.39614,1.39819,1.39565,1.3976199999999999,14037,0,0
2018-03-14 04:00:00,1.39763,1.39958,1.39747,1.3988,20566,0,0
2018-03-14 08:00:00,1.3988,1.39931,1.39409,1.39541,37739,0,0
2018-03-14 12:00:00,1.39541,1.39914,1.39439,1.39571,48282,0,0
2018-03-14 16:00:00,1.39573,1.39765,1.39253,1.39581,68260,0,0
2018-03-14 20:00:00,1.3958,1.39779,1.3953,1.39621,26851,0,0
2018-03-15 00:00:00,1.39612,1.39747,1.39567,1.3974,15065,0,0
2018-03-15 04:00:00,1.39738,1.39855,1.39682,1.39835,21818,0,0
2018-03-15 08:00:00,1.39833,1.39885,1.39619,1.3961999999999999,33483,0,0
2018-03-15 12:00:00,1.3961700000000001,1.39646,1.39215,1.39357,53470,0,0
2018-03-15 16:00:00,1.39359,1.39877,1.39255,1.39416,68784,0,0
2018-03-15 20:00:00,1.39415,1.39658,1.39272,1.39358,30645,0,0
2018-03-16 00:00:00,1.39354,1.3940000000000001,1.39264,1.39275,13808,0,0
2018-03-16 04:00:00,1.3927399999999999,1.39349,1.39109,1.3930500000000001,23120,0,0
2018-03-16 08:00:00,1.39306,1.39737,1.3927,1.39687,32064,0,0
2018-03-16 12:00:00,1.39688,1.39806,1.39544,1.3957600000000001,42614,0,0
2018-03-16 16:00:00,1.3957600000000001,1.39588,1.38896,1.39363,64411,0,0
2018-03-16 20:00:00,1.39363,1.3949500000000001,1.3930500000000001,1.39416,26003,0,0
2018-03-19 00:00:00,1.39354,1.3949,1.3933499999999999,1.39344,12996,0,0
2018-03-19 04:00:00,1.39343,1.39353,1.39136,1.39145,26565,0,0
2018-03-19 08:00:00,1.39144,1.39508,1.3913,1.39462,39415,0,0
2018-03-19 12:00:00,1.39462,1.40883,1.3942999999999999,1.4065400000000001,79825,0,0
2018-03-19 16:00:00,1.4065400000000001,1.40686,1.40183,1.40381,64154,0,0
2018-03-19 20:00:00,1.40382,1.40519,1.40222,1.40241,32276,0,0
2018-03-20 00:00:00,1.40235,1.40341,1.40189,1.40334,13253,0,0
2018-03-20 04:00:00,1.40333,1.40482,1.40248,1.4026100000000001,18491,0,0
2018-03-20 08:00:00,1.4026100000000001,1.40649,1.40209,1.40646,39847,0,0
2018-03-20 12:00:00,1.40646,1.40665,1.39853,1.39897,59015,0,0
2018-03-20 16:00:00,1.39897,1.40205,1.3982700000000001,1.3991799999999999,66867,0,0
2018-03-20 20:00:00,1.39917,1.40118,1.3991500000000001,1.39984,26478,0,0
2018-03-21 00:00:00,1.39974,1.40128,1.3992499999999999,1.40099,10837,0,0
2018-03-21 04:00:00,1.40099,1.40182,1.40018,1.40154,17674,0,0
2018-03-21 08:00:00,1.40153,1.40431,1.40031,1.40317,30572,0,0
2018-03-21 12:00:00,1.4031799999999999,1.40755,1.40181,1.40545,64031,0,0
2018-03-21 16:00:00,1.40544,1.40787,1.40482,1.40693,59572,0,0
2018-03-21 20:00:00,1.40692,1.41505,1.4058,1.41407,92951,0,0
2018-03-22 00:00:00,1.41369,1.41702,1.41337,1.41699,19213,0,0
2018-03-22 04:00:00,1.4169800000000001,1.41705,1.4155,1.41558,18227,0,0
2018-03-22 08:00:00,1.41558,1.41781,1.41403,1.41682,43415,0,0
2018-03-22 12:00:00,1.41685,1.42185,1.41272,1.41284,75733,0,0
2018-03-22 16:00:00,1.41287,1.41347,1.40758,1.41045,81831,0,0
2018-03-22 20:00:00,1.41045,1.41188,1.40931,1.40953,43146,0,0
2018-03-23 00:00:00,1.40948,1.4123,1.40926,1.41225,24815,0,0
2018-03-23 04:00:00,1.41223,1.41229,1.41087,1.4116,23310,0,0
2018-03-23 08:00:00,1.41159,1.4126400000000001,1.40948,1.41044,45282,0,0
2018-03-23 12:00:00,1.41043,1.41492,1.4085,1.4133200000000001,61635,0,0
2018-03-23 16:00:00,1.41331,1.41718,1.41329,1.4148100000000001,69582,0,0
2018-03-23 20:00:00,1.4148100000000001,1.4157199999999999,1.41293,1.41329,40602,0,0
2018-03-26 00:00:00,1.41322,1.41619,1.4129800000000001,1.41608,13436,0,0
2018-03-26 04:00:00,1.41607,1.41715,1.41551,1.41595,15483,0,0
2018-03-26 08:00:00,1.41596,1.41991,1.41519,1.41955,40149,0,0
2018-03-26 12:00:00,1.41955,1.42347,1.41939,1.41941,47412,0,0
2018-03-26 16:00:00,1.4194,1.42448,1.41901,1.4222299999999999,64793,0,0
2018-03-26 20:00:00,1.42222,1.42354,1.42222,1.42305,27741,0,0
2018-03-27 00:00:00,1.42272,1.42388,1.4222299999999999,1.4231,13755,0,0
2018-03-27 04:00:00,1.4231099999999999,1.4237199999999999,1.42228,1.42316,20057,0,0
2018-03-27 08:00:00,1.42317,1.42444,1.41474,1.4148399999999999,50316,0,0
2018-03-27 12:00:00,1.4148399999999999,1.4157,1.40658,1.41156,58488,0,0
2018-03-27 16:00:00,1.41155,1.4174,1.41117,1.41687,64384,0,0
2018-03-27 20:00:00,1.41686,1.41734,1.41483,1.41585,33961,0,0
2018-03-28 00:00:00,1.4155,1.4184999999999999,1.41458,1.41766,18067,0,0
2018-03-28 04:00:00,1.41765,1.41921,1.41736,1.41903,19930,0,0
2018-03-28 08:00:00,1.41902,1.42004,1.4134,1.41609,51870,0,0
2018-03-28 12:00:00,1.4161000000000001,1.41797,1.413,1.41406,53846,0,0
2018-03-28 16:00:00,1.41407,1.41419,1.4090799999999999,1.41059,66216,0,0
2018-03-28 20:00:00,1.41059,1.41103,1.40708,1.40764,36156,0,0
2018-03-29 00:00:00,1.40753,1.40833,1.40604,1.40634,13273,0,0
2018-03-29 04:00:00,1.40635,1.40858,1.40629,1.4081000000000001,20285,0,0
2018-03-29 08:00:00,1.4081000000000001,1.40963,1.4035,1.40396,48108,0,0
2018-03-29 12:00:00,1.40397,1.40842,1.40368,1.40614,48827,0,0
2018-03-29 16:00:00,1.40613,1.40733,1.40106,1.40161,62259,0,0
2018-03-29 20:00:00,1.40161,1.40396,1.40125,1.4020299999999999,26494,0,0
2018-03-30 00:00:00,1.40183,1.40359,1.40125,1.40141,12771,0,0
2018-03-30 04:00:00,1.40144,1.4034,1.4013900000000001,1.40306,7315,0,0
2018-03-30 08:00:00,1.40305,1.40598,1.40197,1.40523,16823,0,0
2018-03-30 12:00:00,1.40523,1.40579,1.4047,1.40527,8088,0,0
2018-03-30 16:00:00,1.40527,1.40567,1.40178,1.4031799999999999,17713,0,0
2018-03-30 20:00:00,1.4032,1.40377,1.40157,1.4025699999999999,10267,0,0
2018-04-02 00:00:00,1.40198,1.40468,1.40164,1.40465,12224,0,0
2018-04-02 04:00:00,1.40469,1.40564,1.40392,1.4041299999999999,16577,0,0
2018-04-02 08:00:00,1.40412,1.40703,1.40362,1.4066,17098,0,0
2018-04-02 12:00:00,1.4066,1.40777,1.40576,1.40618,17732,0,0
2018-04-02 16:00:00,1.40619,1.4064,1.40262,1.4034200000000001,42864,0,0
2018-04-02 20:00:00,1.40338,1.40514,1.40283,1.40434,25337,0,0
2018-04-03 00:00:00,1.40428,1.40545,1.4038599999999999,1.40524,10858,0,0
2018-04-03 04:00:00,1.40524,1.40619,1.40464,1.40607,17477,0,0
2018-04-03 08:00:00,1.40606,1.40888,1.4053200000000001,1.40805,41392,0,0
2018-04-03 12:00:00,1.4080599999999999,1.40854,1.40209,1.40636,49675,0,0
2018-04-03 16:00:00,1.40635,1.40773,1.40321,1.4056,62377,0,0
2018-04-03 20:00:00,1.4056,1.40663,1.40488,1.40588,26400,0,0
2018-04-04 00:00:00,1.40523,1.40838,1.40523,1.40818,10831,0,0
2018-04-04 04:00:00,1.40818,1.4096600000000001,1.4075,1.4083999999999999,17935,0,0
2018-04-04 08:00:00,1.4083999999999999,1.4086400000000001,1.40543,1.40772,54241,0,0
2018-04-04 12:00:00,1.40772,1.408,1.40148,1.40665,58318,0,0
2018-04-04 16:00:00,1.40666,1.40891,1.4062999999999999,1.40816,55856,0,0
2018-04-04 20:00:00,1.40816,1.4083700000000001,1.40682,1.408,25129,0,0
2018-04-05 00:00:00,1.40763,1.40971,1.40669,1.40938,11715,0,0
2018-04-05 04:00:00,1.40938,1.40961,1.4069099999999999,1.407,15314,0,0
2018-04-05 08:00:00,1.40697,1.4074,1.40311,1.40404,41787,0,0
2018-04-05 12:00:00,1.4040300000000001,1.4069099999999999,1.40001,1.40167,50308,0,0
2018-04-05 16:00:00,1.40168,1.40319,1.39655,1.39874,56216,0,0
2018-04-05 20:00:00,1.39875,1.40065,1.39824,1.4004400000000001,21096,0,0
2018-04-06 00:00:00,1.40015,1.4011,1.39969,1.4007399999999999,15850,0,0
2018-04-06 04:00:00,1.40076,1.40215,1.3992200000000001,1.39973,20288,0,0
2018-04-06 08:00:00,1.39971,1.40097,1.39831,1.4005,45625,0,0
2018-04-06 12:00:00,1.40049,1.40381,1.40008,1.40346,54206,0,0
2018-04-06 16:00:00,1.40347,1.41055,1.40283,1.40846,72095,0,0
2018-04-06 20:00:00,1.40846,1.41016,1.40758,1.4088,31177,0,0
2018-04-09 00:00:00,1.40889,1.4096899999999999,1.40822,1.40965,12496,0,0
2018-04-09 04:00:00,1.40964,1.41016,1.40878,1.40953,17433,0,0
2018-04-09 08:00:00,1.40954,1.4118,1.4078300000000001,1.41109,52495,0,0
2018-04-09 12:00:00,1.4110800000000001,1.4144999999999999,1.40842,1.41442,45342,0,0
2018-04-09 16:00:00,1.41442,1.41645,1.4123,1.41347,48614,0,0
2018-04-09 20:00:00,1.41347,1.41433,1.41246,1.41319,21511,0,0
2018-04-10 00:00:00,1.41279,1.41403,1.41248,1.41351,9749,0,0
2018-04-10 04:00:00,1.41352,1.41394,1.4120300000000001,1.41367,25560,0,0
2018-04-10 08:00:00,1.41367,1.41688,1.41256,1.41669,47968,0,0
2018-04-10 12:00:00,1.41669,1.4188,1.4151500000000001,1.41621,57479,0,0
2018-04-10 16:00:00,1.41618,1.41812,1.41451,1.41455,59330,0,0
2018-04-10 20:00:00,1.4145699999999999,1.4185400000000001,1.41453,1.4175,32388,0,0
2018-04-11 00:00:00,1.41741,1.41843,1.41692,1.41802,11243,0,0
2018-04-11 04:00:00,1.41802,1.41831,1.4173499999999999,1.41812,16330,0,0
2018-04-11 08:00:00,1.41811,1.42232,1.41811,1.4194499999999999,43804,0,0
2018-04-11 12:00:00,1.41944,1.4202,1.41611,1.41804,53948,0,0
2018-04-11 16:00:00,1.41804,1.42204,1.41733,1.4175900000000001,57767,0,0
2018-04-11 20:00:00,1.41758,1.41914,1.41604,1.4179,34727,0,0
2018-04-12 00:00:00,1.4173,1.41977,1.41705,1.41948,9778,0,0
2018-04-12 04:00:00,1.41948,1.4198,1.41711,1.4174,17303,0,0
2018-04-12 08:00:00,1.4174,1.41954,1.4154200000000001,1.41574,46410,0,0
2018-04-12 12:00:00,1.41574,1.42185,1.41451,1.41888,67476,0,0
2018-04-12 16:00:00,1.41889,1.42468,1.41852,1.42273,63416,0,0
2018-04-12 20:00:00,1.4227,1.42336,1.42218,1.42272,36699,0,0
2018-04-13 00:00:00,1.4224999999999999,1.42444,1.4223,1.42409,9805,0,0
2018-04-13 04:00:00,1.42409,1.4245,1.42275,1.42333,14071,0,0
2018-04-13 08:00:00,1.42333,1.42954,1.42207,1.42844,56249,0,0
2018-04-13 12:00:00,1.42843,1.42964,1.42495,1.4258199999999999,49768,0,0
2018-04-13 16:00:00,1.42581,1.4268399999999999,1.4239899999999999,1.42492,45843,0,0
2018-04-13 20:00:00,1.4249399999999999,1.42549,1.42343,1.42383,23176,0,0
2018-04-16 00:00:00,1.42401,1.42636,1.423,1.4261599999999999,12656,0,0
2018-04-16 04:00:00,1.4261599999999999,1.42666,1.4250099999999999,1.42561,13990,0,0
2018-04-16 08:00:00,1.42561,1.4280599999999999,1.42367,1.4270800000000001,46118,0,0
2018-04-16 12:00:00,1.42707,1.43213,1.42665,1.43119,45533,0,0
2018-04-16 16:00:00,1.43119,1.4338199999999999,1.43083,1.43249,48624,0,0
2018-04-16 20:00:00,1.43249,1.43442,1.43188,1.4338199999999999,20245,0,0
2018-04-17 00:00:00,1.43354,1.43544,1.43323,1.43433,11248,0,0
2018-04-17 04:00:00,1.43436,1.43468,1.43339,1.43412,13177,0,0
2018-04-17 08:00:00,1.43412,1.43766,1.43266,1.43273,48975,0,0
2018-04-17 12:00:00,1.43269,1.43465,1.43059,1.43195,47593,0,0
2018-04-17 16:00:00,1.43195,1.43276,1.42848,1.42877,53202,0,0
2018-04-17 20:00:00,1.42879,1.43048,1.42824,1.42906,22894,0,0
2018-04-18 00:00:00,1.4283299999999999,1.43007,1.42825,1.42975,9451,0,0
2018-04-18 04:00:00,1.42974,1.43058,1.42903,1.42998,12826,0,0
2018-04-18 08:00:00,1.42997,1.43145,1.41799,1.41926,51386,0,0
2018-04-18 12:00:00,1.41925,1.42394,1.4173,1.42386,49821,0,0
2018-04-18 16:00:00,1.42385,1.4246400000000001,1.42104,1.42136,60272,0,0
2018-04-18 20:00:00,1.42137,1.4218,1.41982,1.42042,26648,0,0
2018-04-19 00:00:00,1.42001,1.42097,1.4191500000000001,1.41933,10004,0,0
2018-04-19 04:00:00,1.41934,1.42051,1.41849,1.41986,14067,0,0
2018-04-19 08:00:00,1.41986,1.4218899999999999,1.41605,1.41778,47100,0,0
2018-04-19 12:00:00,1.41779,1.42462,1.41743,1.4238,51616,0,0
2018-04-19 16:00:00,1.42379,1.4242,1.41826,1.4193,64221,0,0
2018-04-19 20:00:00,1.4193,1.41996,1.40687,1.4081000000000001,49059,0,0
2018-04-20 00:00:00,1.40812,1.40911,1.40758,1.4086,13122,0,0
2018-04-20 04:00:00,1.40859,1.4086,1.4071799999999999,1.40786,15228,0,0
2018-04-20 08:00:00,1.40786,1.40798,1.4035199999999999,1.4065699999999999,50820,0,0
2018-04-20 12:00:00,1.40656,1.40822,1.4034,1.40381,49783,0,0
2018-04-20 16:00:00,1.40381,1.40439,1.4007,1.40372,64822,0,0
2018-04-20 20:00:00,1.40374,1.4038300000000001,1.40024,1.40033,28702,0,0
2018-04-23 00:00:00,1.4,1.40199,1.3992,1.40104,12105,0,0
2018-04-23 04:00:00,1.4010500000000001,1.40233,1.4007100000000001,1.4016,12831,0,0
2018-04-23 08:00:00,1.4016,1.40313,1.39845,1.39911,45600,0,0
2018-04-23 12:00:00,1.39909,1.39924,1.3942700000000001,1.39664,49677,0,0
2018-04-23 16:00:00,1.39664,1.3976899999999999,1.39371,1.39451,54825,0,0
2018-04-23 20:00:00,1.3945,1.39463,1.39261,1.39389,31964,0,0
2018-04-24 00:00:00,1.39388,1.39411,1.39319,1.39337,9190,0,0
2018-04-24 04:00:00,1.3933900000000001,1.39497,1.39181,1.39424,21191,0,0
2018-04-24 08:00:00,1.39425,1.39558,1.39199,1.39534,39816,0,0
2018-04-24 12:00:00,1.39532,1.39677,1.39381,1.39553,42343,0,0
2018-04-24 16:00:00,1.39553,1.39871,1.39519,1.39772,59124,0,0
2018-04-24 20:00:00,1.39773,1.39829,1.39696,1.3978,22001,0,0
2018-04-25 00:00:00,1.39747,1.39969,1.39715,1.39885,10460,0,0
2018-04-25 04:00:00,1.39885,1.3989,1.3967399999999999,1.39687,13667,0,0
2018-04-25 08:00:00,1.39688,1.3971,1.39338,1.39564,39372,0,0
2018-04-25 12:00:00,1.39565,1.39704,1.3933,1.39451,44809,0,0
2018-04-25 16:00:00,1.39452,1.39562,1.39245,1.39375,47051,0,0
2018-04-25 20:00:00,1.39375,1.39441,1.39233,1.3930500000000001,20887,0,0
2018-04-26 00:00:00,1.39264,1.3946,1.392,1.3939,13295,0,0
2018-04-26 04:00:00,1.39391,1.39499,1.39349,1.3942700000000001,15862,0,0
2018-04-26 08:00:00,1.39428,1.39494,1.3895,1.39113,44809,0,0
2018-04-26 12:00:00,1.39113,1.39917,1.39081,1.39824,64764,0,0
2018-04-26 16:00:00,1.3982299999999999,1.3998,1.3903699999999999,1.393,72927,0,0
2018-04-26 20:00:00,1.39298,1.3939599999999999,1.3912200000000001,1.39128,18904,0,0
2018-04-27 00:00:00,1.39126,1.39194,1.39115,1.39185,9298,0,0
2018-04-27 04:00:00,1.39185,1.39344,1.39141,1.3928099999999999,15072,0,0
2018-04-27 08:00:00,1.3928,1.39337,1.38016,1.38197,56478,0,0
2018-04-27 12:00:00,1.38197,1.38353,1.37472,1.3759700000000001,66015,0,0
2018-04-27 16:00:00,1.3759700000000001,1.3807800000000001,1.37539,1.37768,51998,0,0
2018-04-27 20:00:00,1.37768,1.37893,1.37695,1.3778299999999999,18613,0,0
2018-04-30 00:00:00,1.377,1.37788,1.37679,1.37736,11140,0,0
2018-04-30 04:00:00,1.37736,1.3786,1.3768799999999999,1.37836,14272,0,0
2018-04-30 08:00:00,1.37836,1.37924,1.3732,1.37334,41764,0,0
2018-04-30 12:00:00,1.37334,1.37503,1.37125,1.37456,44052,0,0
2018-04-30 16:00:00,1.37455,1.37865,1.37308,1.3765100000000001,60030,0,0
2018-04-30 20:00:00,1.3765,1.37682,1.37448,1.37647,28627,0,0
2018-05-01 00:00:00,1.37552,1.37726,1.37549,1.37695,11211,0,0
2018-05-01 04:00:00,1.37695,1.37696,1.37548,1.3756300000000001,12132,0,0
2018-05-01 08:00:00,1.37562,1.37623,1.36781,1.3683100000000001,36542,0,0
2018-05-01 12:00:00,1.36834,1.3703,1.36555,1.3660700000000001,46498,0,0
2018-05-01 16:00:00,1.3660700000000001,1.36657,1.35882,1.36267,61946,0,0
2018-05-01 20:00:00,1.36265,1.36265,1.3608,1.3614,35200,0,0
2018-05-02 00:00:00,1.36123,1.36155,1.3602699999999999,1.36049,11935,0,0
2018-05-02 04:00:00,1.36047,1.36197,1.36046,1.3613,14831,0,0
2018-05-02 08:00:00,1.36128,1.36494,1.35804,1.36429,55505,0,0
2018-05-02 12:00:00,1.36426,1.36659,1.36279,1.36582,49600,0,0
2018-05-02 16:00:00,1.36581,1.3665,1.35915,1.36009,65292,0,0
2018-05-02 20:00:00,1.3601,1.36524,1.35549,1.35707,74151,0,0
2018-05-03 00:00:00,1.3571,1.3587500000000001,1.3569499999999999,1.35872,13077,0,0
2018-05-03 04:00:00,1.3587099999999999,1.35995,1.35824,1.35979,21415,0,0
2018-05-03 08:00:00,1.35977,1.36296,1.3584100000000001,1.35864,53351,0,0
2018-05-03 12:00:00,1.35861,1.36198,1.35737,1.35884,68158,0,0
2018-05-03 16:00:00,1.35884,1.35958,1.35379,1.35816,72151,0,0
2018-05-03 20:00:00,1.3581699999999999,1.35856,1.3566799999999999,1.35755,36426,0,0
2018-05-04 00:00:00,1.35718,1.35786,1.35691,1.35762,8331,0,0
2018-05-04 04:00:00,1.35763,1.3586,1.35736,1.35775,13290,0,0
2018-05-04 08:00:00,1.35774,1.35818,1.35436,1.35459,36933,0,0
2018-05-04 12:00:00,1.35461,1.35828,1.35423,1.35659,49040,0,0
2018-05-04 16:00:00,1.3565800000000001,1.35675,1.34863,1.3546,75880,0,0
2018-05-04 20:00:00,1.35457,1.35528,1.35283,1.35333,29047,0,0
2018-05-07 00:00:00,1.35324,1.35467,1.35296,1.35467,10563,0,0
2018-05-07 04:00:00,1.35468,1.35647,1.35435,1.35499,15802,0,0
2018-05-07 08:00:00,1.35498,1.35557,1.35282,1.35367,33517,0,0
2018-05-07 12:00:00,1.35366,1.35544,1.35152,1.3554,40216,0,0
2018-05-07 16:00:00,1.3554,1.35755,1.3535599999999999,1.35633,54429,0,0
2018-05-07 20:00:00,1.35633,1.35669,1.3554300000000001,1.35571,35969,0,0
2018-05-08 00:00:00,1.35557,1.35764,1.35548,1.35763,12158,0,0
2018-05-08 04:00:00,1.35763,1.35775,1.3545,1.3548499999999999,18055,0,0
2018-05-08 08:00:00,1.35483,1.35929,1.34958,1.35079,58756,0,0
2018-05-08 12:00:00,1.3508,1.35296,1.3492600000000001,1.34988,46448,0,0
2018-05-08 16:00:00,1.3498700000000001,1.3560699999999999,1.34846,1.35453,70325,0,0
2018-05-08 20:00:00,1.35454,1.3556,1.3532199999999999,1.35477,38603,0,0
2018-05-09 00:00:00,1.35459,1.35575,1.3535300000000001,1.35432,11146,0,0
2018-05-09 04:00:00,1.35431,1.3545099999999999,1.35259,1.35343,20423,0,0
2018-05-09 08:00:00,1.35343,1.35514,1.3498999999999999,1.3547799999999999,51061,0,0
2018-05-09 12:00:00,1.35477,1.36071,1.35209,1.3596,64108,0,0
2018-05-09 16:00:00,1.35961,1.35984,1.3551,1.35575,67932,0,0
2018-05-09 20:00:00,1.35575,1.3565800000000001,1.35403,1.35466,26431,0,0
2018-05-10 00:00:00,1.3544,1.35524,1.35418,1.35468,11560,0,0
2018-05-10 04:00:00,1.35468,1.35772,1.35438,1.3575,22181,0,0
2018-05-10 08:00:00,1.3575,1.35779,1.35227,1.3562699999999999,57187,0,0
2018-05-10 12:00:00,1.35628,1.36177,1.34898,1.35293,94972,0,0
2018-05-10 16:00:00,1.35293,1.35515,1.346,1.3498700000000001,82855,0,0
2018-05-10 20:00:00,1.34988,1.35267,1.34871,1.35165,37005,0,0
2018-05-11 00:00:00,1.3516,1.35331,1.3513600000000001,1.3532,11536,0,0
2018-05-11 04:00:00,1.3532,1.35347,1.35218,1.35278,16145,0,0
2018-05-11 08:00:00,1.35278,1.35418,1.3502,1.35297,51358,0,0
2018-05-11 12:00:00,1.35297,1.35959,1.3519999999999999,1.3581699999999999,51387,0,0
2018-05-11 16:00:00,1.35816,1.35863,1.35325,1.35515,66495,0,0
2018-05-11 20:00:00,1.35515,1.35534,1.35361,1.35393,27723,0,0
2018-05-14 00:00:00,1.35415,1.3567,1.35375,1.35664,10540,0,0
2018-05-14 04:00:00,1.35666,1.35748,1.35608,1.35612,13979,0,0
2018-05-14 08:00:00,1.35617,1.35971,1.35427,1.3587500000000001,43294,0,0
2018-05-14 12:00:00,1.35876,1.3603100000000001,1.35776,1.35825,37954,0,0
2018-05-14 16:00:00,1.35825,1.36083,1.35784,1.3584100000000001,44780,0,0
2018-05-14 20:00:00,1.3584,1.35863,1.3554599999999999,1.35553,30630,0,0
2018-05-15 00:00:00,1.3555,1.3568500000000001,1.35549,1.3565,11592,0,0
2018-05-15 04:00:00,1.35652,1.3571900000000001,1.35411,1.35419,15261,0,0
2018-05-15 08:00:00,1.35416,1.3562,1.35237,1.35369,42347,0,0
2018-05-15 12:00:00,1.35369,1.35592,1.34811,1.3486500000000001,55992,0,0
2018-05-15 16:00:00,1.34864,1.3527,1.34512,1.35175,71676,0,0
2018-05-15 20:00:00,1.35174,1.35201,1.34969,1.3507,38542,0,0
2018-05-16 00:00:00,1.3502100000000001,1.3511,1.34933,1.35025,20279,0,0
2018-05-16 04:00:00,1.35025,1.3507799999999999,1.34843,1.35042,21109,0,0
2018-05-16 08:00:00,1.35043,1.3521,1.34771,1.34889,54810,0,0
2018-05-16 12:00:00,1.34888,1.34932,1.34559,1.34612,65555,0,0
2018-05-16 16:00:00,1.3461400000000001,1.35122,1.34609,1.3498,69519,0,0
2018-05-16 20:00:00,1.34982,1.35055,1.34805,1.34896,33926,0,0
2018-05-17 00:00:00,1.34835,1.35519,1.34827,1.35442,17404,0,0
2018-05-17 04:00:00,1.35443,1.3569499999999999,1.35401,1.35442,22833,0,0
2018-05-17 08:00:00,1.35442,1.3566500000000001,1.34932,1.35303,68752,0,0
2018-05-17 12:00:00,1.35301,1.35378,1.3474300000000001,1.35149,58497,0,0
2018-05-17 16:00:00,1.35147,1.3526799999999999,1.34811,1.35152,64685,0,0
2018-05-17 20:00:00,1.35152,1.35216,1.34957,1.35142,24552,0,0
2018-05-18 00:00:00,1.3514300000000001,1.35194,1.35095,1.35149,10860,0,0
2018-05-18 04:00:00,1.35149,1.35188,1.3505,1.35076,15604,0,0
2018-05-18 08:00:00,1.35077,1.35281,1.34906,1.34989,35785,0,0
2018-05-18 12:00:00,1.34988,1.35083,1.34664,1.34748,43647,0,0
2018-05-18 16:00:00,1.34747,1.349,1.34548,1.34818,56452,0,0
2018-05-18 20:00:00,1.34818,1.34874,1.34691,1.34711,13833,0,0
2018-05-21 00:00:00,1.34592,1.3483,1.3453300000000001,1.34585,14710,0,0
2018-05-21 04:00:00,1.34585,1.34649,1.34263,1.34325,21767,0,0
2018-05-21 08:00:00,1.34325,1.34398,1.33952,1.34023,39442,0,0
2018-05-21 12:00:00,1.34021,1.34337,1.3390900000000001,1.34284,43278,0,0
2018-05-21 16:00:00,1.34284,1.34392,1.34054,1.34096,48810,0,0
2018-05-21 20:00:00,1.34096,1.34328,1.34044,1.34287,20370,0,0
2018-05-22 00:00:00,1.3422,1.34382,1.3419400000000001,1.3432,12599,0,0
2018-05-22 04:00:00,1.34321,1.34323,1.34145,1.34146,17497,0,0
2018-05-22 08:00:00,1.34146,1.34916,1.3412600000000001,1.34641,56781,0,0
2018-05-22 12:00:00,1.34641,1.34806,1.34301,1.34402,42345,0,0
2018-05-22 16:00:00,1.34403,1.34555,1.34135,1.34325,46071,0,0
2018-05-22 20:00:00,1.34325,1.3437299999999999,1.34182,1.3431899999999999,16350,0,0
2018-05-23 00:00:00,1.34284,1.34423,1.3427,1.34315,11799,0,0
2018-05-23 04:00:00,1.3431600000000001,1.34418,1.34024,1.3416000000000001,28062,0,0
2018-05-23 08:00:00,1.3416000000000001,1.34177,1.33464,1.3363800000000001,61565,0,0
2018-05-23 12:00:00,1.3364,1.33775,1.33052,1.33222,53781,0,0
2018-05-23 16:00:00,1.33221,1.33648,1.33129,1.33372,54410,0,0
2018-05-23 20:00:00,1.33373,1.33586,1.33194,1.33493,33898,0,0
2018-05-24 00:00:00,1.3341,1.33805,1.33366,1.33583,23603,0,0
2018-05-24 04:00:00,1.33583,1.33766,1.33499,1.33682,34725,0,0
2018-05-24 08:00:00,1.33682,1.34218,1.33513,1.34067,61769,0,0
2018-05-24 12:00:00,1.34067,1.34178,1.3385,1.3395000000000001,48409,0,0
2018-05-24 16:00:00,1.33949,1.34052,1.3364500000000001,1.33862,60980,0,0
2018-05-24 20:00:00,1.33861,1.34016,1.3378999999999999,1.3381,28072,0,0
2018-05-25 00:00:00,1.33783,1.33881,1.33704,1.33708,14015,0,0
2018-05-25 04:00:00,1.33709,1.33748,1.33616,1.3369,23563,0,0
2018-05-25 08:00:00,1.3369,1.3373599999999999,1.3330600000000001,1.3373599999999999,55196,0,0
2018-05-25 12:00:00,1.3373599999999999,1.33777,1.33223,1.33456,68200,0,0
2018-05-25 16:00:00,1.3345500000000001,1.3351600000000001,1.33054,1.33165,62185,0,0
2018-05-25 20:00:00,1.33165,1.3323800000000001,1.32935,1.3296999999999999,29345,0,0
2018-05-28 00:00:00,1.3315000000000001,1.33226,1.33022,1.3312300000000001,19319,0,0
2018-05-28 04:00:00,1.33124,1.33413,1.33097,1.33402,22415,0,0
2018-05-28 08:00:00,1.33402,1.33402,1.33139,1.33223,53856,0,0
2018-05-28 12:00:00,1.33222,1.33372,1.32998,1.33049,62755,0,0
2018-05-28 16:00:00,1.3305,1.33133,1.32964,1.33122,29714,0,0
2018-05-28 20:00:00,1.3311899999999999,1.33154,1.33067,1.33091,6258,0,0
2018-05-29 00:00:00,1.33072,1.33192,1.33056,1.33121,8500,0,0
2018-05-29 04:00:00,1.3312300000000001,1.33254,1.32966,1.33175,21360,0,0
2018-05-29 08:00:00,1.33175,1.33232,1.32043,1.32321,65883,0,0
2018-05-29 12:00:00,1.32321,1.32919,1.32285,1.32861,86400,0,0
2018-05-29 16:00:00,1.32857,1.32984,1.32402,1.32436,73251,0,0
2018-05-29 20:00:00,1.32435,1.32615,1.32283,1.32537,43504,0,0
2018-05-30 00:00:00,1.32455,1.32603,1.3243,1.32469,12287,0,0
2018-05-30 04:00:00,1.32469,1.32645,1.3242,1.32537,19495,0,0
2018-05-30 08:00:00,1.3253599999999999,1.32941,1.32449,1.32745,68317,0,0
2018-05-30 12:00:00,1.32744,1.33071,1.32553,1.32908,77532,0,0
2018-05-30 16:00:00,1.32908,1.33014,1.32681,1.3292,74689,0,0
2018-05-30 20:00:00,1.3292,1.32943,1.32705,1.3282,26502,0,0
2018-05-31 00:00:00,1.32816,1.32993,1.32773,1.32978,13271,0,0
2018-05-31 04:00:00,1.32977,1.33125,1.32891,1.3301,19073,0,0
2018-05-31 08:00:00,1.33006,1.33473,1.32978,1.33342,60489,0,0
2018-05-31 12:00:00,1.33349,1.33481,1.3312300000000001,1.33174,57341,0,0
2018-05-31 16:00:00,1.33173,1.33358,1.3277999999999999,1.32928,91311,0,0
2018-05-31 20:00:00,1.32928,1.33026,1.32854,1.3293,30206,0,0
2018-06-01 00:00:00,1.32948,1.33002,1.32831,1.32901,10596,0,0
2018-06-01 04:00:00,1.3290199999999999,1.32922,1.32569,1.32623,19847,0,0
2018-06-01 08:00:00,1.32622,1.32955,1.32537,1.32946,54542,0,0
2018-06-01 12:00:00,1.32949,1.33376,1.32832,1.33141,73559,0,0
2018-06-01 16:00:00,1.33141,1.33619,1.3305500000000001,1.33474,79840,0,0
2018-06-01 20:00:00,1.33474,1.33542,1.33386,1.33491,23327,0,0
2018-06-04 00:00:00,1.3341,1.33698,1.33356,1.3367,15164,0,0
2018-06-04 04:00:00,1.33669,1.33771,1.33621,1.33712,21280,0,0
2018-06-04 08:00:00,1.33713,1.33777,1.33463,1.3366500000000001,52088,0,0
2018-06-04 12:00:00,1.3366500000000001,1.33986,1.33631,1.33792,52087,0,0
2018-06-04 16:00:00,1.33792,1.33856,1.32949,1.33129,56593,0,0
2018-06-04 20:00:00,1.3313,1.33313,1.33077,1.33115,25094,0,0
2018-06-05 00:00:00,1.3312599999999999,1.33202,1.33111,1.33136,9089,0,0
2018-06-05 04:00:00,1.33138,1.33165,1.33033,1.3308200000000001,16729,0,0
2018-06-05 08:00:00,1.3308200000000001,1.33814,1.3302,1.33742,54570,0,0
2018-06-05 12:00:00,1.33745,1.33927,1.3345099999999999,1.3373,65215,0,0
2018-06-05 16:00:00,1.3373,1.33883,1.3333300000000001,1.33814,69597,0,0
2018-06-05 20:00:00,1.33814,1.34087,1.33813,1.33958,26302,0,0
2018-06-06 00:00:00,1.33886,1.34159,1.33791,1.34083,10373,0,0
2018-06-06 04:00:00,1.34084,1.34166,1.33997,1.33999,14339,0,0
2018-06-06 08:00:00,1.33998,1.34293,1.3397000000000001,1.34093,69608,0,0
2018-06-06 12:00:00,1.34093,1.34382,1.34093,1.34162,58954,0,0
2018-06-06 16:00:00,1.34162,1.34432,1.34067,1.34108,58772,0,0
2018-06-06 20:00:00,1.34109,1.34169,1.33989,1.3413,19636,0,0
2018-06-07 00:00:00,1.3409900000000001,1.34335,1.34088,1.34313,9683,0,0
2018-06-07 04:00:00,1.34313,1.34384,1.34218,1.34314,19322,0,0
2018-06-07 08:00:00,1.34314,1.34723,1.3425099999999999,1.34591,54549,0,0
2018-06-07 12:00:00,1.3458999999999999,1.34714,1.33749,1.34196,64175,0,0
2018-06-07 16:00:00,1.34195,1.34544,1.33713,1.34124,67231,0,0
2018-06-07 20:00:00,1.34121,1.34315,1.34076,1.34174,38192,0,0
2018-06-08 00:00:00,1.34209,1.34263,1.34119,1.34196,9241,0,0
2018-06-08 04:00:00,1.34196,1.34261,1.34116,1.34252,16392,0,0
2018-06-08 08:00:00,1.34252,1.34392,1.33987,1.34051,62265,0,0
2018-06-08 12:00:00,1.3405,1.34225,1.3354599999999999,1.33644,60763,0,0
2018-06-08 16:00:00,1.3364500000000001,1.34138,1.3361100000000001,1.34103,58772,0,0
2018-06-08 20:00:00,1.34101,1.34183,1.3403,1.34073,19848,0,0
2018-06-11 00:00:00,1.3411,1.34205,1.34046,1.3418999999999999,6971,0,0
2018-06-11 04:00:00,1.3418700000000001,1.3424800000000001,1.34073,1.3412899999999999,13039,0,0
2018-06-11 08:00:00,1.34127,1.34414,1.33635,1.3366799999999999,47121,0,0
2018-06-11 12:00:00,1.33671,1.33788,1.33448,1.3378700000000001,40293,0,0
2018-06-11 16:00:00,1.3378700000000001,1.34024,1.33722,1.33793,44787,0,0
2018-06-11 20:00:00,1.33792,1.3385500000000001,1.33661,1.33822,26309,0,0
2018-06-12 00:00:00,1.33725,1.33829,1.33462,1.33548,13465,0,0
2018-06-12 04:00:00,1.33549,1.33664,1.33474,1.33631,19299,0,0
2018-06-12 08:00:00,1.33631,1.3418700000000001,1.3342,1.3400400000000001,52151,0,0
2018-06-12 12:00:00,1.3400400000000001,1.34122,1.33566,1.3378,49837,0,0
2018-06-12 16:00:00,1.33781,1.3424800000000001,1.33499,1.3394599999999999,56351,0,0
2018-06-12 20:00:00,1.3394599999999999,1.3397999999999999,1.3360699999999999,1.33709,29864,0,0
2018-06-13 00:00:00,1.33713,1.3375,1.33656,1.33669,7817,0,0
2018-06-13 04:00:00,1.3366799999999999,1.33679,1.33582,1.33586,12766,0,0
2018-06-13 08:00:00,1.33587,1.33701,1.33098,1.33244,41027,0,0
2018-06-13 12:00:00,1.33246,1.33508,1.3308200000000001,1.335,42790,0,0
2018-06-13 16:00:00,1.335,1.33894,1.3342,1.3386,41689,0,0
2018-06-13 20:00:00,1.3386,1.33888,1.3318400000000001,1.3376299999999999,64096,0,0
2018-06-14 00:00:00,1.33734,1.33844,1.33671,1.33741,9214,0,0
2018-06-14 04:00:00,1.33741,1.33949,1.3370199999999999,1.33926,14191,0,0
2018-06-14 08:00:00,1.33925,1.34467,1.33881,1.34399,39870,0,0
2018-06-14 12:00:00,1.3439999999999999,1.34437,1.3333300000000001,1.3333300000000001,81889,0,0
2018-06-14 16:00:00,1.3333300000000001,1.33503,1.3283800000000001,1.33003,83798,0,0
2018-06-14 20:00:00,1.3300100000000001,1.33125,1.32568,1.32589,35831,0,0
2018-06-15 00:00:00,1.3258,1.32724,1.32444,1.32489,11226,0,0
2018-06-15 04:00:00,1.3249,1.32583,1.32468,1.32527,15044,0,0
2018-06-15 08:00:00,1.32524,1.32763,1.3211300000000001,1.327,55428,0,0
2018-06-15 12:00:00,1.32705,1.32922,1.32532,1.32771,66082,0,0
2018-06-15 16:00:00,1.32771,1.32983,1.3259699999999999,1.3284099999999999,64128,0,0
2018-06-15 20:00:00,1.3284099999999999,1.32885,1.32752,1.32812,20640,0,0
2018-06-18 00:00:00,1.3261,1.32803,1.32592,1.32629,21922,0,0
2018-06-18 04:00:00,1.3263099999999999,1.32735,1.32617,1.3268,15057,0,0
2018-06-18 08:00:00,1.32682,1.32748,1.32259,1.3241800000000001,39320,0,0
2018-06-18 12:00:00,1.32417,1.32636,1.32334,1.32422,42668,0,0
2018-06-18 16:00:00,1.3242,1.32596,1.32301,1.3241,44534,0,0
2018-06-18 20:00:00,1.32409,1.32535,1.3235999999999999,1.32459,16087,0,0
2018-06-19 00:00:00,1.3244,1.32649,1.32396,1.32646,14580,0,0
2018-06-19 04:00:00,1.32645,1.32728,1.3254000000000001,1.3258,19388,0,0
2018-06-19 08:00:00,1.3258,1.32643,1.31763,1.31873,72139,0,0
2018-06-19 12:00:00,1.31872,1.31909,1.31507,1.31708,63600,0,0
2018-06-19 16:00:00,1.31707,1.31867,1.31569,1.31724,58320,0,0
2018-06-19 20:00:00,1.31722,1.31871,1.3165200000000001,1.3173599999999999,19278,0,0
2018-06-20 00:00:00,1.31721,1.31778,1.31599,1.31602,9428,0,0
2018-06-20 04:00:00,1.31602,1.31705,1.31535,1.31586,19226,0,0
2018-06-20 08:00:00,1.31586,1.31755,1.3146,1.31596,51464,0,0
2018-06-20 12:00:00,1.31597,1.31954,1.31528,1.31945,49776,0,0
2018-06-20 16:00:00,1.31944,1.32173,1.31708,1.3195700000000001,66104,0,0
2018-06-20 20:00:00,1.31956,1.31964,1.3171,1.31712,26734,0,0
2018-06-21 00:00:00,1.31684,1.31773,1.3167200000000001,1.31711,11694,0,0
2018-06-21 04:00:00,1.31712,1.31717,1.31508,1.31543,22869,0,0
2018-06-21 08:00:00,1.31544,1.31548,1.3109199999999999,1.31112,65935,0,0
2018-06-21 12:00:00,1.31108,1.3256299999999999,1.31019,1.32429,86500,0,0
2018-06-21 16:00:00,1.32431,1.327,1.3234,1.3248,76671,0,0
2018-06-21 20:00:00,1.3248,1.32632,1.32409,1.3241800000000001,25718,0,0
2018-06-22 00:00:00,1.32397,1.326,1.32297,1.3258,15242,0,0
2018-06-22 04:00:00,1.3258,1.3267,1.32518,1.32627,17856,0,0
2018-06-22 08:00:00,1.32627,1.3311899999999999,1.3262399999999999,1.33083,63483,0,0
2018-06-22 12:00:00,1.33083,1.3315000000000001,1.32772,1.32897,61468,0,0
2018-06-22 16:00:00,1.32898,1.3300100000000001,1.32492,1.32523,66038,0,0
2018-06-22 20:00:00,1.32522,1.3266200000000001,1.32458,1.32626,20673,0,0
2018-06-25 00:00:00,1.32493,1.32714,1.32417,1.32589,18030,0,0
2018-06-25 04:00:00,1.32589,1.32646,1.32497,1.32611,23639,0,0
2018-06-25 08:00:00,1.32613,1.32672,1.32211,1.32443,52747,0,0
2018-06-25 12:00:00,1.32442,1.32897,1.32266,1.3273,52574,0,0
2018-06-25 16:00:00,1.32731,1.32891,1.32558,1.32656,54104,0,0
2018-06-25 20:00:00,1.32656,1.3290899999999999,1.32629,1.32805,24789,0,0
2018-06-26 00:00:00,1.32761,1.32843,1.32744,1.32774,11555,0,0
2018-06-26 04:00:00,1.32775,1.3292,1.32733,1.3289,21387,0,0
2018-06-26 08:00:00,1.3289,1.32897,1.32559,1.32617,51714,0,0
2018-06-26 12:00:00,1.32617,1.32694,1.32064,1.32426,68118,0,0
2018-06-26 16:00:00,1.32425,1.32508,1.32266,1.32277,56897,0,0
2018-06-26 20:00:00,1.32277,1.32365,1.3192,1.32225,25833,0,0
2018-06-27 00:00:00,1.32193,1.32275,1.32127,1.3227,10923,0,0
2018-06-27 04:00:00,1.32269,1.3231,1.32182,1.32217,26888,0,0
2018-06-27 08:00:00,1.32217,1.3234,1.3189199999999999,1.31952,54434,0,0
2018-06-27 12:00:00,1.31952,1.3223799999999999,1.31502,1.31531,68744,0,0
2018-06-27 16:00:00,1.31531,1.31668,1.31263,1.3140399999999999,66897,0,0
2018-06-27 20:00:00,1.3140100000000001,1.31467,1.3106499999999999,1.31137,34750,0,0
2018-06-28 00:00:00,1.31106,1.31205,1.3108,1.3112599999999999,27154,0,0
2018-06-28 04:00:00,1.3112599999999999,1.31203,1.31053,1.31098,21854,0,0
2018-06-28 08:00:00,1.31098,1.31108,1.30658,1.30868,59675,0,0
2018-06-28 12:00:00,1.30868,1.3109,1.30542,1.30552,60682,0,0
2018-06-28 16:00:00,1.30553,1.31095,1.30496,1.30948,69921,0,0
2018-06-28 20:00:00,1.30948,1.30989,1.30653,1.30773,25915,0,0
2018-06-29 00:00:00,1.30759,1.30842,1.30674,1.30749,12777,0,0
2018-06-29 04:00:00,1.30748,1.31287,1.30687,1.31161,41793,0,0
2018-06-29 08:00:00,1.31161,1.31834,1.31014,1.31624,64458,0,0
2018-06-29 12:00:00,1.31625,1.31748,1.31335,1.31424,69565,0,0
2018-06-29 16:00:00,1.31424,1.3208,1.31384,1.31936,71628,0,0
2018-06-29 20:00:00,1.31936,1.32139,1.3183099999999999,1.32057,24207,0,0
2018-07-02 00:00:00,1.31875,1.32085,1.31746,1.31907,16234,0,0
2018-07-02 04:00:00,1.31906,1.3195999999999999,1.31719,1.31756,22587,0,0
2018-07-02 08:00:00,1.31757,1.31824,1.31442,1.31717,44439,0,0
2018-07-02 12:00:00,1.3171599999999999,1.31749,1.31104,1.31125,40400,0,0
2018-07-02 16:00:00,1.31127,1.3146200000000001,1.30951,1.3124,49585,0,0
2018-07-02 20:00:00,1.3124,1.31464,1.31203,1.31425,18446,0,0
2018-07-03 00:00:00,1.31414,1.31481,1.31291,1.313,7833,0,0
2018-07-03 04:00:00,1.31297,1.31383,1.31147,1.3133,23915,0,0
2018-07-03 08:00:00,1.3133,1.31962,1.31289,1.31905,58644,0,0
2018-07-03 12:00:00,1.31904,1.32067,1.3174299999999999,1.31903,45969,0,0
2018-07-03 16:00:00,1.31903,1.31927,1.31573,1.3165499999999999,40920,0,0
2018-07-03 20:00:00,1.31656,1.3199100000000001,1.31654,1.31925,8915,0,0
2018-07-04 00:00:00,1.3189,1.32074,1.31844,1.32062,8525,0,0
2018-07-04 04:00:00,1.32061,1.3216,1.31978,1.31996,22478,0,0
2018-07-04 08:00:00,1.31994,1.32277,1.31708,1.32058,37202,0,0
2018-07-04 12:00:00,1.3206,1.32236,1.32,1.32115,31051,0,0
2018-07-04 16:00:00,1.32117,1.32274,1.32058,1.3223,29164,0,0
2018-07-04 20:00:00,1.32229,1.32495,1.3222,1.32275,14861,0,0
2018-07-05 00:00:00,1.32256,1.32343,1.32104,1.32206,39935,0,0
2018-07-05 04:00:00,1.32207,1.32331,1.32188,1.3223,18939,0,0
2018-07-05 08:00:00,1.3223,1.32518,1.32164,1.3238400000000001,46021,0,0
2018-07-05 12:00:00,1.3238400000000001,1.32747,1.32252,1.3266,45970,0,0
2018-07-05 16:00:00,1.32659,1.32684,1.32046,1.32219,49935,0,0
2018-07-05 20:00:00,1.32217,1.3226499999999999,1.32039,1.32196,21053,0,0
2018-07-06 00:00:00,1.32147,1.32271,1.32078,1.32159,8295,0,0
2018-07-06 04:00:00,1.32159,1.32269,1.32033,1.32168,17279,0,0
2018-07-06 08:00:00,1.3216700000000001,1.3248199999999999,1.32151,1.32462,37692,0,0
2018-07-06 12:00:00,1.32463,1.3269199999999999,1.32199,1.3247900000000001,42639,0,0
2018-07-06 16:00:00,1.3248,1.32796,1.3247900000000001,1.32636,45167,0,0
2018-07-06 20:00:00,1.32637,1.3290199999999999,1.32585,1.32824,14170,0,0
2018-07-09 00:00:00,1.33095,1.33155,1.32847,1.32854,12882,0,0
2018-07-09 04:00:00,1.32853,1.33033,1.32847,1.32978,13715,0,0
2018-07-09 08:00:00,1.32977,1.33627,1.32908,1.33416,48414,0,0
2018-07-09 12:00:00,1.33416,1.3351199999999999,1.33251,1.33493,39437,0,0
2018-07-09 16:00:00,1.33493,1.3351,1.3189199999999999,1.32155,72325,0,0
2018-07-09 20:00:00,1.32156,1.32712,1.32066,1.32579,23326,0,0
2018-07-10 00:00:00,1.32556,1.3260100000000001,1.3247499999999999,1.32568,8775,0,0
2018-07-10 04:00:00,1.3256700000000001,1.3262,1.32321,1.32369,12891,0,0
2018-07-10 08:00:00,1.32369,1.33012,1.32233,1.32493,46529,0,0
2018-07-10 12:00:00,1.32489,1.3286,1.3227,1.32728,45177,0,0
2018-07-10 16:00:00,1.3273,1.32874,1.32399,1.32508,48177,0,0
2018-07-10 20:00:00,1.32508,1.32823,1.3250199999999999,1.3271,16340,0,0
2018-07-11 00:00:00,1.3272,1.32823,1.32504,1.32529,13062,0,0
2018-07-11 04:00:00,1.32528,1.32683,1.32486,1.32581,14342,0,0
2018-07-11 08:00:00,1.3258,1.32854,1.32514,1.32566,37271,0,0
2018-07-11 12:00:00,1.32565,1.32676,1.32338,1.3265500000000001,53748,0,0
2018-07-11 16:00:00,1.32654,1.32744,1.32134,1.32209,56655,0,0
2018-07-11 20:00:00,1.3221,1.32251,1.31996,1.3204500000000001,33139,0,0
2018-07-12 00:00:00,1.32017,1.32094,1.32008,1.32032,10850,0,0
2018-07-12 04:00:00,1.32032,1.3209,1.31897,1.32077,12649,0,0
2018-07-12 08:00:00,1.32078,1.32256,1.31975,1.3211300000000001,32701,0,0
2018-07-12 12:00:00,1.3211300000000001,1.32449,1.31803,1.32229,47016,0,0
2018-07-12 16:00:00,1.32233,1.32408,1.32085,1.3219699999999999,48425,0,0
2018-07-12 20:00:00,1.3219699999999999,1.32233,1.32034,1.32046,19340,0,0
2018-07-13 00:00:00,1.32029,1.32054,1.31695,1.3179699999999999,11666,0,0
2018-07-13 04:00:00,1.31796,1.31902,1.31704,1.31705,12539,0,0
2018-07-13 08:00:00,1.31705,1.31795,1.31164,1.31288,37660,0,0
2018-07-13 12:00:00,1.31287,1.31632,1.31026,1.3155000000000001,46476,0,0
2018-07-13 16:00:00,1.3155000000000001,1.32234,1.31545,1.32172,50923,0,0
2018-07-13 20:00:00,1.32173,1.3238400000000001,1.32131,1.32372,14252,0,0
2018-07-16 00:00:00,1.32173,1.3235299999999999,1.32173,1.3235299999999999,6537,0,0
2018-07-16 04:00:00,1.32352,1.32437,1.32308,1.32397,10914,0,0
2018-07-16 08:00:00,1.3238400000000001,1.32596,1.3225799999999999,1.32531,35737,0,0
2018-07-16 12:00:00,1.3253300000000001,1.3293,1.3247,1.32561,35859,0,0
2018-07-16 16:00:00,1.32561,1.3272599999999999,1.32168,1.323,41555,0,0
2018-07-16 20:00:00,1.32305,1.32406,1.3226499999999999,1.3235700000000001,11743,0,0
2018-07-17 00:00:00,1.32339,1.32437,1.32307,1.32333,10666,0,0
2018-07-17 04:00:00,1.32333,1.3250199999999999,1.32272,1.32454,14233,0,0
2018-07-17 08:00:00,1.32454,1.32691,1.32311,1.32627,36157,0,0
2018-07-17 12:00:00,1.32627,1.32678,1.31447,1.31552,46799,0,0
2018-07-17 16:00:00,1.3155000000000001,1.31807,1.31312,1.31322,56812,0,0
2018-07-17 20:00:00,1.31322,1.31498,1.30683,1.31155,25095,0,0
2018-07-18 00:00:00,1.31131,1.3115999999999999,1.30989,1.31146,7732,0,0
2018-07-18 04:00:00,1.31146,1.31169,1.31014,1.31027,11441,0,0
2018-07-18 08:00:00,1.3102800000000001,1.3108,1.30097,1.3036400000000001,46320,0,0
2018-07-18 12:00:00,1.3036400000000001,1.30468,1.30178,1.30395,43493,0,0
2018-07-18 16:00:00,1.30396,1.30728,1.30366,1.30602,44367,0,0
2018-07-18 20:00:00,1.30602,1.30827,1.30528,1.30685,14568,0,0
2018-07-19 00:00:00,1.30651,1.30834,1.3065,1.3076699999999999,8950,0,0
2018-07-19 04:00:00,1.30768,1.30824,1.30633,1.30773,15307,0,0
2018-07-19 08:00:00,1.30773,1.3078400000000001,1.29829,1.301,49550,0,0
2018-07-19 12:00:00,1.30101,1.3014000000000001,1.29574,1.29629,51496,0,0
2018-07-19 16:00:00,1.29632,1.30063,1.29597,1.29895,43149,0,0
2018-07-19 20:00:00,1.29895,1.30491,1.29891,1.30141,38464,0,0
2018-07-20 00:00:00,1.30129,1.30266,1.30094,1.30186,10418,0,0
2018-07-20 04:00:00,1.30187,1.30305,1.2995,1.30295,26784,0,0
2018-07-20 08:00:00,1.30294,1.30366,1.29972,1.30132,42627,0,0
2018-07-20 12:00:00,1.30131,1.30836,1.3005900000000001,1.30812,56877,0,0
2018-07-20 16:00:00,1.30814,1.31202,1.3071,1.31186,50725,0,0
2018-07-20 20:00:00,1.31188,1.31407,1.31155,1.31296,15066,0,0
2018-07-23 00:00:00,1.31196,1.31505,1.31186,1.31482,12267,0,0
2018-07-23 04:00:00,1.31482,1.31568,1.31349,1.3142800000000001,18015,0,0
2018-07-23 08:00:00,1.31424,1.31583,1.3122,1.3123,29780,0,0
2018-07-23 12:00:00,1.3123,1.3149,1.31131,1.3131300000000001,25667,0,0
2018-07-23 16:00:00,1.31317,1.31353,1.3094999999999999,1.3106,33963,0,0
2018-07-23 20:00:00,1.31054,1.3109600000000001,1.3082099999999999,1.30994,13648,0,0
2018-07-24 00:00:00,1.30945,1.3106,1.30945,1.31,10286,0,0
2018-07-24 04:00:00,1.31005,1.31097,1.3084799999999999,1.30876,16177,0,0
2018-07-24 08:00:00,1.30877,1.31296,1.30716,1.31136,31222,0,0
2018-07-24 12:00:00,1.31135,1.31386,1.31048,1.3115999999999999,33058,0,0
2018-07-24 16:00:00,1.3115700000000001,1.316,1.31143,1.31376,39564,0,0
2018-07-24 20:00:00,1.3137400000000001,1.31519,1.3128199999999999,1.3143,13991,0,0
2018-07-25 00:00:00,1.31407,1.31562,1.31402,1.3149,7403,0,0
2018-07-25 04:00:00,1.3149,1.3158,1.31376,1.31419,14284,0,0
2018-07-25 08:00:00,1.31422,1.31739,1.31402,1.31585,29910,0,0
2018-07-25 12:00:00,1.3158400000000001,1.3167900000000001,1.31473,1.31619,33337,0,0
2018-07-25 16:00:00,1.31619,1.3177400000000001,1.31326,1.31506,40243,0,0
2018-07-25 20:00:00,1.31507,1.32008,1.31483,1.31913,26986,0,0
2018-07-26 00:00:00,1.3185799999999999,1.32071,1.31844,1.3204799999999999,9323,0,0
2018-07-26 04:00:00,1.3204799999999999,1.3213300000000001,1.31979,1.32009,13919,0,0
2018-07-26 08:00:00,1.32009,1.32118,1.31751,1.3179,23742,0,0
2018-07-26 12:00:00,1.31788,1.3192599999999999,1.31569,1.31596,34166,0,0
2018-07-26 16:00:00,1.31596,1.31681,1.31125,1.31301,44972,0,0
2018-07-26 20:00:00,1.31301,1.31317,1.31053,1.31088,14505,0,0
2018-07-27 00:00:00,1.31046,1.31102,1.3101099999999999,1.31027,6777,0,0
2018-07-27 04:00:00,1.31026,1.31143,1.30998,1.31071,11706,0,0
2018-07-27 08:00:00,1.31071,1.31228,1.30881,1.30918,25192,0,0
2018-07-27 12:00:00,1.30918,1.31071,1.3082099999999999,1.31041,27260,0,0
2018-07-27 16:00:00,1.31041,1.3131,1.30992,1.31128,32112,0,0
2018-07-27 20:00:00,1.31128,1.31175,1.3096700000000001,1.31016,12158,0,0
2018-07-30 00:00:00,1.3109,1.3119100000000001,1.30956,1.31103,23078,0,0
2018-07-30 04:00:00,1.31102,1.31109,1.30972,1.31052,10897,0,0
2018-07-30 08:00:00,1.31051,1.31388,1.30971,1.3126,23617,0,0
2018-07-30 12:00:00,1.31259,1.31296,1.3106499999999999,1.3125200000000001,24279,0,0
2018-07-30 16:00:00,1.31251,1.31521,1.31209,1.31385,25738,0,0
2018-07-30 20:00:00,1.31384,1.31463,1.31272,1.31324,8810,0,0
2018-07-31 00:00:00,1.31303,1.31388,1.31258,1.3131300000000001,7055,0,0
2018-07-31 04:00:00,1.31314,1.3134000000000001,1.31128,1.31314,14175,0,0
2018-07-31 08:00:00,1.31315,1.31625,1.31239,1.31486,28131,0,0
2018-07-31 12:00:00,1.31487,1.3173,1.3141,1.31421,25484,0,0
2018-07-31 16:00:00,1.31421,1.31448,1.30897,1.31268,43687,0,0
2018-07-31 20:00:00,1.31269,1.31315,1.31163,1.31233,13096,0,0
2018-08-01 00:00:00,1.3118400000000001,1.3126,1.31077,1.31189,12721,0,0
2018-08-01 04:00:00,1.31188,1.31198,1.31017,1.3104,11956,0,0
2018-08-01 08:00:00,1.31039,1.31267,1.30952,1.3112599999999999,22709,0,0
2018-08-01 12:00:00,1.31127,1.31443,1.3106,1.31397,23584,0,0
2018-08-01 16:00:00,1.31398,1.31405,1.31088,1.31179,36194,0,0
2018-08-01 20:00:00,1.31178,1.31393,1.31043,1.31243,19790,0,0
2018-08-02 00:00:00,1.31262,1.31287,1.31106,1.31227,6908,0,0
2018-08-02 04:00:00,1.31228,1.31256,1.31,1.31016,11976,0,0
2018-08-02 08:00:00,1.31017,1.31089,1.30676,1.30823,23076,0,0
2018-08-02 12:00:00,1.30824,1.31262,1.30158,1.30501,55976,0,0
2018-08-02 16:00:00,1.305,1.30645,1.30267,1.30336,35460,0,0
2018-08-02 20:00:00,1.30335,1.30349,1.30144,1.30165,16496,0,0
2018-08-03 00:00:00,1.30136,1.30198,1.3011,1.30183,7512,0,0
2018-08-03 04:00:00,1.30183,1.30226,1.3006199999999999,1.30194,8288,0,0
2018-08-03 08:00:00,1.30193,1.30274,1.2975400000000001,1.2993999999999999,25577,0,0
2018-08-03 12:00:00,1.29941,1.30432,1.29923,1.30162,39251,0,0
2018-08-03 16:00:00,1.30163,1.30267,1.29925,1.302,40473,0,0
2018-08-03 20:00:00,1.3020100000000001,1.30214,1.2993700000000001,1.3002099999999999,10438,0,0
2018-08-06 00:00:00,1.3005,1.30094,1.29958,1.30007,6077,0,0
2018-08-06 04:00:00,1.30006,1.30051,1.29908,1.29922,8131,0,0
2018-08-06 08:00:00,1.29921,1.29995,1.29535,1.29632,20552,0,0
2018-08-06 12:00:00,1.29631,1.2969,1.292,1.29263,25285,0,0
2018-08-06 16:00:00,1.29264,1.29521,1.29254,1.29426,20829,0,0
2018-08-06 20:00:00,1.29426,1.29462,1.29345,1.2943,9175,0,0
2018-08-07 00:00:00,1.29426,1.29478,1.29367,1.29458,6846,0,0
2018-08-07 04:00:00,1.29457,1.29488,1.2937400000000001,1.29453,8723,0,0
2018-08-07 08:00:00,1.29453,1.29736,1.29422,1.29669,20129,0,0
2018-08-07 12:00:00,1.2967,1.29732,1.29494,1.29635,21537,0,0
2018-08-07 16:00:00,1.29635,1.29644,1.2938399999999999,1.29494,22490,0,0
2018-08-07 20:00:00,1.29492,1.29518,1.29239,1.29379,13758,0,0
2018-08-08 00:00:00,1.29368,1.29485,1.2935699999999999,1.29375,7010,0,0
2018-08-08 04:00:00,1.29376,1.29596,1.29337,1.29556,13182,0,0
2018-08-08 08:00:00,1.29557,1.2960099999999999,1.29016,1.29056,24541,0,0
2018-08-08 12:00:00,1.29055,1.29115,1.28535,1.28627,32019,0,0
2018-08-08 16:00:00,1.28626,1.28972,1.28601,1.28802,24860,0,0
2018-08-08 20:00:00,1.2880099999999999,1.28944,1.28782,1.2883200000000001,10296,0,0
2018-08-09 00:00:00,1.28783,1.28879,1.28719,1.2873,6277,0,0
2018-08-09 04:00:00,1.28731,1.289,1.28518,1.28714,10772,0,0
2018-08-09 08:00:00,1.28714,1.28867,1.28417,1.28821,22596,0,0
2018-08-09 12:00:00,1.28822,1.29117,1.28694,1.28948,25504,0,0
2018-08-09 16:00:00,1.2894700000000001,1.2896,1.28438,1.28485,32298,0,0
2018-08-09 20:00:00,1.28485,1.28562,1.2819099999999999,1.28239,14886,0,0
2018-08-10 00:00:00,1.28209,1.28368,1.2818100000000001,1.28352,8883,0,0
2018-08-10 04:00:00,1.28351,1.28365,1.28228,1.28232,9887,0,0
2018-08-10 08:00:00,1.28232,1.2827,1.2735699999999999,1.27565,72297,0,0
2018-08-10 12:00:00,1.27565,1.27882,1.27509,1.27596,52725,0,0
2018-08-10 16:00:00,1.27595,1.27922,1.27226,1.2749,64996,0,0
2018-08-10 20:00:00,1.27489,1.27783,1.27392,1.2771,20925,0,0
2018-08-13 00:00:00,1.2742200000000001,1.27795,1.2741,1.27477,14327,0,0
2018-08-13 04:00:00,1.27477,1.27628,1.27428,1.27515,21922,0,0
2018-08-13 08:00:00,1.27521,1.27714,1.2730000000000001,1.2759,51863,0,0
2018-08-13 12:00:00,1.27589,1.27814,1.2742200000000001,1.2772299999999999,48981,0,0
2018-08-13 16:00:00,1.27724,1.2791299999999999,1.27434,1.27454,43253,0,0
2018-08-13 20:00:00,1.27455,1.2766,1.27419,1.27657,14013,0,0
2018-08-14 00:00:00,1.27649,1.27748,1.27494,1.27604,10545,0,0
2018-08-14 04:00:00,1.27603,1.2775699999999999,1.27583,1.27664,16546,0,0
2018-08-14 08:00:00,1.2766600000000001,1.28278,1.27593,1.27698,45478,0,0
2018-08-14 12:00:00,1.27699,1.2791000000000001,1.27627,1.27701,39861,0,0
2018-08-14 16:00:00,1.27701,1.27796,1.27055,1.27123,44032,0,0
2018-08-14 20:00:00,1.27124,1.27244,1.27046,1.27191,14952,0,0
2018-08-15 00:00:00,1.2717,1.27247,1.27069,1.2707899999999999,9489,0,0
2018-08-15 04:00:00,1.27078,1.2719,1.26915,1.27031,15417,0,0
2018-08-15 08:00:00,1.27029,1.27356,1.26949,1.27116,35320,0,0
2018-08-15 12:00:00,1.27115,1.27271,1.2689599999999999,1.2696,43741,0,0
2018-08-15 16:00:00,1.2696399999999999,1.27104,1.26617,1.26997,56388,0,0
2018-08-15 20:00:00,1.26999,1.2704900000000001,1.26849,1.26974,14636,0,0
2018-08-16 00:00:00,1.2694,1.26999,1.26853,1.26956,9049,0,0
2018-08-16 04:00:00,1.2695699999999999,1.27271,1.2689,1.27188,30286,0,0
2018-08-16 08:00:00,1.27188,1.27328,1.26966,1.27104,39734,0,0
2018-08-16 12:00:00,1.27103,1.27207,1.26897,1.27009,35694,0,0
2018-08-16 16:00:00,1.2701,1.2754400000000001,1.26983,1.2705600000000001,48125,0,0
2018-08-16 20:00:00,1.27055,1.27187,1.26936,1.2711700000000001,14613,0,0
2018-08-17 00:00:00,1.27092,1.27183,1.2705199999999999,1.2716,8117,0,0
2018-08-17 04:00:00,1.27159,1.2727,1.27127,1.27228,15129,0,0
2018-08-17 08:00:00,1.27228,1.27491,1.2706,1.27145,35751,0,0
2018-08-17 12:00:00,1.27145,1.27322,1.26978,1.2727,42428,0,0
2018-08-17 16:00:00,1.27272,1.27434,1.27226,1.27288,39805,0,0
2018-08-17 20:00:00,1.27287,1.27528,1.27254,1.27508,16104,0,0
2018-08-20 00:00:00,1.2742200000000001,1.27532,1.2739,1.2742,7321,0,0
2018-08-20 04:00:00,1.27419,1.27498,1.27383,1.27442,11433,0,0
2018-08-20 08:00:00,1.27442,1.2747899999999999,1.2730299999999999,1.27362,28294,0,0
2018-08-20 12:00:00,1.27363,1.27719,1.27294,1.2759800000000001,27945,0,0
2018-08-20 16:00:00,1.27599,1.27897,1.27566,1.27863,32337,0,0
2018-08-20 20:00:00,1.27864,1.27993,1.27785,1.27953,10884,0,0
2018-08-21 00:00:00,1.27956,1.28217,1.27905,1.28172,12495,0,0
2018-08-21 04:00:00,1.28171,1.28356,1.28169,1.28322,14500,0,0
2018-08-21 08:00:00,1.28322,1.28461,1.28197,1.28317,30224,0,0
2018-08-21 12:00:00,1.28317,1.28436,1.28118,1.28304,31092,0,0
2018-08-21 16:00:00,1.28305,1.2883200000000001,1.28239,1.28792,41385,0,0
2018-08-21 20:00:00,1.28791,1.29247,1.28731,1.29041,23722,0,0
2018-08-22 00:00:00,1.2894999999999999,1.29131,1.28869,1.29035,14338,0,0
2018-08-22 04:00:00,1.29036,1.29116,1.29,1.2910599999999999,16076,0,0
2018-08-22 08:00:00,1.2910300000000001,1.29149,1.28682,1.2883499999999999,26301,0,0
2018-08-22 12:00:00,1.28837,1.29307,1.2878,1.29304,38940,0,0
2018-08-22 16:00:00,1.29305,1.29362,1.29032,1.29091,38562,0,0
2018-08-22 20:00:00,1.29094,1.29338,1.29033,1.29135,17400,0,0
2018-08-23 00:00:00,1.2906900000000001,1.29184,1.2889599999999999,1.28917,15846,0,0
2018-08-23 04:00:00,1.2891599999999999,1.28952,1.2855699999999999,1.28723,17132,0,0
2018-08-23 08:00:00,1.2873,1.2886,1.28517,1.28747,25571,0,0
2018-08-23 12:00:00,1.28747,1.29095,1.28494,1.28711,31499,0,0
2018-08-23 16:00:00,1.28711,1.28752,1.2812000000000001,1.28153,40689,0,0
2018-08-23 20:00:00,1.28151,1.2822,1.28047,1.28149,13474,0,0
2018-08-24 00:00:00,1.2808,1.28183,1.27993,1.28092,11675,0,0
2018-08-24 04:00:00,1.28092,1.28223,1.28025,1.28223,15006,0,0
2018-08-24 08:00:00,1.2822200000000001,1.28392,1.2818100000000001,1.28335,25028,0,0
2018-08-24 12:00:00,1.28339,1.28606,1.28078,1.28536,33613,0,0
2018-08-24 16:00:00,1.28535,1.28812,1.2837,1.28509,51208,0,0
2018-08-24 20:00:00,1.28511,1.28594,1.28397,1.28488,12232,0,0
2018-08-27 00:00:00,1.28376,1.28653,1.28343,1.2856,9568,0,0
2018-08-27 04:00:00,1.2856,1.28627,1.2846,1.28509,9821,0,0
2018-08-27 08:00:00,1.28509,1.28551,1.28288,1.28416,16133,0,0
2018-08-27 12:00:00,1.28414,1.28807,1.28373,1.28789,16001,0,0
2018-08-27 16:00:00,1.2879,1.2901,1.28714,1.28942,22590,0,0
2018-08-27 20:00:00,1.28942,1.28991,1.28871,1.28935,5694,0,0
2018-08-28 00:00:00,1.28897,1.29014,1.2885,1.2892700000000001,6409,0,0
2018-08-28 04:00:00,1.28928,1.28933,1.28705,1.28772,7192,0,0
2018-08-28 08:00:00,1.2877100000000001,1.2910300000000001,1.28616,1.2905,19588,0,0
2018-08-28 12:00:00,1.2905,1.29298,1.28898,1.29276,22569,0,0
2018-08-28 16:00:00,1.29276,1.29318,1.28707,1.28882,26269,0,0
2018-08-28 20:00:00,1.28882,1.28915,1.28646,1.28705,9631,0,0
2018-08-29 00:00:00,1.28684,1.28722,1.28599,1.2863,6111,0,0
2018-08-29 04:00:00,1.2863,1.2873999999999999,1.28561,1.2873299999999999,7658,0,0
2018-08-29 08:00:00,1.2873299999999999,1.28872,1.28453,1.28761,20178,0,0
2018-08-29 12:00:00,1.28761,1.29022,1.28684,1.28736,21918,0,0
2018-08-29 16:00:00,1.28736,1.30148,1.28643,1.3005200000000001,50844,0,0
2018-08-29 20:00:00,1.30053,1.30324,1.29982,1.30275,12068,0,0
2018-08-30 00:00:00,1.30234,1.30388,1.30209,1.30312,5325,0,0
2018-08-30 04:00:00,1.30312,1.30385,1.30225,1.30278,8438,0,0
2018-08-30 08:00:00,1.30278,1.30432,1.29892,1.30056,22499,0,0
2018-08-30 12:00:00,1.30057,1.3030599999999999,1.29984,1.30179,22085,0,0
2018-08-30 16:00:00,1.30179,1.30246,1.29852,1.30087,33785,0,0
2018-08-30 20:00:00,1.3008600000000001,1.3019,1.29932,1.30109,12829,0,0
2018-08-31 00:00:00,1.30046,1.30162,1.30034,1.30152,6270,0,0
2018-08-31 04:00:00,1.30156,1.3025,1.30037,1.30141,10388,0,0
2018-08-31 08:00:00,1.30141,1.30287,1.2993000000000001,1.30168,21349,0,0
2018-08-31 12:00:00,1.30168,1.30176,1.29663,1.2972299999999999,26921,0,0
2018-08-31 16:00:00,1.2972299999999999,1.30072,1.2945,1.29589,41282,0,0
2018-08-31 20:00:00,1.2959,1.2968600000000001,1.29549,1.2956699999999999,12612,0,0
2018-09-03 00:00:00,1.2911000000000001,1.2931300000000001,1.2911000000000001,1.2923200000000001,6343,0,0
2018-09-03 04:00:00,1.2923200000000001,1.2931599999999999,1.29165,1.29307,8463,0,0
2018-09-03 08:00:00,1.29305,1.29336,1.28863,1.28929,19314,0,0
2018-09-03 12:00:00,1.28929,1.28941,1.2854999999999999,1.28602,19374,0,0
2018-09-03 16:00:00,1.28602,1.2889,1.2855699999999999,1.28809,15256,0,0
2018-09-03 20:00:00,1.28809,1.2881,1.28696,1.2871299999999999,4066,0,0
2018-09-04 00:00:00,1.28639,1.28756,1.28573,1.28602,5386,0,0
2018-09-04 04:00:00,1.28602,1.28659,1.28539,1.2862,7503,0,0
2018-09-04 08:00:00,1.2862,1.28682,1.28176,1.2831299999999999,21059,0,0
2018-09-04 12:00:00,1.2831299999999999,1.28524,1.28142,1.2839,23930,0,0
2018-09-04 16:00:00,1.2839,1.28663,1.28104,1.28533,28758,0,0
2018-09-04 20:00:00,1.28533,1.28711,1.28441,1.28529,8764,0,0
2018-09-05 00:00:00,1.28525,1.28603,1.28473,1.28532,8137,0,0
2018-09-05 04:00:00,1.28535,1.28704,1.28499,1.28596,10542,0,0
2018-09-05 08:00:00,1.28596,1.28631,1.28037,1.28193,21419,0,0
2018-09-05 12:00:00,1.28193,1.2836699999999999,1.27853,1.28293,24601,0,0
2018-09-05 16:00:00,1.28294,1.29828,1.28285,1.29028,46989,0,0
2018-09-05 20:00:00,1.29027,1.29125,1.28949,1.29053,7454,0,0
2018-09-06 00:00:00,1.29023,1.29271,1.28943,1.29226,12015,0,0
2018-09-06 04:00:00,1.29226,1.29273,1.29082,1.29134,9534,0,0
2018-09-06 08:00:00,1.29134,1.29454,1.28962,1.2941099999999999,21168,0,0
2018-09-06 12:00:00,1.29412,1.296,1.29182,1.29434,26587,0,0
2018-09-06 16:00:00,1.29434,1.2962500000000001,1.29122,1.29343,30397,0,0
2018-09-06 20:00:00,1.29343,1.29443,1.2922799999999999,1.29257,8370,0,0
2018-09-07 00:00:00,1.29256,1.29302,1.2919399999999999,1.2922500000000001,10478,0,0
2018-09-07 04:00:00,1.29226,1.29336,1.2919,1.2931,10210,0,0
2018-09-07 08:00:00,1.2931,1.2948,1.29135,1.2941799999999999,18974,0,0
2018-09-07 12:00:00,1.2941799999999999,1.30284,1.2927,1.29651,38505,0,0
2018-09-07 16:00:00,1.29651,1.29905,1.29208,1.29281,39801,0,0
2018-09-07 20:00:00,1.29281,1.29298,1.29081,1.29159,8063,0,0
2018-09-10 00:00:00,1.29205,1.29319,1.29153,1.29311,4713,0,0
2018-09-10 04:00:00,1.2931,1.29321,1.2907899999999999,1.29124,10565,0,0
2018-09-10 08:00:00,1.29124,1.29497,1.28969,1.2943,17753,0,0
2018-09-10 12:00:00,1.2943,1.30331,1.29205,1.30305,19378,0,0
2018-09-10 16:00:00,1.3030599999999999,1.30518,1.30064,1.30287,29267,0,0
2018-09-10 20:00:00,1.30286,1.30377,1.30218,1.30264,6410,0,0
2018-09-11 00:00:00,1.30253,1.30408,1.30216,1.30317,7917,0,0
2018-09-11 04:00:00,1.30318,1.3047900000000001,1.3020800000000001,1.30373,10513,0,0
2018-09-11 08:00:00,1.30374,1.30873,1.29881,1.30396,23552,0,0
2018-09-11 12:00:00,1.30396,1.30444,1.29633,1.2983,27588,0,0
2018-09-11 16:00:00,1.2983,1.3018100000000001,1.29767,1.30066,26661,0,0
2018-09-11 20:00:00,1.30066,1.304,1.30031,1.30311,7182,0,0
2018-09-12 00:00:00,1.30295,1.30295,1.3011599999999999,1.3018399999999999,6978,0,0
2018-09-12 04:00:00,1.30185,1.30192,1.3005,1.3009,7154,0,0
2018-09-12 08:00:00,1.3009,1.30478,1.29925,1.30244,19621,0,0
2018-09-12 12:00:00,1.30244,1.30412,1.29795,1.30081,24825,0,0
2018-09-12 16:00:00,1.30081,1.30831,1.29999,1.30591,32355,0,0
2018-09-12 20:00:00,1.30591,1.307,1.30464,1.30476,8309,0,0
2018-09-13 00:00:00,1.30396,1.30518,1.3038,1.30473,10502,0,0
2018-09-13 04:00:00,1.30473,1.30535,1.3038,1.3042099999999999,7945,0,0
2018-09-13 08:00:00,1.3042099999999999,1.3048899999999999,1.30263,1.30431,13895,0,0
2018-09-13 12:00:00,1.3043,1.30928,1.30341,1.30895,27264,0,0
2018-09-13 16:00:00,1.30897,1.31234,1.30833,1.31084,34767,0,0
2018-09-13 20:00:00,1.31084,1.31165,1.3103,1.31058,7722,0,0
2018-09-14 00:00:00,1.31057,1.31185,1.31018,1.31138,9715,0,0
2018-09-14 04:00:00,1.31138,1.31222,1.31075,1.31193,7981,0,0
2018-09-14 08:00:00,1.31192,1.31381,1.31067,1.31321,17937,0,0
2018-09-14 12:00:00,1.31322,1.31437,1.30823,1.30876,24492,0,0
2018-09-14 16:00:00,1.30877,1.3106499999999999,1.30667,1.30694,26095,0,0
2018-09-14 20:00:00,1.30623,1.30762,1.30565,1.30689,3312,0,0
2018-09-17 00:00:00,1.30666,1.30789,1.3066,1.30775,4517,0,0
2018-09-17 04:00:00,1.30775,1.3084500000000001,1.30718,1.3082099999999999,8730,0,0
2018-09-17 08:00:00,1.3082,1.3104,1.3073000000000001,1.3103,17332,0,0
2018-09-17 12:00:00,1.3103,1.31502,1.30891,1.3145,23718,0,0
2018-09-17 16:00:00,1.31449,1.3161,1.3134700000000001,1.31586,25256,0,0
2018-09-17 20:00:00,1.31586,1.3165,1.31562,1.31581,7115,0,0
2018-09-18 00:00:00,1.31579,1.31632,1.314,1.3144,9582,0,0
2018-09-18 04:00:00,1.3144,1.31628,1.31409,1.31541,11978,0,0
2018-09-18 08:00:00,1.31541,1.31705,1.31303,1.3138,25513,0,0
2018-09-18 12:00:00,1.31378,1.31527,1.31188,1.3152300000000001,20377,0,0
2018-09-18 16:00:00,1.3152300000000001,1.31723,1.31332,1.31334,28588,0,0
2018-09-18 20:00:00,1.31334,1.31495,1.31304,1.31473,7719,0,0
2018-09-19 00:00:00,1.3146900000000001,1.31756,1.31349,1.31486,6665,0,0
2018-09-19 04:00:00,1.31486,1.31558,1.31414,1.31494,6927,0,0
2018-09-19 08:00:00,1.31494,1.3215,1.31449,1.31961,23352,0,0
2018-09-19 12:00:00,1.31961,1.31993,1.30963,1.31389,30962,0,0
2018-09-19 16:00:00,1.31389,1.31703,1.31195,1.31617,27503,0,0
2018-09-19 20:00:00,1.31617,1.31628,1.31254,1.31447,7610,0,0
2018-09-20 00:00:00,1.3143,1.3149,1.31335,1.31429,15399,0,0
2018-09-20 04:00:00,1.31429,1.31542,1.31422,1.3149899999999999,8032,0,0
2018-09-20 08:00:00,1.3149899999999999,1.32055,1.3143,1.31905,20772,0,0
2018-09-20 12:00:00,1.31903,1.32984,1.31891,1.32873,30117,0,0
2018-09-20 16:00:00,1.32873,1.32882,1.32267,1.32444,29052,0,0
2018-09-20 20:00:00,1.32444,1.32783,1.32443,1.3269199999999999,9129,0,0
2018-09-21 00:00:00,1.32632,1.32748,1.3259400000000001,1.3274599999999999,5034,0,0
2018-09-21 04:00:00,1.3274599999999999,1.32766,1.32645,1.32705,9640,0,0
2018-09-21 08:00:00,1.32705,1.32744,1.32076,1.32173,26319,0,0
2018-09-21 12:00:00,1.32172,1.32203,1.3142800000000001,1.31467,30257,0,0
2018-09-21 16:00:00,1.31468,1.31529,1.30546,1.30824,39906,0,0
2018-09-21 20:00:00,1.30824,1.30871,1.30683,1.30831,7344,0,0
2018-09-24 00:00:00,1.30777,1.30884,1.30709,1.30863,4214,0,0
2018-09-24 04:00:00,1.30863,1.30867,1.30749,1.30798,7500,0,0
2018-09-24 08:00:00,1.308,1.31243,1.3063,1.31186,24404,0,0
2018-09-24 12:00:00,1.31185,1.3161399999999999,1.31087,1.31388,22446,0,0
2018-09-24 16:00:00,1.31387,1.31671,1.31188,1.31232,33795,0,0
2018-09-24 20:00:00,1.31232,1.3125,1.31101,1.31166,7537,0,0
2018-09-25 00:00:00,1.3118699999999999,1.3123,1.31095,1.3114,9789,0,0
2018-09-25 04:00:00,1.3114,1.31185,1.31015,1.31029,11855,0,0
2018-09-25 08:00:00,1.31029,1.31516,1.30948,1.31433,28918,0,0
2018-09-25 12:00:00,1.31433,1.31735,1.31425,1.3155000000000001,23553,0,0
2018-09-25 16:00:00,1.31549,1.31757,1.31442,1.31692,27097,0,0
2018-09-25 20:00:00,1.31692,1.31938,1.31602,1.31815,8224,0,0
2018-09-26 00:00:00,1.31788,1.31846,1.31708,1.31712,7810,0,0
2018-09-26 04:00:00,1.3171599999999999,1.31821,1.31702,1.31702,10155,0,0
2018-09-26 08:00:00,1.31702,1.3180100000000001,1.3152300000000001,1.31711,17099,0,0
2018-09-26 12:00:00,1.3171,1.31779,1.31382,1.31644,21794,0,0
2018-09-26 16:00:00,1.31644,1.3198699999999999,1.31514,1.31785,25716,0,0
2018-09-26 20:00:00,1.31785,1.3217400000000001,1.31588,1.31662,24051,0,0
2018-09-27 00:00:00,1.31644,1.3176999999999999,1.31609,1.31751,8130,0,0
2018-09-27 04:00:00,1.31751,1.3178,1.31413,1.31522,9676,0,0
2018-09-27 08:00:00,1.31522,1.3155299999999999,1.31082,1.31243,35940,0,0
2018-09-27 12:00:00,1.3124,1.31636,1.31145,1.31253,26037,0,0
2018-09-27 16:00:00,1.31253,1.31389,1.30949,1.3100800000000001,26532,0,0
2018-09-27 20:00:00,1.3100800000000001,1.31012,1.30742,1.3078699999999999,10164,0,0
2018-09-28 00:00:00,1.30725,1.30797,1.30721,1.30786,6197,0,0
2018-09-28 04:00:00,1.30785,1.3084799999999999,1.30751,1.30842,11589,0,0
2018-09-28 08:00:00,1.30842,1.30901,1.30329,1.3072,23414,0,0
2018-09-28 12:00:00,1.30719,1.30797,1.3027,1.30382,27562,0,0
2018-09-28 16:00:00,1.30383,1.3060800000000001,1.30005,1.30416,29511,0,0
2018-09-28 20:00:00,1.30416,1.3045499999999999,1.30279,1.30282,7828,0,0
2018-10-01 00:00:00,1.3038,1.30439,1.3027199999999999,1.30395,4871,0,0
2018-10-01 04:00:00,1.30395,1.30404,1.30231,1.30247,10649,0,0
2018-10-01 08:00:00,1.30247,1.30589,1.30228,1.3058100000000001,17598,0,0
2018-10-01 12:00:00,1.30579,1.31154,1.3012000000000001,1.30778,28643,0,0
2018-10-01 16:00:00,1.30778,1.3083,1.30274,1.30348,31787,0,0
2018-10-01 20:00:00,1.30348,1.3045,1.30313,1.30398,8462,0,0
2018-10-02 00:00:00,1.30422,1.30462,1.30336,1.30399,9235,0,0
2018-10-02 04:00:00,1.30399,1.30485,1.30321,1.30335,11165,0,0
2018-10-02 08:00:00,1.30335,1.30345,1.29653,1.2968199999999999,31706,0,0
2018-10-02 12:00:00,1.2968199999999999,1.29891,1.2941,1.29728,27022,0,0
2018-10-02 16:00:00,1.29728,1.29961,1.2956699999999999,1.2980800000000001,33767,0,0
2018-10-02 20:00:00,1.2980800000000001,1.2984,1.29733,1.29783,8134,0,0
2018-10-03 00:00:00,1.29783,1.29841,1.2971,1.29752,11890,0,0
2018-10-03 04:00:00,1.29752,1.3002500000000001,1.29711,1.29962,20759,0,0
2018-10-03 08:00:00,1.29962,1.30172,1.29926,1.30165,28885,0,0
2018-10-03 12:00:00,1.30164,1.30169,1.29629,1.29902,33321,0,0
2018-10-03 16:00:00,1.29902,1.30232,1.29831,1.29885,35771,0,0
2018-10-03 20:00:00,1.29885,1.29917,1.29233,1.29387,13632,0,0
2018-10-04 00:00:00,1.29386,1.29553,1.29249,1.29351,7385,0,0
2018-10-04 04:00:00,1.29352,1.29367,1.2922,1.29309,11246,0,0
2018-10-04 08:00:00,1.29309,1.2978100000000001,1.2926199999999999,1.29608,30470,0,0
2018-10-04 12:00:00,1.29607,1.3016,1.29606,1.30003,31509,0,0
2018-10-04 16:00:00,1.30003,1.30414,1.29992,1.30098,40809,0,0
2018-10-04 20:00:00,1.30098,1.303,1.30029,1.302,10197,0,0
2018-10-05 00:00:00,1.30215,1.30267,1.30121,1.30263,7878,0,0
2018-10-05 04:00:00,1.30263,1.30295,1.30046,1.30093,12408,0,0
2018-10-05 08:00:00,1.30093,1.30595,1.30034,1.30328,25967,0,0
2018-10-05 12:00:00,1.30329,1.30894,1.30282,1.30836,31545,0,0
2018-10-05 16:00:00,1.30839,1.31226,1.3063500000000001,1.30942,45073,0,0
2018-10-05 20:00:00,1.30941,1.31208,1.30932,1.31148,10694,0,0
2018-10-08 00:00:00,1.312,1.31332,1.31034,1.31197,14217,0,0
2018-10-08 04:00:00,1.31197,1.31236,1.31083,1.31086,13247,0,0
2018-10-08 08:00:00,1.3109,1.31158,1.30472,1.30559,24719,0,0
2018-10-08 12:00:00,1.3056,1.3066,1.30283,1.30477,23575,0,0
2018-10-08 16:00:00,1.30477,1.3075999999999999,1.30398,1.30736,27149,0,0
2018-10-08 20:00:00,1.30736,1.30976,1.30676,1.30926,9510,0,0
2018-10-09 00:00:00,1.30881,1.30942,1.3082799999999999,1.30872,8929,0,0
2018-10-09 04:00:00,1.30872,1.3106,1.30869,1.3105,11262,0,0
2018-10-09 08:00:00,1.31051,1.31056,1.30504,1.30643,28061,0,0
2018-10-09 12:00:00,1.3064200000000001,1.30729,1.3033000000000001,1.30688,32080,0,0
2018-10-09 16:00:00,1.30688,1.3149,1.3045,1.31308,44253,0,0
2018-10-09 20:00:00,1.31308,1.315,1.31276,1.31446,8606,0,0
2018-10-10 00:00:00,1.31417,1.3158400000000001,1.31311,1.31539,6872,0,0
2018-10-10 04:00:00,1.31539,1.31617,1.31505,1.31597,12252,0,0
2018-10-10 08:00:00,1.31596,1.31852,1.31371,1.31373,25576,0,0
2018-10-10 12:00:00,1.31373,1.3173300000000001,1.31362,1.31631,27681,0,0
2018-10-10 16:00:00,1.31632,1.32129,1.31609,1.3210600000000001,37149,0,0
2018-10-10 20:00:00,1.3210600000000001,1.32156,1.3181,1.31897,14252,0,0
2018-10-11 00:00:00,1.3189,1.32134,1.3185,1.32126,11064,0,0
2018-10-11 04:00:00,1.32126,1.32442,1.32053,1.3222,25198,0,0
2018-10-11 08:00:00,1.3222,1.32264,1.31823,1.3192300000000001,33695,0,0
2018-10-11 12:00:00,1.31925,1.32467,1.31834,1.32273,33023,0,0
2018-10-11 16:00:00,1.32273,1.3237700000000001,1.3183,1.31983,51663,0,0
2018-10-11 20:00:00,1.31983,1.324,1.31952,1.32345,19293,0,0
2018-10-12 00:00:00,1.32291,1.32439,1.3223,1.32403,11212,0,0
2018-10-12 04:00:00,1.32403,1.32437,1.3229600000000001,1.3237999999999999,23418,0,0
2018-10-12 08:00:00,1.3237999999999999,1.32579,1.32067,1.32177,33350,0,0
2018-10-12 12:00:00,1.32177,1.32239,1.31707,1.31861,29946,0,0
2018-10-12 16:00:00,1.31863,1.3201800000000001,1.31513,1.31571,38109,0,0
2018-10-12 20:00:00,1.31571,1.31684,1.31467,1.31525,11341,0,0
2018-10-15 00:00:00,1.3083,1.31152,1.3083,1.311,12220,0,0
2018-10-15 04:00:00,1.3109899999999999,1.31147,1.31021,1.31117,10261,0,0
2018-10-15 08:00:00,1.31117,1.31364,1.3105,1.31345,29952,0,0
2018-10-15 12:00:00,1.31345,1.31818,1.31331,1.3158699999999999,34451,0,0
2018-10-15 16:00:00,1.3158699999999999,1.31696,1.3128199999999999,1.31579,38659,0,0
2018-10-15 20:00:00,1.3158,1.31604,1.31456,1.31513,7874,0,0
2018-10-16 00:00:00,1.3152300000000001,1.31623,1.31422,1.3159100000000001,10891,0,0
2018-10-16 04:00:00,1.3159100000000001,1.31596,1.31417,1.31441,18890,0,0
2018-10-16 08:00:00,1.31441,1.32092,1.3140800000000001,1.31942,33267,0,0
2018-10-16 12:00:00,1.31944,1.32308,1.31826,1.32137,30923,0,0
2018-10-16 16:00:00,1.32137,1.32366,1.31791,1.31872,33378,0,0
2018-10-16 20:00:00,1.31872,1.31956,1.31701,1.31855,9248,0,0
2018-10-17 00:00:00,1.3183099999999999,1.31925,1.31782,1.31867,10785,0,0
2018-10-17 04:00:00,1.31867,1.31902,1.31678,1.31722,11198,0,0
2018-10-17 08:00:00,1.31722,1.31898,1.3124799999999999,1.31441,29485,0,0
2018-10-17 12:00:00,1.31441,1.31509,1.30994,1.31134,31350,0,0
2018-10-17 16:00:00,1.31139,1.31488,1.31088,1.31415,28221,0,0
2018-10-17 20:00:00,1.31415,1.31417,1.31113,1.31141,13210,0,0
2018-10-18 00:00:00,1.31145,1.31145,1.3091300000000001,1.30978,8599,0,0
2018-10-18 04:00:00,1.30978,1.31029,1.30872,1.3097699999999999,10282,0,0
2018-10-18 08:00:00,1.3097400000000001,1.3118400000000001,1.30762,1.3109199999999999,25035,0,0
2018-10-18 12:00:00,1.3109199999999999,1.31314,1.30934,1.31044,24023,0,0
2018-10-18 16:00:00,1.31044,1.31076,1.30402,1.3042500000000001,34514,0,0
2018-10-18 20:00:00,1.30424,1.30438,1.30158,1.30166,15196,0,0
2018-10-19 00:00:00,1.30172,1.30256,1.3014999999999999,1.30234,5705,0,0
2018-10-19 04:00:00,1.30234,1.3027,1.30198,1.3020800000000001,9387,0,0
2018-10-19 08:00:00,1.3020800000000001,1.3047,1.3011300000000001,1.30345,29261,0,0
2018-10-19 12:00:00,1.30345,1.30469,1.30188,1.3024200000000001,29587,0,0
2018-10-19 16:00:00,1.30243,1.31042,1.30236,1.30691,35837,0,0
2018-10-19 20:00:00,1.30692,1.30746,1.30593,1.30652,9912,0,0
2018-10-22 00:00:00,1.307,1.30741,1.30508,1.3056,12081,0,0
2018-10-22 04:00:00,1.3056,1.30751,1.30524,1.3066900000000001,14495,0,0
2018-10-22 08:00:00,1.3066900000000001,1.309,1.30464,1.30504,27047,0,0
2018-10-22 12:00:00,1.30504,1.30522,1.29727,1.29734,29595,0,0
2018-10-22 16:00:00,1.29733,1.2987199999999999,1.29563,1.29707,30145,0,0
2018-10-22 20:00:00,1.29707,1.29779,1.29633,1.29653,8480,0,0
2018-10-23 00:00:00,1.29634,1.29703,1.29561,1.29653,12051,0,0
2018-10-23 04:00:00,1.29653,1.29703,1.29555,1.29586,16204,0,0
2018-10-23 08:00:00,1.29586,1.3005,1.29372,1.29924,38921,0,0
2018-10-23 12:00:00,1.29924,1.30443,1.29715,1.30134,35176,0,0
2018-10-23 16:00:00,1.30133,1.30144,1.29697,1.29953,37216,0,0
2018-10-23 20:00:00,1.29953,1.30044,1.298,1.29836,11784,0,0
2018-10-24 00:00:00,1.2983,1.29878,1.2974,1.29817,7224,0,0
2018-10-24 04:00:00,1.29817,1.29905,1.29736,1.29854,19985,0,0
2018-10-24 08:00:00,1.29854,1.29861,1.29281,1.29334,35293,0,0
2018-10-24 12:00:00,1.29334,1.2937699999999999,1.28883,1.29217,34979,0,0
2018-10-24 16:00:00,1.29219,1.29395,1.28783,1.28836,34851,0,0
2018-10-24 20:00:00,1.28836,1.28882,1.2867199999999999,1.28788,15858,0,0
2018-10-25 00:00:00,1.28793,1.28946,1.2873999999999999,1.2889599999999999,11838,0,0
2018-10-25 04:00:00,1.2889599999999999,1.28959,1.28837,1.28891,15897,0,0
2018-10-25 08:00:00,1.28891,1.29195,1.28789,1.29053,30006,0,0
2018-10-25 12:00:00,1.29053,1.29095,1.28863,1.29031,29309,0,0
2018-10-25 16:00:00,1.29031,1.29034,1.2809,1.28232,41162,0,0
2018-10-25 20:00:00,1.28233,1.28266,1.27972,1.28175,16724,0,0
2018-10-26 00:00:00,1.28155,1.28254,1.28094,1.28194,16070,0,0
2018-10-26 04:00:00,1.28193,1.2825,1.2811,1.28189,33096,0,0
2018-10-26 08:00:00,1.2818800000000001,1.28254,1.2805,1.28229,36100,0,0
2018-10-26 12:00:00,1.28229,1.28263,1.2777,1.27988,31174,0,0
2018-10-26 16:00:00,1.27988,1.28414,1.2798,1.28309,38832,0,0
2018-10-26 20:00:00,1.28308,1.28402,1.28261,1.28277,15821,0,0
2018-10-29 00:00:00,1.28203,1.2837,1.28192,1.28278,6080,0,0
2018-10-29 04:00:00,1.28278,1.28383,1.28239,1.28333,16537,0,0
2018-10-29 08:00:00,1.28333,1.28433,1.28082,1.28115,21236,0,0
2018-10-29 12:00:00,1.28114,1.28531,1.28061,1.28229,32112,0,0
2018-10-29 16:00:00,1.28229,1.28285,1.2792,1.2797,27997,0,0
2018-10-29 20:00:00,1.2797,1.28121,1.27918,1.27922,13198,0,0
2018-10-30 00:00:00,1.2792,1.28049,1.2790599999999999,1.28033,15773,0,0
2018-10-30 04:00:00,1.28033,1.28128,1.27973,1.28072,20094,0,0
2018-10-30 08:00:00,1.28072,1.28077,1.27557,1.27817,20964,0,0
2018-10-30 12:00:00,1.27817,1.27835,1.27289,1.27582,27650,0,0
2018-10-30 16:00:00,1.27582,1.27783,1.26986,1.26999,27462,0,0
2018-10-30 20:00:00,1.26999,1.27155,1.26958,1.27055,12651,0,0
2018-10-31 00:00:00,1.2701799999999999,1.27116,1.2694,1.2706,6188,0,0
2018-10-31 04:00:00,1.2705899999999999,1.27119,1.27005,1.2707899999999999,10633,0,0
2018-10-31 08:00:00,1.2707899999999999,1.27521,1.27063,1.27468,19606,0,0
2018-10-31 12:00:00,1.27468,1.27806,1.27287,1.27445,24551,0,0
2018-10-31 16:00:00,1.27445,1.28308,1.2732700000000001,1.27556,40303,0,0
2018-10-31 20:00:00,1.27556,1.27885,1.27521,1.27654,13493,0,0
2018-11-01 00:00:00,1.27651,1.28508,1.27604,1.2843499999999999,12664,0,0
2018-11-01 04:00:00,1.28443,1.28558,1.28368,1.2845900000000001,14974,0,0
2018-11-01 08:00:00,1.28458,1.29203,1.2838,1.29096,26036,0,0
2018-11-01 12:00:00,1.29097,1.2934,1.2849599999999999,1.29105,42578,0,0
2018-11-01 16:00:00,1.29107,1.30004,1.29073,1.29968,31040,0,0
2018-11-01 20:00:00,1.29968,1.30346,1.29914,1.2997,16381,0,0
2018-11-02 00:00:00,1.30008,1.3005200000000001,1.29926,1.29942,5719,0,0
2018-11-02 04:00:00,1.29942,1.30026,1.29858,1.29985,11330,0,0
2018-11-02 08:00:00,1.29985,1.30388,1.2993000000000001,1.3024499999999999,26620,0,0
2018-11-02 12:00:00,1.3024499999999999,1.30407,1.29827,1.29926,29111,0,0
2018-11-02 16:00:00,1.29926,1.30084,1.29559,1.29669,34908,0,0
2018-11-02 20:00:00,1.29669,1.2972299999999999,1.29515,1.29661,12944,0,0
2018-11-05 00:00:00,1.30207,1.30207,1.29921,1.2993999999999999,10775,0,0
2018-11-05 04:00:00,1.2993999999999999,1.29949,1.29829,1.299,9695,0,0
2018-11-05 08:00:00,1.2989899999999999,1.30248,1.29678,1.3005499999999999,19631,0,0
2018-11-05 12:00:00,1.30054,1.30282,1.29645,1.3014000000000001,21603,0,0
2018-11-05 16:00:00,1.3014000000000001,1.30356,1.3011599999999999,1.30171,22440,0,0
2018-11-05 20:00:00,1.30171,1.30556,1.30136,1.30427,11834,0,0
2018-11-06 00:00:00,1.30354,1.30677,1.30327,1.30551,10266,0,0
2018-11-06 04:00:00,1.30553,1.30631,1.30417,1.30539,9795,0,0
2018-11-06 08:00:00,1.30538,1.30856,1.3047,1.3058100000000001,23144,0,0
2018-11-06 12:00:00,1.30579,1.30963,1.3021,1.30737,35699,0,0
2018-11-06 16:00:00,1.30737,1.30924,1.3063500000000001,1.30837,23969,0,0
2018-11-06 20:00:00,1.30837,1.3107,1.30803,1.31045,12348,0,0
2018-11-07 00:00:00,1.30962,1.3142800000000001,1.3073299999999999,1.30953,20131,0,0
2018-11-07 04:00:00,1.30953,1.31491,1.30768,1.31273,18063,0,0
2018-11-07 08:00:00,1.31273,1.31684,1.31071,1.31658,30446,0,0
2018-11-07 12:00:00,1.31658,1.31747,1.3130899999999999,1.31314,30175,0,0
2018-11-07 16:00:00,1.3131599999999999,1.31668,1.3118400000000001,1.31514,29257,0,0
2018-11-07 20:00:00,1.31514,1.31582,1.31259,1.31272,16644,0,0
2018-11-08 00:00:00,1.31257,1.3134700000000001,1.31203,1.31266,9359,0,0
2018-11-08 04:00:00,1.31266,1.31342,1.3121,1.3134000000000001,10931,0,0
2018-11-08 08:00:00,1.3134000000000001,1.31498,1.30985,1.3115999999999999,25670,0,0
2018-11-08 12:00:00,1.3115999999999999,1.31407,1.30874,1.30996,35036,0,0
2018-11-08 16:00:00,1.30996,1.3131,1.3091,1.3091,35103,0,0
2018-11-08 20:00:00,1.3091,1.31063,1.3044799999999999,1.3060399999999999,21601,0,0
2018-11-09 00:00:00,1.3060800000000001,1.30701,1.30558,1.3059,11058,0,0
2018-11-09 04:00:00,1.3059,1.30593,1.30431,1.30497,12156,0,0
2018-11-09 08:00:00,1.30498,1.30498,1.29868,1.30074,29338,0,0
2018-11-09 12:00:00,1.30075,1.3045,1.2998,1.30332,26665,0,0
2018-11-09 16:00:00,1.30332,1.30552,1.2969,1.29756,36452,0,0
2018-11-09 20:00:00,1.29755,1.29861,1.29583,1.2972000000000001,15502,0,0
2018-11-12 00:00:00,1.29148,1.29467,1.29112,1.29387,12850,0,0
2018-11-12 04:00:00,1.29387,1.2943799999999999,1.28914,1.28956,12578,0,0
2018-11-12 08:00:00,1.28956,1.29023,1.28406,1.2846,34786,0,0
2018-11-12 12:00:00,1.2846,1.2928600000000001,1.28273,1.2920099999999999,29677,0,0
2018-11-12 16:00:00,1.2920099999999999,1.29362,1.28452,1.28502,32417,0,0
2018-11-12 20:00:00,1.28502,1.28587,1.2843200000000001,1.28498,13357,0,0
2018-11-13 00:00:00,1.2846899999999999,1.28667,1.2837,1.2864499999999999,8802,0,0
2018-11-13 04:00:00,1.2864499999999999,1.28894,1.2858100000000001,1.28727,13149,0,0
2018-11-13 08:00:00,1.28727,1.29178,1.28613,1.28899,31838,0,0
2018-11-13 12:00:00,1.28899,1.29797,1.28734,1.29562,40722,0,0
2018-11-13 16:00:00,1.29562,1.30474,1.294,1.29863,49051,0,0
2018-11-13 20:00:00,1.29864,1.2991,1.29436,1.2968199999999999,13839,0,0
2018-11-14 00:00:00,1.29696,1.3035,1.29388,1.30087,13644,0,0
2018-11-14 04:00:00,1.30087,1.30132,1.29819,1.29881,17228,0,0
2018-11-14 08:00:00,1.29883,1.3014000000000001,1.29478,1.29671,31652,0,0
2018-11-14 12:00:00,1.29673,1.2984200000000001,1.2885900000000001,1.29417,36820,0,0
2018-11-14 16:00:00,1.29417,1.30359,1.2917,1.29502,50347,0,0
2018-11-14 20:00:00,1.29497,1.30715,1.28808,1.29895,39880,0,0
2018-11-15 00:00:00,1.29862,1.3003,1.29792,1.29952,9963,0,0
2018-11-15 04:00:00,1.29952,1.30128,1.29938,1.30094,8972,0,0
2018-11-15 08:00:00,1.30094,1.30302,1.27794,1.27874,54330,0,0
2018-11-15 12:00:00,1.27873,1.2837399999999999,1.27503,1.2775699999999999,62875,0,0
2018-11-15 16:00:00,1.2775699999999999,1.28156,1.27295,1.27466,58787,0,0
2018-11-15 20:00:00,1.27464,1.27995,1.2723200000000001,1.27706,19823,0,0
2018-11-16 00:00:00,1.27722,1.27928,1.276,1.27893,9896,0,0
2018-11-16 04:00:00,1.27893,1.27992,1.27814,1.27988,10194,0,0
2018-11-16 08:00:00,1.27979,1.28338,1.2776399999999999,1.27956,37722,0,0
2018-11-16 12:00:00,1.27955,1.28692,1.27935,1.2865199999999999,42010,0,0
2018-11-16 16:00:00,1.28651,1.28776,1.28114,1.28201,34768,0,0
2018-11-16 20:00:00,1.28201,1.28385,1.28168,1.28247,11069,0,0
2018-11-19 00:00:00,1.28438,1.28438,1.28229,1.2836,8715,0,0
2018-11-19 04:00:00,1.2836,1.2840500000000001,1.28199,1.28268,6938,0,0
2018-11-19 08:00:00,1.28268,1.28841,1.2818399999999999,1.2870300000000001,20185,0,0
2018-11-19 12:00:00,1.28701,1.28795,1.2793700000000001,1.28474,29016,0,0
2018-11-19 16:00:00,1.28474,1.28735,1.28233,1.28605,28377,0,0
2018-11-19 20:00:00,1.28605,1.28673,1.28476,1.28514,8604,0,0
2018-11-20 00:00:00,1.28458,1.28728,1.28418,1.28522,8758,0,0
2018-11-20 04:00:00,1.28522,1.28622,1.2848600000000001,1.2856,6972,0,0
2018-11-20 08:00:00,1.2856,1.2881,1.28231,1.2835,25254,0,0
2018-11-20 12:00:00,1.2835,1.2883,1.28292,1.28414,30455,0,0
2018-11-20 16:00:00,1.28414,1.28467,1.27926,1.27961,29253,0,0
2018-11-20 20:00:00,1.2796,1.27969,1.27765,1.27864,11251,0,0
2018-11-21 00:00:00,1.27868,1.27912,1.27762,1.27851,6954,0,0
2018-11-21 04:00:00,1.2785,1.27988,1.27816,1.2798,6366,0,0
2018-11-21 08:00:00,1.2798,1.28196,1.27789,1.27808,21486,0,0
2018-11-21 12:00:00,1.27808,1.28165,1.27724,1.27927,34001,0,0
2018-11-21 16:00:00,1.27929,1.28176,1.27643,1.2785199999999999,26210,0,0
2018-11-21 20:00:00,1.2785199999999999,1.27923,1.27695,1.27771,9066,0,0
2018-11-22 00:00:00,1.27743,1.27838,1.27678,1.27775,6044,0,0
2018-11-22 04:00:00,1.27775,1.27892,1.27769,1.2787,6114,0,0
2018-11-22 08:00:00,1.2787,1.27986,1.2772299999999999,1.27904,14463,0,0
2018-11-22 12:00:00,1.27904,1.29274,1.27898,1.28704,42968,0,0
2018-11-22 16:00:00,1.28704,1.28864,1.28508,1.2873299999999999,23991,0,0
2018-11-22 20:00:00,1.28752,1.28867,1.28604,1.28759,9327,0,0
2018-11-23 00:00:00,1.2875,1.28816,1.28728,1.28772,4435,0,0
2018-11-23 04:00:00,1.2877,1.28827,1.287,1.28722,6443,0,0
2018-11-23 08:00:00,1.28722,1.28818,1.28304,1.28494,27745,0,0
2018-11-23 12:00:00,1.2849300000000001,1.2854700000000001,1.28027,1.28277,34170,0,0
2018-11-23 16:00:00,1.28277,1.28391,1.27986,1.2809300000000001,26453,0,0
2018-11-23 20:00:00,1.2809300000000001,1.28206,1.27979,1.28049,9703,0,0
2018-11-26 00:00:00,1.28228,1.28291,1.27952,1.2800500000000001,8250,0,0
2018-11-26 04:00:00,1.2800500000000001,1.2823,1.27989,1.282,8984,0,0
2018-11-26 08:00:00,1.282,1.2846600000000001,1.2809599999999999,1.28358,34673,0,0
2018-11-26 12:00:00,1.28358,1.28641,1.2833999999999999,1.28561,24308,0,0
2018-11-26 16:00:00,1.2856,1.28565,1.28047,1.2818399999999999,23501,0,0
2018-11-26 20:00:00,1.2818399999999999,1.28208,1.28044,1.2808,7540,0,0
2018-11-27 00:00:00,1.28031,1.28148,1.28031,1.28077,12521,0,0
2018-11-27 04:00:00,1.28077,1.28197,1.2806600000000001,1.28156,9703,0,0
2018-11-27 08:00:00,1.28155,1.28166,1.2734,1.27508,48104,0,0
2018-11-27 12:00:00,1.27507,1.27737,1.27348,1.27691,40086,0,0
2018-11-27 16:00:00,1.27689,1.27776,1.27254,1.2735,32314,0,0
2018-11-27 20:00:00,1.2735,1.2744,1.27279,1.2741500000000001,10565,0,0
2018-11-28 00:00:00,1.27396,1.27461,1.27321,1.27369,8263,0,0
2018-11-28 04:00:00,1.27369,1.27487,1.27369,1.2746,8361,0,0
2018-11-28 08:00:00,1.2746,1.2770000000000001,1.27332,1.27616,24816,0,0
2018-11-28 12:00:00,1.27616,1.2806,1.27612,1.27901,30284,0,0
2018-11-28 16:00:00,1.27902,1.28176,1.27426,1.28047,40504,0,0
2018-11-28 20:00:00,1.28047,1.2847,1.27976,1.28236,17162,0,0
2018-11-29 00:00:00,1.28238,1.2834400000000001,1.2818399999999999,1.28288,8358,0,0
2018-11-29 04:00:00,1.28286,1.28498,1.28264,1.28385,11535,0,0
2018-11-29 08:00:00,1.28386,1.28443,1.27576,1.27804,28783,0,0
2018-11-29 12:00:00,1.27805,1.2789,1.27554,1.27674,35247,0,0
2018-11-29 16:00:00,1.27674,1.2797100000000001,1.27604,1.27786,32404,0,0
2018-11-29 20:00:00,1.27786,1.2788599999999999,1.27641,1.2784,12972,0,0
2018-11-30 00:00:00,1.2785,1.27899,1.27717,1.27789,8260,0,0
2018-11-30 04:00:00,1.27789,1.27872,1.2776399999999999,1.27812,8549,0,0
2018-11-30 08:00:00,1.27812,1.28095,1.27621,1.27638,28648,0,0
2018-11-30 12:00:00,1.27637,1.27682,1.27431,1.2756,37736,0,0
2018-11-30 16:00:00,1.2756,1.27795,1.27349,1.27539,37952,0,0
2018-11-30 20:00:00,1.27539,1.2755,1.2739,1.2753700000000001,9345,0,0
2018-12-03 00:00:00,1.27645,1.2766600000000001,1.2732299999999999,1.276,12327,0,0
2018-12-03 04:00:00,1.276,1.27844,1.276,1.27804,12732,0,0
2018-12-03 08:00:00,1.27804,1.28248,1.27729,1.27801,25972,0,0
2018-12-03 12:00:00,1.27801,1.2781500000000001,1.2699,1.2699799999999999,28810,0,0
2018-12-03 16:00:00,1.2699799999999999,1.27524,1.2698800000000001,1.27409,30335,0,0
2018-12-03 20:00:00,1.27409,1.2741,1.27207,1.27236,12025,0,0
2018-12-04 00:00:00,1.27227,1.27352,1.27196,1.27349,8713,0,0
2018-12-04 04:00:00,1.27349,1.27497,1.2730000000000001,1.27377,13443,0,0
2018-12-04 08:00:00,1.27379,1.28397,1.27237,1.28092,38437,0,0
2018-12-04 12:00:00,1.28092,1.2834699999999999,1.27707,1.27793,32541,0,0
2018-12-04 16:00:00,1.27792,1.278,1.26582,1.27162,47320,0,0
2018-12-04 20:00:00,1.27162,1.27351,1.27095,1.27152,14301,0,0
2018-12-05 00:00:00,1.27111,1.27207,1.27037,1.2705600000000001,11779,0,0
2018-12-05 04:00:00,1.2705600000000001,1.27095,1.2679,1.26807,13419,0,0
2018-12-05 08:00:00,1.26807,1.2748,1.26719,1.27245,24696,0,0
2018-12-05 12:00:00,1.27245,1.27981,1.27237,1.27624,24631,0,0
2018-12-05 16:00:00,1.27623,1.2763499999999999,1.27055,1.27488,23686,0,0
2018-12-05 20:00:00,1.27488,1.27609,1.27261,1.27328,9497,0,0
2018-12-06 00:00:00,1.2732,1.2737,1.27184,1.27254,15860,0,0
2018-12-06 04:00:00,1.27254,1.27311,1.27102,1.27139,13356,0,0
2018-12-06 08:00:00,1.27139,1.2753,1.26993,1.27405,32346,0,0
2018-12-06 12:00:00,1.27405,1.27762,1.27224,1.27543,35244,0,0
2018-12-06 16:00:00,1.27543,1.28119,1.27509,1.27948,48167,0,0
2018-12-06 20:00:00,1.27945,1.27994,1.27713,1.2784,13174,0,0
2018-12-07 00:00:00,1.2775400000000001,1.27901,1.27717,1.27756,12481,0,0
2018-12-07 04:00:00,1.27756,1.27778,1.2763200000000001,1.27649,13940,0,0
2018-12-07 08:00:00,1.27649,1.2776100000000001,1.27341,1.2757100000000001,22514,0,0
2018-12-07 12:00:00,1.2757100000000001,1.27898,1.2745199999999999,1.27712,33475,0,0
2018-12-07 16:00:00,1.27712,1.27732,1.27106,1.27309,39152,0,0
2018-12-07 20:00:00,1.27309,1.27525,1.27209,1.27337,13937,0,0
2018-12-10 00:00:00,1.27035,1.27508,1.2701799999999999,1.27488,17174,0,0
2018-12-10 04:00:00,1.27488,1.27559,1.27393,1.2752,12549,0,0
2018-12-10 08:00:00,1.2752,1.27594,1.2705899999999999,1.27256,28610,0,0
2018-12-10 12:00:00,1.27256,1.27256,1.26116,1.2622,47520,0,0
2018-12-10 16:00:00,1.2622,1.26514,1.2506599999999999,1.25629,51562,0,0
2018-12-10 20:00:00,1.25629,1.2567599999999999,1.25439,1.25599,12508,0,0
2018-12-11 00:00:00,1.2555,1.2574,1.2547,1.25714,9091,0,0
2018-12-11 04:00:00,1.25714,1.25831,1.25698,1.25751,10915,0,0
2018-12-11 08:00:00,1.25751,1.26384,1.25632,1.26174,26595,0,0
2018-12-11 12:00:00,1.26174,1.26348,1.25911,1.26108,32003,0,0
2018-12-11 16:00:00,1.26108,1.2613400000000001,1.24912,1.25155,48712,0,0
2018-12-11 20:00:00,1.25153,1.25349,1.248,1.2488,18481,0,0
2018-12-12 00:00:00,1.2482,1.25077,1.24808,1.25067,14376,0,0
2018-12-12 04:00:00,1.25068,1.25162,1.25015,1.25149,15024,0,0
2018-12-12 08:00:00,1.25149,1.25523,1.2477,1.25351,35853,0,0
2018-12-12 12:00:00,1.25349,1.26215,1.25196,1.26209,49711,0,0
2018-12-12 16:00:00,1.26209,1.2671000000000001,1.26065,1.2650299999999999,50991,0,0
2018-12-12 20:00:00,1.26506,1.26712,1.2592400000000001,1.2625600000000001,24029,0,0
2018-12-13 00:00:00,1.2625,1.26448,1.26059,1.2619500000000001,13041,0,0
2018-12-13 04:00:00,1.2619500000000001,1.2626,1.26099,1.2617,8980,0,0
2018-12-13 08:00:00,1.2617,1.26867,1.26122,1.26623,26589,0,0
2018-12-13 12:00:00,1.26623,1.26825,1.26478,1.26597,28927,0,0
2018-12-13 16:00:00,1.26596,1.26727,1.26133,1.26294,36718,0,0
2018-12-13 20:00:00,1.2629299999999999,1.26714,1.26282,1.26579,13380,0,0
2018-12-14 00:00:00,1.26594,1.2663,1.26303,1.26346,19144,0,0
2018-12-14 04:00:00,1.26346,1.2635100000000001,1.2622200000000001,1.26321,10474,0,0
2018-12-14 08:00:00,1.26321,1.26329,1.2567300000000001,1.2584,31363,0,0
2018-12-14 12:00:00,1.2584,1.26063,1.25298,1.25406,33700,0,0
2018-12-14 16:00:00,1.25407,1.25787,1.2537099999999999,1.25666,28965,0,0
2018-12-14 20:00:00,1.25666,1.25885,1.25643,1.25852,12494,0,0
2018-12-17 00:00:00,1.25998,1.25998,1.25658,1.25779,20640,0,0
2018-12-17 04:00:00,1.2578,1.25848,1.2576800000000001,1.25839,10232,0,0
2018-12-17 08:00:00,1.25839,1.26095,1.25753,1.26002,26716,0,0
2018-12-17 12:00:00,1.26004,1.26468,1.2598,1.26192,33342,0,0
2018-12-17 16:00:00,1.26192,1.26262,1.25925,1.26151,30546,0,0
2018-12-17 20:00:00,1.26151,1.26337,1.26092,1.26143,11271,0,0
2018-12-18 00:00:00,1.2610299999999999,1.26275,1.26099,1.26264,9845,0,0
2018-12-18 04:00:00,1.26264,1.26337,1.26186,1.26274,13981,0,0
2018-12-18 08:00:00,1.26274,1.26623,1.2616,1.26508,28176,0,0
2018-12-18 12:00:00,1.26508,1.27058,1.26366,1.26723,34023,0,0
2018-12-18 16:00:00,1.26724,1.26745,1.26271,1.26325,29431,0,0
2018-12-18 20:00:00,1.26324,1.26506,1.26211,1.264,15372,0,0
2018-12-19 00:00:00,1.26359,1.26704,1.2631700000000001,1.2663,14071,0,0
2018-12-19 04:00:00,1.2663,1.26785,1.2652,1.26608,14461,0,0
2018-12-19 08:00:00,1.26608,1.26792,1.26419,1.26533,28071,0,0
2018-12-19 12:00:00,1.26533,1.26584,1.26064,1.26223,30753,0,0
2018-12-19 16:00:00,1.26223,1.2674699999999999,1.26207,1.26538,35076,0,0
2018-12-19 20:00:00,1.26538,1.26647,1.26079,1.2610700000000001,36774,0,0
2018-12-20 00:00:00,1.26095,1.26277,1.26074,1.26203,14473,0,0
2018-12-20 04:00:00,1.26203,1.26396,1.26165,1.26393,15109,0,0
2018-12-20 08:00:00,1.26393,1.26928,1.26323,1.26858,40986,0,0
2018-12-20 12:00:00,1.26858,1.27072,1.26685,1.26721,41590,0,0
2018-12-20 16:00:00,1.26721,1.26809,1.26254,1.26768,38029,0,0
2018-12-20 20:00:00,1.2677,1.2693699999999999,1.26553,1.26587,18311,0,0
2018-12-21 00:00:00,1.26526,1.26728,1.26463,1.2665600000000001,16758,0,0
2018-12-21 04:00:00,1.2665600000000001,1.2666,1.26437,1.26492,14748,0,0
2018-12-21 08:00:00,1.26497,1.26978,1.2646899999999999,1.26653,30963,0,0
2018-12-21 12:00:00,1.26655,1.2681499999999999,1.26458,1.26575,41267,0,0
2018-12-21 16:00:00,1.26575,1.26936,1.2631299999999999,1.26391,51286,0,0
2018-12-21 20:00:00,1.26393,1.26454,1.26177,1.26365,13542,0,0
2018-12-24 00:00:00,1.26448,1.26602,1.26382,1.26581,9052,0,0
2018-12-24 04:00:00,1.26581,1.26804,1.26563,1.26696,8403,0,0
2018-12-24 08:00:00,1.26696,1.26816,1.2648,1.26494,20439,0,0
2018-12-24 12:00:00,1.26494,1.26946,1.2634699999999999,1.26887,26447,0,0
2018-12-24 16:00:00,1.26886,1.27385,1.2688,1.27165,43460,0,0
2018-12-24 20:00:00,1.27165,1.27309,1.26863,1.26969,4783,0,0
2018-12-26 00:00:00,1.26748,1.2698,1.26601,1.26958,13037,0,0
2018-12-26 04:00:00,1.26958,1.27189,1.26947,1.2699099999999999,9364,0,0
2018-12-26 08:00:00,1.2699099999999999,1.27141,1.26861,1.26905,11010,0,0
2018-12-26 12:00:00,1.26905,1.2691,1.26676,1.26872,14112,0,0
2018-12-26 16:00:00,1.26872,1.26986,1.26401,1.26417,18553,0,0
2018-12-26 20:00:00,1.2641499999999999,1.26507,1.26306,1.26342,11760,0,0
2018-12-27 00:00:00,1.26323,1.26611,1.26285,1.26563,28321,0,0
2018-12-27 04:00:00,1.2656100000000001,1.26666,1.26515,1.26543,34229,0,0
2018-12-27 08:00:00,1.26543,1.26647,1.26245,1.26274,37855,0,0
2018-12-27 12:00:00,1.26274,1.2652,1.26155,1.26348,38667,0,0
2018-12-27 16:00:00,1.2634699999999999,1.2674699999999999,1.2624,1.26375,38335,0,0
2018-12-27 20:00:00,1.26375,1.26583,1.26264,1.2643900000000001,19617,0,0
2018-12-28 00:00:00,1.26394,1.26577,1.26377,1.26555,9562,0,0
2018-12-28 04:00:00,1.26554,1.26721,1.26546,1.26635,12587,0,0
2018-12-28 08:00:00,1.26635,1.26693,1.2635100000000001,1.26438,18699,0,0
2018-12-28 12:00:00,1.26438,1.26989,1.26382,1.26821,22584,0,0
2018-12-28 16:00:00,1.26822,1.2707600000000001,1.26722,1.26987,30059,0,0
2018-12-28 20:00:00,1.26987,1.27063,1.2686600000000001,1.26956,10813,0,0
2018-12-31 00:00:00,1.26942,1.27032,1.26844,1.26851,8137,0,0
2018-12-31 04:00:00,1.26852,1.26923,1.2684199999999999,1.26883,6980,0,0
2018-12-31 08:00:00,1.26884,1.27459,1.26802,1.2738,19141,0,0
2018-12-31 12:00:00,1.2738,1.28113,1.27375,1.27873,22495,0,0
2018-12-31 16:00:00,1.27874,1.28149,1.2719,1.27457,30232,0,0
2018-12-31 20:00:00,1.2745600000000001,1.2751700000000001,1.27295,1.2739500000000001,3155,0,0
2019-01-02 00:00:00,1.27469,1.27545,1.27322,1.27451,8783,0,0
2019-01-02 04:00:00,1.27451,1.2757399999999999,1.2723,1.27561,10661,0,0
2019-01-02 08:00:00,1.27561,1.27729,1.2687599999999999,1.26889,29017,0,0
2019-01-02 12:00:00,1.26889,1.27026,1.26028,1.26092,33024,0,0
2019-01-02 16:00:00,1.26092,1.2625899999999999,1.25811,1.25865,40593,0,0
2019-01-02 20:00:00,1.25866,1.2616399999999999,1.25854,1.26099,12812,0,0
2019-01-03 00:00:00,1.26054,1.26077,1.23964,1.25475,16814,0,0
2019-01-03 04:00:00,1.25475,1.25599,1.2540200000000001,1.2545899999999999,13061,0,0
2019-01-03 08:00:00,1.2545899999999999,1.25875,1.25387,1.25808,29903,0,0
2019-01-03 12:00:00,1.25808,1.25996,1.2551,1.25902,30569,0,0
2019-01-03 16:00:00,1.25902,1.26475,1.25766,1.26429,50336,0,0
2019-01-03 20:00:00,1.26428,1.2646600000000001,1.26235,1.26373,15253,0,0
2019-01-04 00:00:00,1.26284,1.26454,1.26159,1.26406,15428,0,0
2019-01-04 04:00:00,1.26406,1.26434,1.26282,1.2634400000000001,9854,0,0
2019-01-04 08:00:00,1.2634400000000001,1.26823,1.26274,1.26719,21455,0,0
2019-01-04 12:00:00,1.26716,1.2695,1.26326,1.26434,27741,0,0
2019-01-04 16:00:00,1.26434,1.27441,1.2617,1.27259,47709,0,0
2019-01-04 20:00:00,1.27259,1.27446,1.2719,1.27253,14971,0,0
2019-01-07 00:00:00,1.27215,1.27454,1.27105,1.2742200000000001,9478,0,0
2019-01-07 04:00:00,1.2742200000000001,1.27509,1.27394,1.27485,7722,0,0
2019-01-07 08:00:00,1.27485,1.27652,1.27204,1.27502,20032,0,0
2019-01-07 12:00:00,1.27502,1.2768,1.27265,1.27653,19624,0,0
2019-01-07 16:00:00,1.27653,1.27869,1.2752,1.27744,28155,0,0
2019-01-07 20:00:00,1.27744,1.27799,1.27631,1.27743,10563,0,0
2019-01-08 00:00:00,1.278,1.2789,1.2764199999999999,1.27652,8479,0,0
2019-01-08 04:00:00,1.27652,1.27737,1.27539,1.27634,9107,0,0
2019-01-08 08:00:00,1.27633,1.2797399999999999,1.27461,1.27667,20734,0,0
2019-01-08 12:00:00,1.27667,1.278,1.27281,1.27352,21308,0,0
2019-01-08 16:00:00,1.27355,1.27469,1.27082,1.2723,25654,0,0
2019-01-08 20:00:00,1.2723,1.27256,1.27066,1.27142,9275,0,0
2019-01-09 00:00:00,1.27124,1.27489,1.27082,1.27375,12258,0,0
2019-01-09 04:00:00,1.27375,1.2748599999999999,1.2732700000000001,1.27421,11777,0,0
2019-01-09 08:00:00,1.27417,1.27773,1.27298,1.27533,21105,0,0
2019-01-09 12:00:00,1.27533,1.27568,1.27157,1.27367,22635,0,0
2019-01-09 16:00:00,1.27367,1.28037,1.27345,1.2775400000000001,47896,0,0
2019-01-09 20:00:00,1.2775400000000001,1.2803499999999999,1.2772299999999999,1.27887,23489,0,0
2019-01-10 00:00:00,1.27875,1.28012,1.27745,1.2785199999999999,12966,0,0
2019-01-10 04:00:00,1.2785199999999999,1.27984,1.27768,1.2787,12714,0,0
2019-01-10 08:00:00,1.2787,1.27939,1.27475,1.2763200000000001,22715,0,0
2019-01-10 12:00:00,1.2763200000000001,1.27786,1.27278,1.27622,24607,0,0
2019-01-10 16:00:00,1.27622,1.27809,1.27401,1.27506,30469,0,0
2019-01-10 20:00:00,1.27506,1.27648,1.27409,1.27509,15160,0,0
2019-01-11 00:00:00,1.27467,1.27592,1.27385,1.27555,11818,0,0
2019-01-11 04:00:00,1.27554,1.27683,1.27514,1.2761,11491,0,0
2019-01-11 08:00:00,1.2761,1.27641,1.27098,1.27524,18854,0,0
2019-01-11 12:00:00,1.27525,1.28516,1.27482,1.28236,36345,0,0
2019-01-11 16:00:00,1.2824,1.28659,1.27756,1.28592,38480,0,0
2019-01-11 20:00:00,1.28592,1.28626,1.2832,1.28358,12625,0,0
2019-01-14 00:00:00,1.28504,1.28641,1.28457,1.28571,9146,0,0
2019-01-14 04:00:00,1.28571,1.28594,1.2840799999999999,1.28505,8818,0,0
2019-01-14 08:00:00,1.28505,1.2859099999999999,1.28183,1.28345,23589,0,0
2019-01-14 12:00:00,1.28345,1.2879399999999999,1.28272,1.28451,31339,0,0
2019-01-14 16:00:00,1.28451,1.29308,1.28389,1.28894,32203,0,0
2019-01-14 20:00:00,1.28894,1.28924,1.28524,1.28685,10005,0,0
2019-01-15 00:00:00,1.28663,1.2915,1.2859099999999999,1.28982,7520,0,0
2019-01-15 04:00:00,1.28982,1.29157,1.28918,1.29152,8114,0,0
2019-01-15 08:00:00,1.29152,1.29152,1.2847,1.28671,30206,0,0
2019-01-15 12:00:00,1.28671,1.28739,1.28277,1.28517,33176,0,0
2019-01-15 16:00:00,1.2852000000000001,1.28528,1.27224,1.2730299999999999,43465,0,0
2019-01-15 20:00:00,1.2730299999999999,1.28899,1.2668300000000001,1.28597,43451,0,0
2019-01-16 00:00:00,1.28571,1.28727,1.2824900000000001,1.28361,10991,0,0
2019-01-16 04:00:00,1.28361,1.28735,1.28354,1.28674,8828,0,0
2019-01-16 08:00:00,1.28673,1.28955,1.28422,1.28753,30851,0,0
2019-01-16 12:00:00,1.28752,1.28905,1.2840799999999999,1.28499,29771,0,0
2019-01-16 16:00:00,1.28499,1.28948,1.2843,1.28534,27813,0,0
2019-01-16 20:00:00,1.28532,1.28975,1.28458,1.28789,17449,0,0
2019-01-17 00:00:00,1.28784,1.28906,1.28765,1.28849,19929,50,0
2019-01-17 04:00:00,1.28847,1.28872,1.2864200000000001,1.28785,15120,50,0
2019-01-17 08:00:00,1.28785,1.28841,1.28322,1.28797,36719,50,0
2019-01-17 12:00:00,1.2880099999999999,1.29242,1.28697,1.29136,32206,0,0
2019-01-17 16:00:00,1.29136,1.29644,1.28827,1.29618,30489,0,0
2019-01-17 20:00:00,1.29617,1.30009,1.296,1.29857,19967,0,0
2019-01-18 00:00:00,1.29843,1.29928,1.2966199999999999,1.2986,10360,0,0
2019-01-18 04:00:00,1.2986,1.29932,1.29676,1.29757,8401,0,0
2019-01-18 08:00:00,1.29757,1.29862,1.29269,1.2939,19680,0,0
2019-01-18 12:00:00,1.2939,1.2962099999999999,1.2927,1.2929599999999999,21538,0,0
2019-01-18 16:00:00,1.2929599999999999,1.29393,1.28802,1.28864,30459,0,0
2019-01-18 20:00:00,1.28865,1.28934,1.28567,1.28729,13028,0,0
2019-01-21 00:00:00,1.28761,1.28791,1.28478,1.2865,9382,0,0
2019-01-21 04:00:00,1.2865,1.2871299999999999,1.28575,1.28684,9251,0,0
2019-01-21 08:00:00,1.28684,1.28783,1.28307,1.28352,17357,0,0
2019-01-21 12:00:00,1.28352,1.28861,1.28311,1.28606,18159,0,0
2019-01-21 16:00:00,1.28606,1.29108,1.28467,1.28962,18053,0,0
2019-01-21 20:00:00,1.28962,1.28969,1.28833,1.28912,7562,0,0
2019-01-22 00:00:00,1.28902,1.28997,1.28863,1.28878,8847,0,0
2019-01-22 04:00:00,1.28877,1.2894,1.2871000000000001,1.28728,11875,0,0
2019-01-22 08:00:00,1.28729,1.2919800000000001,1.28553,1.29135,21839,0,0
2019-01-22 12:00:00,1.2913700000000001,1.29278,1.28901,1.29219,21737,0,0
2019-01-22 16:00:00,1.29218,1.29717,1.29122,1.29639,25093,0,0
2019-01-22 20:00:00,1.29639,1.29753,1.29519,1.29568,11392,0,0
2019-01-23 00:00:00,1.29563,1.2962799999999999,1.2949,1.29509,10408,0,0
2019-01-23 04:00:00,1.29509,1.29647,1.29443,1.29481,9467,0,0
2019-01-23 08:00:00,1.29481,1.30044,1.29426,1.29859,24847,0,0
2019-01-23 12:00:00,1.29859,1.30423,1.29685,1.30311,31262,0,0
2019-01-23 16:00:00,1.30311,1.3081,1.30254,1.30664,26282,0,0
2019-01-23 20:00:00,1.30666,1.30743,1.30595,1.30684,9884,0,0
2019-01-24 00:00:00,1.30674,1.30941,1.30655,1.30804,9295,0,0
2019-01-24 04:00:00,1.30803,1.3082,1.3069,1.30746,9549,0,0
2019-01-24 08:00:00,1.30746,1.30798,1.30271,1.30462,29682,0,0
2019-01-24 12:00:00,1.30462,1.30493,1.30122,1.3035999999999999,30492,0,0
2019-01-24 16:00:00,1.30358,1.30579,1.30144,1.30169,31791,0,0
2019-01-24 20:00:00,1.30169,1.30663,1.30133,1.3063,12371,0,0
2019-01-25 00:00:00,1.30636,1.31284,1.30584,1.31015,16212,0,0
2019-01-25 04:00:00,1.31015,1.31392,1.30998,1.31276,10748,0,0
2019-01-25 08:00:00,1.31276,1.31287,1.307,1.3084,30550,0,0
2019-01-25 12:00:00,1.30838,1.3112599999999999,1.30619,1.3088600000000001,26654,0,0
2019-01-25 16:00:00,1.3088600000000001,1.31772,1.30831,1.31755,35822,0,0
2019-01-25 20:00:00,1.31755,1.32179,1.31701,1.31983,14418,0,0
2019-01-28 00:00:00,1.31836,1.32117,1.31836,1.3197,9732,0,0
2019-01-28 04:00:00,1.3197,1.32063,1.31897,1.31916,6922,0,0
2019-01-28 08:00:00,1.31916,1.3195700000000001,1.31521,1.3158699999999999,21559,0,0
2019-01-28 12:00:00,1.3158699999999999,1.31873,1.31382,1.31644,21047,0,0
2019-01-28 16:00:00,1.3164500000000001,1.31798,1.3136999999999999,1.31685,25659,0,0
2019-01-28 20:00:00,1.31685,1.3174000000000001,1.3155299999999999,1.31558,9254,0,0
2019-01-29 00:00:00,1.31552,1.31602,1.31413,1.31498,9812,0,0
2019-01-29 04:00:00,1.31498,1.31558,1.31466,1.31528,7746,0,0
2019-01-29 08:00:00,1.31528,1.3176999999999999,1.31295,1.3167200000000001,23526,0,0
2019-01-29 12:00:00,1.3167200000000001,1.31956,1.31444,1.3191,30256,0,0
2019-01-29 16:00:00,1.3191,1.31999,1.31242,1.31365,38969,0,0
2019-01-29 20:00:00,1.31365,1.31688,1.30559,1.3066200000000001,40782,0,0
2019-01-30 00:00:00,1.3066200000000001,1.30949,1.3060399999999999,1.30937,8357,0,0
2019-01-30 04:00:00,1.30937,1.30991,1.30833,1.30961,11683,0,0
2019-01-30 08:00:00,1.30959,1.31215,1.30645,1.31088,26354,0,0
2019-01-30 12:00:00,1.31088,1.3115999999999999,1.3069600000000001,1.3078699999999999,21864,0,0
2019-01-30 16:00:00,1.3079,1.30885,1.30545,1.30623,23094,0,0
2019-01-30 20:00:00,1.30623,1.31453,1.30563,1.31147,26958,0,0
2019-01-31 00:00:00,1.31163,1.31266,1.31047,1.31182,9099,0,0
2019-01-31 04:00:00,1.31182,1.31372,1.31156,1.31274,8793,0,0
2019-01-31 08:00:00,1.31273,1.31568,1.31129,1.31177,24278,0,0
2019-01-31 12:00:00,1.31177,1.31491,1.3107199999999999,1.3118,22933,0,0
2019-01-31 16:00:00,1.31181,1.31603,1.30976,1.31217,30946,0,0
2019-01-31 20:00:00,1.31223,1.31229,1.30978,1.31107,10590,0,0
2019-02-01 00:00:00,1.31051,1.31134,1.30944,1.31016,10173,0,0
2019-02-01 04:00:00,1.31016,1.3103,1.3077,1.30988,8668,0,0
2019-02-01 08:00:00,1.30988,1.31149,1.30456,1.3046,19522,0,0
2019-02-01 12:00:00,1.3046,1.30724,1.30433,1.30622,25096,0,0
2019-02-01 16:00:00,1.30622,1.31018,1.3053,1.30844,26523,0,0
2019-02-01 20:00:00,1.30844,1.3086,1.30692,1.30824,9093,0,0
2019-02-04 00:00:00,1.30685,1.30836,1.30614,1.30804,10773,0,0
2019-02-04 04:00:00,1.30804,1.30851,1.30667,1.30741,7563,0,0
2019-02-04 08:00:00,1.30741,1.30962,1.30495,1.30634,16278,0,0
2019-02-04 12:00:00,1.30634,1.30689,1.3044,1.3054299999999999,17818,0,0
2019-02-04 16:00:00,1.3054299999999999,1.31034,1.30406,1.30441,24570,0,0
2019-02-04 20:00:00,1.30441,1.30506,1.30289,1.30373,9861,0,0
2019-02-05 00:00:00,1.30338,1.30444,1.3026499999999999,1.30375,5131,0,0
2019-02-05 04:00:00,1.30374,1.3042799999999999,1.30327,1.30381,6585,0,0
2019-02-05 08:00:00,1.30381,1.30517,1.30126,1.3017,15283,0,0
2019-02-05 12:00:00,1.3017,1.30233,1.29837,1.29846,18463,0,0
2019-02-05 16:00:00,1.29846,1.29924,1.29249,1.29459,24389,0,0
2019-02-05 20:00:00,1.29459,1.29577,1.29458,1.29505,7316,0,0
2019-02-06 00:00:00,1.29497,1.2962099999999999,1.29375,1.29551,11466,0,0
2019-02-06 04:00:00,1.29551,1.2959399999999999,1.29486,1.29544,9455,0,0
2019-02-06 08:00:00,1.29544,1.29735,1.29246,1.29645,18392,0,0
2019-02-06 12:00:00,1.29645,1.29691,1.2945,1.2962,18941,0,0
2019-02-06 16:00:00,1.2962,1.29792,1.29426,1.29519,18727,0,0
2019-02-06 20:00:00,1.29519,1.29521,1.29282,1.2928600000000001,9209,0,0
2019-02-07 00:00:00,1.2929300000000001,1.29622,1.29268,1.29303,9126,0,0
2019-02-07 04:00:00,1.29303,1.29348,1.29258,1.29325,6398,0,0
2019-02-07 08:00:00,1.29325,1.29397,1.28961,1.29073,17581,0,0
2019-02-07 12:00:00,1.2907199999999999,1.29704,1.28543,1.29697,30257,0,0
2019-02-07 16:00:00,1.29698,1.29966,1.29596,1.29633,23161,0,0
2019-02-07 20:00:00,1.29633,1.29705,1.29464,1.29513,10277,0,0
2019-02-08 00:00:00,1.2947600000000001,1.2958,1.2943,1.29465,7735,0,0
2019-02-08 04:00:00,1.29465,1.29529,1.29422,1.29502,6375,0,0
2019-02-08 08:00:00,1.29502,1.29544,1.29213,1.29321,15861,0,0
2019-02-08 12:00:00,1.29321,1.29762,1.29314,1.2965200000000001,16799,0,0
2019-02-08 16:00:00,1.2965200000000001,1.29694,1.2928899999999999,1.29304,18920,0,0
2019-02-08 20:00:00,1.29304,1.29432,1.29267,1.2941099999999999,6399,0,0
2019-02-11 00:00:00,1.2933,1.2939,1.2925200000000001,1.2935400000000001,5500,0,0
2019-02-11 04:00:00,1.2935400000000001,1.29367,1.2926199999999999,1.29325,5667,0,0
2019-02-11 08:00:00,1.29325,1.29389,1.28942,1.28999,24473,0,0
2019-02-11 12:00:00,1.28999,1.29375,1.28841,1.28909,24847,0,0
2019-02-11 16:00:00,1.28909,1.28943,1.28502,1.2851,20539,0,0
2019-02-11 20:00:00,1.2851,1.28634,1.28449,1.28604,6505,0,0
2019-02-12 00:00:00,1.28568,1.287,1.2848899999999999,1.28683,9603,0,0
2019-02-12 04:00:00,1.28683,1.28705,1.286,1.28622,4348,0,0
2019-02-12 08:00:00,1.28622,1.28851,1.28324,1.28472,20035,0,0
2019-02-12 12:00:00,1.28472,1.28872,1.28363,1.28797,20096,0,0
2019-02-12 16:00:00,1.288,1.28958,1.28696,1.28884,19913,0,0
2019-02-12 20:00:00,1.28884,1.29095,1.28883,1.28945,7231,0,0
2019-02-13 00:00:00,1.2892000000000001,1.28998,1.28873,1.2899,9804,0,0
2019-02-13 04:00:00,1.2899,1.29157,1.28956,1.29153,8827,0,0
2019-02-13 08:00:00,1.29153,1.2922799999999999,1.28821,1.28861,22380,0,0
2019-02-13 12:00:00,1.28861,1.29588,1.28738,1.28952,27175,0,0
2019-02-13 16:00:00,1.28952,1.29108,1.28492,1.2854999999999999,21541,0,0
2019-02-13 20:00:00,1.2854999999999999,1.28662,1.2845,1.28453,7737,0,0
2019-02-14 00:00:00,1.28441,1.28576,1.28431,1.28526,5707,0,0
2019-02-14 04:00:00,1.28526,1.28701,1.28526,1.28687,7190,0,0
2019-02-14 08:00:00,1.28687,1.28777,1.28133,1.28334,21406,0,0
2019-02-14 12:00:00,1.28334,1.28473,1.27982,1.2828,28714,0,0
2019-02-14 16:00:00,1.2828,1.28299,1.2772999999999999,1.28047,32149,0,0
2019-02-14 20:00:00,1.28045,1.28048,1.27895,1.27994,7738,0,0
2019-02-15 00:00:00,1.27984,1.28021,1.27891,1.27934,7608,0,0
2019-02-15 04:00:00,1.27934,1.2800799999999999,1.279,1.27996,5066,0,0
2019-02-15 08:00:00,1.27996,1.28229,1.27848,1.2812299999999999,20632,0,0
2019-02-15 12:00:00,1.2812299999999999,1.28314,1.2788599999999999,1.2809,24515,0,0
2019-02-15 16:00:00,1.2809,1.2881,1.2803,1.2869,27214,0,0
2019-02-15 20:00:00,1.2869,1.28983,1.2867600000000001,1.28881,9655,0,0
2019-02-18 00:00:00,1.2904200000000001,1.29115,1.28999,1.291,7414,0,0
2019-02-18 04:00:00,1.29101,1.29204,1.29064,1.29082,8399,0,0
2019-02-18 08:00:00,1.29082,1.29265,1.2891599999999999,1.29136,19624,0,0
2019-02-18 12:00:00,1.2913700000000001,1.29386,1.29063,1.29175,17317,0,0
2019-02-18 16:00:00,1.2917399999999999,1.29353,1.29143,1.2925499999999999,13464,0,0
2019-02-18 20:00:00,1.29253,1.293,1.29203,1.2922500000000001,20102,0,0
2019-02-19 00:00:00,1.29184,1.29258,1.29006,1.29057,5542,0,0
2019-02-19 04:00:00,1.29057,1.29071,1.28958,1.29034,6330,0,0
2019-02-19 08:00:00,1.29035,1.29349,1.2899,1.2919800000000001,17425,0,0
2019-02-19 12:00:00,1.2919800000000001,1.2959,1.29031,1.29511,21442,0,0
2019-02-19 16:00:00,1.29512,1.30666,1.2949,1.30605,32080,0,0
2019-02-19 20:00:00,1.30605,1.3073000000000001,1.30511,1.3063500000000001,10808,0,0
2019-02-20 00:00:00,1.30598,1.30766,1.30549,1.3075,9159,0,0
2019-02-20 04:00:00,1.3075,1.30752,1.30511,1.3054299999999999,7577,0,0
2019-02-20 08:00:00,1.3054299999999999,1.3058,1.30257,1.30393,20906,0,0
2019-02-20 12:00:00,1.30393,1.30472,1.3012000000000001,1.30362,22755,0,0
2019-02-20 16:00:00,1.30362,1.30945,1.30202,1.30872,31304,0,0
2019-02-20 20:00:00,1.30872,1.3109199999999999,1.30366,1.305,17170,0,0
2019-02-21 00:00:00,1.30492,1.30573,1.3027199999999999,1.30313,8719,0,0
2019-02-21 04:00:00,1.30313,1.3051599999999999,1.30268,1.30305,12126,0,0
2019-02-21 08:00:00,1.30305,1.30876,1.30261,1.3066499999999999,30802,0,0
2019-02-21 12:00:00,1.3066499999999999,1.30954,1.30323,1.30871,31297,0,0
2019-02-21 16:00:00,1.30871,1.30897,1.3027,1.30373,25535,0,0
2019-02-21 20:00:00,1.30373,1.30411,1.30312,1.30359,7652,0,0
2019-02-22 00:00:00,1.30362,1.30468,1.30268,1.30368,8809,0,0
2019-02-22 04:00:00,1.30368,1.30402,1.3026200000000001,1.30339,6715,0,0
2019-02-22 08:00:00,1.30339,1.30514,1.30144,1.30189,20377,0,0
2019-02-22 12:00:00,1.30188,1.3027199999999999,1.2968199999999999,1.29944,24251,0,0
2019-02-22 16:00:00,1.29942,1.308,1.29904,1.3068,30175,0,0
2019-02-22 20:00:00,1.3068,1.30731,1.30469,1.30552,9815,0,0
2019-02-25 00:00:00,1.30701,1.30759,1.30488,1.30678,8773,0,0
2019-02-25 04:00:00,1.30678,1.30709,1.30619,1.30707,7637,0,0
2019-02-25 08:00:00,1.30707,1.30988,1.3057699999999999,1.30815,21634,0,0
2019-02-25 12:00:00,1.30815,1.30955,1.30618,1.30667,21426,0,0
2019-02-25 16:00:00,1.30667,1.30999,1.3050899999999999,1.30832,30605,0,0
2019-02-25 20:00:00,1.30832,1.31141,1.30742,1.30961,8836,0,0
2019-02-26 00:00:00,1.30958,1.31488,1.30946,1.3129,8195,0,0
2019-02-26 04:00:00,1.3129,1.31485,1.3124500000000001,1.3129,7234,0,0
2019-02-26 08:00:00,1.3129,1.31877,1.31249,1.31819,24696,0,0
2019-02-26 12:00:00,1.3182,1.32382,1.31766,1.31806,43531,0,0
2019-02-26 16:00:00,1.31806,1.3283800000000001,1.3141,1.32515,46963,0,0
2019-02-26 20:00:00,1.32517,1.32881,1.32413,1.3250600000000001,12794,0,0
2019-02-27 00:00:00,1.32504,1.32616,1.32477,1.32487,12652,0,0
2019-02-27 04:00:00,1.32487,1.32527,1.32407,1.32469,16002,0,0
2019-02-27 08:00:00,1.32469,1.3287200000000001,1.32331,1.32816,25752,0,0
2019-02-27 12:00:00,1.32816,1.3336700000000001,1.32756,1.33148,30984,0,0
2019-02-27 16:00:00,1.33148,1.33501,1.32914,1.33018,37888,0,0
2019-02-27 20:00:00,1.33018,1.33138,1.32949,1.33087,9444,0,0
2019-02-28 00:00:00,1.3305799999999999,1.33192,1.33047,1.33113,5633,0,0
2019-02-28 04:00:00,1.33113,1.3315000000000001,1.3296000000000001,1.3305,6223,0,0
2019-02-28 08:00:00,1.3305,1.33114,1.3273,1.33011,26088,0,0
2019-02-28 12:00:00,1.33012,1.3318400000000001,1.32796,1.32854,27775,0,0
2019-02-28 16:00:00,1.32854,1.33163,1.32534,1.32653,37839,0,0
2019-02-28 20:00:00,1.32653,1.32756,1.32572,1.32616,9995,0,0
2019-03-01 00:00:00,1.32619,1.32664,1.32527,1.3264,6387,0,0
2019-03-01 04:00:00,1.3264,1.32641,1.32548,1.32556,5642,0,0
2019-03-01 08:00:00,1.32555,1.32623,1.3231,1.32432,21105,0,0
2019-03-01 12:00:00,1.32431,1.3254000000000001,1.32189,1.32281,27838,0,0
2019-03-01 16:00:00,1.32286,1.32864,1.32031,1.3205,35094,0,0
2019-03-01 20:00:00,1.3205,1.32185,1.31719,1.3208199999999999,13664,0,0
2019-03-04 00:00:00,1.32435,1.32514,1.32282,1.3237,7389,0,0
2019-03-04 04:00:00,1.3237,1.32427,1.32272,1.32291,5204,0,0
2019-03-04 08:00:00,1.32291,1.3254299999999999,1.32246,1.32426,18591,0,0
2019-03-04 12:00:00,1.32426,1.32449,1.3180399999999999,1.32093,21942,0,0
2019-03-04 16:00:00,1.32094,1.32098,1.31664,1.31822,17571,0,0
2019-03-04 20:00:00,1.31822,1.31854,1.31667,1.31813,6289,0,0
2019-03-05 00:00:00,1.31738,1.31812,1.31678,1.31718,7333,0,0
2019-03-05 04:00:00,1.31718,1.31748,1.3149899999999999,1.31609,7423,0,0
2019-03-05 08:00:00,1.31608,1.31985,1.31509,1.31867,17183,0,0
2019-03-05 12:00:00,1.3186499999999999,1.31888,1.30979,1.3118,21710,0,0
2019-03-05 16:00:00,1.31186,1.31603,1.3107,1.3152,24038,0,0
2019-03-05 20:00:00,1.3152,1.31799,1.31508,1.31788,7849,0,0
2019-03-06 00:00:00,1.3176700000000001,1.31788,1.31432,1.31503,8494,0,0
2019-03-06 04:00:00,1.31503,1.31548,1.3124,1.31363,5743,0,0
2019-03-06 08:00:00,1.31365,1.31551,1.3125200000000001,1.31476,14081,0,0
2019-03-06 12:00:00,1.31475,1.31609,1.3127499999999999,1.3136999999999999,18932,0,0
2019-03-06 16:00:00,1.3136999999999999,1.31738,1.31315,1.3165200000000001,22656,0,0
2019-03-06 20:00:00,1.3165200000000001,1.31813,1.31567,1.317,8107,0,0
2019-03-07 00:00:00,1.31685,1.31844,1.31644,1.31757,3578,0,0
2019-03-07 04:00:00,1.31756,1.31849,1.31755,1.31815,4995,0,0
2019-03-07 08:00:00,1.31815,1.3182800000000001,1.31522,1.31651,15916,0,0
2019-03-07 12:00:00,1.3165,1.31662,1.31076,1.31178,22963,0,0
2019-03-07 16:00:00,1.31178,1.3152,1.30885,1.3128600000000001,24930,0,0
2019-03-07 20:00:00,1.31285,1.31288,1.30681,1.30812,8499,0,0
2019-03-08 00:00:00,1.3082799999999999,1.30936,1.30782,1.30863,4967,0,0
2019-03-08 04:00:00,1.30863,1.30994,1.30842,1.30892,7102,0,0
2019-03-08 08:00:00,1.30892,1.31082,1.30751,1.3087900000000001,15377,0,0
2019-03-08 12:00:00,1.3087900000000001,1.30904,1.30523,1.30736,22548,0,0
2019-03-08 16:00:00,1.30736,1.3087,1.2989899999999999,1.30099,30733,0,0
2019-03-08 20:00:00,1.30095,1.30188,1.2998,1.30164,7787,0,0
2019-03-11 00:00:00,1.29676,1.2993999999999999,1.29604,1.29676,5624,0,0
2019-03-11 04:00:00,1.29676,1.2979,1.29633,1.29789,5654,0,0
2019-03-11 08:00:00,1.29789,1.3018100000000001,1.29753,1.29992,11767,0,0
2019-03-11 12:00:00,1.29992,1.3061,1.29618,1.30485,23732,0,0
2019-03-11 16:00:00,1.30485,1.3130899999999999,1.3036699999999999,1.3130899999999999,30929,0,0
2019-03-11 20:00:00,1.3130899999999999,1.31705,1.31239,1.31503,16911,0,0
2019-03-12 00:00:00,1.31506,1.3288,1.31461,1.32224,14173,0,0
2019-03-12 04:00:00,1.32224,1.32257,1.32023,1.32053,5109,0,0
2019-03-12 08:00:00,1.32053,1.32425,1.31961,1.32222,15490,0,0
2019-03-12 12:00:00,1.32222,1.3232599999999999,1.3005,1.30908,37072,0,0
2019-03-12 16:00:00,1.30908,1.3146499999999999,1.30674,1.3076699999999999,26511,0,0
2019-03-12 20:00:00,1.30766,1.31485,1.30499,1.30714,18385,0,0
2019-03-13 00:00:00,1.3071,1.30849,1.30598,1.3073299999999999,5516,0,0
2019-03-13 04:00:00,1.3073299999999999,1.30928,1.3073000000000001,1.30859,6122,0,0
2019-03-13 08:00:00,1.30858,1.31567,1.30857,1.31519,15857,0,0
2019-03-13 12:00:00,1.31519,1.3174299999999999,1.31307,1.31692,19990,0,0
2019-03-13 16:00:00,1.3169,1.32314,1.31575,1.32139,28176,0,0
2019-03-13 20:00:00,1.32139,1.33813,1.32016,1.33378,20447,0,0
2019-03-14 00:00:00,1.33361,1.33378,1.32697,1.32833,7966,0,0
2019-03-14 04:00:00,1.32833,1.32839,1.32394,1.3241,8998,0,0
2019-03-14 08:00:00,1.3241,1.33312,1.32399,1.33068,17662,0,0
2019-03-14 12:00:00,1.33068,1.33069,1.32076,1.32757,30006,0,0
2019-03-14 16:00:00,1.32757,1.3287,1.32237,1.32693,21596,0,0
2019-03-14 20:00:00,1.32693,1.32876,1.32112,1.32408,12305,0,0
2019-03-15 00:00:00,1.32407,1.3265799999999999,1.32141,1.3242,8255,0,0
2019-03-15 04:00:00,1.3242,1.32561,1.32317,1.32442,5995,0,0
2019-03-15 08:00:00,1.32442,1.3256999999999999,1.32029,1.32453,13375,0,0
2019-03-15 12:00:00,1.32453,1.3277700000000001,1.32324,1.3235000000000001,20694,0,0
2019-03-15 16:00:00,1.3235000000000001,1.32999,1.3229899999999999,1.32925,26609,0,0
2019-03-15 20:00:00,1.32925,1.32978,1.32754,1.32925,8461,0,0
2019-03-18 00:00:00,1.32952,1.33002,1.32891,1.32903,3471,0,0
2019-03-18 04:00:00,1.32903,1.32991,1.32846,1.32882,6666,0,0
2019-03-18 08:00:00,1.32882,1.3299699999999999,1.32559,1.3262399999999999,13996,0,0
2019-03-18 12:00:00,1.32618,1.3274599999999999,1.32282,1.32423,20816,0,0
2019-03-18 16:00:00,1.32423,1.3253300000000001,1.31843,1.32272,21568,0,0
2019-03-18 20:00:00,1.32272,1.3259400000000001,1.32193,1.3253,8149,0,0
2019-03-19 00:00:00,1.32534,1.32702,1.32431,1.32627,5802,0,0
2019-03-19 04:00:00,1.32627,1.32806,1.32603,1.3274599999999999,6193,0,0
2019-03-19 08:00:00,1.32747,1.32764,1.32561,1.3262,11312,0,0
2019-03-19 12:00:00,1.3262,1.33109,1.32581,1.3271,21789,0,0
2019-03-19 16:00:00,1.3271,1.3287499999999999,1.32412,1.32755,22885,0,0
2019-03-19 20:00:00,1.32755,1.32819,1.3263099999999999,1.32638,7314,0,0
2019-03-20 00:00:00,1.32664,1.32727,1.32538,1.32541,4266,0,0
2019-03-20 04:00:00,1.32541,1.32625,1.3252,1.32552,5089,0,0
2019-03-20 08:00:00,1.32552,1.32575,1.32125,1.3220100000000001,13654,0,0
2019-03-20 12:00:00,1.3220100000000001,1.32528,1.31463,1.31493,23694,0,0
2019-03-20 16:00:00,1.31493,1.32185,1.31477,1.31845,27933,0,0
2019-03-20 20:00:00,1.31844,1.3250600000000001,1.31637,1.31901,21186,0,0
2019-03-21 00:00:00,1.31891,1.3219400000000001,1.31818,1.32184,9552,0,0
2019-03-21 04:00:00,1.32184,1.32271,1.32028,1.32153,7268,0,0
2019-03-21 08:00:00,1.32152,1.3226200000000001,1.31497,1.3162099999999999,14521,0,0
2019-03-21 12:00:00,1.31616,1.31787,1.3106,1.31287,22959,0,0
2019-03-21 16:00:00,1.3128600000000001,1.3173300000000001,1.30038,1.30478,35575,0,0
2019-03-21 20:00:00,1.30478,1.31189,1.30345,1.31053,16138,0,0
2019-03-22 00:00:00,1.3104,1.31346,1.30954,1.31215,7443,0,0
2019-03-22 04:00:00,1.31215,1.31427,1.31202,1.31335,8398,0,0
2019-03-22 08:00:00,1.31335,1.31583,1.31019,1.31049,18301,0,0
2019-03-22 12:00:00,1.3105,1.31785,1.30811,1.31596,29266,0,0
2019-03-22 16:00:00,1.31593,1.3223799999999999,1.31508,1.31888,34207,0,0
2019-03-22 20:00:00,1.31888,1.3219400000000001,1.31782,1.32115,9958,0,0
2019-03-25 00:00:00,1.32151,1.32171,1.31841,1.31844,4759,0,0
2019-03-25 04:00:00,1.31845,1.31988,1.31841,1.31904,6239,0,0
2019-03-25 08:00:00,1.31904,1.32135,1.31598,1.32115,14453,0,0
2019-03-25 12:00:00,1.32111,1.32461,1.31632,1.32264,23480,0,0
2019-03-25 16:00:00,1.32267,1.32442,1.3167900000000001,1.31782,30299,0,0
2019-03-25 20:00:00,1.31782,1.32022,1.3165200000000001,1.31982,10043,0,0
2019-03-26 00:00:00,1.319,1.32227,1.3179,1.31994,7249,0,0
2019-03-26 04:00:00,1.31994,1.3205,1.31825,1.31845,5960,0,0
2019-03-26 08:00:00,1.31845,1.32226,1.31769,1.31873,15439,0,0
2019-03-26 12:00:00,1.31872,1.32614,1.31575,1.32423,27434,0,0
2019-03-26 16:00:00,1.32422,1.32491,1.32001,1.3219,27109,0,0
2019-03-26 20:00:00,1.32189,1.3232300000000001,1.31974,1.32053,10625,0,0
2019-03-27 00:00:00,1.32006,1.32151,1.31981,1.32063,5329,0,0
2019-03-27 04:00:00,1.32064,1.32066,1.3176999999999999,1.31836,8007,0,0
2019-03-27 08:00:00,1.31836,1.32055,1.31662,1.31958,13276,0,0
2019-03-27 12:00:00,1.31958,1.32398,1.31914,1.3239,27412,0,0
2019-03-27 16:00:00,1.3239,1.32465,1.31845,1.3232,34401,0,0
2019-03-27 20:00:00,1.32317,1.32694,1.31859,1.31859,19804,0,0
2019-03-28 00:00:00,1.31863,1.32116,1.31423,1.31808,9396,0,0
2019-03-28 04:00:00,1.31808,1.3195000000000001,1.31744,1.31939,8309,0,0
2019-03-28 08:00:00,1.31939,1.31986,1.31251,1.31506,16995,0,0
2019-03-28 12:00:00,1.31508,1.31637,1.31012,1.3119399999999999,27342,0,0
2019-03-28 16:00:00,1.31195,1.31229,1.30345,1.30573,29673,0,0
2019-03-28 20:00:00,1.30573,1.30934,1.30385,1.3039100000000001,12795,0,0
2019-03-29 00:00:00,1.30402,1.30694,1.30376,1.30594,5618,0,0
2019-03-29 04:00:00,1.30593,1.30729,1.3054999999999999,1.30708,6832,0,0
2019-03-29 08:00:00,1.30709,1.3085499999999999,1.301,1.3023500000000001,14255,0,0
2019-03-29 12:00:00,1.3023500000000001,1.31357,1.30026,1.30933,29193,0,0
2019-03-29 16:00:00,1.30933,1.30988,1.2977400000000001,1.30058,31643,0,0
2019-03-29 20:00:00,1.30057,1.30356,1.29893,1.30294,12122,0,0
2019-04-01 00:00:00,1.30379,1.30414,1.30095,1.3018399999999999,4220,0,0
2019-04-01 04:00:00,1.3018399999999999,1.30437,1.30154,1.30437,5072,0,0
2019-04-01 08:00:00,1.30437,1.30936,1.30433,1.30897,22290,0,0
2019-04-01 12:00:00,1.30893,1.31243,1.30805,1.3115299999999999,23971,0,0
2019-04-01 16:00:00,1.31152,1.3149600000000001,1.30811,1.31192,22673,0,0
2019-04-01 20:00:00,1.31192,1.31375,1.3101,1.31046,7677,0,0
2019-04-02 00:00:00,1.31,1.31002,1.30282,1.3070300000000001,7766,0,0
2019-04-02 04:00:00,1.30705,1.30753,1.30594,1.30661,8555,0,0
2019-04-02 08:00:00,1.30661,1.30853,1.30234,1.3042500000000001,22176,0,0
2019-04-02 12:00:00,1.30424,1.30763,1.30135,1.30321,20817,0,0
2019-04-02 16:00:00,1.3032,1.30808,1.30252,1.30765,24049,0,0
2019-04-02 20:00:00,1.30763,1.3149600000000001,1.3069600000000001,1.31337,16223,0,0
2019-04-03 00:00:00,1.31317,1.31424,1.31231,1.31305,6257,0,0
2019-04-03 04:00:00,1.31305,1.31466,1.31211,1.31423,7445,0,0
2019-04-03 08:00:00,1.31422,1.31962,1.31341,1.31724,23883,0,0
2019-04-03 12:00:00,1.31725,1.31871,1.31535,1.31688,19283,0,0
2019-04-03 16:00:00,1.31688,1.31855,1.31213,1.31696,24459,0,0
2019-04-03 20:00:00,1.31696,1.31795,1.31425,1.31568,9324,0,0
2019-04-04 00:00:00,1.3152599999999999,1.31817,1.31525,1.31772,5961,0,0
2019-04-04 04:00:00,1.31772,1.31785,1.31686,1.31693,5697,0,0
2019-04-04 08:00:00,1.31693,1.31911,1.31563,1.3163,19349,0,0
2019-04-04 12:00:00,1.3163,1.31646,1.31247,1.31272,22438,0,0
2019-04-04 16:00:00,1.31272,1.31295,1.30621,1.3082,24618,0,0
2019-04-04 20:00:00,1.3082,1.30859,1.30602,1.30745,8592,0,0
2019-04-05 00:00:00,1.3073299999999999,1.30823,1.30658,1.30781,4493,0,0
2019-04-05 04:00:00,1.30781,1.30988,1.30751,1.30954,5425,0,0
2019-04-05 08:00:00,1.30954,1.3122,1.30816,1.30817,17782,0,0
2019-04-05 12:00:00,1.30816,1.30893,1.3026,1.30478,19628,0,0
2019-04-05 16:00:00,1.30478,1.30523,1.2986900000000001,1.30149,21330,0,0
2019-04-05 20:00:00,1.30149,1.30385,1.30095,1.30337,7048,0,0
2019-04-08 00:00:00,1.30354,1.30528,1.3022,1.30481,5694,0,0
2019-04-08 04:00:00,1.30481,1.30721,1.30389,1.30656,6185,0,0
2019-04-08 08:00:00,1.30656,1.30691,1.30438,1.30548,15684,0,0
2019-04-08 12:00:00,1.30548,1.30654,1.30422,1.30593,19102,0,0
2019-04-08 16:00:00,1.30593,1.30688,1.30352,1.30592,17811,0,0
2019-04-08 20:00:00,1.30592,1.30743,1.30571,1.30619,5448,0,0
2019-04-09 00:00:00,1.30557,1.30678,1.3049,1.30627,5464,0,0
2019-04-09 04:00:00,1.30627,1.30814,1.30627,1.30743,4858,0,0
2019-04-09 08:00:00,1.30743,1.31212,1.30564,1.3109199999999999,18122,0,0
2019-04-09 12:00:00,1.31089,1.31144,1.30431,1.30566,18044,0,0
2019-04-09 16:00:00,1.30568,1.30674,1.30329,1.30352,17660,0,0
2019-04-09 20:00:00,1.30352,1.30628,1.30305,1.30523,7645,0,0
2019-04-10 00:00:00,1.30496,1.30584,1.30422,1.30492,4297,0,0
2019-04-10 04:00:00,1.30492,1.30629,1.3047900000000001,1.30584,5941,0,0
2019-04-10 08:00:00,1.30583,1.30851,1.30546,1.30653,15288,0,0
2019-04-10 12:00:00,1.30653,1.31068,1.30634,1.30754,20462,0,0
2019-04-10 16:00:00,1.30754,1.31158,1.30549,1.31125,21195,0,0
2019-04-10 20:00:00,1.31125,1.31201,1.30815,1.3087,10346,0,0
2019-04-11 00:00:00,1.30851,1.31013,1.30798,1.30969,5391,0,0
2019-04-11 04:00:00,1.30969,1.31084,1.30903,1.3106499999999999,4385,0,0
2019-04-11 08:00:00,1.3106499999999999,1.31089,1.3057699999999999,1.3079100000000001,19220,0,0
2019-04-11 12:00:00,1.3079,1.30998,1.30645,1.30782,13456,0,0
2019-04-11 16:00:00,1.30782,1.30956,1.30617,1.30671,18885,0,0
2019-04-11 20:00:00,1.30671,1.30738,1.30502,1.30526,5407,0,0
2019-04-12 00:00:00,1.30525,1.30616,1.30505,1.30598,4674,0,0
2019-04-12 04:00:00,1.30598,1.30808,1.30572,1.30738,5788,0,0
2019-04-12 08:00:00,1.30738,1.30747,1.30505,1.30705,13710,0,0
2019-04-12 12:00:00,1.30704,1.31271,1.30634,1.31207,18219,0,0
2019-04-12 16:00:00,1.31207,1.31327,1.30773,1.30873,18478,0,0
2019-04-12 20:00:00,1.30873,1.30936,1.30671,1.30712,5654,0,0
2019-04-15 00:00:00,1.3075,1.30939,1.30685,1.30908,3523,0,0
2019-04-15 04:00:00,1.30908,1.31026,1.30858,1.30936,5519,0,0
2019-04-15 08:00:00,1.30936,1.31066,1.3079,1.30993,12395,0,0
2019-04-15 12:00:00,1.30993,1.3115,1.3092,1.3114,15596,0,0
2019-04-15 16:00:00,1.3114,1.3119100000000001,1.30941,1.31082,16645,0,0
2019-04-15 20:00:00,1.31082,1.31084,1.30862,1.30992,5554,0,0
2019-04-16 00:00:00,1.30962,1.31015,1.3089,1.30993,4378,0,0
2019-04-16 04:00:00,1.30993,1.30995,1.3079100000000001,1.30895,4625,0,0
2019-04-16 08:00:00,1.30895,1.3099,1.30728,1.30887,12758,0,0
2019-04-16 12:00:00,1.30888,1.3094999999999999,1.30483,1.30632,19974,0,0
2019-04-16 16:00:00,1.30637,1.30738,1.30427,1.30512,20953,0,0
2019-04-16 20:00:00,1.30512,1.30609,1.30454,1.3047900000000001,5904,0,0
2019-04-17 00:00:00,1.30446,1.3054999999999999,1.30322,1.30431,4663,0,0
2019-04-17 04:00:00,1.30431,1.30607,1.30389,1.3059,4821,0,0
2019-04-17 08:00:00,1.3059,1.30674,1.30384,1.30417,14821,0,0
2019-04-17 12:00:00,1.30417,1.3060100000000001,1.30319,1.30399,18549,0,0
2019-04-17 16:00:00,1.30396,1.30553,1.30287,1.30368,17559,0,0
2019-04-17 20:00:00,1.30368,1.30451,1.30312,1.3039399999999999,4683,0,0
2019-04-18 00:00:00,1.30366,1.30439,1.30305,1.30433,4091,0,0
2019-04-18 04:00:00,1.30434,1.3046,1.30345,1.30445,4712,0,0
2019-04-18 08:00:00,1.30445,1.30525,1.30093,1.30216,21141,0,0
2019-04-18 12:00:00,1.30219,1.30222,1.29925,1.30045,24684,0,0
2019-04-18 16:00:00,1.30044,1.30216,1.29789,1.2980800000000001,22042,0,0
2019-04-18 20:00:00,1.29806,1.29936,1.29804,1.2983799999999999,7815,0,0
2019-04-19 00:00:00,1.29827,1.29944,1.29816,1.29925,11905,0,0
2019-04-19 04:00:00,1.29925,1.30019,1.29854,1.3000099999999999,30543,0,0
2019-04-19 08:00:00,1.30009,1.3001800000000001,1.29926,1.2999800000000001,16314,0,0
2019-04-19 12:00:00,1.29999,1.3008899999999999,1.2993299999999999,1.29955,20659,0,0
2019-04-19 16:00:00,1.29955,1.30057,1.29943,1.29985,16911,0,0
2019-04-19 20:00:00,1.29984,1.30023,1.2980800000000001,1.29886,11419,0,0
2019-04-22 00:00:00,1.2992,1.29992,1.29846,1.29874,3467,0,0
2019-04-22 04:00:00,1.29874,1.29977,1.29859,1.29935,5535,0,0
2019-04-22 08:00:00,1.29935,1.29978,1.29885,1.29904,6295,0,0
2019-04-22 12:00:00,1.29904,1.29935,1.29783,1.29789,5725,0,0
2019-04-22 16:00:00,1.2979,1.2990599999999999,1.2975400000000001,1.2984499999999999,9605,0,0
2019-04-22 20:00:00,1.29846,1.29874,1.29778,1.29795,3394,0,0
2019-04-23 00:00:00,1.2981500000000001,1.29837,1.29748,1.29816,4577,0,0
2019-04-23 04:00:00,1.29816,1.2990300000000001,1.29803,1.2987600000000001,4081,0,0
2019-04-23 08:00:00,1.2987600000000001,1.29992,1.29758,1.29916,15462,0,0
2019-04-23 12:00:00,1.29917,1.30194,1.2953000000000001,1.29571,18851,0,0
2019-04-23 16:00:00,1.29577,1.29646,1.2928,1.29466,22540,0,0
2019-04-23 20:00:00,1.29466,1.29467,1.29312,1.29371,6572,0,0
2019-04-24 00:00:00,1.29369,1.29419,1.2928899999999999,1.29414,6730,0,0
2019-04-24 04:00:00,1.29414,1.29431,1.29298,1.29372,8649,0,0
2019-04-24 08:00:00,1.29371,1.2938100000000001,1.29149,1.29336,15695,0,0
2019-04-24 12:00:00,1.29336,1.29566,1.29274,1.29543,19231,0,0
2019-04-24 16:00:00,1.29543,1.29636,1.29215,1.29221,20402,0,0
2019-04-24 20:00:00,1.2922,1.29303,1.28876,1.28992,8970,0,0
2019-04-25 00:00:00,1.29019,1.29081,1.2892299999999999,1.29052,9724,0,0
2019-04-25 04:00:00,1.29052,1.29166,1.28969,1.29052,6152,0,0
2019-04-25 08:00:00,1.29052,1.29163,1.28789,1.28887,16463,0,0
2019-04-25 12:00:00,1.28887,1.28904,1.28658,1.2886,17900,0,0
2019-04-25 16:00:00,1.2886,1.29146,1.28844,1.29014,16601,0,0
2019-04-25 20:00:00,1.2901500000000001,1.29035,1.28877,1.28975,6233,0,0
2019-04-26 00:00:00,1.2897,1.29002,1.28786,1.28901,12238,0,0
2019-04-26 04:00:00,1.28901,1.29064,1.28878,1.29019,7766,0,0
2019-04-26 08:00:00,1.29019,1.2917,1.2899,1.29094,12311,0,0
2019-04-26 12:00:00,1.29094,1.29256,1.28758,1.29178,17959,0,0
2019-04-26 16:00:00,1.29177,1.2943500000000001,1.29066,1.29324,23498,0,0
2019-04-26 20:00:00,1.29324,1.2934999999999999,1.29138,1.29141,5740,0,0
2019-04-29 00:00:00,1.2918,1.29249,1.29124,1.292,3688,0,0
2019-04-29 04:00:00,1.292,1.29395,1.29163,1.29351,5305,0,0
2019-04-29 08:00:00,1.29351,1.29458,1.2931300000000001,1.29434,11906,0,0
2019-04-29 12:00:00,1.29434,1.2946900000000001,1.2907199999999999,1.2917100000000001,16069,0,0
2019-04-29 16:00:00,1.29169,1.29363,1.2905,1.29328,14368,0,0
2019-04-29 20:00:00,1.29328,1.29391,1.29281,1.29306,6195,0,0
2019-04-30 00:00:00,1.29317,1.29397,1.2924,1.2939,3624,0,0
2019-04-30 04:00:00,1.2939,1.29446,1.29265,1.29406,6724,0,0
2019-04-30 08:00:00,1.29407,1.29785,1.2931300000000001,1.2972299999999999,16503,0,0
2019-04-30 12:00:00,1.29726,1.3026,1.29726,1.30209,19355,0,0
2019-04-30 16:00:00,1.30209,1.30488,1.30183,1.30414,21990,0,0
2019-04-30 20:00:00,1.30414,1.3048600000000001,1.30341,1.3035700000000001,7590,0,0
2019-05-01 00:00:00,1.30282,1.30443,1.3027199999999999,1.3043,6343,0,0
2019-05-01 04:00:00,1.3043,1.30463,1.30388,1.30409,4556,0,0
2019-05-01 08:00:00,1.30405,1.30728,1.30341,1.3060100000000001,10142,0,0
2019-05-01 12:00:00,1.3060100000000001,1.30771,1.3058,1.3064,11611,0,0
2019-05-01 16:00:00,1.3064,1.30935,1.30616,1.30808,10138,0,0
2019-05-01 20:00:00,1.30807,1.31022,1.30375,1.30481,17344,0,0
2019-05-02 00:00:00,1.30475,1.3058100000000001,1.30383,1.30565,5207,0,0
2019-05-02 04:00:00,1.30565,1.30602,1.3048600000000001,1.30526,7551,0,0
2019-05-02 08:00:00,1.30526,1.30806,1.30384,1.30553,14722,0,0
2019-05-02 12:00:00,1.30554,1.30765,1.30239,1.30419,20495,0,0
2019-05-02 16:00:00,1.30419,1.3051,1.30182,1.30243,18946,0,0
2019-05-02 20:00:00,1.30243,1.3036400000000001,1.30183,1.30322,6042,0,0
2019-05-03 00:00:00,1.30275,1.30395,1.3023799999999999,1.30392,4914,0,0
2019-05-03 04:00:00,1.30392,1.30437,1.30332,1.30338,5307,0,0
2019-05-03 08:00:00,1.30338,1.3039,1.30151,1.3018100000000001,12773,0,0
2019-05-03 12:00:00,1.3018100000000001,1.30322,1.29888,1.30305,16334,0,0
2019-05-03 16:00:00,1.30305,1.31768,1.30183,1.3146900000000001,27082,0,0
2019-05-03 20:00:00,1.31473,1.31758,1.3146499999999999,1.31752,10648,0,0
2019-05-06 00:00:00,1.31458,1.31708,1.31383,1.31464,8755,0,0
2019-05-06 04:00:00,1.31464,1.315,1.3118,1.31198,9390,0,0
2019-05-06 08:00:00,1.31198,1.31266,1.3106499999999999,1.31074,14303,0,0
2019-05-06 12:00:00,1.31073,1.31192,1.30827,1.30878,16761,0,0
2019-05-06 16:00:00,1.30878,1.3101,1.30813,1.30983,16159,0,0
2019-05-06 20:00:00,1.30983,1.31052,1.3094000000000001,1.3094299999999999,5034,0,0
2019-05-07 00:00:00,1.30955,1.311,1.30871,1.31047,6380,0,0
2019-05-07 04:00:00,1.31047,1.3131300000000001,1.31037,1.31231,8001,0,0
2019-05-07 08:00:00,1.31231,1.3130899999999999,1.3085200000000001,1.30952,17793,0,0
2019-05-07 12:00:00,1.30952,1.31019,1.3051599999999999,1.3051599999999999,14543,0,0
2019-05-07 16:00:00,1.3051599999999999,1.3061,1.30397,1.30578,18493,0,0
2019-05-07 20:00:00,1.3057699999999999,1.30769,1.3051599999999999,1.3073299999999999,8187,0,0
2019-05-08 00:00:00,1.30709,1.30751,1.30653,1.30742,6041,0,0
2019-05-08 04:00:00,1.30742,1.30803,1.30671,1.3073299999999999,9070,0,0
2019-05-08 08:00:00,1.3073299999999999,1.30786,1.30346,1.3042099999999999,16572,0,0
2019-05-08 12:00:00,1.30424,1.3045900000000001,1.30006,1.30063,21112,0,0
2019-05-08 16:00:00,1.30063,1.30277,1.2987,1.30056,24093,0,0
2019-05-08 20:00:00,1.30056,1.30115,1.29986,1.30067,6392,0,0
2019-05-09 00:00:00,1.3002799999999999,1.30146,1.29929,1.30124,7460,0,0
2019-05-09 04:00:00,1.30124,1.30145,1.30037,1.30127,6702,0,0
2019-05-09 08:00:00,1.30127,1.30258,1.29752,1.29914,15727,0,0
2019-05-09 12:00:00,1.29913,1.3005499999999999,1.2978100000000001,1.2990599999999999,16450,0,0
2019-05-09 16:00:00,1.2990599999999999,1.3024,1.29673,1.30214,24853,0,0
2019-05-09 20:00:00,1.30212,1.3035999999999999,1.3001800000000001,1.30038,8156,0,0
2019-05-10 00:00:00,1.30103,1.30188,1.30027,1.30087,9548,0,0
2019-05-10 04:00:00,1.30087,1.3020399999999999,1.30054,1.30057,9251,0,0
2019-05-10 08:00:00,1.30057,1.30259,1.29912,1.30069,14778,0,0
2019-05-10 12:00:00,1.30068,1.3026900000000001,1.30049,1.3025,15868,0,0
2019-05-10 16:00:00,1.30251,1.30475,1.30151,1.30264,20401,0,0
2019-05-10 20:00:00,1.30264,1.30295,1.29987,1.30033,6820,0,0
2019-05-13 00:00:00,1.29946,1.30117,1.29925,1.30083,4959,0,0
2019-05-13 04:00:00,1.30083,1.30146,1.30048,1.30081,4537,0,0
2019-05-13 08:00:00,1.3008,1.30167,1.29974,1.3008899999999999,10676,0,0
2019-05-13 12:00:00,1.3008899999999999,1.30376,1.30042,1.30322,16062,0,0
2019-05-13 16:00:00,1.30322,1.30406,1.29413,1.29474,23015,0,0
2019-05-13 20:00:00,1.29474,1.29703,1.29423,1.29584,8311,0,0
2019-05-14 00:00:00,1.29552,1.29701,1.29427,1.29665,7954,0,0
2019-05-14 04:00:00,1.29665,1.29672,1.29571,1.29587,8761,0,0
2019-05-14 08:00:00,1.29587,1.29609,1.2923200000000001,1.29489,11542,0,0
2019-05-14 12:00:00,1.29489,1.29638,1.2922500000000001,1.2928600000000001,13642,0,0
2019-05-14 16:00:00,1.2928600000000001,1.29287,1.2907,1.2916400000000001,16016,0,0
2019-05-14 20:00:00,1.2916400000000001,1.29169,1.29038,1.29048,6339,0,0
2019-05-15 00:00:00,1.29034,1.29117,1.29034,1.29115,7753,0,0
2019-05-15 04:00:00,1.29115,1.29138,1.29063,1.29127,6058,0,0
2019-05-15 08:00:00,1.29127,1.2923200000000001,1.28983,1.29141,11015,0,0
2019-05-15 12:00:00,1.29136,1.29189,1.2852000000000001,1.2858100000000001,16798,0,0
2019-05-15 16:00:00,1.2858100000000001,1.2879800000000001,1.28263,1.28639,22924,0,0
2019-05-15 20:00:00,1.28639,1.28644,1.28369,1.28417,5814,0,0
2019-05-16 00:00:00,1.28413,1.28497,1.28412,1.2846899999999999,5498,0,0
2019-05-16 04:00:00,1.2846899999999999,1.28518,1.28423,1.28508,6988,0,0
2019-05-16 08:00:00,1.28508,1.28518,1.28208,1.28362,11954,0,0
2019-05-16 12:00:00,1.28362,1.28434,1.27946,1.27962,14277,0,0
2019-05-16 16:00:00,1.27961,1.28107,1.27877,1.27955,13472,0,0
2019-05-16 20:00:00,1.27954,1.28055,1.2788300000000001,1.27956,6186,0,0
2019-05-17 00:00:00,1.27925,1.2798,1.27823,1.2785,4586,0,0
2019-05-17 04:00:00,1.2785,1.27955,1.27844,1.27918,6995,0,0
2019-05-17 08:00:00,1.27917,1.27936,1.27752,1.2782499999999999,11889,0,0
2019-05-17 12:00:00,1.2782499999999999,1.27829,1.27367,1.27521,16072,0,0
2019-05-17 16:00:00,1.27521,1.27603,1.27191,1.27306,17745,0,0
2019-05-17 20:00:00,1.27306,1.27325,1.27132,1.27175,8486,0,0
2019-05-20 00:00:00,1.27328,1.2738800000000001,1.2724199999999999,1.27385,5238,0,0
2019-05-20 04:00:00,1.27385,1.27419,1.2729599999999999,1.2734,6313,0,0
2019-05-20 08:00:00,1.2734,1.27573,1.27254,1.2745,11092,0,0
2019-05-20 12:00:00,1.2745,1.27552,1.2735,1.2735699999999999,11176,0,0
2019-05-20 16:00:00,1.2735699999999999,1.27441,1.27148,1.27227,13822,0,0
2019-05-20 20:00:00,1.27227,1.27285,1.27195,1.27214,4056,0,0
2019-05-21 00:00:00,1.2720799999999999,1.2732299999999999,1.27198,1.27272,4855,0,0
2019-05-21 04:00:00,1.27272,1.27319,1.2723,1.2723499999999999,6722,0,0
2019-05-21 08:00:00,1.2723499999999999,1.27247,1.26853,1.2695,14306,0,0
2019-05-21 12:00:00,1.26949,1.27455,1.26855,1.27371,16543,0,0
2019-05-21 16:00:00,1.27371,1.28142,1.27131,1.27295,26252,0,0
2019-05-21 20:00:00,1.27294,1.27353,1.26972,1.2706,7004,0,0
2019-05-22 00:00:00,1.27047,1.27157,1.27004,1.2715,5675,0,0
2019-05-22 04:00:00,1.27149,1.27194,1.27108,1.2713,5485,0,0
2019-05-22 08:00:00,1.2713,1.27159,1.26617,1.26628,14879,0,0
2019-05-22 12:00:00,1.26628,1.2677800000000001,1.2641200000000001,1.26548,14456,0,0
2019-05-22 16:00:00,1.26548,1.26899,1.26243,1.26748,21076,0,0
2019-05-22 20:00:00,1.2674400000000001,1.26941,1.26593,1.26607,7972,0,0
2019-05-23 00:00:00,1.2657,1.26658,1.26481,1.26545,4167,0,0
2019-05-23 04:00:00,1.26545,1.2656100000000001,1.26433,1.26455,5396,0,0
2019-05-23 08:00:00,1.26455,1.26492,1.26052,1.26254,16623,0,0
2019-05-23 12:00:00,1.26254,1.2651,1.26226,1.26427,16334,0,0
2019-05-23 16:00:00,1.26426,1.26838,1.26239,1.26776,25430,0,0
2019-05-23 20:00:00,1.26776,1.26776,1.26525,1.26579,6835,0,0
2019-05-24 00:00:00,1.26553,1.26647,1.2649,1.26613,7846,0,0
2019-05-24 04:00:00,1.26613,1.26648,1.2657,1.26601,6494,0,0
2019-05-24 08:00:00,1.26601,1.26909,1.26583,1.26886,14035,0,0
2019-05-24 12:00:00,1.26886,1.2718,1.26475,1.26703,21351,0,0
2019-05-24 16:00:00,1.26702,1.27145,1.2663,1.2713999999999999,17971,0,0
2019-05-24 20:00:00,1.27142,1.27328,1.2709,1.2711700000000001,6818,0,0
2019-05-27 00:00:00,1.27249,1.27304,1.2713999999999999,1.27272,3399,0,0
2019-05-27 04:00:00,1.27272,1.2738800000000001,1.27245,1.27311,5659,0,0
2019-05-27 08:00:00,1.27311,1.27478,1.2705,1.2706,15246,0,0
2019-05-27 12:00:00,1.2706,1.27091,1.26736,1.26775,14031,0,0
2019-05-27 16:00:00,1.26775,1.26837,1.26671,1.2681200000000001,7475,0,0
2019-05-27 20:00:00,1.26811,1.2683,1.26731,1.26785,11488,0,0
2019-05-28 00:00:00,1.2677800000000001,1.26834,1.2674400000000001,1.26799,7809,0,0
2019-05-28 04:00:00,1.26799,1.2681200000000001,1.26685,1.26729,5460,0,0
2019-05-28 08:00:00,1.26729,1.2702,1.2654,1.2671000000000001,20416,0,0
2019-05-28 12:00:00,1.2671000000000001,1.268,1.26548,1.26697,16060,0,0
2019-05-28 16:00:00,1.26697,1.26902,1.26577,1.26661,20051,0,0
2019-05-28 20:00:00,1.26661,1.26662,1.26505,1.26523,6690,0,0
2019-05-29 00:00:00,1.26531,1.26627,1.26494,1.26571,3477,0,0
2019-05-29 04:00:00,1.26571,1.26618,1.26505,1.26587,6921,0,0
2019-05-29 08:00:00,1.26587,1.2665199999999999,1.2631700000000001,1.26425,15855,0,0
2019-05-29 12:00:00,1.26425,1.26627,1.26263,1.26556,16054,0,0
2019-05-29 16:00:00,1.26555,1.26714,1.26117,1.2619,21683,0,0
2019-05-29 20:00:00,1.26189,1.26322,1.2616100000000001,1.2625899999999999,7290,0,0
2019-05-30 00:00:00,1.26209,1.26329,1.2616100000000001,1.26254,5303,0,0
2019-05-30 04:00:00,1.26253,1.26367,1.26216,1.26348,5357,0,0
2019-05-30 08:00:00,1.26348,1.2640799999999999,1.26111,1.26269,13089,0,0
2019-05-30 12:00:00,1.26269,1.26365,1.26162,1.26187,13295,0,0
2019-05-30 16:00:00,1.26187,1.26242,1.25806,1.26115,15866,0,0
2019-05-30 20:00:00,1.26114,1.2619799999999999,1.26054,1.26091,6563,0,0
2019-05-31 00:00:00,1.2603900000000001,1.26153,1.26031,1.26091,4979,0,0
2019-05-31 04:00:00,1.26091,1.26141,1.2603900000000001,1.26077,7018,0,0
2019-05-31 08:00:00,1.26077,1.26282,1.2598799999999999,1.2615,13892,0,0
2019-05-31 12:00:00,1.2615,1.26152,1.2559,1.25824,18923,0,0
2019-05-31 16:00:00,1.2582,1.2638099999999999,1.25723,1.26284,22164,0,0
2019-05-31 20:00:00,1.26284,1.26446,1.2624,1.26302,8112,0,0
2019-06-03 00:00:00,1.26267,1.26478,1.26226,1.2647,4510,0,0
2019-06-03 04:00:00,1.2647,1.26552,1.2641499999999999,1.26416,5314,0,0
2019-06-03 08:00:00,1.26416,1.26607,1.26266,1.26425,16272,0,0
2019-06-03 12:00:00,1.26425,1.2653400000000001,1.26105,1.26307,17131,0,0
2019-06-03 16:00:00,1.26306,1.26502,1.26165,1.2635399999999999,20520,0,0
2019-06-03 20:00:00,1.2635399999999999,1.26742,1.26334,1.26633,11716,0,0
2019-06-04 00:00:00,1.2662900000000001,1.26684,1.2654,1.26666,6731,0,0
2019-06-04 04:00:00,1.26666,1.26708,1.26592,1.26621,6863,0,0
2019-06-04 08:00:00,1.2662,1.26867,1.26422,1.26508,19096,0,0
2019-06-04 12:00:00,1.26508,1.26945,1.2650000000000001,1.26833,22987,0,0
2019-06-04 16:00:00,1.26829,1.27085,1.2665899999999999,1.2687300000000001,22266,0,0
2019-06-04 20:00:00,1.2687300000000001,1.27145,1.2681200000000001,1.2699500000000001,7314,0,0
2019-06-05 00:00:00,1.26962,1.27062,1.26922,1.27037,4065,0,0
2019-06-05 04:00:00,1.27037,1.2711999999999999,1.26997,1.27051,5338,0,0
2019-06-05 08:00:00,1.27051,1.2724199999999999,1.26909,1.2713999999999999,16418,0,0
2019-06-05 12:00:00,1.2713999999999999,1.27438,1.26958,1.2733400000000001,23879,0,0
2019-06-05 16:00:00,1.27333,1.27436,1.26833,1.2691,25100,0,0
2019-06-05 20:00:00,1.2691,1.27042,1.2680500000000001,1.2681200000000001,8722,0,0
2019-06-06 00:00:00,1.26836,1.26936,1.26767,1.26847,5745,0,0
2019-06-06 04:00:00,1.26847,1.26909,1.26816,1.2688,6096,0,0
2019-06-06 08:00:00,1.2688,1.26965,1.26689,1.26818,13922,0,0
2019-06-06 12:00:00,1.26817,1.27421,1.26764,1.27196,26010,0,0
2019-06-06 16:00:00,1.27198,1.2729300000000001,1.26922,1.271,26319,0,0
2019-06-06 20:00:00,1.27095,1.27109,1.26859,1.26916,10406,0,0
2019-06-07 00:00:00,1.26894,1.27001,1.26864,1.26917,5079,0,0
2019-06-07 04:00:00,1.26916,1.2697,1.26888,1.26959,5731,0,0
2019-06-07 08:00:00,1.2696,1.2722,1.26935,1.27166,13181,0,0
2019-06-07 12:00:00,1.27165,1.27569,1.27019,1.27433,20540,0,0
2019-06-07 16:00:00,1.27433,1.27629,1.27285,1.2747,27244,0,0
2019-06-07 20:00:00,1.27472,1.27546,1.27322,1.27374,9118,0,0
2019-06-10 00:00:00,1.27352,1.27423,1.2719,1.27198,7006,0,0
2019-06-10 04:00:00,1.27198,1.27264,1.27077,1.27096,7344,0,0
2019-06-10 08:00:00,1.27096,1.27246,1.26847,1.26885,14240,0,0
2019-06-10 12:00:00,1.26885,1.26985,1.2652999999999999,1.26754,18484,0,0
2019-06-10 16:00:00,1.26753,1.26942,1.2662900000000001,1.26889,20422,0,0
2019-06-10 20:00:00,1.26889,1.27048,1.26825,1.2686,9036,0,0
2019-06-11 00:00:00,1.26837,1.26926,1.26794,1.26875,6013,0,0
2019-06-11 04:00:00,1.26875,1.26889,1.2677100000000001,1.26826,7840,0,0
2019-06-11 08:00:00,1.26826,1.27109,1.26703,1.27081,16950,0,0
2019-06-11 12:00:00,1.27081,1.27278,1.26922,1.27154,21317,0,0
2019-06-11 16:00:00,1.27154,1.27289,1.27036,1.27273,28224,0,0
2019-06-11 20:00:00,1.27275,1.2732299999999999,1.27164,1.27226,9266,0,0
2019-06-12 00:00:00,1.27185,1.27261,1.27123,1.27222,5494,0,0
2019-06-12 04:00:00,1.27222,1.27274,1.27151,1.27209,7299,0,0
2019-06-12 08:00:00,1.27209,1.27478,1.27183,1.27433,15903,0,0
2019-06-12 12:00:00,1.27432,1.27587,1.27255,1.27407,24900,0,0
2019-06-12 16:00:00,1.27407,1.2745600000000001,1.2681499999999999,1.26892,29122,0,0
2019-06-12 20:00:00,1.26892,1.26956,1.26841,1.26884,7816,0,0
2019-06-13 00:00:00,1.26864,1.2695699999999999,1.26788,1.26931,5720,0,0
2019-06-13 04:00:00,1.26932,1.27006,1.26833,1.2691,9156,0,0
2019-06-13 08:00:00,1.2691,1.2696399999999999,1.26621,1.26702,15136,0,0
2019-06-13 12:00:00,1.26702,1.2707899999999999,1.2665199999999999,1.26924,18688,0,0
2019-06-13 16:00:00,1.26925,1.2701,1.26727,1.26793,21522,0,0
2019-06-13 20:00:00,1.26792,1.26898,1.26734,1.26737,7733,0,0
2019-06-14 00:00:00,1.26737,1.26819,1.26726,1.2677,3494,0,0
2019-06-14 04:00:00,1.2677,1.26775,1.26704,1.2675,5202,0,0
2019-06-14 08:00:00,1.2675,1.26804,1.26533,1.26618,16916,0,0
2019-06-14 12:00:00,1.26618,1.26618,1.26167,1.26201,25356,0,0
2019-06-14 16:00:00,1.26203,1.2629000000000001,1.2588599999999999,1.25961,24731,0,0
2019-06-14 20:00:00,1.25961,1.2599,1.25801,1.25902,6027,0,0
2019-06-17 00:00:00,1.2581,1.25989,1.25783,1.25937,5297,0,0
2019-06-17 04:00:00,1.25937,1.2598,1.25903,1.2594,4086,0,0
2019-06-17 08:00:00,1.2594,1.25955,1.25714,1.25884,10726,0,0
2019-06-17 12:00:00,1.25884,1.26058,1.25812,1.26013,14840,0,0
2019-06-17 16:00:00,1.2601200000000001,1.26017,1.25535,1.25584,15814,0,0
2019-06-17 20:00:00,1.25582,1.25596,1.25322,1.25327,7143,0,0
2019-06-18 00:00:00,1.25331,1.2542,1.25318,1.25389,4646,0,0
2019-06-18 04:00:00,1.25389,1.25441,1.25116,1.25352,6335,0,0
2019-06-18 08:00:00,1.25352,1.2545,1.2521,1.25328,18495,0,0
2019-06-18 12:00:00,1.25328,1.25396,1.25061,1.2523,20531,0,0
2019-06-18 16:00:00,1.25231,1.2561,1.2511,1.2552400000000001,27038,0,0
2019-06-18 20:00:00,1.2552400000000001,1.2564600000000001,1.25445,1.25571,8638,0,0
2019-06-19 00:00:00,1.25564,1.25698,1.2551700000000001,1.2563900000000001,4567,0,0
2019-06-19 04:00:00,1.2563900000000001,1.25691,1.25558,1.25577,6674,0,0
2019-06-19 08:00:00,1.25577,1.258,1.25426,1.25689,13277,0,0
2019-06-19 12:00:00,1.2569,1.26006,1.2567,1.25934,15642,0,0
2019-06-19 16:00:00,1.25935,1.26387,1.25925,1.26336,20461,0,0
2019-06-19 20:00:00,1.26337,1.26738,1.26274,1.2643,22997,0,0
2019-06-20 00:00:00,1.26406,1.26768,1.26284,1.2675,5903,0,0
2019-06-20 04:00:00,1.2675,1.26891,1.26739,1.26788,11680,0,0
2019-06-20 08:00:00,1.26789,1.27261,1.26769,1.27114,23152,0,0
2019-06-20 12:00:00,1.27116,1.2726899999999999,1.26715,1.26836,25820,0,0
2019-06-20 16:00:00,1.26836,1.271,1.26767,1.2704,27064,0,0
2019-06-20 20:00:00,1.27039,1.27115,1.2697,1.27032,9200,0,0
2019-06-21 00:00:00,1.27039,1.27115,1.26938,1.27097,3767,0,0
2019-06-21 04:00:00,1.27096,1.27247,1.26985,1.27007,8170,0,0
2019-06-21 08:00:00,1.27007,1.27098,1.26721,1.26757,22260,0,0
2019-06-21 12:00:00,1.26757,1.26807,1.26424,1.26641,22300,0,0
2019-06-21 16:00:00,1.26641,1.27166,1.26585,1.27063,25621,0,0
2019-06-21 20:00:00,1.27063,1.27465,1.27051,1.27459,9911,0,0
2019-06-24 00:00:00,1.27328,1.2752,1.27297,1.27459,6494,0,0
2019-06-24 04:00:00,1.27459,1.27566,1.27432,1.27501,5802,0,0
2019-06-24 08:00:00,1.27501,1.2766600000000001,1.27229,1.2729,15682,0,0
2019-06-24 12:00:00,1.2729,1.2761,1.2723200000000001,1.27255,17705,0,0
2019-06-24 16:00:00,1.27252,1.27405,1.27081,1.2737,16698,0,0
2019-06-24 20:00:00,1.27369,1.27465,1.27331,1.27392,6284,0,0
2019-06-25 00:00:00,1.27366,1.27446,1.27222,1.27429,5585,0,0
2019-06-25 04:00:00,1.27429,1.27539,1.27401,1.27499,9215,0,0
2019-06-25 08:00:00,1.27499,1.27838,1.274,1.27628,14287,0,0
2019-06-25 12:00:00,1.27628,1.27674,1.27182,1.27258,12934,0,0
2019-06-25 16:00:00,1.27258,1.27345,1.26868,1.26932,18537,0,0
2019-06-25 20:00:00,1.26932,1.27114,1.26721,1.26884,17544,0,0
2019-06-26 00:00:00,1.2683,1.26938,1.2677399999999999,1.26849,7072,0,0
2019-06-26 04:00:00,1.26849,1.2689599999999999,1.26729,1.26749,8887,0,0
2019-06-26 08:00:00,1.26749,1.2684199999999999,1.26628,1.26729,16891,0,0
2019-06-26 12:00:00,1.26732,1.27074,1.26638,1.26694,25812,0,0
2019-06-26 16:00:00,1.26694,1.27005,1.2664,1.26978,21758,0,0
2019-06-26 20:00:00,1.26977,1.27011,1.2684,1.26854,12813,0,0
2019-06-27 00:00:00,1.26837,1.26973,1.26826,1.26973,5289,0,0
2019-06-27 04:00:00,1.26973,1.26978,1.26743,1.26841,8537,0,0
2019-06-27 08:00:00,1.26841,1.27072,1.26689,1.2697,18877,0,0
2019-06-27 12:00:00,1.26972,1.27248,1.26943,1.27103,21508,0,0
2019-06-27 16:00:00,1.27103,1.2717399999999999,1.2664,1.26782,21027,0,0
2019-06-27 20:00:00,1.26782,1.26827,1.26615,1.26701,9770,0,0
2019-06-28 00:00:00,1.26662,1.26783,1.26596,1.26759,5931,0,0
2019-06-28 04:00:00,1.26759,1.26782,1.26669,1.2671000000000001,6982,0,0
2019-06-28 08:00:00,1.2671000000000001,1.26874,1.26651,1.26777,13029,0,0
2019-06-28 12:00:00,1.26775,1.27071,1.26701,1.2705,16721,0,0
2019-06-28 16:00:00,1.27048,1.27348,1.26871,1.2695,23824,0,0
2019-06-28 20:00:00,1.2695,1.27064,1.2689300000000001,1.26958,11991,0,0
2019-07-01 00:00:00,1.26948,1.27027,1.26882,1.26882,6659,0,0
2019-07-01 04:00:00,1.26882,1.27057,1.2687599999999999,1.27004,6353,0,0
2019-07-01 08:00:00,1.27004,1.2701,1.264,1.26438,19170,0,0
2019-07-01 12:00:00,1.26438,1.26716,1.26343,1.26547,17303,0,0
2019-07-01 16:00:00,1.26547,1.26699,1.2631999999999999,1.26353,19421,0,0
2019-07-01 20:00:00,1.26353,1.2646600000000001,1.26324,1.2637399999999999,9122,0,0
2019-07-02 00:00:00,1.26371,1.26479,1.26362,1.26434,4839,0,0
2019-07-02 04:00:00,1.26434,1.26445,1.2625899999999999,1.26377,5687,0,0
2019-07-02 08:00:00,1.26377,1.26459,1.26126,1.26177,13051,0,0
2019-07-02 12:00:00,1.26176,1.26359,1.26061,1.26291,17154,0,0
2019-07-02 16:00:00,1.26291,1.26451,1.2584,1.2615,20126,0,0
2019-07-02 20:00:00,1.2615,1.26153,1.25919,1.25931,11879,0,0
2019-07-03 00:00:00,1.25909,1.25999,1.25869,1.25989,3744,0,0
2019-07-03 04:00:00,1.2598799999999999,1.26002,1.2587,1.2588599999999999,7319,0,0
2019-07-03 08:00:00,1.2588599999999999,1.25902,1.25571,1.25788,13762,0,0
2019-07-03 12:00:00,1.25788,1.25915,1.2564199999999999,1.25684,14529,0,0
2019-07-03 16:00:00,1.25683,1.25914,1.25587,1.25745,20087,0,0
2019-07-03 20:00:00,1.25746,1.25823,1.25689,1.25724,3543,0,0
2019-07-04 00:00:00,1.25704,1.2583199999999999,1.25629,1.25808,4671,0,0
2019-07-04 04:00:00,1.25808,1.25913,1.25781,1.25857,4294,0,0
2019-07-04 08:00:00,1.25857,1.25884,1.25686,1.2579500000000001,8720,0,0
2019-07-04 12:00:00,1.2579500000000001,1.2586,1.25688,1.258,10124,0,0
2019-07-04 16:00:00,1.258,1.25876,1.25702,1.2582900000000001,10089,0,0
2019-07-04 20:00:00,1.25828,1.25835,1.25753,1.25776,9618,0,0
2019-07-05 00:00:00,1.25766,1.25834,1.25735,1.25763,2969,0,0
2019-07-05 04:00:00,1.2576399999999999,1.25847,1.2575,1.2582499999999999,3941,0,0
2019-07-05 08:00:00,1.2582499999999999,1.25876,1.25497,1.25555,11488,0,0
2019-07-05 12:00:00,1.25555,1.25623,1.25172,1.25236,15973,0,0
2019-07-05 16:00:00,1.25234,1.25259,1.2481200000000001,1.25113,21734,0,0
2019-07-05 20:00:00,1.25113,1.2530700000000001,1.2508,1.25198,8521,0,0
2019-07-08 00:00:00,1.25255,1.2530999999999999,1.2523,1.25257,3414,0,0
2019-07-08 04:00:00,1.25257,1.25301,1.25207,1.25301,4577,0,0
2019-07-08 08:00:00,1.2530000000000001,1.25389,1.2511700000000001,1.2533,10971,0,0
2019-07-08 12:00:00,1.2533,1.2539799999999999,1.25073,1.2524,12473,0,0
2019-07-08 16:00:00,1.2524,1.2527300000000001,1.24999,1.2517,13066,0,0
2019-07-08 20:00:00,1.2517,1.25214,1.25084,1.25167,6195,0,0
2019-07-09 00:00:00,1.25165,1.2521900000000001,1.25134,1.25148,3178,0,0
2019-07-09 04:00:00,1.25148,1.2517,1.2505600000000001,1.25122,3617,0,0
2019-07-09 08:00:00,1.25122,1.25122,1.2458,1.24701,12016,0,0
2019-07-09 12:00:00,1.24701,1.24722,1.24396,1.24503,13710,0,0
2019-07-09 16:00:00,1.24503,1.24772,1.24461,1.24672,16551,0,0
2019-07-09 20:00:00,1.24672,1.24764,1.24599,1.246,7527,0,0
2019-07-10 00:00:00,1.24587,1.24643,1.24533,1.24576,4853,0,0
2019-07-10 04:00:00,1.24576,1.24583,1.24504,1.24546,5355,0,0
2019-07-10 08:00:00,1.24546,1.2483,1.24438,1.24801,15097,0,0
2019-07-10 12:00:00,1.24801,1.2521,1.24621,1.2516,19473,0,0
2019-07-10 16:00:00,1.2516,1.25209,1.24903,1.25134,22201,0,0
2019-07-10 20:00:00,1.25135,1.25175,1.24992,1.25048,10420,0,0
2019-07-11 00:00:00,1.2497,1.25143,1.24959,1.25098,4761,0,0
2019-07-11 04:00:00,1.25098,1.25384,1.25053,1.25353,8006,0,0
2019-07-11 08:00:00,1.25352,1.25408,1.25234,1.25345,10036,0,0
2019-07-11 12:00:00,1.2534399999999999,1.25714,1.25309,1.25623,20516,0,0
2019-07-11 16:00:00,1.25623,1.25709,1.25126,1.25204,20491,0,0
2019-07-11 20:00:00,1.25204,1.2527300000000001,1.2509000000000001,1.2526,12589,0,0
2019-07-12 00:00:00,1.25235,1.2533400000000001,1.25182,1.25308,6572,0,0
2019-07-12 04:00:00,1.25309,1.25448,1.2530700000000001,1.25424,6821,0,0
2019-07-12 08:00:00,1.25424,1.25539,1.25313,1.25404,13496,0,0
2019-07-12 12:00:00,1.25404,1.25444,1.25213,1.25384,18959,0,0
2019-07-12 16:00:00,1.25384,1.25702,1.2535,1.2566899999999999,18852,0,0
2019-07-12 20:00:00,1.2566899999999999,1.25794,1.25582,1.25769,8874,0,0
2019-07-15 00:00:00,1.25522,1.25778,1.25436,1.25689,4773,0,0
2019-07-15 04:00:00,1.2569,1.25713,1.2558799999999999,1.25668,6242,0,0
2019-07-15 08:00:00,1.25667,1.2576100000000001,1.25509,1.25522,9176,0,0
2019-07-15 12:00:00,1.25522,1.25657,1.2524,1.25314,10938,0,0
2019-07-15 16:00:00,1.25314,1.25392,1.25103,1.25116,13801,0,0
2019-07-15 20:00:00,1.25116,1.25208,1.25104,1.25162,6422,0,0
2019-07-16 00:00:00,1.25161,1.25203,1.25104,1.2515,3998,0,0
2019-07-16 04:00:00,1.2515,1.2517800000000001,1.2507,1.2515800000000001,5172,0,0
2019-07-16 08:00:00,1.2515800000000001,1.25177,1.24556,1.24677,11759,0,0
2019-07-16 12:00:00,1.2468,1.24713,1.2408,1.2426599999999999,15409,0,0
2019-07-16 16:00:00,1.24265,1.24312,1.23964,1.24176,18367,0,0
2019-07-16 20:00:00,1.24175,1.24262,1.24004,1.24062,10615,0,0
2019-07-17 00:00:00,1.24066,1.24133,1.2399,1.24084,5600,0,0
2019-07-17 04:00:00,1.24084,1.24201,1.24063,1.24201,5767,0,0
2019-07-17 08:00:00,1.24199,1.24199,1.2382,1.24024,12134,0,0
2019-07-17 12:00:00,1.24024,1.24167,1.23953,1.24077,11234,0,0
2019-07-17 16:00:00,1.24077,1.24564,1.24047,1.24486,17695,0,0
2019-07-17 20:00:00,1.24486,1.24502,1.2424,1.24321,9778,0,0
2019-07-18 00:00:00,1.24309,1.24377,1.24243,1.24332,5030,0,0
2019-07-18 04:00:00,1.24336,1.24416,1.24319,1.24383,6429,0,0
2019-07-18 08:00:00,1.24383,1.24843,1.2432,1.248,13784,0,0
2019-07-18 12:00:00,1.248,1.24948,1.24606,1.2476,18051,0,0
2019-07-18 16:00:00,1.2476,1.24976,1.24653,1.24789,12820,0,0
2019-07-18 20:00:00,1.24789,1.2558500000000001,1.2476,1.25469,15627,0,0
2019-07-19 00:00:00,1.25449,1.25563,1.25213,1.2548,7666,0,0
2019-07-19 04:00:00,1.2548,1.25549,1.25365,1.25377,5612,0,0
2019-07-19 08:00:00,1.25377,1.2542,1.25133,1.2514,9345,0,0
2019-07-19 12:00:00,1.2514,1.25452,1.25098,1.25141,11574,0,0
2019-07-19 16:00:00,1.25141,1.2537099999999999,1.24936,1.2503,14877,0,0
2019-07-19 20:00:00,1.2503,1.25084,1.24759,1.25052,12328,0,0
2019-07-22 00:00:00,1.24902,1.25172,1.2484,1.2503,4395,0,0
2019-07-22 04:00:00,1.2503,1.25087,1.24999,1.25033,6729,0,0
2019-07-22 08:00:00,1.25033,1.25115,1.2464,1.24649,10546,0,0
2019-07-22 12:00:00,1.24649,1.24776,1.24555,1.24712,11274,0,0
2019-07-22 16:00:00,1.24712,1.24993,1.24687,1.2481200000000001,13699,0,0
2019-07-22 20:00:00,1.2481200000000001,1.24894,1.2472699999999999,1.24754,6404,0,0
2019-07-23 00:00:00,1.24725,1.24803,1.24653,1.24719,4750,0,0
2019-07-23 04:00:00,1.2472,1.24724,1.24545,1.2458,6929,0,0
2019-07-23 08:00:00,1.24579,1.24611,1.2417799999999999,1.24287,10957,0,0
2019-07-23 12:00:00,1.24288,1.24817,1.24251,1.2447,15777,0,0
2019-07-23 16:00:00,1.2447,1.24607,1.2431,1.2439,15515,0,0
2019-07-23 20:00:00,1.24389,1.24566,1.2434,1.24394,8300,0,0
2019-07-24 00:00:00,1.2438,1.2443,1.24328,1.24399,4169,0,0
2019-07-24 04:00:00,1.24399,1.2441,1.24283,1.24362,5766,0,0
2019-07-24 08:00:00,1.24362,1.24654,1.24264,1.24649,12386,0,0
2019-07-24 12:00:00,1.24649,1.25224,1.24599,1.2485,15285,0,0
2019-07-24 16:00:00,1.2485,1.25068,1.24819,1.24994,14298,0,0
2019-07-24 20:00:00,1.24994,1.25027,1.2475,1.24837,7128,0,0
2019-07-25 00:00:00,1.24829,1.24861,1.24793,1.24841,3965,0,0
2019-07-25 04:00:00,1.24844,1.2487,1.2472,1.24742,5138,0,0
2019-07-25 08:00:00,1.24742,1.24928,1.24648,1.24705,9190,0,0
2019-07-25 12:00:00,1.24706,1.25089,1.24646,1.25038,19418,0,0
2019-07-25 16:00:00,1.25042,1.2517800000000001,1.24416,1.2444,24438,0,0
2019-07-25 20:00:00,1.2444,1.246,1.24369,1.24543,7568,0,0
2019-07-26 00:00:00,1.24498,1.24597,1.24463,1.24537,4141,0,0
2019-07-26 04:00:00,1.24537,1.24567,1.24444,1.24475,4714,0,0
2019-07-26 08:00:00,1.24475,1.24481,1.24232,1.24398,9894,0,0
2019-07-26 12:00:00,1.244,1.2446,1.24111,1.24176,12844,0,0
2019-07-26 16:00:00,1.24176,1.24301,1.23761,1.23825,16021,0,0
2019-07-26 20:00:00,1.23825,1.23909,1.23806,1.23836,6503,0,0
2019-07-29 00:00:00,1.23749,1.23837,1.23742,1.23789,2592,0,0
2019-07-29 04:00:00,1.23789,1.23811,1.2362,1.2366,4163,0,0
2019-07-29 08:00:00,1.2366,1.23737,1.23211,1.23255,8888,0,0
2019-07-29 12:00:00,1.23255,1.23425,1.2241900000000001,1.2245300000000001,13767,0,0
2019-07-29 16:00:00,1.2245300000000001,1.22709,1.22125,1.22181,19986,0,0
2019-07-29 20:00:00,1.2218,1.2230699999999999,1.22163,1.22176,8825,0,0
2019-07-30 00:00:00,1.22166,1.22259,1.22082,1.22101,5172,0,0
2019-07-30 04:00:00,1.22102,1.22106,1.21183,1.21266,12214,0,0
2019-07-30 08:00:00,1.21266,1.21806,1.21207,1.21715,15083,0,0
2019-07-30 12:00:00,1.21715,1.21905,1.2153100000000001,1.21702,17306,0,0
2019-07-30 16:00:00,1.21703,1.21834,1.21355,1.21662,18876,0,0
2019-07-30 20:00:00,1.2166,1.21759,1.2147999999999999,1.21491,8393,0,0
2019-07-31 00:00:00,1.21512,1.2169,1.21473,1.21523,4474,0,0
2019-07-31 04:00:00,1.21526,1.21603,1.21462,1.21585,7336,0,0
2019-07-31 08:00:00,1.2159,1.21766,1.21495,1.21587,10533,0,0
2019-07-31 12:00:00,1.21587,1.21885,1.21568,1.21874,10817,0,0
2019-07-31 16:00:00,1.21874,1.22498,1.21831,1.22136,24796,0,0
2019-07-31 20:00:00,1.22137,1.2245,1.2134,1.2161,30949,0,0
2019-08-01 00:00:00,1.21526,1.21616,1.2101,1.2109,9290,0,0
2019-08-01 04:00:00,1.2109,1.2137,1.21066,1.213,9108,0,0
2019-08-01 08:00:00,1.21299,1.21337,1.21086,1.21123,11734,0,0
2019-08-01 12:00:00,1.21123,1.21288,1.20849,1.20944,19030,0,0
2019-08-01 16:00:00,1.20945,1.2155,1.20796,1.21445,22545,0,0
2019-08-01 20:00:00,1.21445,1.21714,1.21166,1.21298,28410,0,0
2019-08-02 00:00:00,1.21241,1.21448,1.21123,1.21397,10427,0,0
2019-08-02 04:00:00,1.21399,1.21407,1.20904,1.21084,17019,0,0
2019-08-02 08:00:00,1.21085,1.21355,1.20997,1.21176,18475,0,0
2019-08-02 12:00:00,1.21178,1.21399,1.21004,1.21285,17663,0,0
2019-08-02 16:00:00,1.21284,1.21478,1.21086,1.21454,26260,0,0
2019-08-02 20:00:00,1.21456,1.21696,1.21375,1.21593,11521,0,0
2019-08-05 00:00:00,1.21344,1.21882,1.21294,1.21786,7985,0,0
2019-08-05 04:00:00,1.21786,1.21814,1.21406,1.2154,16737,0,0
2019-08-05 08:00:00,1.2154,1.21544,1.2101600000000001,1.2135799999999999,16701,0,0
2019-08-05 12:00:00,1.2135799999999999,1.2174,1.21259,1.21675,16716,0,0
2019-08-05 16:00:00,1.21675,1.21745,1.21186,1.21554,26103,0,0
2019-08-05 20:00:00,1.21554,1.21606,1.21354,1.21396,15053,0,0
2019-08-06 00:00:00,1.214,1.21678,1.2135799999999999,1.21562,11001,0,0
2019-08-06 04:00:00,1.2156500000000001,1.2166299999999999,1.21412,1.2160199999999999,17235,0,0
2019-08-06 08:00:00,1.21603,1.21939,1.21408,1.21828,17040,0,0
2019-08-06 12:00:00,1.21827,1.22094,1.21671,1.2171,15129,0,0
2019-08-06 16:00:00,1.21711,1.22078,1.21426,1.215,23852,0,0
2019-08-06 20:00:00,1.21499,1.2168700000000001,1.21369,1.2168700000000001,11685,0,0
2019-08-07 00:00:00,1.21677,1.21908,1.2162,1.2181,5606,0,0
2019-08-07 04:00:00,1.2181,1.2189,1.21557,1.21694,13895,0,0
2019-08-07 08:00:00,1.21694,1.21898,1.21426,1.21441,13240,0,0
2019-08-07 12:00:00,1.21441,1.21576,1.21211,1.2134,17163,0,0
2019-08-07 16:00:00,1.21341,1.21675,1.21332,1.2155,28448,0,0
2019-08-07 20:00:00,1.21549,1.21585,1.21373,1.21425,14625,0,0
2019-08-08 00:00:00,1.21417,1.21549,1.21365,1.21518,5370,0,0
2019-08-08 04:00:00,1.21518,1.21749,1.21398,1.2159200000000001,12278,0,0
2019-08-08 08:00:00,1.2159200000000001,1.21828,1.21537,1.21581,10373,0,0
2019-08-08 12:00:00,1.21581,1.21738,1.20949,1.21172,13016,0,0
2019-08-08 16:00:00,1.21172,1.21544,1.21057,1.21385,22071,0,0
2019-08-08 20:00:00,1.2138200000000001,1.21533,1.21315,1.21346,11268,0,0
2019-08-09 00:00:00,1.21337,1.2152,1.2124,1.21401,8923,0,0
2019-08-09 04:00:00,1.214,1.21438,1.21327,1.21345,6122,0,0
2019-08-09 08:00:00,1.21344,1.21458,1.20871,1.21164,10319,0,0
2019-08-09 12:00:00,1.21162,1.21212,1.20559,1.20741,14957,0,0
2019-08-09 16:00:00,1.20741,1.20877,1.20598,1.20717,19644,0,0
2019-08-09 20:00:00,1.20717,1.20739,1.20238,1.20255,9976,0,0
2019-08-12 00:00:00,1.20486,1.20504,1.20146,1.20307,11968,0,0
2019-08-12 04:00:00,1.20306,1.20445,1.2027,1.20383,8763,0,0
2019-08-12 08:00:00,1.20383,1.20698,1.20315,1.20652,21539,0,0
2019-08-12 12:00:00,1.20651,1.21066,1.20591,1.20976,23587,0,0
2019-08-12 16:00:00,1.20976,1.21004,1.20611,1.2077499999999999,21742,0,0
2019-08-12 20:00:00,1.2077499999999999,1.20847,1.20707,1.20747,6823,0,0
2019-08-13 00:00:00,1.20757,1.20843,1.20671,1.20731,8244,0,0
2019-08-13 04:00:00,1.20735,1.20779,1.20618,1.20663,10141,0,0
2019-08-13 08:00:00,1.20663,1.20747,1.20419,1.20667,17674,0,0
2019-08-13 12:00:00,1.20667,1.2098,1.20595,1.20874,24613,0,0
2019-08-13 16:00:00,1.20874,1.209,1.20491,1.20615,29769,0,0
2019-08-13 20:00:00,1.20615,1.20757,1.20503,1.20597,9313,0,0
2019-08-14 00:00:00,1.2059199999999999,1.20664,1.20511,1.20553,9260,0,0
2019-08-14 04:00:00,1.20553,1.2061,1.20448,1.20566,11484,0,0
2019-08-14 08:00:00,1.20566,1.20734,1.2052,1.2067,17196,0,0
2019-08-14 12:00:00,1.20671,1.21009,1.20623,1.20694,27236,0,0
2019-08-14 16:00:00,1.20695,1.2074799999999999,1.20519,1.20604,22964,0,0
2019-08-14 20:00:00,1.20604,1.20618,1.20508,1.2057,10021,0,0
2019-08-15 00:00:00,1.20567,1.20614,1.20529,1.20593,6598,0,0
2019-08-15 04:00:00,1.2059,1.20638,1.20507,1.20569,8600,0,0
2019-08-15 08:00:00,1.2057,1.20867,1.20515,1.20828,19399,0,0
2019-08-15 12:00:00,1.20829,1.21507,1.20813,1.21252,34822,0,0
2019-08-15 16:00:00,1.21254,1.21347,1.21018,1.21123,25360,0,0
2019-08-15 20:00:00,1.21125,1.21214,1.20893,1.20922,11305,0,0
2019-08-16 00:00:00,1.2082,1.20933,1.20747,1.20886,7910,0,0
2019-08-16 04:00:00,1.20886,1.20946,1.20816,1.20936,9063,0,0
2019-08-16 08:00:00,1.20936,1.21468,1.20934,1.21457,16060,0,0
2019-08-16 12:00:00,1.21458,1.21757,1.21378,1.21674,22510,0,0
2019-08-16 16:00:00,1.21675,1.21726,1.2137,1.21559,22219,0,0
2019-08-16 20:00:00,1.21558,1.21561,1.2140900000000001,1.2146,8228,0,0
2019-08-19 00:00:00,1.21546,1.21607,1.21164,1.21426,5388,0,0
2019-08-19 04:00:00,1.21426,1.21584,1.21401,1.21561,6484,0,0
2019-08-19 08:00:00,1.2156,1.21727,1.21164,1.21254,14941,0,0
2019-08-19 12:00:00,1.21255,1.21308,1.21047,1.2111399999999999,16220,0,0
2019-08-19 16:00:00,1.2111399999999999,1.21586,1.21112,1.21369,14135,0,0
2019-08-19 20:00:00,1.21369,1.21446,1.21244,1.21244,6939,0,0
2019-08-20 00:00:00,1.21259,1.21323,1.21225,1.21302,6609,0,0
2019-08-20 04:00:00,1.21302,1.2138,1.21293,1.21299,5479,0,0
2019-08-20 08:00:00,1.21302,1.21309,1.20833,1.20922,13767,0,0
2019-08-20 12:00:00,1.2092100000000001,1.21041,1.20641,1.20974,18165,0,0
2019-08-20 16:00:00,1.20973,1.21794,1.20833,1.21707,26861,0,0
2019-08-20 20:00:00,1.21707,1.2178200000000001,1.21635,1.21706,7584,0,0
2019-08-21 00:00:00,1.21684,1.21712,1.21612,1.21627,5830,0,0
2019-08-21 04:00:00,1.21628,1.2175,1.2153,1.2153,7338,0,0
2019-08-21 08:00:00,1.2153,1.21544,1.21286,1.2146,11932,0,0
2019-08-21 12:00:00,1.2146,1.21482,1.2117,1.21362,15282,0,0
2019-08-21 16:00:00,1.21362,1.21548,1.21122,1.21439,16988,0,0
2019-08-21 20:00:00,1.21439,1.21451,1.21203,1.21208,9536,0,0
2019-08-22 00:00:00,1.21222,1.21342,1.21213,1.21277,5518,0,0
2019-08-22 04:00:00,1.21272,1.21342,1.21167,1.2119,5542,0,0
2019-08-22 08:00:00,1.21189,1.21554,1.21086,1.21479,15552,0,0
2019-08-22 12:00:00,1.2147999999999999,1.22446,1.21218,1.22233,24341,0,0
2019-08-22 16:00:00,1.22245,1.2273,1.22215,1.22536,29614,0,0
2019-08-22 20:00:00,1.22537,1.22671,1.22501,1.2256,6255,0,0
2019-08-23 00:00:00,1.22527,1.22638,1.22437,1.2245,6461,0,0
2019-08-23 04:00:00,1.22451,1.22477,1.22218,1.22298,7490,0,0
2019-08-23 08:00:00,1.22298,1.22373,1.21943,1.2206,12740,0,0
2019-08-23 12:00:00,1.2206,1.22422,1.22029,1.22281,21653,0,0
2019-08-23 16:00:00,1.2227999999999999,1.22797,1.22153,1.2268,30538,0,0
2019-08-23 20:00:00,1.2268,1.22933,1.22676,1.22836,10870,0,0
2019-08-26 00:00:00,1.22649,1.22858,1.22599,1.2267299999999999,13765,0,0
2019-08-26 04:00:00,1.2267299999999999,1.22827,1.22597,1.22665,16200,0,0
2019-08-26 08:00:00,1.22665,1.2285,1.2234,1.22414,25980,0,0
2019-08-26 12:00:00,1.22415,1.22452,1.22288,1.22334,23303,0,0
2019-08-26 16:00:00,1.22335,1.22446,1.22081,1.2231,21670,0,0
2019-08-26 20:00:00,1.2231,1.2231,1.2215,1.2218,6583,0,0
2019-08-27 00:00:00,1.2217500000000001,1.22266,1.22098,1.22141,4666,0,0
2019-08-27 04:00:00,1.22141,1.22199,1.2209,1.22172,8737,0,0
2019-08-27 08:00:00,1.22172,1.22562,1.2213,1.22547,17014,0,0
2019-08-27 12:00:00,1.22546,1.22886,1.2245,1.22776,20495,0,0
2019-08-27 16:00:00,1.22776,1.23099,1.22519,1.22968,24513,0,0
2019-08-27 20:00:00,1.22967,1.2297,1.22812,1.22873,6127,0,0
2019-08-28 00:00:00,1.22856,1.22911,1.22779,1.2279,6549,0,0
2019-08-28 04:00:00,1.22789,1.22815,1.22679,1.22806,8580,0,0
2019-08-28 08:00:00,1.22805,1.22873,1.21561,1.21906,22854,0,0
2019-08-28 12:00:00,1.21906,1.22327,1.2183,1.22095,29084,0,0
2019-08-28 16:00:00,1.22096,1.22531,1.22005,1.22351,23181,0,0
2019-08-28 20:00:00,1.22351,1.2238,1.22058,1.22101,8546,0,0
2019-08-29 00:00:00,1.22049,1.2221899999999999,1.22049,1.22152,6100,0,0
2019-08-29 04:00:00,1.22151,1.22171,1.21996,1.22045,7695,0,0
2019-08-29 08:00:00,1.22045,1.2216,1.21821,1.21961,17283,0,0
2019-08-29 12:00:00,1.21962,1.22327,1.21822,1.22046,21089,0,0
2019-08-29 16:00:00,1.22048,1.22136,1.21884,1.2198,21609,0,0
2019-08-29 20:00:00,1.2198,1.21988,1.21723,1.2183,8200,0,0
2019-08-30 00:00:00,1.21794,1.2203,1.21792,1.21812,5097,0,0
2019-08-30 04:00:00,1.21811,1.21841,1.21747,1.21833,6795,0,0
2019-08-30 08:00:00,1.21833,1.21918,1.21641,1.21692,14792,0,0
2019-08-30 12:00:00,1.21693,1.21977,1.21581,1.21895,19781,0,0
2019-08-30 16:00:00,1.21894,1.22262,1.21622,1.21654,23089,0,0
2019-08-30 20:00:00,1.21654,1.21706,1.21395,1.21622,11853,0,0
2019-09-02 00:00:00,1.21556,1.21642,1.21404,1.21485,5951,0,0
2019-09-02 04:00:00,1.21485,1.21611,1.2147999999999999,1.21587,6672,0,0
2019-09-02 08:00:00,1.21589,1.21746,1.20759,1.20847,13161,0,0
2019-09-02 12:00:00,1.20847,1.21006,1.20659,1.20712,21225,0,0
2019-09-02 16:00:00,1.20712,1.2077,1.20358,1.20764,15385,0,0
2019-09-02 20:00:00,1.20763,1.2077,1.20564,1.20627,10479,0,0
2019-09-03 00:00:00,1.2062,1.20676,1.2056499999999999,1.20585,5740,0,0
2019-09-03 04:00:00,1.20585,1.20585,1.20252,1.20388,9886,0,0
2019-09-03 08:00:00,1.20386,1.20391,1.19585,1.19915,25299,0,0
2019-09-03 12:00:00,1.19915,1.20814,1.19726,1.20196,21923,0,0
2019-09-03 16:00:00,1.20196,1.21037,1.20161,1.20916,25520,0,0
2019-09-03 20:00:00,1.20916,1.21056,1.20766,1.2085,8954,0,0
2019-09-04 00:00:00,1.2071399999999999,1.21005,1.2071399999999999,1.20911,7290,0,0
2019-09-04 04:00:00,1.20911,1.21125,1.20851,1.21011,7992,0,0
2019-09-04 08:00:00,1.2101,1.21651,1.20996,1.21524,20845,0,0
2019-09-04 12:00:00,1.21524,1.222,1.21486,1.2182,21193,0,0
2019-09-04 16:00:00,1.2182,1.2214,1.21622,1.22081,21263,0,0
2019-09-04 20:00:00,1.22081,1.22566,1.21891,1.22554,12897,0,0
2019-09-05 00:00:00,1.22522,1.2258499999999999,1.22353,1.2236,7996,0,0
2019-09-05 04:00:00,1.22362,1.22472,1.22308,1.22408,10578,0,0
2019-09-05 08:00:00,1.22407,1.22861,1.22101,1.22675,21664,0,0
2019-09-05 12:00:00,1.22675,1.23538,1.22641,1.23312,26321,0,0
2019-09-05 16:00:00,1.23312,1.2346,1.23143,1.23157,20105,0,0
2019-09-05 20:00:00,1.23157,1.23339,1.23143,1.23298,8202,0,0
2019-09-06 00:00:00,1.23264,1.23391,1.2322,1.2323,5832,0,0
2019-09-06 04:00:00,1.2323,1.23327,1.2321900000000001,1.2328000000000001,6518,0,0
2019-09-06 08:00:00,1.2328000000000001,1.23435,1.22856,1.2298,19028,0,0
2019-09-06 12:00:00,1.22982,1.23288,1.22891,1.23069,22435,0,0
2019-09-06 16:00:00,1.23069,1.23371,1.22824,1.22885,16834,0,0
2019-09-06 20:00:00,1.22887,1.23032,1.22793,1.22838,7170,0,0
2019-09-09 00:00:00,1.22696,1.22886,1.22678,1.22799,4637,0,0
2019-09-09 04:00:00,1.22796,1.22908,1.22744,1.22771,6248,0,0
2019-09-09 08:00:00,1.22771,1.23209,1.22335,1.23148,13684,0,0
2019-09-09 12:00:00,1.23148,1.23849,1.23129,1.23628,19065,0,0
2019-09-09 16:00:00,1.23628,1.2374,1.2316799999999999,1.23476,17767,0,0
2019-09-09 20:00:00,1.23476,1.2359,1.23395,1.23443,5886,0,0
2019-09-10 00:00:00,1.23458,1.23528,1.23392,1.23423,8545,0,0
2019-09-10 04:00:00,1.23423,1.23484,1.23354,1.23392,5719,0,0
2019-09-10 08:00:00,1.23392,1.23798,1.23071,1.23253,13183,0,0
2019-09-10 12:00:00,1.23253,1.23745,1.23189,1.23719,14471,0,0
2019-09-10 16:00:00,1.2372,1.23744,1.23409,1.23452,14725,0,0
2019-09-10 20:00:00,1.23452,1.23597,1.23397,1.23573,6856,0,0
2019-09-11 00:00:00,1.23413,1.23611,1.23413,1.23507,4908,0,0
2019-09-11 04:00:00,1.23508,1.23615,1.23406,1.23583,6730,0,0
2019-09-11 08:00:00,1.2358500000000001,1.23701,1.23422,1.23594,12795,0,0
2019-09-11 12:00:00,1.23593,1.2371,1.23313,1.23358,15000,0,0
2019-09-11 16:00:00,1.23358,1.23485,1.2315800000000001,1.23177,13810,0,0
2019-09-11 20:00:00,1.23177,1.23361,1.23126,1.23276,6637,0,0
2019-09-12 00:00:00,1.23291,1.23362,1.23192,1.23319,6544,0,0
2019-09-12 04:00:00,1.23319,1.2335099999999999,1.23262,1.23297,5487,0,0
2019-09-12 08:00:00,1.23297,1.23426,1.23151,1.23227,12552,0,0
2019-09-12 12:00:00,1.23227,1.23388,1.22833,1.22906,23522,0,0
2019-09-12 16:00:00,1.22907,1.23602,1.22849,1.23493,27242,0,0
2019-09-12 20:00:00,1.23493,1.2367,1.23292,1.23302,7570,0,0
2019-09-13 00:00:00,1.23312,1.23435,1.23273,1.23321,4080,0,0
2019-09-13 04:00:00,1.23321,1.23511,1.23281,1.23486,4461,0,0
2019-09-13 08:00:00,1.23486,1.24549,1.23446,1.2449,20465,0,0
2019-09-13 12:00:00,1.24489,1.24762,1.24392,1.24554,19362,0,0
2019-09-13 16:00:00,1.24554,1.24807,1.2426599999999999,1.24668,15270,0,0
2019-09-13 20:00:00,1.24667,1.25049,1.24654,1.24977,6940,0,0
2019-09-16 00:00:00,1.24655,1.25028,1.24655,1.24879,7141,0,0
2019-09-16 04:00:00,1.24879,1.24879,1.24624,1.24687,4903,0,0
2019-09-16 08:00:00,1.24686,1.24795,1.24256,1.24261,12553,0,0
2019-09-16 12:00:00,1.2426,1.24678,1.2426,1.24476,16127,0,0
2019-09-16 16:00:00,1.24477,1.2454399999999999,1.23991,1.24257,16596,0,0
2019-09-16 20:00:00,1.24257,1.24308,1.24167,1.24282,7145,0,0
2019-09-17 00:00:00,1.24253,1.24317,1.24175,1.24191,3994,0,0
2019-09-17 04:00:00,1.2419,1.2422900000000001,1.24077,1.24171,5908,0,0
2019-09-17 08:00:00,1.24171,1.24259,1.23929,1.24033,13245,0,0
2019-09-17 12:00:00,1.24038,1.24246,1.23925,1.24225,13747,0,0
2019-09-17 16:00:00,1.24225,1.25047,1.24199,1.2502900000000001,18284,0,0
2019-09-17 20:00:00,1.2502900000000001,1.2527300000000001,1.2494399999999999,1.24992,7259,0,0
2019-09-18 00:00:00,1.24996,1.25064,1.2486,1.2487300000000001,3450,0,0
2019-09-18 04:00:00,1.24874,1.24928,1.2483,1.24859,4600,0,0
2019-09-18 08:00:00,1.2486,1.2497,1.24393,1.24487,13278,0,0
2019-09-18 12:00:00,1.24487,1.24721,1.24414,1.24648,13916,0,0
2019-09-18 16:00:00,1.24648,1.2490700000000001,1.24549,1.24793,13150,0,0
2019-09-18 20:00:00,1.24794,1.2511999999999999,1.24465,1.2469000000000001,18720,0,0
2019-09-19 00:00:00,1.24712,1.24774,1.2459500000000001,1.24663,5742,0,0
2019-09-19 04:00:00,1.24663,1.24794,1.24598,1.24782,7643,0,0
2019-09-19 08:00:00,1.24783,1.2500200000000001,1.24601,1.24948,15230,0,0
2019-09-19 12:00:00,1.24948,1.24998,1.2438,1.24825,16165,0,0
2019-09-19 16:00:00,1.24827,1.24959,1.24732,1.24906,13176,0,0
2019-09-19 20:00:00,1.24906,1.25603,1.24896,1.25226,12475,0,0
2019-09-20 00:00:00,1.25217,1.25292,1.2517800000000001,1.25262,4044,0,0
2019-09-20 04:00:00,1.25261,1.25584,1.2524899999999999,1.25577,6643,0,0
2019-09-20 08:00:00,1.25577,1.2582200000000001,1.25304,1.25317,17060,0,0
2019-09-20 12:00:00,1.25318,1.2551,1.24632,1.24832,17263,0,0
2019-09-20 16:00:00,1.24833,1.2511999999999999,1.24592,1.24847,16729,0,0
2019-09-20 20:00:00,1.24847,1.24943,1.24663,1.2469000000000001,10240,0,0
2019-09-23 00:00:00,1.24615,1.24884,1.24613,1.24793,4675,0,0
2019-09-23 04:00:00,1.24795,1.24908,1.2475100000000001,1.24834,3611,0,0
2019-09-23 08:00:00,1.24834,1.24867,1.24232,1.24362,14265,0,0
2019-09-23 12:00:00,1.24363,1.24548,1.24158,1.24207,16789,0,0
2019-09-23 16:00:00,1.2421,1.24435,1.24131,1.24325,16213,0,0
2019-09-23 20:00:00,1.24322,1.24411,1.24235,1.24337,4906,0,0
2019-09-24 00:00:00,1.24329,1.24386,1.24245,1.24367,4364,0,0
2019-09-24 04:00:00,1.24366,1.24386,1.24241,1.24283,5060,0,0
2019-09-24 08:00:00,1.24283,1.24448,1.24142,1.24288,10462,0,0
2019-09-24 12:00:00,1.24284,1.24899,1.24277,1.24829,19139,0,0
2019-09-24 16:00:00,1.24829,1.25033,1.24628,1.24876,15629,0,0
2019-09-24 20:00:00,1.24876,1.25006,1.24669,1.24943,8662,0,0
2019-09-25 00:00:00,1.24893,1.24978,1.24724,1.24797,4285,0,0
2019-09-25 04:00:00,1.24797,1.24834,1.24622,1.24648,6864,0,0
2019-09-25 08:00:00,1.2465,1.24821,1.24272,1.24334,13889,0,0
2019-09-25 12:00:00,1.24335,1.24443,1.23726,1.2384,15121,0,0
2019-09-25 16:00:00,1.2384,1.23936,1.23491,1.23554,18689,0,0
2019-09-25 20:00:00,1.23554,1.2365599999999999,1.23475,1.2349700000000001,6077,0,0
2019-09-26 00:00:00,1.23455,1.2363,1.23455,1.23599,3887,0,0
2019-09-26 04:00:00,1.23596,1.23806,1.23586,1.23718,6380,0,0
2019-09-26 08:00:00,1.23718,1.23724,1.23249,1.23271,10923,0,0
2019-09-26 12:00:00,1.23271,1.23632,1.23028,1.23464,15986,0,0
2019-09-26 16:00:00,1.23464,1.23658,1.23278,1.2335099999999999,17533,0,0
2019-09-26 20:00:00,1.2335099999999999,1.23531,1.23152,1.23226,7810,0,0
2019-09-27 00:00:00,1.23236,1.23293,1.23141,1.23272,4430,0,0
2019-09-27 04:00:00,1.23273,1.23339,1.23243,1.23277,6821,0,0
2019-09-27 08:00:00,1.23277,1.23364,1.22712,1.22847,13379,0,0
2019-09-27 12:00:00,1.22847,1.23314,1.22772,1.23235,14699,0,0
2019-09-27 16:00:00,1.23235,1.23269,1.22973,1.23111,14489,0,0
2019-09-27 20:00:00,1.23111,1.23128,1.22871,1.22905,6547,0,0
2019-09-30 00:00:00,1.2294,1.2298499999999999,1.22808,1.22915,4396,0,0
2019-09-30 04:00:00,1.22915,1.22944,1.22837,1.22929,5348,0,0
2019-09-30 08:00:00,1.22928,1.23289,1.229,1.2328000000000001,9485,0,0
2019-09-30 12:00:00,1.2328000000000001,1.23304,1.22893,1.23068,14963,0,0
2019-09-30 16:00:00,1.23068,1.2346300000000001,1.22869,1.22899,16996,0,0
2019-09-30 20:00:00,1.22899,1.23062,1.22753,1.22965,6676,0,0
2019-10-01 00:00:00,1.22904,1.22949,1.22784,1.22803,4223,0,0
2019-10-01 04:00:00,1.22801,1.22923,1.22779,1.22864,5322,0,0
2019-10-01 08:00:00,1.22864,1.2306300000000001,1.226,1.22838,13332,0,0
2019-10-01 12:00:00,1.22838,1.23132,1.22244,1.22357,15263,0,0
2019-10-01 16:00:00,1.2235800000000001,1.23397,1.22049,1.23182,23060,0,0
2019-10-01 20:00:00,1.2319,1.233,1.22584,1.23038,9680,0,0
2019-10-02 00:00:00,1.22998,1.2309700000000001,1.22832,1.22949,5847,0,0
2019-10-02 04:00:00,1.22949,1.22988,1.2279200000000001,1.22831,4640,0,0
2019-10-02 08:00:00,1.22831,1.2285300000000001,1.22268,1.22283,15136,0,0
2019-10-02 12:00:00,1.22283,1.2298,1.2227000000000001,1.22666,15710,0,0
2019-10-02 16:00:00,1.22666,1.23241,1.22665,1.2309,18789,0,0
2019-10-02 20:00:00,1.2309,1.23241,1.2295,1.22982,7551,0,0
2019-10-03 00:00:00,1.22988,1.2310699999999999,1.22838,1.22982,8952,0,0
2019-10-03 04:00:00,1.22982,1.23067,1.22961,1.23033,4534,0,0
2019-10-03 08:00:00,1.23033,1.23182,1.22657,1.23143,13994,0,0
2019-10-03 12:00:00,1.23143,1.23841,1.22741,1.23769,18638,0,0
2019-10-03 16:00:00,1.2377,1.2413,1.23579,1.23728,23972,0,0
2019-10-03 20:00:00,1.23728,1.23767,1.23269,1.23284,9109,0,0
2019-10-04 00:00:00,1.2328000000000001,1.2349,1.23268,1.2348,5020,0,0
2019-10-04 04:00:00,1.2348,1.23568,1.23337,1.23348,7923,0,0
2019-10-04 08:00:00,1.23348,1.2352400000000001,1.23258,1.23292,10453,0,0
2019-10-04 12:00:00,1.23292,1.23494,1.22945,1.23083,18843,0,0
2019-10-04 16:00:00,1.2308,1.2341199999999999,1.22761,1.2328999999999999,17163,0,0
2019-10-04 20:00:00,1.2328999999999999,1.23394,1.23251,1.23335,5035,0,0
2019-10-07 00:00:00,1.23096,1.23366,1.2305,1.23336,4803,0,0
2019-10-07 04:00:00,1.23336,1.23343,1.23218,1.2328000000000001,3964,0,0
2019-10-07 08:00:00,1.2328000000000001,1.23284,1.22872,1.22976,11935,0,0
2019-10-07 12:00:00,1.22976,1.23336,1.22933,1.2322,12194,0,0
2019-10-07 16:00:00,1.2322,1.23303,1.23084,1.2316,11296,0,0
2019-10-07 20:00:00,1.23159,1.23184,1.22883,1.22886,7352,0,0
2019-10-08 00:00:00,1.22897,1.22933,1.22844,1.22891,4401,0,0
2019-10-08 04:00:00,1.22891,1.23003,1.2287,1.22955,5993,0,0
2019-10-08 08:00:00,1.22955,1.23026,1.22605,1.22725,15036,0,0
2019-10-08 12:00:00,1.22722,1.22727,1.22078,1.22096,20849,0,0
2019-10-08 16:00:00,1.2209699999999999,1.22262,1.21952,1.22145,16484,0,0
2019-10-08 20:00:00,1.22145,1.22262,1.22024,1.22195,11144,0,0
2019-10-09 00:00:00,1.22184,1.22264,1.22126,1.2215,6578,0,0
2019-10-09 04:00:00,1.2215,1.2219,1.2209699999999999,1.22106,4499,0,0
2019-10-09 08:00:00,1.22107,1.22916,1.21984,1.22413,17005,0,0
2019-10-09 12:00:00,1.22413,1.225,1.22054,1.22173,17929,0,0
2019-10-09 16:00:00,1.22173,1.2235,1.21981,1.22032,13665,0,0
2019-10-09 20:00:00,1.22032,1.22174,1.22004,1.22035,7081,0,0
2019-10-10 00:00:00,1.22046,1.22218,1.22024,1.22117,8113,0,0
2019-10-10 04:00:00,1.22118,1.22309,1.22091,1.22268,8139,0,0
2019-10-10 08:00:00,1.22267,1.2248999999999999,1.22161,1.22291,15513,0,0
2019-10-10 12:00:00,1.22291,1.22656,1.22232,1.22327,17200,0,0
2019-10-10 16:00:00,1.22326,1.24057,1.22157,1.2396,33932,0,0
2019-10-10 20:00:00,1.2396,1.24691,1.2396,1.24411,15760,0,0
2019-10-11 00:00:00,1.24348,1.2445599999999999,1.2423899999999999,1.24337,8384,0,0
2019-10-11 04:00:00,1.24337,1.24574,1.24285,1.24491,5751,0,0
2019-10-11 08:00:00,1.24491,1.25048,1.24078,1.24993,20431,0,0
2019-10-11 12:00:00,1.24994,1.2685,1.24871,1.2622499999999999,38757,0,0
2019-10-11 16:00:00,1.26226,1.27069,1.26152,1.26665,32097,0,0
2019-10-11 20:00:00,1.26665,1.26726,1.2639,1.26471,12410,0,0
2019-10-14 00:00:00,1.2624,1.26447,1.25996,1.26064,7324,0,0
2019-10-14 04:00:00,1.26064,1.26166,1.25906,1.26079,8725,0,0
2019-10-14 08:00:00,1.2608,1.26154,1.2556,1.25781,18048,0,0
2019-10-14 12:00:00,1.2578,1.25811,1.2516,1.25617,18459,0,0
2019-10-14 16:00:00,1.25614,1.2649599999999999,1.2534399999999999,1.25694,22055,0,0
2019-10-14 20:00:00,1.25694,1.26059,1.25507,1.26021,8684,0,0
2019-10-15 00:00:00,1.26082,1.2635399999999999,1.26009,1.26051,7069,0,0
2019-10-15 04:00:00,1.26051,1.26364,1.2604899999999999,1.26331,10938,0,0
2019-10-15 08:00:00,1.26331,1.26974,1.26053,1.26508,21857,0,0
2019-10-15 12:00:00,1.26519,1.2678099999999999,1.2606600000000001,1.26551,25997,0,0
2019-10-15 16:00:00,1.26552,1.27997,1.26204,1.27557,37776,0,0
2019-10-15 20:00:00,1.27557,1.27922,1.27496,1.27837,11503,0,0
2019-10-16 00:00:00,1.27801,1.2787,1.27481,1.27499,8498,0,0
2019-10-16 04:00:00,1.27499,1.27593,1.27383,1.27556,9809,0,0
2019-10-16 08:00:00,1.27556,1.2788599999999999,1.26728,1.2741799999999999,27262,0,0
2019-10-16 12:00:00,1.2741799999999999,1.28397,1.26559,1.27909,33839,0,0
2019-10-16 16:00:00,1.27909,1.28776,1.27738,1.28471,29014,0,0
2019-10-16 20:00:00,1.28471,1.2870599999999999,1.28048,1.28275,10330,0,0
2019-10-17 00:00:00,1.28251,1.28338,1.2810000000000001,1.2827600000000001,10236,0,0
2019-10-17 04:00:00,1.2827600000000001,1.28308,1.2818100000000001,1.28186,9043,0,0
2019-10-17 08:00:00,1.2818399999999999,1.28331,1.2749,1.2799800000000001,21513,0,0
2019-10-17 12:00:00,1.28007,1.29894,1.27572,1.2812299999999999,40221,0,0
2019-10-17 16:00:00,1.28122,1.28747,1.27835,1.28492,27639,0,0
2019-10-17 20:00:00,1.28492,1.28933,1.28424,1.28907,11997,0,0
2019-10-18 00:00:00,1.28913,1.2891599999999999,1.28579,1.28646,6251,0,0
2019-10-18 04:00:00,1.28646,1.28674,1.28414,1.28449,9458,0,0
2019-10-18 08:00:00,1.28449,1.29206,1.28396,1.29012,18630,0,0
2019-10-18 12:00:00,1.29012,1.29131,1.28712,1.2888600000000001,20617,0,0
2019-10-18 16:00:00,1.2888600000000001,1.29322,1.28609,1.29301,23970,0,0
2019-10-18 20:00:00,1.29301,1.29653,1.29291,1.29614,12728,0,0
2019-10-21 00:00:00,1.29473,1.2950599999999999,1.28739,1.2919800000000001,11731,0,0
2019-10-21 04:00:00,1.2919800000000001,1.29199,1.29028,1.29039,9270,0,0
2019-10-21 08:00:00,1.29039,1.30115,1.28879,1.29775,19176,0,0
2019-10-21 12:00:00,1.29775,1.30127,1.29706,1.29918,15665,0,0
2019-10-21 16:00:00,1.29917,1.30088,1.2959,1.29757,20131,0,0
2019-10-21 20:00:00,1.29757,1.29786,1.29562,1.29589,8503,0,0
2019-10-22 00:00:00,1.29587,1.29765,1.29573,1.2971,6802,0,0
2019-10-22 04:00:00,1.2971,1.2986900000000001,1.29678,1.2981099999999999,7129,0,0
2019-10-22 08:00:00,1.29812,1.2987199999999999,1.29218,1.29401,17029,0,0
2019-10-22 12:00:00,1.29401,1.2971,1.28905,1.2907600000000001,20525,0,0
2019-10-22 16:00:00,1.29075,1.29613,1.28948,1.29498,19596,0,0
2019-10-22 20:00:00,1.29498,1.3000099999999999,1.28621,1.2872,21473,0,0
2019-10-23 00:00:00,1.28694,1.28985,1.28621,1.28702,17217,0,0
2019-10-23 04:00:00,1.28702,1.28711,1.28413,1.28594,9780,0,0
2019-10-23 08:00:00,1.28594,1.28912,1.28426,1.2852299999999999,16795,0,0
2019-10-23 12:00:00,1.2852299999999999,1.2892299999999999,1.28451,1.28806,17872,0,0
2019-10-23 16:00:00,1.2881,1.28966,1.28633,1.28743,17628,0,0
2019-10-23 20:00:00,1.28743,1.29218,1.28739,1.29118,9546,0,0
2019-10-24 00:00:00,1.29144,1.2921,1.29034,1.29142,5261,0,0
2019-10-24 04:00:00,1.29142,1.29274,1.29114,1.29162,7127,0,0
2019-10-24 08:00:00,1.29162,1.29497,1.28763,1.28877,17448,0,0
2019-10-24 12:00:00,1.28877,1.29267,1.28805,1.29134,13987,0,0
2019-10-24 16:00:00,1.29138,1.29153,1.27884,1.28505,26493,0,0
2019-10-24 20:00:00,1.28505,1.28665,1.28349,1.2851,7931,0,0
2019-10-25 00:00:00,1.28504,1.2854999999999999,1.28355,1.28448,8833,0,0
2019-10-25 04:00:00,1.28448,1.28472,1.28355,1.28413,4821,0,0
2019-10-25 08:00:00,1.28411,1.28629,1.28232,1.2837100000000001,11827,0,0
2019-10-25 12:00:00,1.2837100000000001,1.28501,1.28086,1.2812999999999999,13469,0,0
2019-10-25 16:00:00,1.2812999999999999,1.28439,1.28043,1.28183,16071,0,0
2019-10-25 20:00:00,1.28183,1.2832,1.28149,1.28294,6186,0,0
2019-10-28 00:00:00,1.28099,1.28341,1.28099,1.28186,4383,0,0
2019-10-28 04:00:00,1.28186,1.28213,1.28116,1.2815699999999999,4856,0,0
2019-10-28 08:00:00,1.2815699999999999,1.28593,1.28146,1.28262,11571,0,0
2019-10-28 12:00:00,1.28263,1.28562,1.28225,1.28332,13752,0,0
2019-10-28 16:00:00,1.28332,1.2876400000000001,1.28293,1.2857,16530,0,0
2019-10-28 20:00:00,1.2857,1.2871299999999999,1.28522,1.28533,6645,0,0
2019-10-29 00:00:00,1.28574,1.2861099999999999,1.2845,1.28506,2853,0,0
2019-10-29 04:00:00,1.28506,1.28538,1.28349,1.28511,6901,0,0
2019-10-29 08:00:00,1.28511,1.28606,1.2827,1.28294,10596,0,0
2019-10-29 12:00:00,1.28294,1.28735,1.28067,1.28572,20278,0,0
2019-10-29 16:00:00,1.28571,1.29048,1.28482,1.28812,22478,0,0
2019-10-29 20:00:00,1.28812,1.28814,1.28421,1.28661,7730,0,0
2019-10-30 00:00:00,1.28694,1.28694,1.2858,1.28653,4018,0,0
2019-10-30 04:00:00,1.28655,1.28708,1.28583,1.28658,5447,0,0
2019-10-30 08:00:00,1.28658,1.29057,1.28632,1.28793,10470,0,0
2019-10-30 12:00:00,1.28793,1.28991,1.28708,1.28846,15672,0,0
2019-10-30 16:00:00,1.28845,1.28874,1.28602,1.28736,17630,0,0
2019-10-30 20:00:00,1.28736,1.2907600000000001,1.28453,1.28986,15418,0,0
2019-10-31 00:00:00,1.28971,1.2916,1.28939,1.29151,5845,0,0
2019-10-31 04:00:00,1.29151,1.2934700000000001,1.29129,1.29279,7309,0,0
2019-10-31 08:00:00,1.29279,1.29518,1.29158,1.295,11401,0,0
2019-10-31 12:00:00,1.29502,1.2976,1.29292,1.29581,21011,0,0
2019-10-31 16:00:00,1.2958,1.29626,1.29251,1.29468,22931,0,0
2019-10-31 20:00:00,1.29466,1.29555,1.29287,1.29419,7635,0,0
2019-11-01 00:00:00,1.29401,1.29557,1.2924,1.29536,6607,0,0
2019-11-01 04:00:00,1.29536,1.29665,1.29502,1.29603,6207,0,0
2019-11-01 08:00:00,1.29603,1.29728,1.29544,1.29586,9225,0,0
2019-11-01 12:00:00,1.29586,1.2968600000000001,1.2934999999999999,1.29407,17847,0,0
2019-11-01 16:00:00,1.2941,1.297,1.29337,1.29349,21643,0,0
2019-11-01 20:00:00,1.2934999999999999,1.29431,1.29272,1.29382,6902,0,0
2019-11-04 00:00:00,1.2928,1.29407,1.2928,1.29341,4019,0,0
2019-11-04 04:00:00,1.29342,1.29428,1.2931300000000001,1.29338,5417,0,0
2019-11-04 08:00:00,1.29338,1.29414,1.29188,1.29204,12668,0,0
2019-11-04 12:00:00,1.29204,1.29285,1.29094,1.29141,13574,0,0
2019-11-04 16:00:00,1.29141,1.2921,1.28996,1.28997,13894,0,0
2019-11-04 20:00:00,1.28998,1.29002,1.28762,1.28819,6216,0,0
2019-11-05 00:00:00,1.28827,1.28905,1.28796,1.28841,4938,0,0
2019-11-05 04:00:00,1.28841,1.28865,1.28776,1.28816,6179,0,0
2019-11-05 08:00:00,1.28816,1.2904499999999999,1.28757,1.28961,13313,0,0
2019-11-05 12:00:00,1.28962,1.29175,1.28887,1.2889,17264,0,0
2019-11-05 16:00:00,1.2889300000000001,1.29003,1.2859,1.2871000000000001,20030,0,0
2019-11-05 20:00:00,1.28709,1.28924,1.28707,1.28827,7328,0,0
2019-11-06 00:00:00,1.28839,1.28851,1.28687,1.2880099999999999,5058,0,0
2019-11-06 04:00:00,1.2880099999999999,1.28858,1.2876,1.2883200000000001,4049,0,0
2019-11-06 08:00:00,1.2883200000000001,1.28949,1.28704,1.2885900000000001,11207,0,0
2019-11-06 12:00:00,1.2885900000000001,1.28974,1.28761,1.2889,12706,0,0
2019-11-06 16:00:00,1.2889,1.2889599999999999,1.28511,1.28578,15362,0,0
2019-11-06 20:00:00,1.28576,1.28612,1.28441,1.2856,6301,0,0
2019-11-07 00:00:00,1.28528,1.28599,1.28458,1.2849,6475,0,0
2019-11-07 04:00:00,1.2849,1.285,1.28375,1.28468,5478,0,0
2019-11-07 08:00:00,1.28468,1.2876,1.28372,1.28673,14018,0,0
2019-11-07 12:00:00,1.28673,1.2878,1.27939,1.2806899999999999,22972,0,0
2019-11-07 16:00:00,1.2807,1.28329,1.28053,1.2814999999999999,18856,0,0
2019-11-07 20:00:00,1.28152,1.2827600000000001,1.28118,1.28145,6319,0,0
2019-11-08 00:00:00,1.28136,1.28224,1.28088,1.28137,5870,0,0
2019-11-08 04:00:00,1.28136,1.2818399999999999,1.2809,1.28122,5943,0,0
2019-11-08 08:00:00,1.28122,1.28227,1.28045,1.2809,11712,0,0
2019-11-08 12:00:00,1.28091,1.28176,1.27945,1.28055,14447,0,0
2019-11-08 16:00:00,1.28055,1.28216,1.2770000000000001,1.27715,15926,0,0
2019-11-08 20:00:00,1.27715,1.2787899999999999,1.27688,1.27801,4712,0,0
2019-11-11 00:00:00,1.27926,1.27977,1.27856,1.2791000000000001,2157,0,0
2019-11-11 04:00:00,1.2791000000000001,1.27988,1.27858,1.27981,4474,0,0
2019-11-11 08:00:00,1.27981,1.2809599999999999,1.2792,1.28033,10931,0,0
2019-11-11 12:00:00,1.28031,1.2898100000000001,1.27994,1.28716,17593,0,0
2019-11-11 16:00:00,1.28716,1.28857,1.28525,1.28585,12758,0,0
2019-11-11 20:00:00,1.28585,1.28593,1.2848600000000001,1.2852299999999999,4780,0,0
2019-11-12 00:00:00,1.28525,1.28667,1.28455,1.2857,8325,0,0
2019-11-12 04:00:00,1.2857,1.28656,1.2852000000000001,1.28624,6798,0,0
2019-11-12 08:00:00,1.28624,1.28657,1.28158,1.28388,13778,0,0
2019-11-12 12:00:00,1.28387,1.28436,1.28241,1.28382,12939,0,0
2019-11-12 16:00:00,1.28382,1.2873999999999999,1.28348,1.28574,15991,0,0
2019-11-12 20:00:00,1.28574,1.2862,1.28424,1.28447,6139,0,0
2019-11-13 00:00:00,1.28453,1.28625,1.28392,1.28503,6894,0,0
2019-11-13 04:00:00,1.28503,1.28525,1.28447,1.2849599999999999,5492,0,0
2019-11-13 08:00:00,1.2849599999999999,1.28585,1.28236,1.28533,13537,0,0
2019-11-13 12:00:00,1.28534,1.28582,1.28284,1.28388,14583,0,0
2019-11-13 16:00:00,1.28388,1.28471,1.28219,1.28394,14812,0,0
2019-11-13 20:00:00,1.28394,1.28548,1.28372,1.28513,6053,0,0
2019-11-14 00:00:00,1.28492,1.28573,1.28412,1.28461,5655,0,0
2019-11-14 04:00:00,1.28461,1.28461,1.2827899999999999,1.28286,6458,0,0
2019-11-14 08:00:00,1.28286,1.2867199999999999,1.28251,1.28504,12524,0,0
2019-11-14 12:00:00,1.28504,1.28654,1.28335,1.2840099999999999,12800,0,0
2019-11-14 16:00:00,1.28402,1.28884,1.28349,1.28792,15280,0,0
2019-11-14 20:00:00,1.28792,1.28856,1.2873999999999999,1.28819,5127,0,0
2019-11-15 00:00:00,1.28813,1.2886199999999999,1.28792,1.2885900000000001,5577,0,0
2019-11-15 04:00:00,1.2885900000000001,1.2886,1.28759,1.28763,3581,0,0
2019-11-15 08:00:00,1.28763,1.28876,1.2867600000000001,1.28753,8993,0,0
2019-11-15 12:00:00,1.28753,1.28905,1.28675,1.28875,12156,0,0
2019-11-15 16:00:00,1.28875,1.29192,1.2885900000000001,1.29085,14887,0,0
2019-11-15 20:00:00,1.29085,1.29097,1.28996,1.29025,3912,0,0
2019-11-18 00:00:00,1.29212,1.29239,1.29095,1.29203,5846,0,0
2019-11-18 04:00:00,1.29203,1.29325,1.29203,1.29246,5240,0,0
2019-11-18 08:00:00,1.29246,1.2962799999999999,1.2923499999999999,1.29627,11932,0,0
2019-11-18 12:00:00,1.29627,1.29854,1.29422,1.2959800000000001,13534,0,0
2019-11-18 16:00:00,1.2959800000000001,1.2971599999999999,1.2943799999999999,1.29669,15421,0,0
2019-11-18 20:00:00,1.2967,1.29672,1.29497,1.29519,4923,0,0
2019-11-19 00:00:00,1.29529,1.29561,1.2943799999999999,1.29513,7695,0,0
2019-11-19 04:00:00,1.29512,1.29609,1.2949899999999999,1.29584,7672,0,0
2019-11-19 08:00:00,1.29584,1.29698,1.29427,1.29536,11739,0,0
2019-11-19 12:00:00,1.29536,1.29556,1.29265,1.29407,14042,0,0
2019-11-19 16:00:00,1.29407,1.2953999999999999,1.29202,1.29272,13879,0,0
2019-11-19 20:00:00,1.29272,1.29307,1.29104,1.29266,4822,0,0
2019-11-20 00:00:00,1.29254,1.29305,1.29002,1.29064,7927,0,0
2019-11-20 04:00:00,1.29064,1.29155,1.29037,1.29065,5494,0,0
2019-11-20 08:00:00,1.29067,1.292,1.28875,1.29098,11423,0,0
2019-11-20 12:00:00,1.29099,1.29147,1.28888,1.29035,11666,0,0
2019-11-20 16:00:00,1.29037,1.29288,1.29028,1.29212,15733,0,0
2019-11-20 20:00:00,1.29211,1.29248,1.29107,1.29227,6298,0,0
2019-11-21 00:00:00,1.29229,1.29297,1.2913000000000001,1.29266,4254,0,0
2019-11-21 04:00:00,1.29268,1.29326,1.29249,1.2928600000000001,5660,0,0
2019-11-21 08:00:00,1.29283,1.2946,1.29234,1.29441,10019,0,0
2019-11-21 12:00:00,1.29441,1.29702,1.29339,1.29588,15889,0,0
2019-11-21 16:00:00,1.29589,1.29622,1.2898,1.2904,16662,0,0
2019-11-21 20:00:00,1.29039,1.29095,1.28931,1.29067,4958,0,0
2019-11-22 00:00:00,1.29052,1.29224,1.2903,1.29186,5983,0,0
2019-11-22 04:00:00,1.29186,1.29221,1.29108,1.29212,3885,0,0
2019-11-22 08:00:00,1.29212,1.29283,1.28632,1.28734,15300,0,0
2019-11-22 12:00:00,1.28734,1.28881,1.28506,1.28553,14233,0,0
2019-11-22 16:00:00,1.28553,1.28637,1.28234,1.28274,14305,0,0
2019-11-22 20:00:00,1.28274,1.28413,1.28248,1.28284,6065,0,0
2019-11-25 00:00:00,1.28508,1.28561,1.28437,1.2852000000000001,4317,0,0
2019-11-25 04:00:00,1.2852000000000001,1.28561,1.28411,1.2852299999999999,5341,0,0
2019-11-25 08:00:00,1.2852299999999999,1.28856,1.28458,1.28811,12084,0,0
2019-11-25 12:00:00,1.28811,1.28836,1.28667,1.28796,10312,0,0
2019-11-25 16:00:00,1.28796,1.29119,1.28684,1.28887,16012,0,0
2019-11-25 20:00:00,1.28887,1.2904900000000001,1.28867,1.28969,5400,0,0
2019-11-26 00:00:00,1.28986,1.29034,1.28929,1.29032,5276,0,0
2019-11-26 04:00:00,1.29032,1.29038,1.28906,1.28935,5912,0,0
2019-11-26 08:00:00,1.28936,1.28995,1.28644,1.28655,11357,0,0
2019-11-26 12:00:00,1.28655,1.28796,1.28464,1.28529,13109,0,0
2019-11-26 16:00:00,1.2852999999999999,1.28721,1.28352,1.28613,14744,0,0
2019-11-26 20:00:00,1.28614,1.28708,1.28546,1.2863,5039,0,0
2019-11-27 00:00:00,1.28655,1.28655,1.28483,1.28516,4847,0,0
2019-11-27 04:00:00,1.28516,1.28572,1.28465,1.2846899999999999,4955,0,0
2019-11-27 08:00:00,1.2846899999999999,1.28648,1.28274,1.28617,11366,0,0
2019-11-27 12:00:00,1.28617,1.28936,1.28602,1.28822,15109,0,0
2019-11-27 16:00:00,1.28822,1.28926,1.2865199999999999,1.28836,14967,0,0
2019-11-27 20:00:00,1.28836,1.29172,1.2882500000000001,1.29114,9310,0,0
2019-11-28 00:00:00,1.29202,1.29501,1.2919100000000001,1.29315,6789,0,0
2019-11-28 04:00:00,1.29315,1.29379,1.2925,1.29358,3674,0,0
2019-11-28 08:00:00,1.29358,1.2951,1.29266,1.29368,11877,0,0
2019-11-28 12:00:00,1.29368,1.29405,1.29003,1.29123,11939,0,0
2019-11-28 16:00:00,1.29123,1.29178,1.28993,1.29047,8088,0,0
2019-11-28 20:00:00,1.29047,1.29135,1.2901,1.29096,13090,0,0
2019-11-29 00:00:00,1.2910300000000001,1.29138,1.2904499999999999,1.29093,4176,0,0
2019-11-29 04:00:00,1.29093,1.29189,1.29073,1.29187,4093,0,0
2019-11-29 08:00:00,1.29188,1.2923200000000001,1.28792,1.2889599999999999,9007,0,0
2019-11-29 12:00:00,1.28898,1.2913000000000001,1.2882799999999999,1.28867,11383,0,0
2019-11-29 16:00:00,1.2886600000000001,1.2942,1.28826,1.29318,16886,0,0
2019-11-29 20:00:00,1.29317,1.2942,1.292,1.2932000000000001,9384,0,0
2019-12-02 00:00:00,1.29094,1.29175,1.29094,1.29138,4638,0,0
2019-12-02 04:00:00,1.29138,1.29205,1.29097,1.29168,4789,0,0
2019-12-02 08:00:00,1.29168,1.29277,1.29004,1.29102,9873,0,0
2019-12-02 12:00:00,1.29102,1.29391,1.28964,1.2929599999999999,13316,0,0
2019-12-02 16:00:00,1.29298,1.29456,1.2919100000000001,1.29334,17442,0,0
2019-12-02 20:00:00,1.29334,1.29492,1.2931300000000001,1.29414,6005,0,0
2019-12-03 00:00:00,1.29399,1.29454,1.29299,1.29332,4575,0,0
2019-12-03 04:00:00,1.29332,1.29427,1.29311,1.29409,4279,0,0
2019-12-03 08:00:00,1.29409,1.29894,1.2938399999999999,1.29878,13161,0,0
2019-12-03 12:00:00,1.29878,1.30097,1.29715,1.2997,15160,0,0
2019-12-03 16:00:00,1.29971,1.30114,1.29752,1.30083,15504,0,0
2019-12-03 20:00:00,1.3008199999999999,1.30091,1.29894,1.29922,4874,0,0
2019-12-04 00:00:00,1.29914,1.30007,1.2989600000000001,1.29996,6292,0,0
2019-12-04 04:00:00,1.29996,1.30033,1.29891,1.29924,4156,0,0
2019-12-04 08:00:00,1.29924,1.3063799999999999,1.29828,1.30551,16041,0,0
2019-12-04 12:00:00,1.30551,1.31098,1.30365,1.30962,17663,0,0
2019-12-04 16:00:00,1.30962,1.31208,1.30861,1.30911,16670,0,0
2019-12-04 20:00:00,1.30911,1.31075,1.30872,1.31036,5168,0,0
2019-12-05 00:00:00,1.31036,1.31129,1.31021,1.31122,5063,0,0
2019-12-05 04:00:00,1.31122,1.3118400000000001,1.31107,1.31137,5131,0,0
2019-12-05 08:00:00,1.31137,1.31479,1.31055,1.31332,12580,0,0
2019-12-05 12:00:00,1.31334,1.31432,1.3125,1.31302,11372,0,0
2019-12-05 16:00:00,1.31302,1.31658,1.31284,1.31582,14637,0,0
2019-12-05 20:00:00,1.31582,1.31664,1.31535,1.3159100000000001,6712,0,0
2019-12-06 00:00:00,1.31566,1.31626,1.3153000000000001,1.31569,4774,0,0
2019-12-06 04:00:00,1.31569,1.31628,1.31544,1.31555,3978,0,0
2019-12-06 08:00:00,1.31554,1.3165499999999999,1.31114,1.31244,11020,0,0
2019-12-06 12:00:00,1.31244,1.31501,1.31113,1.31317,14741,0,0
2019-12-06 16:00:00,1.31317,1.31385,1.3100800000000001,1.31328,14922,0,0
2019-12-06 20:00:00,1.31328,1.31433,1.31307,1.31376,5526,0,0
2019-12-09 00:00:00,1.31338,1.31504,1.31318,1.31459,5249,0,0
2019-12-09 04:00:00,1.31459,1.31468,1.31412,1.31459,4570,0,0
2019-12-09 08:00:00,1.31459,1.31809,1.3144,1.31548,12523,0,0
2019-12-09 12:00:00,1.31548,1.31768,1.31478,1.31536,11956,0,0
2019-12-09 16:00:00,1.31535,1.31606,1.31358,1.31479,12545,0,0
2019-12-09 20:00:00,1.31479,1.31568,1.31405,1.31426,6992,0,0
2019-12-10 00:00:00,1.31387,1.31536,1.31358,1.31522,4007,0,0
2019-12-10 04:00:00,1.31522,1.31556,1.3149,1.3149899999999999,3757,0,0
2019-12-10 08:00:00,1.3149899999999999,1.31742,1.31327,1.31603,11944,0,0
2019-12-10 12:00:00,1.31603,1.31897,1.31579,1.31704,14129,0,0
2019-12-10 16:00:00,1.31704,1.31843,1.3155000000000001,1.31832,14653,0,0
2019-12-10 20:00:00,1.3183099999999999,1.3215,1.31551,1.31559,8852,0,0
2019-12-11 00:00:00,1.3153000000000001,1.31588,1.31073,1.31332,9097,0,0
2019-12-11 04:00:00,1.31332,1.31466,1.31293,1.31372,5595,0,0
2019-12-11 08:00:00,1.31372,1.31569,1.31118,1.31385,13531,0,0
2019-12-11 12:00:00,1.31385,1.3173599999999999,1.3138,1.31703,13363,0,0
2019-12-11 16:00:00,1.31703,1.3186499999999999,1.31677,1.31717,12286,0,0
2019-12-11 20:00:00,1.31717,1.3213599999999999,1.31681,1.3195299999999999,12378,0,0
2019-12-12 00:00:00,1.31955,1.32294,1.31936,1.32261,6693,0,0
2019-12-12 04:00:00,1.3226200000000001,1.32267,1.32095,1.32098,4742,0,0
2019-12-12 08:00:00,1.32098,1.3223099999999999,1.3183500000000001,1.31836,10173,0,0
2019-12-12 12:00:00,1.31836,1.31996,1.31158,1.3155000000000001,19641,0,0
2019-12-12 16:00:00,1.3155000000000001,1.31766,1.31061,1.31097,25818,0,0
2019-12-12 20:00:00,1.31089,1.31847,1.30506,1.3173300000000001,22874,0,0
2019-12-13 00:00:00,1.31642,1.35147,1.31642,1.34921,18272,0,0
2019-12-13 04:00:00,1.34921,1.35076,1.34473,1.34744,9560,0,0
2019-12-13 08:00:00,1.34744,1.34795,1.33572,1.34158,25020,0,0
2019-12-13 12:00:00,1.34158,1.3418700000000001,1.3312599999999999,1.33319,20857,0,0
2019-12-13 16:00:00,1.3332600000000001,1.33681,1.33056,1.33215,32946,0,0
2019-12-13 20:00:00,1.3321399999999999,1.3345099999999999,1.332,1.33335,11299,0,0
2019-12-16 00:00:00,1.33376,1.33626,1.3333,1.33624,7588,0,0
2019-12-16 04:00:00,1.33624,1.33987,1.33616,1.33887,6776,0,0
2019-12-16 08:00:00,1.33887,1.34223,1.33232,1.33338,17884,0,0
2019-12-16 12:00:00,1.33337,1.3379699999999999,1.333,1.33434,17417,0,0
2019-12-16 16:00:00,1.33434,1.3363,1.33216,1.33264,16150,0,0
2019-12-16 20:00:00,1.33263,1.33539,1.3321100000000001,1.33338,7962,0,0
2019-12-17 00:00:00,1.33291,1.33351,1.3235299999999999,1.32793,10246,0,0
2019-12-17 04:00:00,1.32792,1.33009,1.32751,1.32862,6226,0,0
2019-12-17 08:00:00,1.32862,1.32916,1.31558,1.31939,20878,0,0
2019-12-17 12:00:00,1.31939,1.32152,1.31321,1.31453,19727,0,0
2019-12-17 16:00:00,1.31453,1.31738,1.30993,1.3130600000000001,19406,0,0
2019-12-17 20:00:00,1.3130899999999999,1.31391,1.31112,1.31288,8530,0,0
2019-12-18 00:00:00,1.31302,1.3134299999999999,1.30901,1.30963,11621,0,0
2019-12-18 04:00:00,1.30963,1.31114,1.30725,1.31111,8209,0,0
2019-12-18 08:00:00,1.31111,1.31291,1.30774,1.31105,18779,0,0
2019-12-18 12:00:00,1.31112,1.31188,1.30599,1.30797,18322,0,0
2019-12-18 16:00:00,1.30797,1.30901,1.3060399999999999,1.30831,18590,0,0
2019-12-18 20:00:00,1.30831,1.3089,1.30713,1.30785,8574,0,0
2019-12-19 00:00:00,1.30776,1.30885,1.3070599999999999,1.3085,5288,0,0
2019-12-19 04:00:00,1.3085,1.30907,1.3079399999999999,1.30843,5192,0,0
2019-12-19 08:00:00,1.30843,1.31278,1.3076699999999999,1.31061,12124,0,0
2019-12-19 12:00:00,1.31059,1.31329,1.30237,1.30591,20965,0,0
2019-12-19 16:00:00,1.30591,1.3066,1.299,1.3039,22659,0,0
2019-12-19 20:00:00,1.3039,1.30402,1.29968,1.30057,10200,0,0
2019-12-20 00:00:00,1.30087,1.30205,1.30057,1.30199,5380,0,0
2019-12-20 04:00:00,1.30199,1.30287,1.3017400000000001,1.30197,4467,0,0
2019-12-20 08:00:00,1.30197,1.30476,1.30111,1.30405,11189,0,0
2019-12-20 12:00:00,1.30406,1.30575,1.30168,1.30557,14092,0,0
2019-12-20 16:00:00,1.30557,1.30795,1.30198,1.30215,16199,0,0
2019-12-20 20:00:00,1.30215,1.30252,1.2978100000000001,1.29947,10084,0,0
2019-12-23 00:00:00,1.29988,1.30145,1.29865,1.30142,5075,0,0
2019-12-23 04:00:00,1.30142,1.30164,1.30053,1.30136,4105,0,0
2019-12-23 08:00:00,1.30136,1.30319,1.30049,1.30099,10218,0,0
2019-12-23 12:00:00,1.301,1.3012299999999999,1.29046,1.29241,18573,0,0
2019-12-23 16:00:00,1.29241,1.2959,1.29091,1.29339,17894,0,0
2019-12-23 20:00:00,1.29338,1.29468,1.29227,1.29365,8522,0,0
2019-12-24 00:00:00,1.29342,1.2947199999999999,1.29327,1.29388,6587,0,0
2019-12-24 04:00:00,1.29388,1.2946900000000001,1.29368,1.2941099999999999,6100,0,0
2019-12-24 08:00:00,1.2941099999999999,1.29473,1.29219,1.2929599999999999,10589,0,0
2019-12-24 12:00:00,1.2929599999999999,1.29627,1.2927,1.29466,13845,0,0
2019-12-24 16:00:00,1.29466,1.29711,1.29465,1.29669,11222,0,0
2019-12-24 20:00:00,1.29668,1.29685,1.29535,1.29582,1568,0,0
2019-12-26 00:00:00,1.2956400000000001,1.29982,1.2956400000000001,1.29926,4779,0,0
2019-12-26 04:00:00,1.29926,1.2993299999999999,1.29801,1.2988,4305,0,0
2019-12-26 08:00:00,1.29879,1.2996699999999999,1.29812,1.29818,6154,0,0
2019-12-26 12:00:00,1.29818,1.29945,1.2959800000000001,1.29851,12178,0,0
2019-12-26 16:00:00,1.2985,1.3016,1.29831,1.30087,8411,0,0
2019-12-26 20:00:00,1.3008600000000001,1.30144,1.29912,1.29961,5830,0,0
2019-12-27 00:00:00,1.2991,1.30043,1.2968199999999999,1.29776,7419,0,0
2019-12-27 04:00:00,1.29776,1.30073,1.29761,1.29948,6431,0,0
2019-12-27 08:00:00,1.29948,1.30753,1.29927,1.3070300000000001,14710,0,0
2019-12-27 12:00:00,1.3070300000000001,1.3106200000000001,1.30618,1.30876,15777,0,0
2019-12-27 16:00:00,1.30877,1.31172,1.30832,1.30925,13870,0,0
2019-12-27 20:00:00,1.30925,1.30999,1.30727,1.3084,8679,0,0
2019-12-30 00:00:00,1.3087,1.3108,1.30639,1.3107,6504,0,0
2019-12-30 04:00:00,1.3107,1.3125200000000001,1.31054,1.3119100000000001,6607,0,0
2019-12-30 08:00:00,1.3119100000000001,1.3125499999999999,1.30858,1.31186,11712,0,0
2019-12-30 12:00:00,1.31186,1.31359,1.3105,1.31256,13043,0,0
2019-12-30 16:00:00,1.31256,1.31504,1.31084,1.31185,16566,0,0
2019-12-30 20:00:00,1.31185,1.31296,1.31021,1.31093,10283,0,0
2019-12-31 00:00:00,1.31125,1.31247,1.3105,1.31244,4578,0,0
2019-12-31 04:00:00,1.31244,1.31362,1.31122,1.31162,4973,0,0
2019-12-31 08:00:00,1.31162,1.31641,1.31059,1.31588,9920,0,0
2019-12-31 12:00:00,1.31588,1.32176,1.31506,1.3215,18500,0,0
2019-12-31 16:00:00,1.32156,1.32843,1.32006,1.32626,18191,0,0
2019-12-31 20:00:00,1.32626,1.32664,1.32514,1.3252,1881,0,0
2020-01-02 00:00:00,1.3250600000000001,1.32663,1.3246,1.3256000000000001,6802,0,0
2020-01-02 04:00:00,1.32561,1.32564,1.32024,1.3214000000000001,8565,0,0
2020-01-02 08:00:00,1.32141,1.32308,1.32066,1.32146,13866,0,0
2020-01-02 12:00:00,1.32146,1.32151,1.3171599999999999,1.31766,15275,0,0
2020-01-02 16:00:00,1.31766,1.31947,1.31154,1.31346,20547,0,0
2020-01-02 20:00:00,1.31345,1.31458,1.31253,1.31356,11759,0,0
2020-01-03 00:00:00,1.31356,1.31603,1.3131599999999999,1.31378,7418,0,0
2020-01-03 04:00:00,1.31379,1.31439,1.31159,1.31213,12612,0,0
2020-01-03 08:00:00,1.31213,1.3124,1.3067,1.3068,18707,0,0
2020-01-03 12:00:00,1.30683,1.31097,1.30537,1.3072599999999999,16145,0,0
2020-01-03 16:00:00,1.3072599999999999,1.30992,1.30674,1.30884,16962,0,0
2020-01-03 20:00:00,1.30885,1.30902,1.30711,1.3075,11600,0,0
2020-01-06 00:00:00,1.3082099999999999,1.3088,1.30646,1.3079100000000001,6630,0,0
2020-01-06 04:00:00,1.3079100000000001,1.3090600000000001,1.3079100000000001,1.30812,3880,0,0
2020-01-06 08:00:00,1.3081,1.31487,1.30643,1.31434,19572,0,0
2020-01-06 12:00:00,1.31434,1.31747,1.31348,1.3140800000000001,17731,0,0
2020-01-06 16:00:00,1.31407,1.31748,1.31334,1.31593,13225,0,0
2020-01-06 20:00:00,1.31593,1.31687,1.31556,1.3168,7189,0,0
2020-01-07 00:00:00,1.31668,1.31789,1.31626,1.31719,4519,0,0
2020-01-07 04:00:00,1.31719,1.31756,1.31534,1.31543,4912,0,0
2020-01-07 08:00:00,1.31548,1.32125,1.31414,1.31731,18487,0,0
2020-01-07 12:00:00,1.31731,1.31738,1.31024,1.31183,20348,0,0
2020-01-07 16:00:00,1.31183,1.31397,1.30952,1.3127499999999999,16382,0,0
2020-01-07 20:00:00,1.3127499999999999,1.31375,1.31138,1.31207,9619,0,0
2020-01-08 00:00:00,1.31188,1.31261,1.3105,1.3117,9176,0,0
2020-01-08 04:00:00,1.3117,1.31402,1.31163,1.31177,8917,0,0
2020-01-08 08:00:00,1.31177,1.31697,1.31105,1.31207,18235,0,0
2020-01-08 12:00:00,1.31201,1.31363,1.30803,1.31219,20835,0,0
2020-01-08 16:00:00,1.31219,1.31391,1.30831,1.31052,19271,0,0
2020-01-08 20:00:00,1.31053,1.3106499999999999,1.30941,1.30961,8591,0,0
2020-01-09 00:00:00,1.30926,1.31143,1.30918,1.31122,4533,0,0
2020-01-09 04:00:00,1.31122,1.31192,1.31042,1.31169,4227,0,0
2020-01-09 08:00:00,1.31168,1.31238,1.30175,1.30281,19096,0,0
2020-01-09 12:00:00,1.30273,1.30693,1.3013,1.30526,22928,0,0
2020-01-09 16:00:00,1.30526,1.30694,1.30335,1.30614,15078,0,0
2020-01-09 20:00:00,1.30615,1.30676,1.30542,1.30676,7900,0,0
2020-01-10 00:00:00,1.30661,1.30725,1.306,1.30637,4180,0,0
2020-01-10 04:00:00,1.30636,1.30838,1.30605,1.30826,4203,0,0
2020-01-10 08:00:00,1.30826,1.30917,1.30484,1.30682,13540,0,0
2020-01-10 12:00:00,1.30682,1.30971,1.30507,1.30698,16631,0,0
2020-01-10 16:00:00,1.30698,1.30781,1.30426,1.30618,17017,0,0
2020-01-10 20:00:00,1.30617,1.30644,1.30537,1.30605,7555,0,0
2020-01-13 00:00:00,1.30347,1.3045,1.30314,1.3039,3738,0,0
2020-01-13 04:00:00,1.3039,1.30414,1.30253,1.3032599999999999,4130,0,0
2020-01-13 08:00:00,1.3032599999999999,1.30328,1.29647,1.29727,16763,0,0
2020-01-13 12:00:00,1.29724,1.29943,1.29611,1.2984200000000001,16438,0,0
2020-01-13 16:00:00,1.2984200000000001,1.29989,1.2975400000000001,1.29953,14577,0,0
2020-01-13 20:00:00,1.29953,1.30035,1.29863,1.2988,7036,0,0
2020-01-14 00:00:00,1.29882,1.30006,1.29818,1.29914,7136,0,0
2020-01-14 04:00:00,1.29916,1.30024,1.29884,1.29885,17030,0,0
2020-01-14 08:00:00,1.2989,1.2993999999999999,1.29543,1.2972299999999999,13898,0,0
2020-01-14 12:00:00,1.2972299999999999,1.3014000000000001,1.29672,1.29904,17455,0,0
2020-01-14 16:00:00,1.29902,1.3025,1.29873,1.30215,19341,0,0
2020-01-14 20:00:00,1.30214,1.30332,1.30164,1.30192,8364,0,0
2020-01-15 00:00:00,1.3018100000000001,1.3024499999999999,1.3014000000000001,1.30234,3657,0,0
2020-01-15 04:00:00,1.30237,1.3033299999999999,1.30188,1.30325,4762,0,0
2020-01-15 08:00:00,1.3032599999999999,1.30424,1.29843,1.29918,14081,0,0
2020-01-15 12:00:00,1.29912,1.30292,1.2988,1.3008600000000001,15921,0,0
2020-01-15 16:00:00,1.3008600000000001,1.3038,1.30075,1.3033000000000001,17775,0,0
2020-01-15 20:00:00,1.3033000000000001,1.30393,1.30228,1.3038,7975,0,0
2020-01-16 00:00:00,1.30377,1.30568,1.30369,1.3044,4827,0,0
2020-01-16 04:00:00,1.3044,1.30525,1.304,1.3048199999999999,4995,0,0
2020-01-16 08:00:00,1.3048199999999999,1.3065,1.30255,1.30539,14137,0,0
2020-01-16 12:00:00,1.30539,1.30747,1.30491,1.30494,13803,0,0
2020-01-16 16:00:00,1.30494,1.30832,1.30317,1.30742,19367,0,0
2020-01-16 20:00:00,1.30742,1.30782,1.30623,1.30772,6747,0,0
2020-01-17 00:00:00,1.3079,1.30809,1.30641,1.30673,4999,0,0
2020-01-17 04:00:00,1.30674,1.30803,1.30674,1.30747,4329,0,0
2020-01-17 08:00:00,1.30747,1.3118699999999999,1.30402,1.30553,16122,0,0
2020-01-17 12:00:00,1.30548,1.30668,1.30266,1.3045499999999999,17266,0,0
2020-01-17 16:00:00,1.30454,1.3048899999999999,1.30163,1.30239,14971,0,0
2020-01-17 20:00:00,1.30237,1.30246,1.3006,1.3006,6175,0,0
2020-01-20 00:00:00,1.2990300000000001,1.30091,1.2989899999999999,1.30016,4561,0,0
2020-01-20 04:00:00,1.30016,1.30064,1.29935,1.29942,3089,0,0
2020-01-20 08:00:00,1.29942,1.30015,1.29622,1.29844,11327,0,0
2020-01-20 12:00:00,1.2984499999999999,1.30085,1.29769,1.30013,10747,0,0
2020-01-20 16:00:00,1.30013,1.3003,1.29826,1.29997,8292,0,0
2020-01-20 20:00:00,1.29997,1.30137,1.29973,1.30092,5903,0,0
2020-01-21 00:00:00,1.30083,1.30107,1.29954,1.3001,3447,0,0
2020-01-21 04:00:00,1.3001,1.30217,1.29987,1.30126,4511,0,0
2020-01-21 08:00:00,1.30126,1.30453,1.29954,1.304,12614,0,0
2020-01-21 12:00:00,1.304,1.30837,1.30351,1.30738,15046,0,0
2020-01-21 16:00:00,1.30735,1.30739,1.30396,1.3045900000000001,12649,0,0
2020-01-21 20:00:00,1.3045900000000001,1.3061,1.30388,1.30473,6714,0,0
2020-01-22 00:00:00,1.30492,1.3054000000000001,1.3039,1.3048199999999999,3950,0,0
2020-01-22 04:00:00,1.3048199999999999,1.30615,1.30348,1.30578,4623,0,0
2020-01-22 08:00:00,1.30578,1.30677,1.30377,1.30615,11094,0,0
2020-01-22 12:00:00,1.30616,1.31355,1.30558,1.31308,21147,0,0
2020-01-22 16:00:00,1.3130899999999999,1.3153000000000001,1.31206,1.3128600000000001,19534,0,0
2020-01-22 20:00:00,1.31285,1.31413,1.31207,1.31402,5675,0,0
2020-01-23 00:00:00,1.31379,1.31509,1.31342,1.31372,3288,0,0
2020-01-23 04:00:00,1.31372,1.31387,1.3119100000000001,1.31231,3616,0,0
2020-01-23 08:00:00,1.31231,1.31471,1.31192,1.31321,10092,0,0
2020-01-23 12:00:00,1.31321,1.3146,1.31174,1.31283,12432,0,0
2020-01-23 16:00:00,1.31283,1.31334,1.30971,1.31102,17966,0,0
2020-01-23 20:00:00,1.31102,1.31285,1.31017,1.31258,5704,0,0
2020-01-24 00:00:00,1.31234,1.31249,1.31121,1.31163,5405,0,0
2020-01-24 04:00:00,1.31164,1.31266,1.31161,1.31232,2601,0,0
2020-01-24 08:00:00,1.31232,1.31705,1.30856,1.30937,15946,0,0
2020-01-24 12:00:00,1.30938,1.31102,1.30797,1.31,16755,0,0
2020-01-24 16:00:00,1.31002,1.31068,1.3057,1.30786,15016,0,0
2020-01-24 20:00:00,1.3078699999999999,1.3085,1.30691,1.30714,5312,0,0
2020-01-27 00:00:00,1.30779,1.30798,1.30606,1.30676,4739,0,0
2020-01-27 04:00:00,1.30676,1.30676,1.30515,1.30586,3224,0,0
2020-01-27 08:00:00,1.30586,1.31049,1.30576,1.30954,11988,0,0
2020-01-27 12:00:00,1.30954,1.3096700000000001,1.30573,1.30616,13017,0,0
2020-01-27 16:00:00,1.30616,1.30698,1.30402,1.3058,14404,0,0
2020-01-27 20:00:00,1.3058,1.30605,1.30417,1.30575,5467,0,0
2020-01-28 00:00:00,1.30517,1.30651,1.30488,1.30636,2856,0,0
2020-01-28 04:00:00,1.30636,1.3063799999999999,1.30534,1.30566,2553,0,0
2020-01-28 08:00:00,1.30565,1.30565,1.30038,1.30298,10708,0,0
2020-01-28 12:00:00,1.30298,1.30313,1.30026,1.3005,13317,0,0
2020-01-28 16:00:00,1.30049,1.30078,1.29752,1.2999,13035,0,0
2020-01-28 20:00:00,1.29989,1.30282,1.29943,1.30275,7397,0,0
2020-01-29 00:00:00,1.3027199999999999,1.30287,1.30173,1.3017400000000001,3681,0,0
2020-01-29 04:00:00,1.3017400000000001,1.30259,1.30152,1.30256,2714,0,0
2020-01-29 08:00:00,1.30256,1.30266,1.30039,1.3014000000000001,9935,0,0
2020-01-29 12:00:00,1.3014000000000001,1.30207,1.29893,1.299,9366,0,0
2020-01-29 16:00:00,1.299,1.30171,1.299,1.30121,10514,0,0
2020-01-29 20:00:00,1.30122,1.30255,1.3008199999999999,1.30192,7885,0,0
2020-01-30 00:00:00,1.30172,1.30254,1.3006,1.30193,2313,0,0
2020-01-30 04:00:00,1.30193,1.30205,1.30111,1.3014700000000001,2824,0,0
2020-01-30 08:00:00,1.3014700000000001,1.30187,1.29778,1.30159,9996,0,0
2020-01-30 12:00:00,1.30162,1.31087,1.3008199999999999,1.30983,23818,0,0
2020-01-30 16:00:00,1.30983,1.311,1.30751,1.30948,15375,0,0
2020-01-30 20:00:00,1.30948,1.30959,1.30799,1.30914,8053,0,0
2020-01-31 00:00:00,1.30936,1.31052,1.30814,1.30965,4575,0,0
2020-01-31 04:00:00,1.30965,1.31036,1.30932,1.30968,3509,0,0
2020-01-31 08:00:00,1.30968,1.31407,1.3094700000000001,1.31179,11055,0,0
2020-01-31 12:00:00,1.31179,1.3145,1.31002,1.31442,14474,0,0
2020-01-31 16:00:00,1.31446,1.31998,1.31388,1.3195999999999999,20710,0,0
2020-01-31 20:00:00,1.31961,1.32094,1.3183,1.32054,8407,0,0
2020-02-03 00:00:00,1.31759,1.31837,1.31703,1.31762,3785,0,0
2020-02-03 04:00:00,1.31762,1.31786,1.3155700000000001,1.31633,4225,0,0
2020-02-03 08:00:00,1.31633,1.31654,1.308,1.30812,12404,0,0
2020-02-03 12:00:00,1.30812,1.30817,1.30461,1.30594,15569,0,0
2020-02-03 16:00:00,1.30594,1.30603,1.2989600000000001,1.30053,17451,0,0
2020-02-03 20:00:00,1.30053,1.30108,1.29828,1.29988,5821,0,0
2020-02-04 00:00:00,1.2993000000000001,1.2999,1.29813,1.29904,3851,0,0
2020-02-04 04:00:00,1.29904,1.30239,1.29828,1.30136,5457,0,0
2020-02-04 08:00:00,1.30136,1.30255,1.29413,1.30165,17177,0,0
2020-02-04 12:00:00,1.30165,1.30467,1.30008,1.30294,16596,0,0
2020-02-04 16:00:00,1.30295,1.3036400000000001,1.30121,1.30319,14928,0,0
2020-02-04 20:00:00,1.30319,1.30442,1.3027,1.30314,5147,0,0
2020-02-05 00:00:00,1.30294,1.3038,1.30182,1.3023500000000001,3059,0,0
2020-02-05 04:00:00,1.3023500000000001,1.3024200000000001,1.30119,1.3018100000000001,2979,0,0
2020-02-05 08:00:00,1.3018100000000001,1.30701,1.30088,1.30663,14979,0,0
2020-02-05 12:00:00,1.30658,1.30674,1.29917,1.30091,15361,0,0
2020-02-05 16:00:00,1.30091,1.30132,1.29563,1.30043,18290,0,0
2020-02-05 20:00:00,1.30043,1.3007900000000001,1.29862,1.30006,5184,0,0
2020-02-06 00:00:00,1.30006,1.30017,1.29827,1.29887,3861,0,0
2020-02-06 04:00:00,1.29887,1.29908,1.29718,1.29849,3934,0,0
2020-02-06 08:00:00,1.29848,1.29988,1.29676,1.29746,11431,0,0
2020-02-06 12:00:00,1.2974700000000001,1.29807,1.29483,1.29663,13585,0,0
2020-02-06 16:00:00,1.2966199999999999,1.29711,1.29224,1.29341,13291,0,0
2020-02-06 20:00:00,1.29341,1.29355,1.29211,1.29276,4048,0,0
2020-02-07 00:00:00,1.29274,1.29389,1.29249,1.29371,3364,0,0
2020-02-07 04:00:00,1.29371,1.29443,1.29351,1.29407,5342,0,0
2020-02-07 08:00:00,1.2940800000000001,1.29464,1.29214,1.2929300000000001,14740,0,0
2020-02-07 12:00:00,1.2929300000000001,1.29515,1.29253,1.29336,14276,0,0
2020-02-07 16:00:00,1.29336,1.2959399999999999,1.28946,1.29009,18207,0,0
2020-02-07 20:00:00,1.29006,1.29019,1.28814,1.28856,4468,0,0
2020-02-10 00:00:00,1.28846,1.28972,1.2883200000000001,1.28933,3984,0,0
2020-02-10 04:00:00,1.28933,1.29088,1.2892299999999999,1.29073,2946,0,0
2020-02-10 08:00:00,1.29073,1.29147,1.28719,1.29109,12732,0,0
2020-02-10 12:00:00,1.29109,1.29462,1.2907899999999999,1.2929,16741,0,0
2020-02-10 16:00:00,1.2929,1.29446,1.29071,1.29097,14216,0,0
2020-02-10 20:00:00,1.29097,1.29206,1.2908,1.29138,5238,0,0
2020-02-11 00:00:00,1.2915,1.29217,1.2910300000000001,1.29155,2957,0,0
2020-02-11 04:00:00,1.29155,1.29199,1.29108,1.2913999999999999,2727,0,0
2020-02-11 08:00:00,1.2913999999999999,1.2942,1.28945,1.29383,13634,0,0
2020-02-11 12:00:00,1.2938100000000001,1.2941500000000001,1.29156,1.29373,14663,0,0
2020-02-11 16:00:00,1.29373,1.2968,1.29326,1.29504,17355,0,0
2020-02-11 20:00:00,1.29505,1.29668,1.29465,1.2953299999999999,6530,0,0
2020-02-12 00:00:00,1.2950300000000001,1.2966,1.29484,1.29648,3011,0,0
2020-02-12 04:00:00,1.29648,1.2968899999999999,1.29578,1.29616,4108,0,0
2020-02-12 08:00:00,1.29616,1.29834,1.29515,1.2980800000000001,14739,0,0
2020-02-12 12:00:00,1.29807,1.29915,1.2962,1.29658,13260,0,0
2020-02-12 16:00:00,1.29658,1.29795,1.29536,1.29658,15056,0,0
2020-02-12 20:00:00,1.29658,1.2969,1.2955999999999999,1.29565,6362,0,0
2020-02-13 00:00:00,1.29588,1.29649,1.29518,1.29583,5428,0,0
2020-02-13 04:00:00,1.29584,1.29608,1.29441,1.2951,4007,0,0
2020-02-13 08:00:00,1.29512,1.2984,1.29453,1.29706,14159,0,0
2020-02-13 12:00:00,1.29719,1.30453,1.29622,1.3023799999999999,22884,0,0
2020-02-13 16:00:00,1.30239,1.30693,1.30134,1.30561,18144,0,0
2020-02-13 20:00:00,1.30562,1.30616,1.30401,1.30405,5089,0,0
2020-02-14 00:00:00,1.30404,1.30493,1.30368,1.30466,3859,0,0
2020-02-14 04:00:00,1.30466,1.30492,1.30401,1.3045200000000001,3220,0,0
2020-02-14 08:00:00,1.30453,1.3063500000000001,1.30193,1.30345,11252,0,0
2020-02-14 12:00:00,1.30352,1.30415,1.30011,1.30148,15773,0,0
2020-02-14 16:00:00,1.30148,1.30412,1.30099,1.30402,13348,0,0
2020-02-14 20:00:00,1.30402,1.30528,1.30297,1.30463,5657,0,0
2020-02-17 00:00:00,1.30302,1.30538,1.30302,1.3045,2966,0,0
2020-02-17 04:00:00,1.30451,1.30507,1.30427,1.30485,3112,0,0
2020-02-17 08:00:00,1.30485,1.30514,1.30292,1.30399,9736,0,0
2020-02-17 12:00:00,1.304,1.30444,1.30101,1.30155,8918,0,0
2020-02-17 16:00:00,1.30156,1.30158,1.30024,1.30115,6698,0,0
2020-02-17 20:00:00,1.30115,1.30151,1.29984,1.3003,11339,0,0
2020-02-18 00:00:00,1.3002799999999999,1.30068,1.29922,1.2998,3272,0,0
2020-02-18 04:00:00,1.2998,1.3005499999999999,1.29928,1.29958,2789,0,0
2020-02-18 08:00:00,1.29958,1.30036,1.2971,1.2995999999999999,14369,0,0
2020-02-18 12:00:00,1.2995999999999999,1.30488,1.2993700000000001,1.30264,18163,0,0
2020-02-18 16:00:00,1.30264,1.3042,1.30002,1.30041,14733,0,0
2020-02-18 20:00:00,1.3004,1.30041,1.29952,1.29966,4544,0,0
2020-02-19 00:00:00,1.2996699999999999,1.30049,1.29963,1.3001,3435,0,0
2020-02-19 04:00:00,1.3001,1.3002500000000001,1.29959,1.29995,2845,0,0
2020-02-19 08:00:00,1.29995,1.3023500000000001,1.29746,1.3007,13447,0,0
2020-02-19 12:00:00,1.3007,1.30096,1.29731,1.2978100000000001,15197,0,0
2020-02-19 16:00:00,1.2978100000000001,1.29793,1.29179,1.2918,17250,0,0
2020-02-19 20:00:00,1.2918,1.2929599999999999,1.29075,1.29219,8058,0,0
2020-02-20 00:00:00,1.29176,1.29285,1.29114,1.2915,5114,0,0
2020-02-20 04:00:00,1.2915,1.29183,1.29009,1.29108,6161,0,0
2020-02-20 08:00:00,1.29108,1.29258,1.2883499999999999,1.29023,16508,0,0
2020-02-20 12:00:00,1.29023,1.29073,1.28492,1.28585,20683,0,0
2020-02-20 16:00:00,1.28586,1.28887,1.28544,1.28776,15724,0,0
2020-02-20 20:00:00,1.28776,1.2888600000000001,1.28749,1.28814,4559,0,0
2020-02-21 00:00:00,1.28817,1.28881,1.28746,1.28874,3739,0,0
2020-02-21 04:00:00,1.28874,1.28992,1.2885499999999999,1.2894999999999999,4991,0,0
2020-02-21 08:00:00,1.2894999999999999,1.29273,1.28849,1.29166,17941,0,0
2020-02-21 12:00:00,1.29166,1.29515,1.2907899999999999,1.29353,19967,0,0
2020-02-21 16:00:00,1.29353,1.2977699999999999,1.29264,1.2974,18988,0,0
2020-02-21 20:00:00,1.29741,1.2981099999999999,1.29553,1.29565,5367,0,0
2020-02-24 00:00:00,1.29448,1.29546,1.2940800000000001,1.29475,4776,0,0
2020-02-24 04:00:00,1.29475,1.29515,1.29338,1.29366,4196,0,0
2020-02-24 08:00:00,1.29366,1.29544,1.28869,1.28965,18818,0,0
2020-02-24 12:00:00,1.28965,1.29219,1.2886600000000001,1.29,16716,0,0
2020-02-24 16:00:00,1.29,1.2937400000000001,1.28998,1.29364,19418,0,0
2020-02-24 20:00:00,1.29364,1.29365,1.29128,1.29312,9154,0,0
2020-02-25 00:00:00,1.29247,1.29419,1.29142,1.29404,6740,0,0
2020-02-25 04:00:00,1.29404,1.29421,1.29273,1.29325,5703,0,0
2020-02-25 08:00:00,1.29325,1.29953,1.29292,1.29943,20819,0,0
2020-02-25 12:00:00,1.29943,1.29943,1.29527,1.29695,22686,0,0
2020-02-25 16:00:00,1.29695,1.3018,1.2965499999999999,1.30114,21744,0,0
2020-02-25 20:00:00,1.30114,1.30138,1.29944,1.30031,10114,0,0
2020-02-26 00:00:00,1.3005,1.3008,1.29928,1.30067,5106,0,0
2020-02-26 04:00:00,1.30067,1.3007900000000001,1.29817,1.29966,6751,0,0
2020-02-26 08:00:00,1.2996699999999999,1.29974,1.29428,1.29498,17187,0,0
2020-02-26 12:00:00,1.29497,1.29505,1.29138,1.29349,22339,0,0
2020-02-26 16:00:00,1.29349,1.2950300000000001,1.2906900000000001,1.2908,19040,0,0
2020-02-26 20:00:00,1.2907899999999999,1.29173,1.28949,1.28953,11270,0,0
2020-02-27 00:00:00,1.28961,1.29206,1.2895699999999999,1.29118,8421,0,0
2020-02-27 04:00:00,1.29118,1.2936,1.29112,1.2929599999999999,7191,0,0
2020-02-27 08:00:00,1.29297,1.29464,1.29024,1.29033,19902,0,0
2020-02-27 12:00:00,1.29032,1.2917399999999999,1.286,1.28956,24360,0,0
2020-02-27 16:00:00,1.28956,1.29023,1.28646,1.28839,27610,0,0
2020-02-27 20:00:00,1.28839,1.28949,1.28808,1.2885,11262,0,0
2020-02-28 00:00:00,1.28838,1.28966,1.28777,1.289,7509,0,0
2020-02-28 04:00:00,1.28899,1.28902,1.28699,1.28873,10742,0,0
2020-02-28 08:00:00,1.28873,1.29197,1.28597,1.29046,22973,0,0
2020-02-28 12:00:00,1.29046,1.29068,1.2845900000000001,1.28556,23663,0,0
2020-02-28 16:00:00,1.28555,1.28566,1.27531,1.27611,32261,0,0
2020-02-28 20:00:00,1.27611,1.28327,1.27257,1.28148,18689,0,0
2020-03-02 00:00:00,1.27726,1.28273,1.27676,1.2815699999999999,10689,0,0
2020-03-02 04:00:00,1.2815699999999999,1.28377,1.28141,1.28263,9395,0,0
2020-03-02 08:00:00,1.28263,1.28508,1.27557,1.27655,28741,0,0
2020-03-02 12:00:00,1.27655,1.27994,1.2746,1.27738,28907,0,0
2020-03-02 16:00:00,1.27742,1.2825,1.27397,1.28092,29832,0,0
2020-03-02 20:00:00,1.28091,1.28136,1.27502,1.27532,13979,0,0
2020-03-03 00:00:00,1.27523,1.27768,1.27406,1.2766600000000001,6965,0,0
2020-03-03 04:00:00,1.2766600000000001,1.27856,1.2763499999999999,1.27819,8411,0,0
2020-03-03 08:00:00,1.27819,1.2812999999999999,1.27628,1.27798,23670,0,0
2020-03-03 12:00:00,1.27796,1.28155,1.2768,1.2793999999999999,28916,0,0
2020-03-03 16:00:00,1.2793999999999999,1.28442,1.27804,1.28108,37987,0,0
2020-03-03 20:00:00,1.28107,1.28176,1.27969,1.28145,15474,0,0
2020-03-04 00:00:00,1.28114,1.28307,1.2803,1.28195,6109,0,0
2020-03-04 04:00:00,1.28195,1.28262,1.28073,1.28128,4589,0,0
2020-03-04 08:00:00,1.28128,1.28169,1.27779,1.27837,18138,0,0
2020-03-04 12:00:00,1.27837,1.28324,1.27701,1.28295,23759,0,0
2020-03-04 16:00:00,1.28295,1.2858100000000001,1.28002,1.28422,25588,0,0
2020-03-04 20:00:00,1.28422,1.28729,1.28421,1.28727,7243,0,0
2020-03-05 00:00:00,1.28709,1.28748,1.2860800000000001,1.28648,4422,0,0
2020-03-05 04:00:00,1.28648,1.2879399999999999,1.28638,1.28768,3317,0,0
2020-03-05 08:00:00,1.28768,1.2923200000000001,1.2867199999999999,1.29193,14654,0,0
2020-03-05 12:00:00,1.29193,1.29364,1.29001,1.29192,21967,0,0
2020-03-05 16:00:00,1.2919100000000001,1.29468,1.29051,1.29395,21632,0,0
2020-03-05 20:00:00,1.29395,1.29684,1.29312,1.29521,8863,0,0
2020-03-06 00:00:00,1.29466,1.2965,1.2944200000000001,1.29637,6744,0,0
2020-03-06 04:00:00,1.29637,1.29657,1.29509,1.29529,6769,0,0
2020-03-06 08:00:00,1.29529,1.29982,1.29491,1.29885,21839,0,0
2020-03-06 12:00:00,1.29885,1.30264,1.29856,1.2995700000000001,32509,0,0
2020-03-06 16:00:00,1.2995999999999999,1.30494,1.2991,1.30032,38680,0,0
2020-03-06 20:00:00,1.30032,1.30523,1.2993700000000001,1.3047,14850,0,0
2020-03-09 00:00:00,1.30758,1.31057,1.30663,1.30729,11777,0,0
2020-03-09 04:00:00,1.30729,1.3126,1.3060100000000001,1.30698,19358,0,0
2020-03-09 08:00:00,1.30697,1.32004,1.30344,1.3143099999999999,31464,0,0
2020-03-09 12:00:00,1.3143099999999999,1.31516,1.30625,1.31005,37363,0,0
2020-03-09 16:00:00,1.31006,1.31503,1.3084799999999999,1.31389,51288,0,0
2020-03-09 20:00:00,1.31385,1.31423,1.3094999999999999,1.31138,25594,0,0
2020-03-10 00:00:00,1.31257,1.3128,1.30503,1.30514,10651,0,0
2020-03-10 04:00:00,1.3051599999999999,1.30847,1.30405,1.3063500000000001,12445,0,0
2020-03-10 08:00:00,1.3063500000000001,1.30802,1.30164,1.30589,31456,0,0
2020-03-10 12:00:00,1.30589,1.30709,1.30183,1.30241,37655,0,0
2020-03-10 16:00:00,1.3024200000000001,1.3039,1.29082,1.29109,44357,0,0
2020-03-10 20:00:00,1.29108,1.29398,1.28815,1.29135,24229,0,0
2020-03-11 00:00:00,1.29095,1.2919100000000001,1.28659,1.29014,6257,0,0
2020-03-11 04:00:00,1.29012,1.29272,1.28994,1.29258,8931,0,0
2020-03-11 08:00:00,1.29258,1.29544,1.28282,1.29315,24171,0,0
2020-03-11 12:00:00,1.29312,1.29764,1.29047,1.29396,24444,0,0
2020-03-11 16:00:00,1.29396,1.29644,1.28501,1.28559,34416,0,0
2020-03-11 20:00:00,1.28566,1.28701,1.2804,1.28186,21911,0,0
2020-03-12 00:00:00,1.28173,1.28278,1.28101,1.28196,5665,0,0
2020-03-12 04:00:00,1.28199,1.28488,1.28115,1.28138,14781,0,0
2020-03-12 08:00:00,1.28138,1.28285,1.2766199999999999,1.2772700000000001,17981,0,0
2020-03-12 12:00:00,1.27733,1.27785,1.26522,1.26587,30990,0,0
2020-03-12 16:00:00,1.26594,1.2692700000000001,1.24906,1.25962,52027,0,0
2020-03-12 20:00:00,1.2596,1.2641,1.25474,1.25614,26098,0,0
2020-03-13 00:00:00,1.25652,1.2594400000000001,1.25075,1.25171,17038,0,0
2020-03-13 04:00:00,1.25171,1.25604,1.25148,1.2555,16060,0,0
2020-03-13 08:00:00,1.2554699999999999,1.26244,1.25394,1.25926,27477,0,0
2020-03-13 12:00:00,1.25925,1.26243,1.24572,1.24674,28936,0,0
2020-03-13 16:00:00,1.24675,1.2521200000000001,1.23403,1.23583,48701,0,0
2020-03-13 20:00:00,1.23583,1.2372,1.2261,1.22729,29613,0,0
2020-03-16 00:00:00,1.22678,1.24215,1.2255,1.23345,26336,0,0
2020-03-16 04:00:00,1.23363,1.23587,1.2285,1.23374,18466,0,0
2020-03-16 08:00:00,1.23374,1.23736,1.22793,1.23609,31002,0,0
2020-03-16 12:00:00,1.23609,1.23623,1.22587,1.22738,32715,0,0
2020-03-16 16:00:00,1.22746,1.23302,1.22157,1.22432,42003,0,0
2020-03-16 20:00:00,1.22432,1.22732,1.22021,1.2273100000000001,25600,0,0
2020-03-17 00:00:00,1.22701,1.22737,1.22345,1.22391,22966,0,0
2020-03-17 04:00:00,1.22396,1.22668,1.22318,1.22541,35614,0,0
2020-03-17 08:00:00,1.22541,1.22589,1.21919,1.22065,32183,0,0
2020-03-17 12:00:00,1.22065,1.22173,1.20845,1.20916,34260,0,0
2020-03-17 16:00:00,1.2092100000000001,1.21062,1.20018,1.20464,45378,0,0
2020-03-17 20:00:00,1.20464,1.21152,1.20414,1.2052100000000001,20529,0,0
2020-03-18 00:00:00,1.20525,1.21207,1.20507,1.21109,12704,0,0
2020-03-18 04:00:00,1.21109,1.21296,1.21021,1.21127,17425,0,0
2020-03-18 08:00:00,1.21127,1.2114099999999999,1.20084,1.20181,31936,0,0
2020-03-18 12:00:00,1.20181,1.20441,1.1827,1.18439,44116,0,0
2020-03-18 16:00:00,1.18439,1.18771,1.145,1.15454,43146,0,0
2020-03-18 20:00:00,1.15454,1.16619,1.14881,1.1628,33907,0,0
2020-03-19 00:00:00,1.15863,1.16615,1.14698,1.15655,17146,0,0
2020-03-19 04:00:00,1.15655,1.15761,1.14724,1.14977,21183,0,0
2020-03-19 08:00:00,1.14977,1.16094,1.14745,1.1538599999999999,35312,0,0
2020-03-19 12:00:00,1.1538599999999999,1.16792,1.14869,1.16238,48217,0,0
2020-03-19 16:00:00,1.16238,1.17932,1.1585,1.16233,42846,0,0
2020-03-19 20:00:00,1.1623,1.16741,1.14773,1.14801,24606,0,0
2020-03-20 00:00:00,1.14851,1.1549,1.14097,1.15296,15175,0,0
2020-03-20 04:00:00,1.15296,1.16657,1.15296,1.16647,16666,0,0
2020-03-20 08:00:00,1.16648,1.18784,1.16412,1.18679,35729,0,0
2020-03-20 12:00:00,1.1868,1.18741,1.17135,1.1779,32990,0,0
2020-03-20 16:00:00,1.1779,1.19339,1.17016,1.17132,48518,0,0
2020-03-20 20:00:00,1.17131,1.1745,1.15548,1.16422,26759,0,0
2020-03-23 00:00:00,1.16648,1.1684,1.1531,1.15998,17492,0,0
2020-03-23 04:00:00,1.15998,1.16649,1.15896,1.1652,17928,0,0
2020-03-23 08:00:00,1.1651799999999999,1.17145,1.16018,1.16269,34994,0,0
2020-03-23 12:00:00,1.1627,1.16601,1.15055,1.1632,41343,0,0
2020-03-23 16:00:00,1.16317,1.16747,1.14463,1.1476,40764,0,0
2020-03-23 20:00:00,1.1476,1.15728,1.146,1.15433,27681,0,0
2020-03-24 00:00:00,1.15396,1.15994,1.14806,1.15938,12413,0,0
2020-03-24 04:00:00,1.1594,1.16578,1.15937,1.16363,21822,0,0
2020-03-24 08:00:00,1.16363,1.16924,1.1602999999999999,1.16649,31341,0,0
2020-03-24 12:00:00,1.16649,1.1789,1.16483,1.17525,35058,0,0
2020-03-24 16:00:00,1.17525,1.17992,1.16952,1.17614,45950,0,0
2020-03-24 20:00:00,1.17616,1.17826,1.17119,1.1756199999999999,24381,0,0
2020-03-25 00:00:00,1.1757,1.17943,1.17342,1.17653,8364,0,0
2020-03-25 04:00:00,1.17653,1.1816200000000001,1.17634,1.1803,13997,0,0
2020-03-25 08:00:00,1.18032,1.19276,1.17943,1.19227,24998,0,0
2020-03-25 12:00:00,1.19225,1.19734,1.18252,1.1835,38641,0,0
2020-03-25 16:00:00,1.18353,1.18455,1.16389,1.18352,54258,0,0
2020-03-25 20:00:00,1.18351,1.19161,1.17923,1.1882,28694,0,0
2020-03-26 00:00:00,1.18595,1.18888,1.17755,1.18669,21970,0,0
2020-03-26 04:00:00,1.18668,1.187,1.18195,1.18555,18333,0,0
2020-03-26 08:00:00,1.18555,1.1960899999999999,1.18188,1.1920600000000001,25095,0,0
2020-03-26 12:00:00,1.19207,1.20017,1.18664,1.19874,38684,0,0
2020-03-26 16:00:00,1.19875,1.21811,1.19655,1.21712,52160,0,0
2020-03-26 20:00:00,1.21713,1.22294,1.21258,1.22007,29668,0,0
2020-03-27 00:00:00,1.22017,1.22065,1.21313,1.21784,15482,0,0
2020-03-27 04:00:00,1.21783,1.23058,1.21664,1.22521,19758,0,0
2020-03-27 08:00:00,1.22521,1.22892,1.21432,1.21615,30335,0,0
2020-03-27 12:00:00,1.21615,1.22955,1.21595,1.22501,44189,0,0
2020-03-27 16:00:00,1.22503,1.24402,1.2206,1.2412,50373,0,0
2020-03-27 20:00:00,1.2412,1.24856,1.23757,1.2457799999999999,31135,0,0
2020-03-30 00:00:00,1.24312,1.24667,1.23921,1.24347,13524,0,0
2020-03-30 04:00:00,1.24347,1.24467,1.23607,1.23953,11225,0,0
2020-03-30 08:00:00,1.23953,1.2426599999999999,1.23178,1.23874,28800,0,0
2020-03-30 12:00:00,1.23874,1.24411,1.23648,1.23989,26540,0,0
2020-03-30 16:00:00,1.23986,1.24411,1.23715,1.23872,36726,0,0
2020-03-30 20:00:00,1.23872,1.24287,1.23541,1.2416800000000001,18404,0,0
2020-03-31 00:00:00,1.24102,1.24103,1.22422,1.23254,10864,0,0
2020-03-31 04:00:00,1.23254,1.23559,1.2302,1.23348,14831,0,0
2020-03-31 08:00:00,1.23348,1.23645,1.2285,1.23103,23896,0,0
2020-03-31 12:00:00,1.23103,1.24148,1.23103,1.23896,31304,0,0
2020-03-31 16:00:00,1.23896,1.2473,1.23613,1.23971,45736,0,0
2020-03-31 20:00:00,1.2397,1.2451,1.23584,1.2413,25904,0,0
2020-04-01 00:00:00,1.2414100000000001,1.24439,1.23943,1.24155,8554,0,0
2020-04-01 04:00:00,1.24155,1.24177,1.23622,1.23769,15685,0,0
2020-04-01 08:00:00,1.2377,1.2393399999999999,1.23303,1.23708,25868,0,0
2020-04-01 12:00:00,1.23708,1.23982,1.23487,1.23842,23996,0,0
2020-04-01 16:00:00,1.23841,1.24387,1.23781,1.23949,27174,0,0
2020-04-01 20:00:00,1.23948,1.24174,1.23635,1.23657,18555,0,0
2020-04-02 00:00:00,1.23737,1.24024,1.23715,1.23896,6561,0,0
2020-04-02 04:00:00,1.23896,1.24091,1.23766,1.23892,8154,0,0
2020-04-02 08:00:00,1.23892,1.24319,1.2387299999999999,1.24241,19279,0,0
2020-04-02 12:00:00,1.24241,1.24753,1.24013,1.24152,25968,0,0
2020-04-02 16:00:00,1.24152,1.2422900000000001,1.23519,1.23655,39416,0,0
2020-04-02 20:00:00,1.23655,1.24194,1.23486,1.23966,17655,0,0
2020-04-03 00:00:00,1.23957,1.24048,1.23724,1.23852,6533,0,0
2020-04-03 04:00:00,1.23851,1.23887,1.23665,1.2382900000000001,10459,0,0
2020-04-03 08:00:00,1.2382900000000001,1.23956,1.2282899999999999,1.23013,19079,0,0
2020-04-03 12:00:00,1.23016,1.23058,1.22484,1.22516,27541,0,0
2020-04-03 16:00:00,1.22515,1.23005,1.22056,1.22268,28121,0,0
2020-04-03 20:00:00,1.22268,1.22882,1.22234,1.22703,14635,0,0
2020-04-06 00:00:00,1.22327,1.22637,1.22096,1.22443,7608,0,0
2020-04-06 04:00:00,1.22443,1.22517,1.22159,1.22228,7219,0,0
2020-04-06 08:00:00,1.22228,1.23216,1.22217,1.23106,17188,0,0
2020-04-06 12:00:00,1.23106,1.23268,1.22763,1.22923,20594,0,0
2020-04-06 16:00:00,1.2292,1.23146,1.22499,1.23054,24229,0,0
2020-04-06 20:00:00,1.23054,1.23196,1.22147,1.22314,15542,0,0
2020-04-07 00:00:00,1.22312,1.22502,1.21643,1.22289,8086,0,0
2020-04-07 04:00:00,1.22289,1.22968,1.22227,1.22793,7993,0,0
2020-04-07 08:00:00,1.22793,1.23498,1.22687,1.23279,19380,0,0
2020-04-07 12:00:00,1.23279,1.23845,1.22822,1.23699,27062,0,0
2020-04-07 16:00:00,1.23692,1.237,1.22932,1.23371,27774,0,0
2020-04-07 20:00:00,1.23371,1.23568,1.23193,1.23387,12718,0,0
2020-04-08 00:00:00,1.23274,1.2353,1.23141,1.23216,6334,0,0
2020-04-08 04:00:00,1.23216,1.2331,1.23096,1.2318500000000001,6984,0,0
2020-04-08 08:00:00,1.2318500000000001,1.23429,1.2288000000000001,1.23051,17663,0,0
2020-04-08 12:00:00,1.23056,1.23747,1.23056,1.23715,19027,0,0
2020-04-08 16:00:00,1.23715,1.24196,1.23633,1.24053,24303,0,0
2020-04-08 20:00:00,1.24052,1.2413,1.23702,1.23823,9420,0,0
2020-04-09 00:00:00,1.2380200000000001,1.24187,1.23746,1.24108,7772,0,0
2020-04-09 04:00:00,1.24108,1.24169,1.23809,1.23831,8961,0,0
2020-04-09 08:00:00,1.23831,1.24116,1.23608,1.2404,15663,0,0
2020-04-09 12:00:00,1.2404,1.24478,1.23997,1.24379,22581,0,0
2020-04-09 16:00:00,1.24379,1.24801,1.24298,1.24491,27904,0,0
2020-04-09 20:00:00,1.24491,1.24838,1.24437,1.24632,18922,0,0
2020-04-10 00:00:00,1.24558,1.2477800000000001,1.24428,1.24489,6417,0,0
2020-04-10 04:00:00,1.24484,1.24704,1.24443,1.24635,7289,0,0
2020-04-10 08:00:00,1.24628,1.24786,1.2457799999999999,1.24715,3660,0,0
2020-04-10 12:00:00,1.24715,1.24863,1.24715,1.24809,4840,0,0
2020-04-10 16:00:00,1.24809,1.24843,1.24694,1.24789,4777,0,0
2020-04-10 20:00:00,1.24789,1.24819,1.24476,1.24482,2462,4,0
2020-04-13 00:00:00,1.24493,1.2472699999999999,1.24493,1.24596,4588,0,0
2020-04-13 04:00:00,1.24596,1.24735,1.2454399999999999,1.24732,4557,0,0
2020-04-13 08:00:00,1.24732,1.2537,1.24696,1.25132,11364,0,0
2020-04-13 12:00:00,1.25131,1.2516,1.2475100000000001,1.24858,10865,0,0
2020-04-13 16:00:00,1.24861,1.2526,1.24838,1.2518500000000001,13141,0,0
2020-04-13 20:00:00,1.25184,1.25319,1.25018,1.2504,8636,0,0
2020-04-14 00:00:00,1.25012,1.25328,1.25012,1.25281,4305,0,0
2020-04-14 04:00:00,1.25281,1.25709,1.2524,1.25635,6031,0,0
2020-04-14 08:00:00,1.25635,1.25765,1.25376,1.25609,15481,0,0
2020-04-14 12:00:00,1.25609,1.25882,1.25241,1.25809,18710,0,0
2020-04-14 16:00:00,1.25809,1.26306,1.2561,1.26074,24278,0,0
2020-04-14 20:00:00,1.26074,1.2647599999999999,1.2601499999999999,1.26246,12362,0,0
2020-04-15 00:00:00,1.26174,1.26309,1.26174,1.2623199999999999,2873,0,0
2020-04-15 04:00:00,1.2623,1.2623,1.26034,1.26064,3815,0,0
2020-04-15 08:00:00,1.26064,1.26075,1.24986,1.25152,15545,0,0
2020-04-15 12:00:00,1.25152,1.2535,1.24367,1.24477,22051,0,0
2020-04-15 16:00:00,1.24477,1.25478,1.24399,1.25388,25091,0,0
2020-04-15 20:00:00,1.25387,1.25749,1.2522,1.25226,13514,0,0
2020-04-16 00:00:00,1.25143,1.25269,1.24918,1.24943,4555,0,0
2020-04-16 04:00:00,1.24946,1.25018,1.24607,1.24785,8398,0,0
2020-04-16 08:00:00,1.24791,1.25152,1.24682,1.24856,17540,0,0
2020-04-16 12:00:00,1.24854,1.25126,1.24574,1.25012,18496,0,0
2020-04-16 16:00:00,1.25011,1.25147,1.24082,1.24393,25695,0,0
2020-04-16 20:00:00,1.24392,1.24628,1.24278,1.2457,12309,0,0
2020-04-17 00:00:00,1.24564,1.24945,1.24531,1.24894,6559,0,0
2020-04-17 04:00:00,1.24894,1.25223,1.24878,1.24967,5841,0,0
2020-04-17 08:00:00,1.24966,1.2501,1.24254,1.24405,16150,0,0
2020-04-17 12:00:00,1.24405,1.25006,1.2407,1.24831,20121,0,0
2020-04-17 16:00:00,1.24831,1.25166,1.2469999999999999,1.2498,21722,0,0
2020-04-17 20:00:00,1.2498,1.25174,1.24798,1.2493400000000001,11456,0,0
2020-04-20 00:00:00,1.24967,1.2499500000000001,1.24759,1.24845,2715,0,0
2020-04-20 04:00:00,1.24845,1.24877,1.24705,1.24803,6132,0,0
2020-04-20 08:00:00,1.24803,1.24806,1.2434,1.24599,12370,0,0
2020-04-20 12:00:00,1.24599,1.2492,1.24164,1.2439,16417,0,0
2020-04-20 16:00:00,1.24389,1.2487,1.24224,1.24654,18443,0,0
2020-04-20 20:00:00,1.24654,1.2469999999999999,1.24295,1.2433,10192,0,0
2020-04-21 00:00:00,1.24328,1.24443,1.24289,1.24337,3656,0,0
2020-04-21 04:00:00,1.24337,1.24414,1.2389000000000001,1.2402199999999999,7436,0,0
2020-04-21 08:00:00,1.2402199999999999,1.24215,1.2382,1.23948,13100,0,0
2020-04-21 12:00:00,1.2395100000000001,1.23991,1.2273,1.22771,21465,0,0
2020-04-21 16:00:00,1.22771,1.23363,1.22472,1.227,27425,0,0
2020-04-21 20:00:00,1.22698,1.23094,1.22618,1.22938,14103,0,0
2020-04-22 00:00:00,1.22909,1.23041,1.22803,1.22887,3244,0,0
2020-04-22 04:00:00,1.22888,1.23029,1.22746,1.22808,5669,0,0
2020-04-22 08:00:00,1.22808,1.2344,1.2278,1.23381,15857,0,0
2020-04-22 12:00:00,1.23382,1.2386,1.23365,1.23679,15782,0,0
2020-04-22 16:00:00,1.23679,1.23691,1.23006,1.23101,19441,0,0
2020-04-22 20:00:00,1.23101,1.23342,1.23042,1.2334,9087,0,0
2020-04-23 00:00:00,1.23327,1.2344,1.23129,1.232,4371,0,0
2020-04-23 04:00:00,1.23199,1.23403,1.23179,1.23381,6124,0,0
2020-04-23 08:00:00,1.2338,1.23756,1.23078,1.23512,18377,0,0
2020-04-23 12:00:00,1.23512,1.2375,1.23345,1.23452,19290,0,0
2020-04-23 16:00:00,1.2345,1.2415,1.23234,1.2361,25529,0,0
2020-04-23 20:00:00,1.2361,1.2364600000000001,1.23331,1.23451,14324,0,0
2020-04-24 00:00:00,1.23438,1.23593,1.23399,1.23514,3937,0,0
2020-04-24 04:00:00,1.23514,1.23605,1.23423,1.23506,4621,0,0
2020-04-24 08:00:00,1.23505,1.23522,1.22981,1.2316,16351,0,0
2020-04-24 12:00:00,1.23162,1.23771,1.23136,1.23591,18331,0,0
2020-04-24 16:00:00,1.23591,1.23634,1.23193,1.23309,18991,0,0
2020-04-24 20:00:00,1.2331,1.23727,1.23259,1.2365,9149,0,0
2020-04-27 00:00:00,1.2363,1.23757,1.23582,1.2375099999999999,3507,0,0
2020-04-27 04:00:00,1.2375099999999999,1.2446,1.2368000000000001,1.2429999999999999,7222,0,0
2020-04-27 08:00:00,1.2429999999999999,1.24548,1.24157,1.24336,14042,0,0
2020-04-27 12:00:00,1.24335,1.245,1.24173,1.24265,14417,0,0
2020-04-27 16:00:00,1.24265,1.24371,1.2399,1.24023,17183,0,0
2020-04-27 20:00:00,1.24023,1.24323,1.24021,1.24312,6879,0,0
2020-04-28 00:00:00,1.24274,1.24358,1.24152,1.24302,4941,0,0
2020-04-28 04:00:00,1.24302,1.24302,1.24066,1.2414399999999999,6079,0,0
2020-04-28 08:00:00,1.2414399999999999,1.24786,1.24037,1.24684,14598,0,0
2020-04-28 12:00:00,1.2468,1.25183,1.24521,1.2482199999999999,17438,0,0
2020-04-28 16:00:00,1.2482199999999999,1.24877,1.24206,1.24285,19100,0,0
2020-04-28 20:00:00,1.24285,1.24536,1.24206,1.24236,8633,0,0
2020-04-29 00:00:00,1.24237,1.24604,1.24162,1.24604,4177,0,0
2020-04-29 04:00:00,1.24604,1.24782,1.24554,1.24743,8117,0,0
2020-04-29 08:00:00,1.24743,1.24854,1.24328,1.2441200000000001,14707,0,0
2020-04-29 12:00:00,1.2441200000000001,1.24443,1.23893,1.24246,15320,0,0
2020-04-29 16:00:00,1.24246,1.24518,1.24093,1.24347,15711,0,0
2020-04-29 20:00:00,1.24347,1.24716,1.24338,1.24702,13852,0,0
2020-04-30 00:00:00,1.24674,1.24823,1.24291,1.2442,4242,0,0
2020-04-30 04:00:00,1.24418,1.24692,1.24368,1.2469000000000001,6561,0,0
2020-04-30 08:00:00,1.2469000000000001,1.24819,1.2441,1.24733,13594,0,0
2020-04-30 12:00:00,1.24733,1.25288,1.24731,1.25132,20322,0,0
2020-04-30 16:00:00,1.25132,1.26438,1.24759,1.25814,35210,0,0
2020-04-30 20:00:00,1.25813,1.2605,1.25743,1.25931,11880,0,0
2020-05-01 00:00:00,1.25899,1.26004,1.25553,1.25667,6329,0,0
2020-05-01 04:00:00,1.25667,1.25699,1.25514,1.25699,6236,0,0
2020-05-01 08:00:00,1.25696,1.25804,1.2533400000000001,1.25617,12846,0,0
2020-05-01 12:00:00,1.25617,1.25743,1.25143,1.25327,13706,0,0
2020-05-01 16:00:00,1.25327,1.25636,1.24961,1.25133,20618,0,0
2020-05-01 20:00:00,1.25131,1.25134,1.24832,1.24931,10217,0,0
2020-05-04 00:00:00,1.24839,1.24856,1.24432,1.24454,5761,0,0
2020-05-04 04:00:00,1.24454,1.24686,1.24395,1.24441,5998,0,0
2020-05-04 08:00:00,1.24441,1.24759,1.24243,1.24328,15450,0,0
2020-05-04 12:00:00,1.24328,1.2450700000000001,1.24053,1.24248,15541,0,0
2020-05-04 16:00:00,1.24245,1.24426,1.24112,1.24332,19207,0,0
2020-05-04 20:00:00,1.24332,1.24472,1.24253,1.2442,8796,0,0
2020-05-05 00:00:00,1.24437,1.24654,1.24346,1.24613,3991,0,0
2020-05-05 04:00:00,1.24613,1.24688,1.24556,1.24623,4718,0,0
2020-05-05 08:00:00,1.24623,1.24839,1.2420499999999999,1.24322,17793,0,0
2020-05-05 12:00:00,1.24321,1.24736,1.24288,1.24546,20554,0,0
2020-05-05 16:00:00,1.24546,1.24808,1.24398,1.24414,17869,0,0
2020-05-05 20:00:00,1.24415,1.24536,1.24305,1.24344,9156,0,0
2020-05-06 00:00:00,1.24332,1.24498,1.24302,1.24362,4967,0,0
2020-05-06 04:00:00,1.24362,1.24407,1.24251,1.24349,6443,0,0
2020-05-06 08:00:00,1.24349,1.24503,1.23584,1.23743,15591,0,0
2020-05-06 12:00:00,1.23748,1.23923,1.2365,1.23869,14534,0,0
2020-05-06 16:00:00,1.23869,1.2393399999999999,1.2335099999999999,1.23578,18551,0,0
2020-05-06 20:00:00,1.23578,1.23638,1.23368,1.23418,8469,0,0
2020-05-07 00:00:00,1.2342,1.23448,1.23102,1.23157,4645,0,0
2020-05-07 04:00:00,1.23157,1.23286,1.23126,1.23249,5759,0,0
2020-05-07 08:00:00,1.2325,1.2417799999999999,1.2319499999999999,1.23592,16372,0,0
2020-05-07 12:00:00,1.23592,1.23833,1.23265,1.23454,18412,0,0
2020-05-07 16:00:00,1.23454,1.23648,1.22661,1.23563,22232,0,0
2020-05-07 20:00:00,1.23562,1.23785,1.23518,1.23617,11476,0,0
2020-05-08 00:00:00,1.2355800000000001,1.2397,1.23508,1.23939,4180,0,0
2020-05-08 04:00:00,1.23939,1.24087,1.23824,1.23865,7867,0,0
2020-05-08 08:00:00,1.23865,1.24006,1.23761,1.23944,8489,0,0
2020-05-08 12:00:00,1.23944,1.24005,1.23579,1.23716,12260,0,0
2020-05-08 16:00:00,1.23716,1.24671,1.23562,1.24221,17778,0,0
2020-05-08 20:00:00,1.24221,1.24248,1.24018,1.24069,6734,0,0
2020-05-11 00:00:00,1.2399499999999999,1.24245,1.23936,1.2423,4575,0,0
2020-05-11 04:00:00,1.2423,1.24377,1.24184,1.24262,6024,0,0
2020-05-11 08:00:00,1.24261,1.24301,1.23465,1.23712,13874,0,0
2020-05-11 12:00:00,1.23712,1.2375,1.22833,1.22987,17313,0,0
2020-05-11 16:00:00,1.22987,1.23628,1.22987,1.2343899999999999,22932,0,0
2020-05-11 20:00:00,1.2343899999999999,1.23525,1.23214,1.23335,10808,0,0
2020-05-12 00:00:00,1.23318,1.23377,1.2287,1.23059,6318,0,0
2020-05-12 04:00:00,1.23058,1.23242,1.23016,1.2322,7571,0,0
2020-05-12 08:00:00,1.2322,1.23509,1.23044,1.23211,16315,0,0
2020-05-12 12:00:00,1.23211,1.23775,1.2316799999999999,1.23605,19870,0,0
2020-05-12 16:00:00,1.23604,1.23724,1.2283,1.2291400000000001,25844,0,0
2020-05-12 20:00:00,1.22913,1.22946,1.22555,1.22599,11703,0,0
2020-05-13 00:00:00,1.22586,1.22696,1.2251,1.22652,5080,0,0
2020-05-13 04:00:00,1.22652,1.22782,1.22572,1.22699,10044,0,0
2020-05-13 08:00:00,1.22699,1.23013,1.22635,1.2275,16925,0,0
2020-05-13 12:00:00,1.22755,1.23398,1.22656,1.23173,19979,0,0
2020-05-13 16:00:00,1.23174,1.23263,1.221,1.22265,30997,0,0
2020-05-13 20:00:00,1.22266,1.22425,1.22141,1.22365,14136,0,0
2020-05-14 00:00:00,1.2227999999999999,1.22417,1.22242,1.22352,5667,0,0
2020-05-14 04:00:00,1.22352,1.2239200000000001,1.22036,1.2208,9442,0,0
2020-05-14 08:00:00,1.22082,1.22183,1.21812,1.22017,16876,0,0
2020-05-14 12:00:00,1.22017,1.22296,1.21654,1.21816,20937,0,0
2020-05-14 16:00:00,1.21816,1.22186,1.21756,1.2196799999999999,22043,0,0
2020-05-14 20:00:00,1.21969,1.22322,1.2187999999999999,1.22312,13331,0,0
2020-05-15 00:00:00,1.22259,1.22389,1.22036,1.22232,6172,0,0
2020-05-15 04:00:00,1.22234,1.22263,1.2202600000000001,1.22171,9478,0,0
2020-05-15 08:00:00,1.22172,1.22252,1.21873,1.22054,14405,0,0
2020-05-15 12:00:00,1.22051,1.22193,1.21508,1.2180900000000001,21917,0,0
2020-05-15 16:00:00,1.2181,1.21851,1.21137,1.21192,23941,0,0
2020-05-15 20:00:00,1.21193,1.21265,1.2101,1.2101899999999999,7811,0,0
2020-05-18 00:00:00,1.20824,1.20984,1.20752,1.20938,6272,0,0
2020-05-18 04:00:00,1.2094,1.2115,1.20929,1.20974,7643,0,0
2020-05-18 08:00:00,1.20973,1.21255,1.20918,1.21048,13833,0,0
2020-05-18 12:00:00,1.21047,1.21736,1.2099,1.21648,18381,0,0
2020-05-18 16:00:00,1.21648,1.22275,1.21624,1.21796,24551,0,0
2020-05-18 20:00:00,1.21796,1.2200199999999999,1.21746,1.21951,9546,0,0
2020-05-19 00:00:00,1.21934,1.22218,1.21847,1.22173,5539,0,0
2020-05-19 04:00:00,1.22173,1.22173,1.2184,1.22042,9218,0,0
2020-05-19 08:00:00,1.22042,1.22682,1.21945,1.22515,21476,0,0
2020-05-19 12:00:00,1.22516,1.22604,1.2223600000000001,1.22437,16075,0,0
2020-05-19 16:00:00,1.22438,1.2269,1.22275,1.22493,18310,0,0
2020-05-19 20:00:00,1.22493,1.22962,1.22345,1.22483,10030,0,0
2020-05-20 00:00:00,1.22516,1.22662,1.22413,1.22658,4724,0,0
2020-05-20 04:00:00,1.22658,1.22765,1.2257500000000001,1.22606,7387,0,0
2020-05-20 08:00:00,1.22606,1.22694,1.22214,1.22457,15713,0,0
2020-05-20 12:00:00,1.22459,1.22717,1.22386,1.22584,17813,0,0
2020-05-20 16:00:00,1.2258499999999999,1.22877,1.22273,1.22291,20220,0,0
2020-05-20 20:00:00,1.22291,1.22406,1.22256,1.22376,9987,0,0
2020-05-21 00:00:00,1.22394,1.2244,1.22078,1.22092,5299,0,0
2020-05-21 04:00:00,1.22092,1.22103,1.21924,1.22031,6628,0,0
2020-05-21 08:00:00,1.22031,1.22254,1.21857,1.22252,11997,0,0
2020-05-21 12:00:00,1.22253,1.22464,1.22181,1.22292,17330,0,0
2020-05-21 16:00:00,1.22292,1.22496,1.22061,1.22295,20036,0,0
2020-05-21 20:00:00,1.22296,1.22416,1.22127,1.22229,9357,0,0
2020-05-22 00:00:00,1.22182,1.22335,1.22152,1.22266,4528,0,0
2020-05-22 04:00:00,1.22266,1.22337,1.22054,1.22117,11757,0,0
2020-05-22 08:00:00,1.22117,1.22216,1.21625,1.21774,16630,0,0
2020-05-22 12:00:00,1.21774,1.21928,1.21616,1.21705,16352,0,0
2020-05-22 16:00:00,1.21704,1.22086,1.21686,1.21692,13678,0,0
2020-05-22 20:00:00,1.21692,1.2184599999999999,1.21635,1.21647,6311,0,0
2020-05-25 00:00:00,1.21733,1.21917,1.21647,1.21864,4383,0,0
2020-05-25 04:00:00,1.21864,1.21875,1.21735,1.21805,8712,0,0
2020-05-25 08:00:00,1.21805,1.21875,1.2164,1.21822,10448,0,0
2020-05-25 12:00:00,1.21822,1.21927,1.2174,1.21841,10579,0,0
2020-05-25 16:00:00,1.21841,1.22036,1.21814,1.21865,8761,0,0
2020-05-25 20:00:00,1.21865,1.21952,1.2172399999999999,1.2184,9301,0,0
2020-05-26 00:00:00,1.21848,1.22187,1.21792,1.22169,5072,0,0
2020-05-26 04:00:00,1.22169,1.22238,1.22044,1.22184,8292,0,0
2020-05-26 08:00:00,1.22184,1.23049,1.22154,1.23022,16044,0,0
2020-05-26 12:00:00,1.23021,1.23494,1.23013,1.23441,17519,0,0
2020-05-26 16:00:00,1.23441,1.23631,1.23196,1.2335099999999999,19126,0,0
2020-05-26 20:00:00,1.23353,1.23466,1.23218,1.23377,10688,0,0
2020-05-27 00:00:00,1.23315,1.2339,1.23159,1.23221,4822,0,0
2020-05-27 04:00:00,1.2322,1.23313,1.23109,1.23129,9565,0,0
2020-05-27 08:00:00,1.23129,1.23321,1.22884,1.23027,15323,0,0
2020-05-27 12:00:00,1.23027,1.23541,1.22581,1.22722,28889,0,0
2020-05-27 16:00:00,1.22722,1.22831,1.22046,1.2239,28155,0,0
2020-05-27 20:00:00,1.2239,1.22634,1.22326,1.22601,12407,0,0
2020-05-28 00:00:00,1.22596,1.2269,1.2256,1.22669,4956,0,0
2020-05-28 04:00:00,1.22669,1.22765,1.22483,1.22528,10306,0,0
2020-05-28 08:00:00,1.22528,1.22812,1.22451,1.22543,17140,0,0
2020-05-28 12:00:00,1.22543,1.22875,1.22337,1.22771,21688,0,0
2020-05-28 16:00:00,1.22771,1.23431,1.22764,1.2338,25564,0,0
2020-05-28 20:00:00,1.2338,1.23446,1.23114,1.23224,13170,0,0
2020-05-29 00:00:00,1.23183,1.23251,1.2308,1.23215,6538,0,0
2020-05-29 04:00:00,1.23215,1.23448,1.23153,1.23438,11302,0,0
2020-05-29 08:00:00,1.23438,1.23584,1.22918,1.2294100000000001,19192,0,0
2020-05-29 12:00:00,1.2294100000000001,1.23702,1.22905,1.23533,21588,0,0
2020-05-29 16:00:00,1.23533,1.23939,1.2291,1.23173,33693,0,0
2020-05-29 20:00:00,1.23172,1.23598,1.22976,1.2346300000000001,19287,0,0
2020-06-01 00:00:00,1.23237,1.23911,1.23236,1.23752,7061,0,0
2020-06-01 04:00:00,1.23753,1.24148,1.2374,1.23828,9642,0,0
2020-06-01 08:00:00,1.23824,1.24258,1.23764,1.24045,20277,0,0
2020-06-01 12:00:00,1.24045,1.24174,1.23753,1.23976,16803,0,0
2020-06-01 16:00:00,1.23974,1.24886,1.23901,1.24648,23015,0,0
2020-06-01 20:00:00,1.24648,1.2506599999999999,1.2461,1.24887,9209,0,0
2020-06-02 00:00:00,1.24908,1.25255,1.24826,1.25149,5727,0,0
2020-06-02 04:00:00,1.2515100000000001,1.2517,1.24785,1.24807,8963,0,0
2020-06-02 08:00:00,1.24807,1.2554400000000001,1.24803,1.25525,21549,0,0
2020-06-02 12:00:00,1.25525,1.25762,1.25271,1.25489,21749,0,0
2020-06-02 16:00:00,1.25488,1.25701,1.2527599999999999,1.25387,23032,0,0
2020-06-02 20:00:00,1.25388,1.2552699999999999,1.25289,1.2551700000000001,10486,0,0
2020-06-03 00:00:00,1.25499,1.26061,1.25446,1.25943,7312,0,0
2020-06-03 04:00:00,1.25946,1.26124,1.25667,1.2584,11956,0,0
2020-06-03 08:00:00,1.25839,1.2608,1.25641,1.25718,18569,0,0
2020-06-03 12:00:00,1.25717,1.26028,1.25543,1.25691,20918,0,0
2020-06-03 16:00:00,1.25691,1.26153,1.25536,1.25922,29542,0,0
2020-06-03 20:00:00,1.25922,1.25953,1.2570000000000001,1.25751,11406,0,0
2020-06-04 00:00:00,1.25735,1.25807,1.25293,1.25408,5679,0,0
2020-06-04 04:00:00,1.25409,1.25481,1.25354,1.2541,8640,0,0
2020-06-04 08:00:00,1.2541,1.25471,1.25007,1.2517,13463,0,0
2020-06-04 12:00:00,1.2517,1.25805,1.25086,1.25391,23490,0,0
2020-06-04 16:00:00,1.25391,1.26269,1.25295,1.26014,32126,0,0
2020-06-04 20:00:00,1.26014,1.26333,1.25848,1.2596,16119,0,0
2020-06-05 00:00:00,1.25969,1.2613400000000001,1.25841,1.25927,5888,0,0
2020-06-05 04:00:00,1.25927,1.26233,1.2583,1.2614,9848,0,0
2020-06-05 08:00:00,1.26139,1.26905,1.26062,1.26371,19636,0,0
2020-06-05 12:00:00,1.26371,1.26807,1.26182,1.26567,23927,0,0
2020-06-05 16:00:00,1.26567,1.27312,1.26522,1.26804,29886,0,0
2020-06-05 20:00:00,1.26806,1.26819,1.26609,1.26671,11740,0,0
2020-06-08 00:00:00,1.26794,1.27295,1.26703,1.27042,5336,0,0
2020-06-08 04:00:00,1.27043,1.27138,1.26897,1.271,8280,0,0
2020-06-08 08:00:00,1.27096,1.27104,1.26759,1.27014,15544,0,0
2020-06-08 12:00:00,1.27014,1.27014,1.2628,1.26691,16506,0,0
2020-06-08 16:00:00,1.26691,1.2704900000000001,1.26669,1.26979,20939,0,0
2020-06-08 20:00:00,1.26979,1.27358,1.26968,1.27237,9984,0,0
2020-06-09 00:00:00,1.27227,1.27556,1.27217,1.27348,4618,0,0
2020-06-09 04:00:00,1.27348,1.2735400000000001,1.2698,1.27012,9172,0,0
2020-06-09 08:00:00,1.27012,1.27204,1.26178,1.2641200000000001,18845,0,0
2020-06-09 12:00:00,1.26413,1.26782,1.26309,1.26611,20184,0,0
2020-06-09 16:00:00,1.26611,1.27457,1.26592,1.27438,22850,0,0
2020-06-09 20:00:00,1.27438,1.2745199999999999,1.27238,1.27276,8643,0,0
2020-06-10 00:00:00,1.27278,1.2741799999999999,1.27062,1.27222,5294,0,0
2020-06-10 04:00:00,1.27223,1.27464,1.2720099999999999,1.27419,7815,0,0
2020-06-10 08:00:00,1.27419,1.27863,1.27399,1.27643,19430,0,0
2020-06-10 12:00:00,1.27644,1.28029,1.27278,1.27874,20147,0,0
2020-06-10 16:00:00,1.27874,1.27996,1.2741799999999999,1.2755,23689,0,0
2020-06-10 20:00:00,1.27551,1.2812999999999999,1.27215,1.27458,30226,0,0
2020-06-11 00:00:00,1.27468,1.27545,1.2707899999999999,1.27393,8717,0,0
2020-06-11 04:00:00,1.27399,1.27503,1.26707,1.26826,17617,0,0
2020-06-11 08:00:00,1.26827,1.27004,1.2651,1.2698,26182,0,0
2020-06-11 12:00:00,1.2698,1.27196,1.26379,1.2648,25885,0,0
2020-06-11 16:00:00,1.2648,1.2685,1.26184,1.26264,35696,0,0
2020-06-11 20:00:00,1.26264,1.26275,1.25862,1.26017,25897,0,0
2020-06-12 00:00:00,1.26017,1.26018,1.2551999999999999,1.25559,10414,0,0
2020-06-12 04:00:00,1.25556,1.25783,1.25452,1.2573400000000001,16353,0,0
2020-06-12 08:00:00,1.2573400000000001,1.26454,1.2570999999999999,1.26321,25275,0,0
2020-06-12 12:00:00,1.26323,1.2653400000000001,1.25913,1.2592400000000001,25212,0,0
2020-06-12 16:00:00,1.2592400000000001,1.26092,1.25021,1.2503600000000001,39181,0,0
2020-06-12 20:00:00,1.2503600000000001,1.25505,1.24736,1.25415,25151,0,0
2020-06-15 00:00:00,1.2511700000000001,1.25223,1.24863,1.25004,12419,0,0
2020-06-15 04:00:00,1.25004,1.25254,1.24972,1.25168,15428,0,0
2020-06-15 08:00:00,1.25168,1.25481,1.24542,1.25419,30624,0,0
2020-06-15 12:00:00,1.25419,1.2561,1.25051,1.2534,23210,0,0
2020-06-15 16:00:00,1.2534100000000001,1.25796,1.25297,1.2564199999999999,31985,0,0
2020-06-15 20:00:00,1.2564199999999999,1.2606600000000001,1.25564,1.26062,19138,0,0
2020-06-16 00:00:00,1.2604600000000001,1.26474,1.25882,1.26308,9333,0,0
2020-06-16 04:00:00,1.26308,1.26741,1.26207,1.26618,16033,0,0
2020-06-16 08:00:00,1.26618,1.2687599999999999,1.26087,1.26441,24696,0,0
2020-06-16 12:00:00,1.26434,1.26816,1.26346,1.26672,24485,0,0
2020-06-16 16:00:00,1.26672,1.2668300000000001,1.25526,1.25929,41742,0,0
2020-06-16 20:00:00,1.25929,1.25939,1.25611,1.25722,16172,0,0
2020-06-17 00:00:00,1.25712,1.2587,1.25521,1.25647,8596,0,0
2020-06-17 04:00:00,1.25647,1.25701,1.25414,1.2558799999999999,14334,0,0
2020-06-17 08:00:00,1.2558799999999999,1.25888,1.2548599999999999,1.2558099999999999,21753,0,0
2020-06-17 12:00:00,1.2558500000000001,1.2583199999999999,1.25235,1.25479,24627,0,0
2020-06-17 16:00:00,1.25479,1.25601,1.25111,1.25416,29439,0,0
2020-06-17 20:00:00,1.25416,1.2557800000000001,1.25365,1.2555,11038,0,0
2020-06-18 00:00:00,1.25557,1.2566899999999999,1.25284,1.2548599999999999,7953,0,0
2020-06-18 04:00:00,1.2548599999999999,1.2560799999999999,1.25254,1.25522,14106,0,0
2020-06-18 08:00:00,1.25522,1.25606,1.25096,1.2515800000000001,20531,0,0
2020-06-18 12:00:00,1.2515800000000001,1.2549299999999999,1.24432,1.2447300000000001,30400,0,0
2020-06-18 16:00:00,1.2447300000000001,1.24599,1.24017,1.24115,26813,0,0
2020-06-18 20:00:00,1.24114,1.24302,1.2405,1.24211,12024,0,0
2020-06-19 00:00:00,1.24244,1.2432,1.24049,1.24131,6037,0,0
2020-06-19 04:00:00,1.24133,1.2437,1.24075,1.24271,10610,0,0
2020-06-19 08:00:00,1.24273,1.24563,1.24072,1.2413,16144,0,0
2020-06-19 12:00:00,1.2413,1.24235,1.23606,1.2404600000000001,20007,0,0
2020-06-19 16:00:00,1.24045,1.24113,1.23486,1.23677,27318,0,0
2020-06-19 20:00:00,1.23677,1.23688,1.23441,1.23509,14174,0,0
2020-06-22 00:00:00,1.2345,1.23596,1.23353,1.2347299999999999,7790,0,0
2020-06-22 04:00:00,1.2347299999999999,1.2389999999999999,1.23472,1.23896,10641,0,0
2020-06-22 08:00:00,1.23895,1.24339,1.23652,1.24268,19270,0,0
2020-06-22 12:00:00,1.24268,1.2434,1.23798,1.24053,15948,0,0
2020-06-22 16:00:00,1.24053,1.24702,1.23919,1.24641,21715,0,0
2020-06-22 20:00:00,1.24644,1.24768,1.2457799999999999,1.2469999999999999,8620,0,0
2020-06-23 00:00:00,1.24682,1.25071,1.24519,1.2482,7256,0,0
2020-06-23 04:00:00,1.2482,1.24955,1.2436099999999999,1.24662,27061,0,0
2020-06-23 08:00:00,1.24662,1.25125,1.24414,1.24837,21402,0,0
2020-06-23 12:00:00,1.24837,1.25015,1.2432,1.2497099999999999,20153,0,0
2020-06-23 16:00:00,1.2496800000000001,1.25315,1.24733,1.2515399999999999,24907,0,0
2020-06-23 20:00:00,1.25155,1.25319,1.25085,1.2521,9182,0,0
2020-06-24 00:00:00,1.25191,1.25427,1.25087,1.25294,6388,0,0
2020-06-24 04:00:00,1.25294,1.25383,1.2511,1.25134,11456,0,0
2020-06-24 08:00:00,1.25134,1.25269,1.2465600000000001,1.24994,18212,0,0
2020-06-24 12:00:00,1.24994,1.25376,1.24769,1.24945,23694,0,0
2020-06-24 16:00:00,1.2494399999999999,1.251,1.24161,1.24478,30553,0,0
2020-06-24 20:00:00,1.24476,1.24499,1.2414399999999999,1.24203,14790,0,0
2020-06-25 00:00:00,1.24183,1.24294,1.24078,1.24249,6990,0,0
2020-06-25 04:00:00,1.24249,1.24334,1.24038,1.24142,10143,0,0
2020-06-25 08:00:00,1.24142,1.24644,1.24052,1.2444,20298,0,0
2020-06-25 12:00:00,1.2444,1.24563,1.24126,1.24217,21294,0,0
2020-06-25 16:00:00,1.24217,1.24336,1.23888,1.24203,22593,0,0
2020-06-25 20:00:00,1.24206,1.24284,1.24009,1.24186,10973,0,0
2020-06-26 00:00:00,1.24182,1.24303,1.24103,1.24189,9250,0,0
2020-06-26 04:00:00,1.24191,1.24368,1.24145,1.24297,9741,0,0
2020-06-26 08:00:00,1.24297,1.2434,1.2398,1.24072,12591,0,0
2020-06-26 12:00:00,1.24071,1.24176,1.23668,1.23731,15281,0,0
2020-06-26 16:00:00,1.23731,1.23777,1.23144,1.23475,22948,0,0
2020-06-26 20:00:00,1.23475,1.23554,1.23329,1.23368,10907,0,0
2020-06-29 00:00:00,1.2335,1.23556,1.23254,1.23551,4299,0,0
2020-06-29 04:00:00,1.23551,1.23734,1.23504,1.23671,7860,0,0
2020-06-29 08:00:00,1.23671,1.23896,1.23305,1.2331,15812,0,0
2020-06-29 12:00:00,1.2331,1.23366,1.22992,1.2321,16550,0,0
2020-06-29 16:00:00,1.23213,1.2322,1.22517,1.22828,22283,0,0
2020-06-29 20:00:00,1.2282899999999999,1.2301199999999999,1.22748,1.22976,8593,0,0
2020-06-30 00:00:00,1.22978,1.23171,1.22872,1.22998,4559,0,0
2020-06-30 04:00:00,1.22998,1.23139,1.22957,1.23016,5177,0,0
2020-06-30 08:00:00,1.23018,1.23018,1.22596,1.22728,13364,0,0
2020-06-30 12:00:00,1.2273399999999999,1.2288999999999999,1.22579,1.22887,14291,0,0
2020-06-30 16:00:00,1.22887,1.23923,1.22791,1.23792,29650,0,0
2020-06-30 20:00:00,1.23792,1.24018,1.23677,1.24006,12033,0,0
2020-07-01 00:00:00,1.24009,1.24009,1.23767,1.23838,3253,0,0
2020-07-01 04:00:00,1.23838,1.23929,1.2359499999999999,1.23601,8120,0,0
2020-07-01 08:00:00,1.23602,1.24139,1.23593,1.23866,12953,0,0
2020-07-01 12:00:00,1.23867,1.24215,1.2373,1.24138,22183,0,0
2020-07-01 16:00:00,1.2414,1.24864,1.24114,1.24815,25113,0,0
2020-07-01 20:00:00,1.24815,1.24905,1.24658,1.24747,10875,0,0
2020-07-02 00:00:00,1.24747,1.24802,1.24608,1.24692,3663,0,0
2020-07-02 04:00:00,1.24692,1.2494399999999999,1.24674,1.24924,7211,0,0
2020-07-02 08:00:00,1.24924,1.25238,1.24784,1.25236,14324,0,0
2020-07-02 12:00:00,1.25236,1.25298,1.24885,1.24885,18515,0,0
2020-07-02 16:00:00,1.2489,1.25209,1.24563,1.24613,23394,0,0
2020-07-02 20:00:00,1.24613,1.24695,1.24575,1.24681,6958,0,0
2020-07-03 00:00:00,1.24674,1.24725,1.24577,1.2462900000000001,3429,0,0
2020-07-03 04:00:00,1.2463,1.24728,1.24571,1.24596,7749,0,0
2020-07-03 08:00:00,1.24597,1.24867,1.2438,1.2463,13488,0,0
2020-07-03 12:00:00,1.2463,1.2463,1.24396,1.24559,12838,0,0
2020-07-03 16:00:00,1.24559,1.24716,1.2445599999999999,1.24694,10831,0,0
2020-07-03 20:00:00,1.24695,1.2483,1.24626,1.2483,16782,0,0
2020-07-06 00:00:00,1.24613,1.24891,1.24603,1.24795,4109,0,0
2020-07-06 04:00:00,1.24795,1.24976,1.24759,1.24967,6496,0,0
2020-07-06 08:00:00,1.24967,1.2509700000000001,1.24757,1.24904,16676,0,0
2020-07-06 12:00:00,1.24904,1.25194,1.24858,1.25106,15477,0,0
2020-07-06 16:00:00,1.251,1.25198,1.248,1.24843,17772,0,0
2020-07-06 20:00:00,1.24843,1.25037,1.24841,1.24921,8598,0,0
2020-07-07 00:00:00,1.24916,1.2518099999999999,1.24828,1.2513,3827,0,0
2020-07-07 04:00:00,1.2513,1.25147,1.24896,1.2506,11949,0,0
2020-07-07 08:00:00,1.2506,1.25143,1.24671,1.24707,16337,0,0
2020-07-07 12:00:00,1.24707,1.25396,1.24623,1.25375,17478,0,0
2020-07-07 16:00:00,1.25374,1.25922,1.25241,1.25597,23028,0,0
2020-07-07 20:00:00,1.25597,1.2573400000000001,1.25359,1.25433,10553,0,0
2020-07-08 00:00:00,1.25406,1.25628,1.25346,1.25497,4952,0,0
2020-07-08 04:00:00,1.25497,1.25667,1.2542900000000001,1.25565,8312,0,0
2020-07-08 08:00:00,1.25565,1.2568,1.2524,1.25285,14800,0,0
2020-07-08 12:00:00,1.25285,1.2566,1.25085,1.25446,15777,0,0
2020-07-08 16:00:00,1.25445,1.26031,1.254,1.26026,24194,0,0
2020-07-08 20:00:00,1.26031,1.26231,1.25992,1.26099,10480,0,0
2020-07-09 00:00:00,1.26094,1.2628300000000001,1.25961,1.26115,3940,0,0
2020-07-09 04:00:00,1.26115,1.26362,1.2601200000000001,1.26314,9567,0,0
2020-07-09 08:00:00,1.26314,1.26525,1.26255,1.26404,14413,0,0
2020-07-09 12:00:00,1.26404,1.26669,1.26321,1.266,15095,0,0
2020-07-09 16:00:00,1.266,1.26695,1.25999,1.26097,30380,0,0
2020-07-09 20:00:00,1.2610000000000001,1.26234,1.2600500000000001,1.26062,10724,0,0
2020-07-10 00:00:00,1.2606,1.26109,1.25814,1.25915,3552,0,0
2020-07-10 04:00:00,1.25915,1.25983,1.2583199999999999,1.25853,7221,0,0
2020-07-10 08:00:00,1.25854,1.25975,1.25668,1.25971,15472,0,0
2020-07-10 12:00:00,1.25971,1.2625600000000001,1.25852,1.2615,15424,0,0
2020-07-10 16:00:00,1.2615,1.26641,1.26148,1.2627,22810,0,0
2020-07-10 20:00:00,1.2627,1.26352,1.26194,1.2623,7799,0,0
2020-07-13 00:00:00,1.26254,1.26418,1.26217,1.26399,4177,0,0
2020-07-13 04:00:00,1.26399,1.26589,1.26398,1.26521,6683,0,0
2020-07-13 08:00:00,1.26521,1.26663,1.25969,1.2608,13420,0,0
2020-07-13 12:00:00,1.26082,1.2616800000000001,1.25918,1.2604,13730,0,0
2020-07-13 16:00:00,1.2604199999999999,1.26385,1.26021,1.26145,16878,0,0
2020-07-13 20:00:00,1.26145,1.26197,1.25504,1.25536,15002,0,0
2020-07-14 00:00:00,1.25541,1.25614,1.25411,1.25474,3835,0,0
2020-07-14 04:00:00,1.25474,1.2556,1.25376,1.2555,7443,0,0
2020-07-14 08:00:00,1.2555100000000001,1.2558500000000001,1.25064,1.25277,12878,0,0
2020-07-14 12:00:00,1.25278,1.25385,1.25078,1.25138,17646,0,0
2020-07-14 16:00:00,1.25138,1.25555,1.24799,1.25478,31215,0,0
2020-07-14 20:00:00,1.25473,1.2563900000000001,1.25446,1.2554400000000001,13112,0,0
2020-07-15 00:00:00,1.2553,1.25854,1.2546599999999999,1.25729,4504,0,0
2020-07-15 04:00:00,1.25729,1.25875,1.25637,1.25731,8697,0,0
2020-07-15 08:00:00,1.25731,1.26272,1.2570999999999999,1.26061,16033,0,0
2020-07-15 12:00:00,1.26061,1.26433,1.25935,1.2635399999999999,17294,0,0
2020-07-15 16:00:00,1.2635399999999999,1.26498,1.25754,1.2585600000000001,24481,0,0
2020-07-15 20:00:00,1.25855,1.25974,1.25789,1.2588599999999999,9108,0,0
2020-07-16 00:00:00,1.25872,1.25935,1.25712,1.25724,3235,0,0
2020-07-16 04:00:00,1.25722,1.2582200000000001,1.25502,1.2558799999999999,8479,0,0
2020-07-16 08:00:00,1.2558799999999999,1.2564199999999999,1.25267,1.25412,12293,0,0
2020-07-16 12:00:00,1.25412,1.25753,1.25201,1.25598,14693,0,0
2020-07-16 16:00:00,1.25596,1.26247,1.25522,1.25878,19806,0,0
2020-07-16 20:00:00,1.25878,1.25903,1.2537,1.25541,11844,0,0
2020-07-17 00:00:00,1.25528,1.25677,1.25499,1.2563,4999,0,0
2020-07-17 04:00:00,1.2563,1.25712,1.2555399999999999,1.25657,6785,0,0
2020-07-17 08:00:00,1.25658,1.25679,1.2538,1.25637,9471,0,0
2020-07-17 12:00:00,1.25636,1.25641,1.25119,1.25159,11865,0,0
2020-07-17 16:00:00,1.25159,1.2568,1.25126,1.25572,13881,0,0
2020-07-17 20:00:00,1.25574,1.25744,1.25522,1.25665,8067,0,0
2020-07-20 00:00:00,1.25531,1.25723,1.25421,1.25469,4826,0,0
2020-07-20 04:00:00,1.25468,1.2549299999999999,1.2518099999999999,1.25304,8364,0,0
2020-07-20 08:00:00,1.2530299999999999,1.25888,1.25259,1.25878,13840,0,0
2020-07-20 12:00:00,1.25876,1.26418,1.25861,1.2625199999999999,16736,0,0
2020-07-20 16:00:00,1.2625199999999999,1.2658800000000001,1.262,1.26505,20791,0,0
2020-07-20 20:00:00,1.26505,1.26654,1.26428,1.26612,7617,0,0
2020-07-21 00:00:00,1.26618,1.26838,1.26505,1.26712,5357,0,0
2020-07-21 04:00:00,1.26712,1.26855,1.26502,1.2655,9960,0,0
2020-07-21 08:00:00,1.2655,1.27162,1.26545,1.2695400000000001,18690,0,0
2020-07-21 12:00:00,1.2695400000000001,1.27158,1.26821,1.27048,17459,0,0
2020-07-21 16:00:00,1.27048,1.27525,1.26734,1.27433,26846,0,0
2020-07-21 20:00:00,1.27432,1.2768,1.27224,1.2732999999999999,14516,0,0
2020-07-22 00:00:00,1.27311,1.27405,1.27146,1.27322,5586,0,0
2020-07-22 04:00:00,1.27322,1.27382,1.2717,1.2719,8589,0,0
2020-07-22 08:00:00,1.2719,1.27295,1.26443,1.26563,26079,0,0
2020-07-22 12:00:00,1.26563,1.2729599999999999,1.2644,1.27146,25176,0,0
2020-07-22 16:00:00,1.27146,1.27401,1.26918,1.2737,28864,0,0
2020-07-22 20:00:00,1.2737,1.27436,1.27268,1.27352,10319,0,0
2020-07-23 00:00:00,1.27336,1.27393,1.27189,1.27291,7582,0,0
2020-07-23 04:00:00,1.27291,1.27454,1.27233,1.27411,7950,0,0
2020-07-23 08:00:00,1.27411,1.2753999999999999,1.26983,1.27191,19260,0,0
2020-07-23 12:00:00,1.27191,1.27337,1.26741,1.26749,21309,0,0
2020-07-23 16:00:00,1.26749,1.276,1.26729,1.2745,31272,0,0
2020-07-23 20:00:00,1.2745,1.27509,1.27285,1.27404,19708,0,0
2020-07-24 00:00:00,1.27405,1.27603,1.2728,1.27591,4994,0,0
2020-07-24 04:00:00,1.27591,1.27736,1.2729,1.27328,10661,0,0
2020-07-24 08:00:00,1.27328,1.27532,1.27169,1.27285,23355,0,0
2020-07-24 12:00:00,1.27284,1.27671,1.27226,1.27612,18226,0,0
2020-07-24 16:00:00,1.27612,1.2795,1.27521,1.2785,26696,0,0
2020-07-24 20:00:00,1.2785,1.28036,1.2778,1.27946,10363,0,0
2020-07-27 00:00:00,1.27889,1.28216,1.2776399999999999,1.28171,8416,0,0
2020-07-27 04:00:00,1.28171,1.28587,1.28144,1.28379,15046,0,0
2020-07-27 08:00:00,1.28379,1.28424,1.2806899999999999,1.28394,18161,0,0
2020-07-27 12:00:00,1.28394,1.28773,1.28296,1.28536,23649,0,0
2020-07-27 16:00:00,1.28536,1.29029,1.28488,1.28735,27294,0,0
2020-07-27 20:00:00,1.28735,1.28808,1.2867199999999999,1.28796,10661,0,0
2020-07-28 00:00:00,1.28814,1.28999,1.28705,1.28841,6653,0,0
2020-07-28 04:00:00,1.28841,1.29044,1.2845900000000001,1.28566,15823,0,0
2020-07-28 08:00:00,1.28566,1.28814,1.28384,1.28796,20049,0,0
2020-07-28 12:00:00,1.28796,1.28951,1.286,1.2886199999999999,19028,0,0
2020-07-28 16:00:00,1.2886199999999999,1.29504,1.28742,1.2947899999999999,31500,0,0
2020-07-28 20:00:00,1.2948,1.29528,1.2923499999999999,1.2932000000000001,10420,0,0
2020-07-29 00:00:00,1.29314,1.29379,1.29223,1.29283,5045,0,0
2020-07-29 04:00:00,1.29283,1.29368,1.2912,1.29184,9616,0,0
2020-07-29 08:00:00,1.29184,1.29768,1.29155,1.29668,16687,0,0
2020-07-29 12:00:00,1.29668,1.29849,1.29582,1.29792,19329,0,0
2020-07-29 16:00:00,1.29792,1.2995,1.29552,1.29734,23641,0,0
2020-07-29 20:00:00,1.29734,1.30136,1.2949,1.29956,27197,0,0
2020-07-30 00:00:00,1.29963,1.30016,1.29744,1.29867,5862,0,0
2020-07-30 04:00:00,1.29867,1.29921,1.2971599999999999,1.29765,10022,0,0
2020-07-30 08:00:00,1.29765,1.2999100000000001,1.2944499999999999,1.29868,22384,0,0
2020-07-30 12:00:00,1.29866,1.30329,1.29756,1.30312,22731,0,0
2020-07-30 16:00:00,1.30312,1.3072300000000001,1.30207,1.30603,37355,0,0
2020-07-30 20:00:00,1.30603,1.31029,1.30599,1.30945,14773,0,0
2020-07-31 00:00:00,1.30952,1.3136700000000001,1.30742,1.31134,11911,0,0
2020-07-31 04:00:00,1.31134,1.31432,1.3109899999999999,1.31307,18923,0,0
2020-07-31 08:00:00,1.31307,1.31446,1.31054,1.3127499999999999,22696,0,0
2020-07-31 12:00:00,1.31274,1.3159399999999999,1.3106499999999999,1.31535,22135,0,0
2020-07-31 16:00:00,1.31537,1.31704,1.30804,1.3099,46848,0,0
2020-07-31 20:00:00,1.30992,1.3115299999999999,1.30704,1.30842,17905,0,0
2020-08-03 00:00:00,1.30769,1.3107,1.30563,1.30746,12201,0,0
2020-08-03 04:00:00,1.30746,1.30968,1.30645,1.30912,16976,0,0
2020-08-03 08:00:00,1.30912,1.31129,1.30551,1.31016,21563,0,0
2020-08-03 12:00:00,1.31016,1.31022,1.30122,1.3023500000000001,25565,0,0
2020-08-03 16:00:00,1.3023500000000001,1.30664,1.30048,1.30583,27492,0,0
2020-08-03 20:00:00,1.30583,1.30796,1.30563,1.30761,12636,0,0
2020-08-04 00:00:00,1.30748,1.30802,1.3057400000000001,1.30689,4420,0,0
2020-08-04 04:00:00,1.30688,1.30887,1.3066,1.3081,8847,0,0
2020-08-04 08:00:00,1.3081,1.3108,1.30465,1.3069,20658,0,0
2020-08-04 12:00:00,1.30691,1.30785,1.29813,1.29861,25086,0,0
2020-08-04 16:00:00,1.29861,1.307,1.29829,1.30651,26211,0,0
2020-08-04 20:00:00,1.3065,1.30753,1.30453,1.30713,11646,0,0
2020-08-05 00:00:00,1.3072,1.30871,1.30544,1.30815,5625,0,0
2020-08-05 04:00:00,1.30813,1.30969,1.30774,1.30958,8197,0,0
2020-08-05 08:00:00,1.30958,1.31236,1.30579,1.31013,19676,0,0
2020-08-05 12:00:00,1.31016,1.3148900000000001,1.30864,1.31411,26321,0,0
2020-08-05 16:00:00,1.31411,1.31617,1.31189,1.31273,28769,0,0
2020-08-05 20:00:00,1.31273,1.31372,1.31088,1.31137,9133,0,0
2020-08-06 00:00:00,1.3114,1.31443,1.31115,1.31359,6180,0,0
2020-08-06 04:00:00,1.31359,1.31419,1.3122,1.31353,11543,0,0
2020-08-06 08:00:00,1.31352,1.31834,1.3122500000000001,1.3161,31010,0,0
2020-08-06 12:00:00,1.3161,1.31859,1.31466,1.31531,25178,0,0
2020-08-06 16:00:00,1.31532,1.31791,1.31188,1.31595,33414,0,0
2020-08-06 20:00:00,1.31595,1.31666,1.3133,1.31421,14080,0,0
2020-08-07 00:00:00,1.31414,1.31481,1.3131300000000001,1.31397,7999,0,0
2020-08-07 04:00:00,1.31396,1.31402,1.3097699999999999,1.3117,14910,0,0
2020-08-07 08:00:00,1.3117,1.31334,1.3086,1.31047,19874,0,0
2020-08-07 12:00:00,1.31047,1.31102,1.30658,1.30973,25808,0,0
2020-08-07 16:00:00,1.30972,1.30995,1.30095,1.30422,34213,0,0
2020-08-07 20:00:00,1.30422,1.30621,1.30349,1.3051,10357,0,0
2020-08-10 00:00:00,1.30535,1.30674,1.30414,1.30652,5037,0,0
2020-08-10 04:00:00,1.30652,1.30763,1.3061099999999999,1.3067199999999999,6650,0,0
2020-08-10 08:00:00,1.3067199999999999,1.30783,1.30456,1.30779,17052,0,0
2020-08-10 12:00:00,1.30779,1.30866,1.30189,1.30671,17500,0,0
2020-08-10 16:00:00,1.30671,1.3103500000000001,1.30619,1.30851,23871,0,0
2020-08-10 20:00:00,1.30851,1.30878,1.30612,1.30731,9195,0,0
2020-08-11 00:00:00,1.30717,1.30769,1.30594,1.30673,5758,0,0
2020-08-11 04:00:00,1.30673,1.3096,1.3066200000000001,1.3086,8614,0,0
2020-08-11 08:00:00,1.3086,1.30935,1.3054999999999999,1.3088,21892,0,0
2020-08-11 12:00:00,1.30881,1.3132,1.30811,1.31188,22744,0,0
2020-08-11 16:00:00,1.31188,1.31211,1.30731,1.30902,29221,0,0
2020-08-11 20:00:00,1.30903,1.30907,1.30416,1.30475,17089,0,0
2020-08-12 00:00:00,1.30473,1.30603,1.30368,1.30463,6779,0,0
2020-08-12 04:00:00,1.30463,1.30548,1.30171,1.30213,16128,0,0
2020-08-12 08:00:00,1.30213,1.30676,1.30169,1.30534,20631,0,0
2020-08-12 12:00:00,1.30534,1.30659,1.30051,1.30368,23156,0,0
2020-08-12 16:00:00,1.3037,1.30595,1.30135,1.30439,28361,0,0
2020-08-12 20:00:00,1.30439,1.30457,1.3021,1.30317,11891,0,0
2020-08-13 00:00:00,1.3032599999999999,1.30632,1.30256,1.3057,6377,0,0
2020-08-13 04:00:00,1.3057,1.30734,1.30494,1.30502,8896,0,0
2020-08-13 08:00:00,1.30501,1.30929,1.30496,1.30862,18275,0,0
2020-08-13 12:00:00,1.30862,1.31121,1.3076400000000001,1.3098,19524,0,0
2020-08-13 16:00:00,1.3098,1.3125,1.30725,1.30796,22072,0,0
2020-08-13 20:00:00,1.30796,1.30822,1.30453,1.3067199999999999,12751,0,0
2020-08-14 00:00:00,1.30667,1.30746,1.30506,1.3060399999999999,5229,0,0
2020-08-14 04:00:00,1.3060399999999999,1.3065,1.3048199999999999,1.30586,8729,0,0
2020-08-14 08:00:00,1.30587,1.30832,1.3052000000000001,1.30786,17840,0,0
2020-08-14 12:00:00,1.3078400000000001,1.31325,1.30616,1.31262,20209,0,0
2020-08-14 16:00:00,1.31262,1.31426,1.30923,1.31005,21768,0,0
2020-08-14 20:00:00,1.31005,1.31027,1.30838,1.3084799999999999,8494,0,0
2020-08-17 00:00:00,1.30922,1.31067,1.30873,1.31021,4972,0,0
2020-08-17 04:00:00,1.31021,1.31106,1.3087900000000001,1.309,6481,0,0
2020-08-17 08:00:00,1.309,1.31219,1.30788,1.3091599999999999,15512,0,0
2020-08-17 12:00:00,1.3091599999999999,1.3119100000000001,1.30742,1.30941,19548,0,0
2020-08-17 16:00:00,1.30942,1.31125,1.30873,1.31029,17823,0,0
2020-08-17 20:00:00,1.31029,1.31148,1.30995,1.31046,7798,0,0
2020-08-18 00:00:00,1.3103,1.3133,1.30932,1.31327,4985,0,0
2020-08-18 04:00:00,1.31325,1.31376,1.31227,1.31358,10383,0,0
2020-08-18 08:00:00,1.31358,1.31751,1.31338,1.31691,20755,0,0
2020-08-18 12:00:00,1.31691,1.31996,1.31537,1.31948,19285,0,0
2020-08-18 16:00:00,1.31948,1.32407,1.31888,1.32345,26098,0,0
2020-08-18 20:00:00,1.32349,1.325,1.32325,1.32386,8575,0,0
2020-08-19 00:00:00,1.32298,1.32648,1.32288,1.32551,5888,0,0
2020-08-19 04:00:00,1.32551,1.32638,1.32347,1.32381,10115,0,0
2020-08-19 08:00:00,1.32381,1.32674,1.32291,1.32433,19518,0,0
2020-08-19 12:00:00,1.32433,1.32554,1.31951,1.32029,18920,0,0
2020-08-19 16:00:00,1.32029,1.32272,1.3155999999999999,1.3164799999999999,25548,0,0
2020-08-19 20:00:00,1.3164799999999999,1.3168199999999999,1.3094000000000001,1.30994,25687,0,0
2020-08-20 00:00:00,1.30948,1.31195,1.3090899999999999,1.3107,8272,0,0
2020-08-20 04:00:00,1.31071,1.31094,1.30877,1.30965,11736,0,0
2020-08-20 08:00:00,1.30966,1.31135,1.30646,1.31073,25232,0,0
2020-08-20 12:00:00,1.3107199999999999,1.3149899999999999,1.30956,1.3102,26509,0,0
2020-08-20 16:00:00,1.31021,1.32013,1.30799,1.31877,32654,0,0
2020-08-20 20:00:00,1.31883,1.32247,1.31852,1.32141,13191,0,0
2020-08-21 00:00:00,1.3214299999999999,1.32349,1.32066,1.32312,6388,0,0
2020-08-21 04:00:00,1.32312,1.32422,1.32213,1.32417,9202,0,0
2020-08-21 08:00:00,1.32417,1.32552,1.31877,1.31997,28125,0,0
2020-08-21 12:00:00,1.31997,1.32025,1.30981,1.31082,31138,0,0
2020-08-21 16:00:00,1.31082,1.31104,1.3059,1.30779,29262,0,0
2020-08-21 20:00:00,1.30779,1.30972,1.30724,1.30893,8152,0,0
2020-08-24 00:00:00,1.30804,1.31012,1.308,1.30875,5148,0,0
2020-08-24 04:00:00,1.30875,1.3097699999999999,1.30824,1.30874,7746,0,0
2020-08-24 08:00:00,1.30875,1.3115999999999999,1.30777,1.31032,17306,0,0
2020-08-24 12:00:00,1.3103099999999999,1.3149,1.3093,1.31206,18271,0,0
2020-08-24 16:00:00,1.31206,1.3124,1.306,1.3069,24895,0,0
2020-08-24 20:00:00,1.3069,1.30738,1.30536,1.30631,10337,0,0
2020-08-25 00:00:00,1.30633,1.30793,1.30552,1.3078699999999999,5938,0,0
2020-08-25 04:00:00,1.3078699999999999,1.31156,1.30756,1.31039,10651,0,0
2020-08-25 08:00:00,1.31039,1.31104,1.30773,1.31074,17794,0,0
2020-08-25 12:00:00,1.31074,1.31442,1.3102,1.3134299999999999,20637,0,0
2020-08-25 16:00:00,1.3134299999999999,1.31704,1.31141,1.3122500000000001,28406,0,0
2020-08-25 20:00:00,1.3122500000000001,1.31512,1.31212,1.31507,7505,0,0
2020-08-26 00:00:00,1.31512,1.31579,1.31391,1.31437,5359,0,0
2020-08-26 04:00:00,1.31437,1.31497,1.31323,1.31369,7767,0,0
2020-08-26 08:00:00,1.31369,1.3165499999999999,1.31256,1.31567,16955,0,0
2020-08-26 12:00:00,1.31567,1.3163,1.31172,1.31332,19554,0,0
2020-08-26 16:00:00,1.31332,1.32184,1.31299,1.32138,24649,0,0
2020-08-26 20:00:00,1.32137,1.3219,1.319,1.32108,9786,0,0
2020-08-27 00:00:00,1.32092,1.32234,1.3201,1.3214299999999999,4417,0,0
2020-08-27 04:00:00,1.3214299999999999,1.32222,1.31939,1.32103,10004,0,0
2020-08-27 08:00:00,1.32103,1.32295,1.3198400000000001,1.32132,16515,0,0
2020-08-27 12:00:00,1.32132,1.32247,1.31641,1.32161,20264,0,0
2020-08-27 16:00:00,1.32163,1.32846,1.31612,1.3183099999999999,59360,0,0
2020-08-27 20:00:00,1.3183099999999999,1.32205,1.31814,1.31988,15686,0,0
2020-08-28 00:00:00,1.32,1.32061,1.31863,1.3198400000000001,5969,0,0
2020-08-28 04:00:00,1.3198400000000001,1.32575,1.31924,1.3256700000000001,13626,0,0
2020-08-28 08:00:00,1.3256700000000001,1.3289900000000001,1.3254000000000001,1.32813,32201,0,0
2020-08-28 12:00:00,1.3281399999999999,1.33206,1.32681,1.32718,25122,0,0
2020-08-28 16:00:00,1.32717,1.33565,1.3262399999999999,1.33273,33005,0,0
2020-08-28 20:00:00,1.33273,1.3354,1.33222,1.33506,9222,0,0
2020-08-31 00:00:00,1.3332,1.33692,1.3332,1.3345500000000001,8760,0,0
2020-08-31 04:00:00,1.33456,1.3357999999999999,1.33327,1.33377,10301,0,0
2020-08-31 08:00:00,1.33378,1.33481,1.33013,1.3314300000000001,17170,0,0
2020-08-31 12:00:00,1.3314300000000001,1.3338,1.33043,1.33225,16450,0,0
2020-08-31 16:00:00,1.33225,1.33957,1.33118,1.33778,30418,0,0
2020-08-31 20:00:00,1.33778,1.33844,1.33602,1.33661,11269,0,0
2020-09-01 00:00:00,1.33691,1.3373300000000001,1.33564,1.33595,5893,0,0
2020-09-01 04:00:00,1.33595,1.34143,1.33594,1.34049,18694,0,0
2020-09-01 08:00:00,1.34049,1.34422,1.3394300000000001,1.34208,25542,0,0
2020-09-01 12:00:00,1.34208,1.34823,1.3417,1.3468499999999999,23851,0,0
2020-09-01 16:00:00,1.34686,1.3473,1.33867,1.33923,34906,0,0
2020-09-01 20:00:00,1.33923,1.33965,1.33691,1.33836,14747,0,0
2020-09-02 00:00:00,1.33835,1.34026,1.3373300000000001,1.3382100000000001,9911,0,0
2020-09-02 04:00:00,1.3382100000000001,1.33845,1.33657,1.33791,9451,0,0
2020-09-02 08:00:00,1.33791,1.33838,1.33257,1.33417,20360,0,0
2020-09-02 12:00:00,1.33417,1.33698,1.33294,1.33538,25220,0,0
2020-09-02 16:00:00,1.33539,1.3356,1.32835,1.3328,31644,0,0
2020-09-02 20:00:00,1.3328,1.33541,1.33131,1.33511,13376,0,0
2020-09-03 00:00:00,1.33507,1.33585,1.3327499999999999,1.3328,4873,0,0
2020-09-03 04:00:00,1.3328,1.33393,1.3312300000000001,1.3315000000000001,13161,0,0
2020-09-03 08:00:00,1.3315000000000001,1.33189,1.32769,1.33172,22475,0,0
2020-09-03 12:00:00,1.33172,1.33172,1.32442,1.3269,25143,0,0
2020-09-03 16:00:00,1.3269,1.3296999999999999,1.32425,1.32621,38243,0,0
2020-09-03 20:00:00,1.32621,1.32852,1.3254000000000001,1.32809,16929,0,0
2020-09-04 00:00:00,1.32802,1.32822,1.32612,1.32783,6572,0,0
2020-09-04 04:00:00,1.32783,1.3296299999999999,1.32749,1.32805,8981,0,0
2020-09-04 08:00:00,1.32806,1.3315000000000001,1.32554,1.33107,20432,0,0
2020-09-04 12:00:00,1.33107,1.33191,1.32192,1.32222,25556,0,0
2020-09-04 16:00:00,1.32221,1.32488,1.3176,1.32452,40348,0,0
2020-09-04 20:00:00,1.32453,1.32934,1.32409,1.32822,15809,0,0
2020-09-07 00:00:00,1.32516,1.32756,1.32394,1.32541,6838,0,0
2020-09-07 04:00:00,1.32539,1.32577,1.32291,1.32298,7011,0,0
2020-09-07 08:00:00,1.3229899999999999,1.32389,1.31871,1.31915,16271,0,0
2020-09-07 12:00:00,1.31915,1.32032,1.31446,1.3158699999999999,15926,0,0
2020-09-07 16:00:00,1.3158699999999999,1.31845,1.31405,1.31741,11555,0,0
2020-09-07 20:00:00,1.31744,1.31745,1.31639,1.3166,5684,0,0
2020-09-08 00:00:00,1.3165499999999999,1.31735,1.31476,1.3152300000000001,8568,0,0
2020-09-08 04:00:00,1.3152300000000001,1.31565,1.31333,1.3137400000000001,8174,0,0
2020-09-08 08:00:00,1.31375,1.31593,1.31026,1.31047,20562,0,0
2020-09-08 12:00:00,1.31048,1.31089,1.30205,1.30385,30324,0,0
2020-09-08 16:00:00,1.30384,1.3057,1.30084,1.3045499999999999,34138,0,0
2020-09-08 20:00:00,1.3045499999999999,1.30484,1.29803,1.29814,13286,0,0
2020-09-09 00:00:00,1.2981,1.29886,1.29501,1.29673,8578,0,0
2020-09-09 04:00:00,1.29673,1.29702,1.29522,1.29672,9119,0,0
2020-09-09 08:00:00,1.29672,1.29732,1.29193,1.29394,20725,0,0
2020-09-09 12:00:00,1.29394,1.29866,1.28851,1.29439,22943,0,0
2020-09-09 16:00:00,1.29439,1.3018399999999999,1.29325,1.30134,30299,0,0
2020-09-09 20:00:00,1.30134,1.30237,1.29861,1.2999399999999999,11639,0,0
2020-09-10 00:00:00,1.30016,1.3008899999999999,1.29846,1.29938,4305,0,0
2020-09-10 04:00:00,1.29938,1.2999,1.2977,1.29914,7718,0,0
2020-09-10 08:00:00,1.29913,1.30352,1.2989899999999999,1.30162,17234,0,0
2020-09-10 12:00:00,1.30162,1.30335,1.29231,1.29697,29459,0,0
2020-09-10 16:00:00,1.29697,1.29841,1.2781500000000001,1.28307,38848,0,0
2020-09-10 20:00:00,1.283,1.28546,1.27733,1.28098,21411,0,0
2020-09-11 00:00:00,1.2805,1.28203,1.27946,1.28029,6838,0,0
2020-09-11 04:00:00,1.2803,1.2831299999999999,1.2799800000000001,1.282,9711,0,0
2020-09-11 08:00:00,1.28199,1.2864,1.2779099999999999,1.27844,18865,0,0
2020-09-11 12:00:00,1.27844,1.28658,1.27625,1.2811,24311,0,0
2020-09-11 16:00:00,1.28109,1.28244,1.27746,1.27889,24206,0,0
2020-09-11 20:00:00,1.27889,1.28052,1.2776100000000001,1.27956,14311,0,0
2020-09-14 00:00:00,1.278,1.2812000000000001,1.27657,1.27956,5034,0,0
2020-09-14 04:00:00,1.27956,1.2829,1.27945,1.28185,7095,0,0
2020-09-14 08:00:00,1.28185,1.28626,1.28109,1.28467,15945,0,0
2020-09-14 12:00:00,1.28468,1.28839,1.28418,1.28746,20137,0,0
2020-09-14 16:00:00,1.28743,1.29192,1.28636,1.28682,24171,0,0
2020-09-14 20:00:00,1.28683,1.287,1.28423,1.28455,10341,0,0
2020-09-15 00:00:00,1.28397,1.28522,1.28328,1.28358,4317,0,0
2020-09-15 04:00:00,1.28358,1.28658,1.28146,1.2861799999999999,9851,0,0
2020-09-15 08:00:00,1.2861799999999999,1.28993,1.28443,1.28806,18511,0,0
2020-09-15 12:00:00,1.2881,1.29263,1.28804,1.28873,20874,0,0
2020-09-15 16:00:00,1.28873,1.2901500000000001,1.28412,1.28924,21906,0,0
2020-09-15 20:00:00,1.28924,1.29063,1.28818,1.28888,9535,0,0
2020-09-16 00:00:00,1.28888,1.28917,1.28749,1.2883499999999999,4035,0,0
2020-09-16 04:00:00,1.2883499999999999,1.29153,1.2876,1.2897,7771,0,0
2020-09-16 08:00:00,1.2897,1.29131,1.28768,1.2910599999999999,13620,0,0
2020-09-16 12:00:00,1.2910599999999999,1.29892,1.2908,1.29802,21243,0,0
2020-09-16 16:00:00,1.29804,1.30072,1.2961,1.2978399999999999,26193,0,0
2020-09-16 20:00:00,1.2978399999999999,1.30007,1.29378,1.29674,35808,0,0
2020-09-17 00:00:00,1.29687,1.29737,1.29307,1.29346,6439,0,0
2020-09-17 04:00:00,1.29346,1.29502,1.2901099999999999,1.29242,15616,0,0
2020-09-17 08:00:00,1.29242,1.29636,1.29202,1.29599,24878,0,0
2020-09-17 12:00:00,1.29599,1.29822,1.28648,1.28788,31641,0,0
2020-09-17 16:00:00,1.28788,1.29989,1.28746,1.2938,32340,0,0
2020-09-17 20:00:00,1.2938,1.29911,1.29364,1.29732,12453,0,0
2020-09-18 00:00:00,1.29732,1.29934,1.29618,1.29797,8179,0,0
2020-09-18 04:00:00,1.29797,1.29902,1.2941,1.2959100000000001,10212,0,0
2020-09-18 08:00:00,1.2959100000000001,1.29943,1.29521,1.29859,18117,0,0
2020-09-18 12:00:00,1.29859,1.29996,1.29555,1.2968,20587,0,0
2020-09-18 16:00:00,1.2968199999999999,1.29739,1.29324,1.29514,28259,0,0
2020-09-18 20:00:00,1.29514,1.29516,1.29128,1.29161,13362,0,0
2020-09-21 00:00:00,1.29299,1.2955,1.2917399999999999,1.29536,5918,0,0
2020-09-21 04:00:00,1.29536,1.29627,1.29464,1.29572,8174,0,0
2020-09-21 08:00:00,1.2957,1.29668,1.28352,1.28442,23571,0,0
2020-09-21 12:00:00,1.28443,1.28717,1.28368,1.28458,25309,0,0
2020-09-21 16:00:00,1.28458,1.28499,1.27795,1.27896,32797,0,0
2020-09-21 20:00:00,1.27896,1.28206,1.2775699999999999,1.28162,13623,0,0
2020-09-22 00:00:00,1.2816,1.28232,1.28033,1.28177,6376,0,0
2020-09-22 04:00:00,1.28177,1.28241,1.27982,1.2822,9243,0,0
2020-09-22 08:00:00,1.2822,1.28383,1.27125,1.28241,26528,0,0
2020-09-22 12:00:00,1.2824200000000001,1.2867600000000001,1.27798,1.27995,27052,0,0
2020-09-22 16:00:00,1.27995,1.28134,1.2711000000000001,1.27216,31047,0,0
2020-09-22 20:00:00,1.27216,1.27416,1.27162,1.27366,10076,0,0
2020-09-23 00:00:00,1.2729599999999999,1.27478,1.27198,1.27212,7196,0,0
2020-09-23 04:00:00,1.27212,1.27351,1.27162,1.27176,11343,0,0
2020-09-23 08:00:00,1.27176,1.27277,1.26753,1.27047,23940,0,0
2020-09-23 12:00:00,1.27047,1.27489,1.26984,1.27428,22111,0,0
2020-09-23 16:00:00,1.27428,1.27772,1.27254,1.2757399999999999,28920,0,0
2020-09-23 20:00:00,1.27573,1.27576,1.2708,1.27263,16093,0,0
2020-09-24 00:00:00,1.27236,1.2732299999999999,1.27101,1.27314,6533,0,0
2020-09-24 04:00:00,1.27314,1.2739099999999999,1.26999,1.27003,10117,0,0
2020-09-24 08:00:00,1.27003,1.27536,1.26906,1.27368,20979,0,0
2020-09-24 12:00:00,1.27368,1.2781,1.27214,1.2758099999999999,27856,0,0
2020-09-24 16:00:00,1.2758099999999999,1.2769300000000001,1.27077,1.27525,33710,0,0
2020-09-24 20:00:00,1.27525,1.2774,1.2732,1.27442,16089,0,0
2020-09-25 00:00:00,1.27508,1.27587,1.27341,1.27535,5366,0,0
2020-09-25 04:00:00,1.27535,1.2760799999999999,1.27448,1.27592,7895,0,0
2020-09-25 08:00:00,1.27592,1.28056,1.27511,1.27651,19345,0,0
2020-09-25 12:00:00,1.27651,1.27652,1.2695,1.27385,23188,0,0
2020-09-25 16:00:00,1.27385,1.2738800000000001,1.2687599999999999,1.2703,26611,0,0
2020-09-25 20:00:00,1.2703,1.27506,1.26949,1.27432,11650,0,0
2020-09-28 00:00:00,1.2757100000000001,1.2772000000000001,1.27451,1.27524,6440,0,0
2020-09-28 04:00:00,1.27524,1.27748,1.27522,1.27684,6561,0,0
2020-09-28 08:00:00,1.27684,1.28424,1.27624,1.2825199999999999,18718,0,0
2020-09-28 12:00:00,1.28253,1.2929599999999999,1.28224,1.28685,28924,0,0
2020-09-28 16:00:00,1.28685,1.2889,1.28352,1.2852000000000001,24286,0,0
2020-09-28 20:00:00,1.2852000000000001,1.28534,1.2828300000000001,1.28318,11101,0,0
2020-09-29 00:00:00,1.28296,1.28818,1.28296,1.2867600000000001,5959,0,0
2020-09-29 04:00:00,1.2867600000000001,1.28687,1.28362,1.28592,5724,0,0
2020-09-29 08:00:00,1.28592,1.28846,1.28345,1.28802,20127,0,0
2020-09-29 12:00:00,1.28799,1.28876,1.28419,1.28569,21030,0,0
2020-09-29 16:00:00,1.28569,1.2903,1.28224,1.28535,28288,0,0
2020-09-29 20:00:00,1.28535,1.28692,1.284,1.28528,10873,0,0
2020-09-30 00:00:00,1.28606,1.28684,1.2845900000000001,1.28495,6579,0,0
2020-09-30 04:00:00,1.28497,1.28729,1.28357,1.28407,10773,0,0
2020-09-30 08:00:00,1.28407,1.28522,1.28053,1.28198,21411,0,0
2020-09-30 12:00:00,1.28198,1.2858,1.28111,1.28485,22820,0,0
2020-09-30 16:00:00,1.28488,1.29425,1.2841,1.2910599999999999,34116,0,0
2020-09-30 20:00:00,1.2910599999999999,1.2923,1.28964,1.29044,9981,0,0
2020-10-01 00:00:00,1.29156,1.29279,1.29131,1.29149,4476,0,0
2020-10-01 04:00:00,1.29149,1.2941500000000001,1.29149,1.29375,8882,0,0
2020-10-01 08:00:00,1.29375,1.29504,1.28196,1.28246,23548,0,0
2020-10-01 12:00:00,1.28248,1.29786,1.2821500000000001,1.29501,31285,0,0
2020-10-01 16:00:00,1.29502,1.29615,1.28604,1.28939,32715,0,0
2020-10-01 20:00:00,1.28939,1.28986,1.28716,1.28869,12043,0,0
2020-10-02 00:00:00,1.28882,1.2889,1.28724,1.28757,4316,0,0
2020-10-02 04:00:00,1.28757,1.2881,1.28366,1.28433,8998,0,0
2020-10-02 08:00:00,1.28433,1.29539,1.28373,1.29459,35264,0,0
2020-10-02 12:00:00,1.29459,1.29524,1.29032,1.29285,27621,0,0
2020-10-02 16:00:00,1.29284,1.29462,1.2892700000000001,1.29312,35732,0,0
2020-10-02 20:00:00,1.29312,1.29427,1.29253,1.2934700000000001,12375,0,0
2020-10-05 00:00:00,1.29278,1.29541,1.2913000000000001,1.29432,5799,0,0
2020-10-05 04:00:00,1.29432,1.2949899999999999,1.29365,1.29382,8845,0,0
2020-10-05 08:00:00,1.29382,1.2965200000000001,1.28999,1.2953000000000001,17315,0,0
2020-10-05 12:00:00,1.29528,1.29696,1.29337,1.29658,19153,0,0
2020-10-05 16:00:00,1.2966,1.29914,1.2964,1.29794,19267,0,0
2020-10-05 20:00:00,1.29795,1.29907,1.29707,1.29824,6753,0,0
2020-10-06 00:00:00,1.2974700000000001,1.29959,1.2968,1.29921,4259,0,0
2020-10-06 04:00:00,1.2992,1.30007,1.29813,1.29894,7126,0,0
2020-10-06 08:00:00,1.29894,1.30074,1.29584,1.29918,17362,0,0
2020-10-06 12:00:00,1.29917,1.29966,1.29166,1.2932000000000001,20924,0,0
2020-10-06 16:00:00,1.2932000000000001,1.29862,1.29247,1.29553,24403,0,0
2020-10-06 20:00:00,1.29552,1.29554,1.28671,1.28738,22243,0,0
2020-10-07 00:00:00,1.2870599999999999,1.28898,1.28664,1.28815,7937,0,0
2020-10-07 04:00:00,1.28815,1.28899,1.287,1.28878,8655,0,0
2020-10-07 08:00:00,1.2888,1.29298,1.28842,1.2904200000000001,17869,0,0
2020-10-07 12:00:00,1.29048,1.29066,1.28491,1.2898100000000001,21514,0,0
2020-10-07 16:00:00,1.2898,1.2929,1.28452,1.29186,25774,0,0
2020-10-07 20:00:00,1.29188,1.2925200000000001,1.29036,1.29183,9555,0,0
2020-10-08 00:00:00,1.29125,1.29282,1.2906,1.292,4381,0,0
2020-10-08 04:00:00,1.292,1.29346,1.29129,1.29324,10515,0,0
2020-10-08 08:00:00,1.29324,1.29706,1.29271,1.2953700000000001,18652,0,0
2020-10-08 12:00:00,1.29536,1.29626,1.2891599999999999,1.29096,18954,0,0
2020-10-08 16:00:00,1.29099,1.29488,1.29003,1.29388,21956,0,0
2020-10-08 20:00:00,1.29388,1.29457,1.2929,1.2934700000000001,7104,0,0
2020-10-09 00:00:00,1.2933,1.2943,1.2916,1.2941,4717,0,0
2020-10-09 04:00:00,1.2940800000000001,1.29592,1.2940800000000001,1.29541,6482,0,0
2020-10-09 08:00:00,1.29541,1.29732,1.29314,1.2947,17568,0,0
2020-10-09 12:00:00,1.29471,1.2969,1.2923200000000001,1.2967,19423,0,0
2020-10-09 16:00:00,1.2967,1.3029899999999999,1.2956699999999999,1.302,19464,0,0
2020-10-09 20:00:00,1.302,1.30496,1.30182,1.3045900000000001,7460,0,0
2020-10-12 00:00:00,1.30228,1.30376,1.30196,1.30285,4975,0,0
2020-10-12 04:00:00,1.30285,1.30409,1.30199,1.30403,5819,0,0
2020-10-12 08:00:00,1.30402,1.30597,1.30132,1.3014000000000001,13671,0,0
2020-10-12 12:00:00,1.30138,1.3045200000000001,1.3005200000000001,1.3042,14523,0,0
2020-10-12 16:00:00,1.30419,1.30826,1.30309,1.30626,16788,0,0
2020-10-12 20:00:00,1.30626,1.3072,1.30594,1.30651,7123,0,0
2020-10-13 00:00:00,1.30633,1.3068,1.30397,1.30473,5763,0,0
2020-10-13 04:00:00,1.30473,1.30555,1.30372,1.30499,8786,0,0
2020-10-13 08:00:00,1.30499,1.30649,1.3014999999999999,1.30625,18928,0,0
2020-10-13 12:00:00,1.30625,1.30679,1.30056,1.3012299999999999,20154,0,0
2020-10-13 16:00:00,1.3012299999999999,1.3012299999999999,1.29528,1.29574,25351,0,0
2020-10-13 20:00:00,1.29571,1.29578,1.29218,1.29346,10587,0,0
2020-10-14 00:00:00,1.29331,1.29439,1.29272,1.29371,3317,0,0
2020-10-14 04:00:00,1.2937,1.2941500000000001,1.29141,1.29222,9304,0,0
2020-10-14 08:00:00,1.29222,1.29245,1.28627,1.29053,16951,0,0
2020-10-14 12:00:00,1.29053,1.30436,1.28994,1.30286,26015,0,0
2020-10-14 16:00:00,1.3029,1.30644,1.30069,1.30157,21378,0,0
2020-10-14 20:00:00,1.30157,1.30343,1.301,1.30114,11539,0,0
2020-10-15 00:00:00,1.3011599999999999,1.30253,1.30061,1.30226,6134,0,0
2020-10-15 04:00:00,1.30226,1.3029899999999999,1.30093,1.30202,7650,0,0
2020-10-15 08:00:00,1.30202,1.30252,1.29362,1.29474,18899,0,0
2020-10-15 12:00:00,1.29474,1.29746,1.29089,1.29249,23795,0,0
2020-10-15 16:00:00,1.29248,1.29584,1.28904,1.2922,27703,0,0
2020-10-15 20:00:00,1.29219,1.29304,1.28922,1.29033,11208,0,0
2020-10-16 00:00:00,1.28999,1.29099,1.2894700000000001,1.29054,5395,0,0
2020-10-16 04:00:00,1.29053,1.29086,1.28865,1.28912,8420,0,0
2020-10-16 08:00:00,1.28912,1.29486,1.2883200000000001,1.29322,17054,0,0
2020-10-16 12:00:00,1.29322,1.29614,1.28647,1.29094,27863,0,0
2020-10-16 16:00:00,1.29094,1.29458,1.28721,1.2924,25889,0,0
2020-10-16 20:00:00,1.2924,1.29322,1.29053,1.29093,11202,0,0
2020-10-19 00:00:00,1.28932,1.29428,1.28926,1.29423,6396,0,0
2020-10-19 04:00:00,1.29423,1.29464,1.29243,1.2926199999999999,6993,0,0
2020-10-19 08:00:00,1.2926199999999999,1.3005900000000001,1.29227,1.29965,15967,0,0
2020-10-19 12:00:00,1.29965,1.3017699999999999,1.29729,1.29924,17554,0,0
2020-10-19 16:00:00,1.29926,1.30248,1.29675,1.29822,25506,0,0
2020-10-19 20:00:00,1.29822,1.29871,1.29368,1.29495,14227,0,0
2020-10-20 00:00:00,1.2942,1.29561,1.29367,1.29505,9506,0,0
2020-10-20 04:00:00,1.29505,1.29583,1.29352,1.29449,7959,0,0
2020-10-20 08:00:00,1.29449,1.29736,1.29192,1.29646,15916,0,0
2020-10-20 12:00:00,1.29646,1.298,1.2911299999999999,1.29264,19760,0,0
2020-10-20 16:00:00,1.2926199999999999,1.29752,1.29196,1.294,22742,0,0
2020-10-20 20:00:00,1.294,1.29517,1.29308,1.29478,10352,0,0
2020-10-21 00:00:00,1.29436,1.2965900000000001,1.29358,1.29604,5845,0,0
2020-10-21 04:00:00,1.29604,1.29825,1.2959399999999999,1.29801,9467,0,0
2020-10-21 08:00:00,1.29801,1.30649,1.2971,1.30398,21381,0,0
2020-10-21 12:00:00,1.30401,1.30969,1.30356,1.30948,19439,0,0
2020-10-21 16:00:00,1.30948,1.31771,1.30753,1.31578,28116,0,0
2020-10-21 20:00:00,1.31578,1.31696,1.31339,1.3146900000000001,13588,0,0
2020-10-22 00:00:00,1.314,1.31518,1.31267,1.3137699999999999,7542,0,0
2020-10-22 04:00:00,1.31379,1.31452,1.31244,1.31312,10200,0,0
2020-10-22 08:00:00,1.31312,1.31497,1.3104,1.3107199999999999,16845,0,0
2020-10-22 12:00:00,1.3107199999999999,1.31226,1.30841,1.31025,21127,0,0
2020-10-22 16:00:00,1.31026,1.31188,1.30708,1.30961,24418,0,0
2020-10-22 20:00:00,1.30961,1.30986,1.30738,1.3082500000000001,8759,0,0
2020-10-23 00:00:00,1.30778,1.30904,1.30566,1.3072,6561,0,0
2020-10-23 04:00:00,1.30719,1.30734,1.30573,1.30622,7779,0,0
2020-10-23 08:00:00,1.30622,1.31134,1.30507,1.30894,15110,0,0
2020-10-23 12:00:00,1.30892,1.31226,1.30595,1.30914,19951,0,0
2020-10-23 16:00:00,1.3091300000000001,1.30929,1.30192,1.30317,20486,0,0
2020-10-23 20:00:00,1.30317,1.30546,1.30206,1.3043,7997,0,0
2020-10-26 00:00:00,1.3056,1.30578,1.30312,1.30468,7612,0,0
2020-10-26 04:00:00,1.30469,1.3054999999999999,1.30213,1.30236,8480,0,0
2020-10-26 08:00:00,1.30236,1.3032599999999999,1.29925,1.30169,15378,0,0
2020-10-26 12:00:00,1.30168,1.30749,1.30097,1.3023799999999999,20613,0,0
2020-10-26 16:00:00,1.30237,1.30362,1.29949,1.30229,20745,0,0
2020-10-26 20:00:00,1.30229,1.30311,1.3014999999999999,1.30234,9990,0,0
2020-10-27 00:00:00,1.30198,1.3026,1.30049,1.30255,6168,0,0
2020-10-27 04:00:00,1.30255,1.30398,1.3023,1.30338,5837,0,0
2020-10-27 08:00:00,1.30338,1.30446,1.30009,1.30167,13712,0,0
2020-10-27 12:00:00,1.30167,1.30588,1.30095,1.30295,16761,0,0
2020-10-27 16:00:00,1.3029600000000001,1.30796,1.30274,1.30721,19989,0,0
2020-10-27 20:00:00,1.30722,1.30766,1.30466,1.3047,7336,0,0
2020-10-28 00:00:00,1.30407,1.30442,1.3020399999999999,1.30328,8368,0,0
2020-10-28 04:00:00,1.30328,1.30429,1.30257,1.30411,6929,0,0
2020-10-28 08:00:00,1.30411,1.30636,1.29882,1.30008,17293,0,0
2020-10-28 12:00:00,1.30008,1.30037,1.29165,1.29412,26294,0,0
2020-10-28 16:00:00,1.2941099999999999,1.30132,1.29302,1.2981,30694,0,0
2020-10-28 20:00:00,1.2981,1.30004,1.2977,1.29827,11649,0,0
2020-10-29 00:00:00,1.29828,1.29974,1.2979,1.2989899999999999,6071,0,0
2020-10-29 04:00:00,1.2989899999999999,1.3007900000000001,1.29878,1.3001800000000001,7311,0,0
2020-10-29 08:00:00,1.3001800000000001,1.30251,1.29817,1.29924,17599,0,0
2020-10-29 12:00:00,1.29922,1.30257,1.29302,1.29356,26560,0,0
2020-10-29 16:00:00,1.2935400000000001,1.29492,1.28806,1.29154,34892,0,0
2020-10-29 20:00:00,1.29154,1.29364,1.2901500000000001,1.29283,12123,0,0
2020-10-30 00:00:00,1.29251,1.29375,1.29091,1.29265,6451,0,0
2020-10-30 04:00:00,1.29265,1.29393,1.29168,1.29172,6916,0,0
2020-10-30 08:00:00,1.29172,1.29392,1.28987,1.2928,18225,0,0
2020-10-30 12:00:00,1.29278,1.2988,1.29267,1.29729,25173,0,0
2020-10-30 16:00:00,1.29729,1.2988,1.29238,1.2953000000000001,30654,0,0
2020-10-30 20:00:00,1.2953000000000001,1.29651,1.29378,1.29481,13846,0,0
2020-11-02 00:00:00,1.29245,1.2939,1.29159,1.29278,8169,0,0
2020-11-02 04:00:00,1.29278,1.29394,1.28994,1.29029,6904,0,0
2020-11-02 08:00:00,1.29029,1.29158,1.28542,1.29104,21175,0,0
2020-11-02 12:00:00,1.29107,1.29427,1.28993,1.29352,18933,0,0
2020-11-02 16:00:00,1.29349,1.2935400000000001,1.28899,1.2905,16684,0,0
2020-11-02 20:00:00,1.29052,1.2919800000000001,1.28904,1.29186,6968,0,0
2020-11-03 00:00:00,1.2917100000000001,1.2928600000000001,1.2907600000000001,1.29275,6735,0,0
2020-11-03 04:00:00,1.29275,1.2937,1.29149,1.29234,5960,0,0
2020-11-03 08:00:00,1.2923499999999999,1.29966,1.2923,1.29915,16472,0,0
2020-11-03 12:00:00,1.29915,1.30117,1.2972000000000001,1.30036,16302,0,0
2020-11-03 16:00:00,1.30036,1.30789,1.30017,1.30407,17590,0,0
2020-11-03 20:00:00,1.30407,1.30682,1.30112,1.3063500000000001,8997,0,0
2020-11-04 00:00:00,1.30534,1.31399,1.2999100000000001,1.30283,23864,0,0
2020-11-04 04:00:00,1.30283,1.30413,1.29338,1.29894,37986,0,0
2020-11-04 08:00:00,1.29889,1.30017,1.29144,1.2972299999999999,32191,0,0
2020-11-04 12:00:00,1.2972299999999999,1.30506,1.29668,1.29771,29740,0,0
2020-11-04 16:00:00,1.29771,1.30226,1.29501,1.29968,31362,0,0
2020-11-04 20:00:00,1.29968,1.30066,1.29701,1.29853,14407,0,0
2020-11-05 00:00:00,1.29828,1.29925,1.29297,1.29556,11346,0,0
2020-11-05 04:00:00,1.29554,1.29744,1.29456,1.29668,12040,0,0
2020-11-05 08:00:00,1.29668,1.3050899999999999,1.29389,1.3047900000000001,29418,0,0
2020-11-05 12:00:00,1.30478,1.31094,1.30314,1.30875,29678,0,0
2020-11-05 16:00:00,1.30874,1.31351,1.30663,1.31002,28028,0,0
2020-11-05 20:00:00,1.3100399999999999,1.31547,1.30892,1.31509,16110,0,0
2020-11-06 00:00:00,1.31445,1.31569,1.3112,1.3128600000000001,11838,0,0
2020-11-06 04:00:00,1.3128600000000001,1.31436,1.3118699999999999,1.3123,12164,0,0
2020-11-06 08:00:00,1.31229,1.31541,1.31006,1.3140800000000001,23934,0,0
2020-11-06 12:00:00,1.31405,1.31566,1.31077,1.31474,28866,0,0
2020-11-06 16:00:00,1.31474,1.31771,1.30924,1.31542,32105,0,0
2020-11-06 20:00:00,1.31542,1.3168,1.3137699999999999,1.31497,8375,0,0
2020-11-09 00:00:00,1.31581,1.31933,1.3146900000000001,1.31821,14645,0,0
2020-11-09 04:00:00,1.3182,1.31915,1.31746,1.31789,9394,0,0
2020-11-09 08:00:00,1.31789,1.31992,1.31239,1.31284,21472,0,0
2020-11-09 12:00:00,1.31284,1.31906,1.31204,1.31817,40181,0,0
2020-11-09 16:00:00,1.31817,1.32084,1.31182,1.31416,39011,0,0
2020-11-09 20:00:00,1.31417,1.31776,1.31207,1.31637,15154,0,0
2020-11-10 00:00:00,1.31631,1.31866,1.3157,1.3182800000000001,10961,0,0
2020-11-10 04:00:00,1.3182800000000001,1.31988,1.3176,1.31848,14718,0,0
2020-11-10 08:00:00,1.31848,1.32546,1.31676,1.32491,26208,0,0
2020-11-10 12:00:00,1.32491,1.32725,1.32225,1.32394,30943,0,0
2020-11-10 16:00:00,1.32388,1.32786,1.32148,1.32369,33820,0,0
2020-11-10 20:00:00,1.32368,1.32778,1.32368,1.32739,13437,0,0
2020-11-11 00:00:00,1.32693,1.3275000000000001,1.32529,1.3265799999999999,8965,0,0
2020-11-11 04:00:00,1.3265799999999999,1.32804,1.32588,1.3262,8799,0,0
2020-11-11 08:00:00,1.3262,1.3311,1.32401,1.32623,22733,0,0
2020-11-11 12:00:00,1.32622,1.3281800000000001,1.3216,1.32452,24812,0,0
2020-11-11 16:00:00,1.32457,1.3253599999999999,1.31918,1.3202,22717,0,0
2020-11-11 20:00:00,1.3202,1.32246,1.32009,1.32242,8542,0,0
2020-11-12 00:00:00,1.32223,1.32285,1.32091,1.32199,5462,0,0
2020-11-12 04:00:00,1.32199,1.32226,1.32037,1.3207200000000001,7182,0,0
2020-11-12 08:00:00,1.3207200000000001,1.32084,1.3161399999999999,1.31822,19950,0,0
2020-11-12 12:00:00,1.31822,1.32005,1.31324,1.31776,23122,0,0
2020-11-12 16:00:00,1.31776,1.31834,1.31148,1.31156,22595,0,0
2020-11-12 20:00:00,1.31156,1.31246,1.31066,1.31226,11578,0,0
2020-11-13 00:00:00,1.31129,1.31342,1.31095,1.31185,6678,0,0
2020-11-13 04:00:00,1.31185,1.313,1.31095,1.31261,7702,0,0
2020-11-13 08:00:00,1.31262,1.31754,1.3122,1.31728,15554,0,0
2020-11-13 12:00:00,1.31728,1.31871,1.31528,1.31664,17548,0,0
2020-11-13 16:00:00,1.31667,1.31922,1.31506,1.31878,18203,0,0
2020-11-13 20:00:00,1.31878,1.32006,1.31741,1.31996,8260,0,0
2020-11-16 00:00:00,1.31664,1.3223799999999999,1.3166,1.32196,7211,0,0
2020-11-16 04:00:00,1.32196,1.32336,1.32161,1.32164,7442,0,0
2020-11-16 08:00:00,1.32164,1.32424,1.31676,1.31724,14221,0,0
2020-11-16 12:00:00,1.3172,1.32173,1.3165499999999999,1.31798,24474,0,0
2020-11-16 16:00:00,1.31799,1.32042,1.31668,1.31972,19063,0,0
2020-11-16 20:00:00,1.31972,1.32007,1.31855,1.32005,6665,0,0
2020-11-17 00:00:00,1.31921,1.32336,1.31877,1.32118,10636,0,0
2020-11-17 04:00:00,1.32118,1.32284,1.32071,1.32147,8358,0,0
2020-11-17 08:00:00,1.32147,1.32372,1.31932,1.3225,15517,0,0
2020-11-17 12:00:00,1.3225,1.32724,1.3220100000000001,1.32642,19820,0,0
2020-11-17 16:00:00,1.32642,1.3265799999999999,1.32402,1.32413,18088,0,0
2020-11-17 20:00:00,1.32413,1.32596,1.32392,1.32486,6731,0,0
2020-11-18 00:00:00,1.3246,1.32644,1.32401,1.32474,7205,0,0
2020-11-18 04:00:00,1.32474,1.32704,1.32463,1.32666,7025,0,0
2020-11-18 08:00:00,1.32666,1.32974,1.32564,1.32919,15395,0,0
2020-11-18 12:00:00,1.32919,1.32937,1.32625,1.3274599999999999,17927,0,0
2020-11-18 16:00:00,1.32747,1.3312300000000001,1.3269199999999999,1.32888,17159,0,0
2020-11-18 20:00:00,1.32888,1.32901,1.32649,1.32672,8812,0,0
2020-11-19 00:00:00,1.3268,1.32725,1.3225799999999999,1.3237,7382,0,0
2020-11-19 04:00:00,1.3237,1.32449,1.32239,1.32352,7791,0,0
2020-11-19 08:00:00,1.32352,1.32494,1.3204799999999999,1.32096,18189,0,0
2020-11-19 12:00:00,1.32096,1.32644,1.32057,1.3228,20816,0,0
2020-11-19 16:00:00,1.3228,1.32398,1.31958,1.32354,18530,0,0
2020-11-19 20:00:00,1.32354,1.32792,1.32328,1.3262399999999999,8737,0,0
2020-11-20 00:00:00,1.32564,1.3265799999999999,1.32446,1.32588,7947,0,0
2020-11-20 04:00:00,1.32588,1.3283800000000001,1.32528,1.32788,8078,0,0
2020-11-20 08:00:00,1.3278699999999999,1.32926,1.32489,1.32759,18103,0,0
2020-11-20 12:00:00,1.32758,1.32873,1.32572,1.32697,17477,0,0
2020-11-20 16:00:00,1.32697,1.32965,1.32697,1.32776,14109,0,0
2020-11-20 20:00:00,1.32775,1.32974,1.3262800000000001,1.32876,6924,0,0
2020-11-23 00:00:00,1.32927,1.33273,1.32774,1.3326,7428,0,0
2020-11-23 04:00:00,1.3326,1.33271,1.33132,1.33271,4319,0,0
2020-11-23 08:00:00,1.3327,1.33814,1.3311899999999999,1.33654,15285,0,0
2020-11-23 12:00:00,1.33654,1.33979,1.33511,1.33903,17585,0,0
2020-11-23 16:00:00,1.33903,1.33948,1.32641,1.33122,25826,0,0
2020-11-23 20:00:00,1.33122,1.33322,1.33068,1.33236,9065,0,0
2020-11-24 00:00:00,1.33236,1.33384,1.33147,1.33277,7745,0,0
2020-11-24 04:00:00,1.33277,1.33373,1.33222,1.33357,8073,0,0
2020-11-24 08:00:00,1.33357,1.33806,1.3332,1.33631,14997,0,0
2020-11-24 12:00:00,1.33631,1.33689,1.33079,1.33111,20192,0,0
2020-11-24 16:00:00,1.33111,1.33612,1.32932,1.33432,21160,0,0
2020-11-24 20:00:00,1.33432,1.33651,1.33404,1.33623,8596,0,0
2020-11-25 00:00:00,1.33566,1.33666,1.33404,1.33578,5677,0,0
2020-11-25 04:00:00,1.33578,1.33666,1.33446,1.3345500000000001,8956,0,0
2020-11-25 08:00:00,1.33453,1.3384800000000001,1.3330899999999999,1.33436,19331,0,0
2020-11-25 12:00:00,1.33436,1.33594,1.33046,1.33392,18886,0,0
2020-11-25 16:00:00,1.33392,1.33937,1.33274,1.33811,19982,0,0
2020-11-25 20:00:00,1.33811,1.33934,1.33732,1.33871,8455,0,0
2020-11-26 00:00:00,1.33724,1.3397999999999999,1.33704,1.3394599999999999,4337,0,0
2020-11-26 04:00:00,1.3394599999999999,1.3395299999999999,1.33838,1.33886,4880,0,0
2020-11-26 08:00:00,1.33887,1.33974,1.33544,1.33615,12274,0,0
2020-11-26 12:00:00,1.33615,1.33648,1.33338,1.33358,14154,0,0
2020-11-26 16:00:00,1.33358,1.33631,1.33222,1.33545,12554,0,0
2020-11-26 20:00:00,1.33545,1.33608,1.33469,1.33558,2915,0,0
2020-11-27 00:00:00,1.33552,1.3360400000000001,1.33417,1.33595,5372,0,0
2020-11-27 04:00:00,1.33594,1.33752,1.3355299999999999,1.33744,5420,0,0
2020-11-27 08:00:00,1.33745,1.33819,1.33536,1.33582,12520,0,0
2020-11-27 12:00:00,1.33582,1.3360400000000001,1.3311600000000001,1.33479,16612,0,0
2020-11-27 16:00:00,1.33479,1.3363399999999999,1.32934,1.33173,19118,0,0
2020-11-27 20:00:00,1.33173,1.3317700000000001,1.32874,1.33026,8781,0,0
2020-11-30 00:00:00,1.33288,1.33404,1.32949,1.33401,6726,0,0
2020-11-30 04:00:00,1.33401,1.3344,1.33335,1.33406,6537,0,0
2020-11-30 08:00:00,1.33406,1.33574,1.3305,1.33263,15325,0,0
2020-11-30 12:00:00,1.33263,1.33685,1.33181,1.33633,18547,0,0
2020-11-30 16:00:00,1.33633,1.33843,1.33174,1.33532,28567,0,0
2020-11-30 20:00:00,1.33528,1.33602,1.3317,1.33224,9242,0,0
2020-12-01 00:00:00,1.3322,1.3348499999999999,1.33149,1.33452,4704,0,0
2020-12-01 04:00:00,1.33452,1.3366500000000001,1.3345,1.33663,5889,0,0
2020-12-01 08:00:00,1.33663,1.3407499999999999,1.33506,1.3354599999999999,15812,0,0
2020-12-01 12:00:00,1.3354599999999999,1.3364500000000001,1.33156,1.33514,17978,0,0
2020-12-01 16:00:00,1.3351600000000001,1.34426,1.33322,1.3418700000000001,26460,0,0
2020-12-01 20:00:00,1.34186,1.34304,1.3410199999999999,1.34225,10731,0,0
2020-12-02 00:00:00,1.3413599999999999,1.34297,1.3406799999999999,1.34096,8466,0,0
2020-12-02 04:00:00,1.34096,1.3425500000000001,1.3409200000000001,1.34131,6740,0,0
2020-12-02 08:00:00,1.34131,1.3441,1.33382,1.33448,20768,0,0
2020-12-02 12:00:00,1.33443,1.33651,1.32924,1.33046,20274,0,0
2020-12-02 16:00:00,1.33047,1.33646,1.32876,1.33518,23817,0,0
2020-12-02 20:00:00,1.33518,1.3374,1.33474,1.3362,10314,0,0
2020-12-03 00:00:00,1.33618,1.33776,1.33464,1.33659,8083,0,0
2020-12-03 04:00:00,1.33659,1.33902,1.33648,1.33888,6176,0,0
2020-12-03 08:00:00,1.33887,1.3413599999999999,1.33816,1.34016,15334,0,0
2020-12-03 12:00:00,1.34016,1.3465799999999999,1.33997,1.34644,18945,0,0
2020-12-03 16:00:00,1.34644,1.35,1.34501,1.34855,20551,0,0
2020-12-03 20:00:00,1.34854,1.34874,1.3431899999999999,1.34525,12216,0,0
2020-12-04 00:00:00,1.34436,1.3467799999999999,1.34361,1.34524,7127,0,0
2020-12-04 04:00:00,1.34523,1.34554,1.34429,1.34493,6425,0,0
2020-12-04 08:00:00,1.3449200000000001,1.34941,1.34116,1.34818,18542,0,0
2020-12-04 12:00:00,1.34819,1.35063,1.34351,1.35028,21407,0,0
2020-12-04 16:00:00,1.3502399999999999,1.35392,1.3461699999999999,1.34729,23232,0,0
2020-12-04 20:00:00,1.34729,1.3494,1.342,1.3436,11840,0,0
2020-12-07 00:00:00,1.3409,1.34322,1.3407200000000001,1.34308,8485,0,0
2020-12-07 04:00:00,1.34308,1.34378,1.34169,1.34169,5934,0,0
2020-12-07 08:00:00,1.34169,1.34185,1.32244,1.32671,20880,0,0
2020-12-07 12:00:00,1.32671,1.33233,1.32486,1.33218,19532,0,0
2020-12-07 16:00:00,1.33218,1.3373300000000001,1.3289,1.33643,19922,0,0
2020-12-07 20:00:00,1.33643,1.3406,1.32905,1.33789,15891,0,0
2020-12-08 00:00:00,1.33765,1.33765,1.33434,1.33571,13134,0,0
2020-12-08 04:00:00,1.33571,1.33624,1.33437,1.3357700000000001,10095,0,0
2020-12-08 08:00:00,1.3357700000000001,1.33676,1.33232,1.33507,17933,0,0
2020-12-08 12:00:00,1.33507,1.33936,1.3289900000000001,1.3349199999999999,23432,0,0
2020-12-08 16:00:00,1.3349199999999999,1.33771,1.32957,1.33616,25065,0,0
2020-12-08 20:00:00,1.33616,1.33723,1.334,1.33565,9214,0,0
2020-12-09 00:00:00,1.3351199999999999,1.33814,1.3345099999999999,1.3369,5698,0,0
2020-12-09 04:00:00,1.3369,1.33809,1.33651,1.33762,7023,0,0
2020-12-09 08:00:00,1.33762,1.34497,1.33621,1.34466,15300,0,0
2020-12-09 12:00:00,1.34467,1.34784,1.34384,1.34601,17902,0,0
2020-12-09 16:00:00,1.346,1.34606,1.33554,1.33714,23722,0,0
2020-12-09 20:00:00,1.33715,1.3406799999999999,1.33616,1.34061,12724,0,0
2020-12-10 00:00:00,1.33966,1.34105,1.33169,1.33685,9847,0,0
2020-12-10 04:00:00,1.33685,1.33765,1.33587,1.33626,8713,0,0
2020-12-10 08:00:00,1.33626,1.3364099999999999,1.32917,1.33175,15363,0,0
2020-12-10 12:00:00,1.33173,1.33305,1.32458,1.3284099999999999,21810,0,0
2020-12-10 16:00:00,1.32839,1.33206,1.32643,1.33105,26538,0,0
2020-12-10 20:00:00,1.33105,1.33105,1.32644,1.32917,12943,0,0
2020-12-11 00:00:00,1.32938,1.33159,1.3287900000000001,1.33063,7444,0,0
2020-12-11 04:00:00,1.33063,1.3324500000000001,1.33045,1.33138,7285,0,0
2020-12-11 08:00:00,1.33138,1.33246,1.31846,1.32195,19085,0,0
2020-12-11 12:00:00,1.32195,1.32313,1.31346,1.3181,21656,0,0
2020-12-11 16:00:00,1.3181,1.32553,1.31758,1.32268,24027,0,0
2020-12-11 20:00:00,1.32268,1.32334,1.32114,1.3223,11413,0,0
2020-12-14 00:00:00,1.33616,1.3372,1.32898,1.33185,11013,0,0
2020-12-14 04:00:00,1.33185,1.33384,1.3308200000000001,1.33232,6924,0,0
2020-12-14 08:00:00,1.33232,1.3410199999999999,1.33228,1.3409200000000001,14597,0,0
2020-12-14 12:00:00,1.3409200000000001,1.34454,1.33928,1.34024,17560,0,0
2020-12-14 16:00:00,1.34024,1.34054,1.33096,1.33342,22361,0,0
2020-12-14 20:00:00,1.33342,1.33384,1.33201,1.33301,8844,0,0
2020-12-15 00:00:00,1.33176,1.33454,1.33114,1.33386,11705,0,0
2020-12-15 04:00:00,1.33386,1.33479,1.3324099999999999,1.33447,6795,0,0
2020-12-15 08:00:00,1.33447,1.33478,1.32801,1.3317999999999999,14928,0,0
2020-12-15 12:00:00,1.33182,1.3397299999999999,1.33033,1.3387,20322,0,0
2020-12-15 16:00:00,1.3387,1.34524,1.3359,1.34297,24209,0,0
2020-12-15 20:00:00,1.34297,1.34697,1.3401399999999999,1.34603,13239,0,0
2020-12-16 00:00:00,1.34538,1.34632,1.34342,1.34391,9256,0,0
2020-12-16 04:00:00,1.34391,1.34704,1.34391,1.34628,6643,0,0
2020-12-16 08:00:00,1.34628,1.3519999999999999,1.34482,1.35165,17585,0,0
2020-12-16 12:00:00,1.35165,1.3553899999999999,1.34985,1.3526099999999999,18234,0,0
2020-12-16 16:00:00,1.3526099999999999,1.35293,1.34606,1.3471199999999999,18130,0,0
2020-12-16 20:00:00,1.3471199999999999,1.35125,1.34508,1.35087,16896,0,0
2020-12-17 00:00:00,1.35038,1.35285,1.34904,1.35266,6313,0,0
2020-12-17 04:00:00,1.35267,1.35605,1.35212,1.35602,6295,0,0
2020-12-17 08:00:00,1.35602,1.35862,1.35524,1.3585,15695,0,0
2020-12-17 12:00:00,1.3585099999999999,1.36227,1.3577,1.3592,18786,0,0
2020-12-17 16:00:00,1.35924,1.36242,1.35594,1.3608,21676,0,0
2020-12-17 20:00:00,1.36079,1.36206,1.35447,1.3584399999999999,12371,0,0
2020-12-18 00:00:00,1.35856,1.35898,1.35511,1.35553,6759,0,0
2020-12-18 04:00:00,1.35553,1.35557,1.35194,1.35245,6697,0,0
2020-12-18 08:00:00,1.35245,1.35575,1.34887,1.34933,15023,0,0
2020-12-18 12:00:00,1.34933,1.35486,1.34923,1.35137,17610,0,0
2020-12-18 16:00:00,1.35137,1.35252,1.3471199999999999,1.35064,18956,0,0
2020-12-18 20:00:00,1.35064,1.35233,1.3484099999999999,1.35233,8630,0,0
2020-12-21 00:00:00,1.33976,1.34391,1.33629,1.3375,10857,0,0
2020-12-21 04:00:00,1.33747,1.33788,1.3336000000000001,1.33664,11627,0,0
2020-12-21 08:00:00,1.33664,1.33664,1.32141,1.32202,23881,0,0
2020-12-21 12:00:00,1.32202,1.33249,1.31878,1.3316,32505,0,0
2020-12-21 16:00:00,1.33161,1.3366500000000001,1.32898,1.33567,24137,0,0
2020-12-21 20:00:00,1.33566,1.34985,1.33564,1.34636,17852,0,0
2020-12-22 00:00:00,1.34643,1.347,1.34035,1.34096,7811,0,0
2020-12-22 04:00:00,1.34096,1.34247,1.338,1.33883,10269,0,0
2020-12-22 08:00:00,1.33884,1.3452,1.33843,1.3411,22848,0,0
2020-12-22 12:00:00,1.34113,1.34486,1.3362,1.34051,22976,0,0
2020-12-22 16:00:00,1.34051,1.34138,1.33044,1.3357299999999999,27086,0,0
2020-12-22 20:00:00,1.33572,1.33778,1.33386,1.3363,11215,0,0
2020-12-23 00:00:00,1.33575,1.34018,1.33484,1.33878,9040,0,0
2020-12-23 04:00:00,1.33878,1.34121,1.3385799999999999,1.34028,14766,0,0
2020-12-23 08:00:00,1.34027,1.34443,1.34019,1.34184,16077,0,0
2020-12-23 12:00:00,1.34184,1.34752,1.34021,1.3464800000000001,19103,0,0
2020-12-23 16:00:00,1.3464800000000001,1.3571,1.3455599999999999,1.3483399999999999,32468,0,0
2020-12-23 20:00:00,1.3483399999999999,1.35165,1.3471,1.34977,12365,0,0
2020-12-24 00:00:00,1.34905,1.35499,1.34889,1.35334,8886,0,0
2020-12-24 04:00:00,1.35334,1.3563399999999999,1.35333,1.35565,12676,0,0
2020-12-24 08:00:00,1.35567,1.36072,1.3542,1.35983,14147,0,0
2020-12-24 12:00:00,1.35983,1.36193,1.3553600000000001,1.35903,12582,0,0
2020-12-24 16:00:00,1.35896,1.3615,1.35228,1.3538000000000001,16122,0,0
2020-12-24 20:00:00,1.3538000000000001,1.35411,1.3527,1.35341,2211,0,0
2020-12-28 00:00:00,1.35522,1.35754,1.35294,1.35465,9189,0,0
2020-12-28 04:00:00,1.35465,1.35735,1.35462,1.35728,7953,0,0
2020-12-28 08:00:00,1.35728,1.3576,1.3544100000000001,1.3553600000000001,13278,0,0
2020-12-28 12:00:00,1.3553600000000001,1.35541,1.34737,1.3511199999999999,19540,0,0
2020-12-28 16:00:00,1.35113,1.35354,1.34293,1.34517,18850,0,0
2020-12-28 20:00:00,1.34518,1.3462,1.34361,1.34576,9316,0,0
2020-12-29 00:00:00,1.34448,1.34848,1.34415,1.34794,10695,0,0
2020-12-29 04:00:00,1.34794,1.34951,1.3468,1.3486500000000001,11035,0,0
2020-12-29 08:00:00,1.3486500000000001,1.35227,1.3468,1.34722,14816,0,0
2020-12-29 12:00:00,1.34726,1.3513,1.34726,1.3503,17857,0,0
2020-12-29 16:00:00,1.3503,1.3522,1.34733,1.34891,21804,0,0
2020-12-29 20:00:00,1.34891,1.35097,1.34808,1.35005,10909,0,0
2020-12-30 00:00:00,1.34966,1.35413,1.34893,1.35394,10165,0,0
2020-12-30 04:00:00,1.35394,1.35571,1.35279,1.3544399999999999,11711,0,0
2020-12-30 08:00:00,1.3544399999999999,1.35793,1.35274,1.35774,17958,0,0
2020-12-30 12:00:00,1.35774,1.36154,1.3572,1.36002,16742,0,0
2020-12-30 16:00:00,1.36002,1.3618299999999999,1.35721,1.35985,22279,0,0
2020-12-30 20:00:00,1.35985,1.36256,1.35984,1.36245,7372,0,0
2020-12-31 00:00:00,1.3621400000000001,1.3648500000000001,1.36006,1.36437,6589,0,0
2020-12-31 04:00:00,1.36437,1.3649499999999999,1.36036,1.3624800000000001,10238,0,0
2020-12-31 08:00:00,1.3624800000000001,1.36701,1.36243,1.36588,17833,0,0
2020-12-31 12:00:00,1.36588,1.36864,1.3629,1.36504,18768,0,0
2020-12-31 16:00:00,1.36504,1.36784,1.36303,1.36504,23636,0,0
2020-12-31 20:00:00,1.36504,1.36622,1.36501,1.36589,2017,0,0
2021-01-04 00:00:00,1.3643,1.36899,1.36419,1.36819,11070,0,0
2021-01-04 04:00:00,1.36819,1.36982,1.36679,1.36834,9848,0,0
2021-01-04 08:00:00,1.36832,1.3703,1.36643,1.36726,19736,0,0
2021-01-04 12:00:00,1.36726,1.37038,1.36136,1.3626,21248,0,0
2021-01-04 16:00:00,1.3626,1.36318,1.35416,1.35662,28264,0,0
2021-01-04 20:00:00,1.3566,1.3578999999999999,1.35514,1.3571,13095,0,0
2021-01-05 00:00:00,1.35659,1.35785,1.35615,1.3569200000000001,9294,0,0
2021-01-05 04:00:00,1.35693,1.3602400000000001,1.35672,1.3597299999999999,13256,0,0
2021-01-05 08:00:00,1.3597299999999999,1.36123,1.35542,1.35727,20422,0,0
2021-01-05 12:00:00,1.35727,1.36072,1.35591,1.35671,20828,0,0
2021-01-05 16:00:00,1.35671,1.36418,1.35637,1.3632900000000001,25741,0,0
2021-01-05 20:00:00,1.3632900000000001,1.36348,1.36135,1.36269,9619,0,0
2021-01-06 00:00:00,1.36236,1.36464,1.3599,1.3606099999999999,14013,0,0
2021-01-06 04:00:00,1.36064,1.3620700000000001,1.35915,1.3615599999999999,16437,0,0
2021-01-06 08:00:00,1.3615599999999999,1.36609,1.36094,1.36443,22739,0,0
2021-01-06 12:00:00,1.36442,1.3671,1.35648,1.35648,23005,0,0
2021-01-06 16:00:00,1.35642,1.36068,1.35381,1.36047,30533,0,0
2021-01-06 20:00:00,1.36047,1.36262,1.35958,1.36071,19421,0,0
2021-01-07 00:00:00,1.36073,1.3632900000000001,1.35984,1.36198,10274,0,0
2021-01-07 04:00:00,1.36199,1.36205,1.35724,1.35847,11372,0,0
2021-01-07 08:00:00,1.3584800000000001,1.3626800000000001,1.35644,1.35942,21577,0,0
2021-01-07 12:00:00,1.3594300000000001,1.3613,1.3556599999999999,1.3588,22941,0,0
2021-01-07 16:00:00,1.3588,1.3603399999999999,1.35321,1.3548200000000001,25950,0,0
2021-01-07 20:00:00,1.35483,1.35775,1.3548200000000001,1.3564,10827,0,0
2021-01-08 00:00:00,1.35632,1.35724,1.3538299999999999,1.35528,9198,0,0
2021-01-08 04:00:00,1.35528,1.35706,1.35464,1.35602,10092,0,0
2021-01-08 08:00:00,1.35602,1.36023,1.35574,1.3600400000000001,22112,0,0
2021-01-08 12:00:00,1.3600400000000001,1.36259,1.35745,1.36195,21654,0,0
2021-01-08 16:00:00,1.36195,1.36356,1.35476,1.35793,33620,0,0
2021-01-08 20:00:00,1.35793,1.35793,1.35432,1.35637,14414,0,0
2021-01-11 00:00:00,1.3554599999999999,1.35742,1.35056,1.35092,11319,0,0
2021-01-11 04:00:00,1.35092,1.35161,1.3491900000000001,1.3501,10519,0,0
2021-01-11 08:00:00,1.3501,1.35161,1.34827,1.3493,19757,0,0
2021-01-11 12:00:00,1.34928,1.35027,1.34584,1.3465,20637,0,0
2021-01-11 16:00:00,1.3465099999999999,1.35308,1.34508,1.3525800000000001,26335,0,0
2021-01-11 20:00:00,1.3525800000000001,1.35352,1.3505,1.35086,7180,0,0
2021-01-12 00:00:00,1.35101,1.35305,1.35002,1.3523,7420,0,0
2021-01-12 04:00:00,1.3523,1.35452,1.35155,1.35435,8080,0,0
2021-01-12 08:00:00,1.35435,1.36069,1.3538299999999999,1.36028,19137,0,0
2021-01-12 12:00:00,1.36028,1.3605800000000001,1.35759,1.3587,19069,0,0
2021-01-12 16:00:00,1.3587,1.36375,1.3580999999999999,1.36246,21983,0,0
2021-01-12 20:00:00,1.36246,1.3670200000000001,1.3621400000000001,1.36658,10621,0,0
2021-01-13 00:00:00,1.36673,1.3683100000000001,1.36557,1.36791,7257,0,0
2021-01-13 04:00:00,1.36791,1.3693,1.36749,1.36774,8505,0,0
2021-01-13 08:00:00,1.36775,1.37016,1.36624,1.36897,17454,0,0
2021-01-13 12:00:00,1.36897,1.36938,1.36533,1.3682,20493,0,0
2021-01-13 16:00:00,1.3682,1.3682400000000001,1.36118,1.36396,25079,0,0
2021-01-13 20:00:00,1.3639700000000001,1.36524,1.36261,1.36354,9069,0,0
2021-01-14 00:00:00,1.3637000000000001,1.3655300000000001,1.36324,1.36502,8775,0,0
2021-01-14 04:00:00,1.36502,1.36516,1.36166,1.36392,13486,0,0
2021-01-14 08:00:00,1.36394,1.36805,1.36284,1.36524,20764,0,0
2021-01-14 12:00:00,1.36524,1.36628,1.3620700000000001,1.36274,20027,0,0
2021-01-14 16:00:00,1.36272,1.37108,1.36237,1.3689200000000001,22615,0,0
2021-01-14 20:00:00,1.3689200000000001,1.3701699999999999,1.3669799999999999,1.3687,11640,0,0
2021-01-15 00:00:00,1.36843,1.36982,1.36812,1.36833,6429,0,0
2021-01-15 04:00:00,1.36833,1.36921,1.36674,1.36746,9909,0,0
2021-01-15 08:00:00,1.36743,1.36807,1.36377,1.36407,18440,0,0
2021-01-15 12:00:00,1.36407,1.36612,1.3605800000000001,1.3605800000000001,21875,0,0
2021-01-15 16:00:00,1.3605800000000001,1.36158,1.3572600000000001,1.36057,25166,0,0
2021-01-15 20:00:00,1.36057,1.36057,1.35758,1.35849,7446,0,0
2021-01-18 00:00:00,1.3599999999999999,1.3599999999999999,1.35659,1.35858,10238,0,0
2021-01-18 04:00:00,1.35858,1.35896,1.35596,1.35717,11518,0,0
2021-01-18 08:00:00,1.35717,1.35733,1.35195,1.3529,16001,0,0
2021-01-18 12:00:00,1.3529,1.35575,1.35256,1.35555,15444,0,0
2021-01-18 16:00:00,1.35555,1.35876,1.3544800000000001,1.35811,12454,0,0
2021-01-18 20:00:00,1.35811,1.35872,1.35775,1.3584800000000001,4051,0,0
2021-01-19 00:00:00,1.35846,1.36101,1.35733,1.3603,7229,0,0
2021-01-19 04:00:00,1.3603,1.3614600000000001,1.35983,1.36086,10382,0,0
2021-01-19 08:00:00,1.36086,1.36124,1.3584399999999999,1.36073,15700,0,0
2021-01-19 12:00:00,1.36073,1.3627,1.36039,1.36157,16260,0,0
2021-01-19 16:00:00,1.3615599999999999,1.36285,1.36043,1.36252,18349,0,0
2021-01-19 20:00:00,1.36254,1.3636300000000001,1.36194,1.3635,8436,0,0
2021-01-20 00:00:00,1.36279,1.36506,1.3624399999999999,1.36429,7018,0,0
2021-01-20 04:00:00,1.36429,1.36572,1.36428,1.3654,8461,0,0
2021-01-20 08:00:00,1.36541,1.36987,1.36523,1.3691,17752,0,0
2021-01-20 12:00:00,1.36911,1.37188,1.36592,1.36726,20184,0,0
2021-01-20 16:00:00,1.36727,1.36804,1.36232,1.3642,21737,0,0
2021-01-20 20:00:00,1.3642,1.36599,1.36358,1.3659,7807,0,0
2021-01-21 00:00:00,1.36536,1.3682,1.36477,1.3672900000000001,7764,0,0
2021-01-21 04:00:00,1.3672900000000001,1.36947,1.3669799999999999,1.3694,8497,0,0
2021-01-21 08:00:00,1.36941,1.37459,1.36913,1.37335,17785,0,0
2021-01-21 12:00:00,1.37335,1.37366,1.37082,1.37115,20590,0,0
2021-01-21 16:00:00,1.37115,1.37401,1.37053,1.37101,19540,0,0
2021-01-21 20:00:00,1.37101,1.3738299999999999,1.37033,1.37335,9554,0,0
2021-01-22 00:00:00,1.37276,1.3736,1.37143,1.37165,7517,0,0
2021-01-22 04:00:00,1.37165,1.37214,1.3704,1.37065,7348,0,0
2021-01-22 08:00:00,1.37065,1.37067,1.36514,1.36674,18300,0,0
2021-01-22 12:00:00,1.36674,1.3677000000000001,1.36355,1.36469,17703,0,0
2021-01-22 16:00:00,1.36469,1.36846,1.36411,1.36792,17816,0,0
2021-01-22 20:00:00,1.36792,1.36932,1.36735,1.36823,6170,0,0
2021-01-25 00:00:00,1.36762,1.36914,1.36694,1.36825,7882,0,0
2021-01-25 04:00:00,1.36825,1.37154,1.36825,1.3715,7938,0,0
2021-01-25 08:00:00,1.3715,1.37236,1.36662,1.36734,17251,0,0
2021-01-25 12:00:00,1.36734,1.36997,1.3668,1.36829,16994,0,0
2021-01-25 16:00:00,1.3683,1.3691200000000001,1.3649,1.367,25694,0,0
2021-01-25 20:00:00,1.367,1.36776,1.36596,1.36758,9054,0,0
2021-01-26 00:00:00,1.36744,1.36795,1.3659,1.36751,5280,0,0
2021-01-26 04:00:00,1.36752,1.36774,1.36466,1.36532,8652,0,0
2021-01-26 08:00:00,1.36533,1.3665,1.36096,1.36588,17815,0,0
2021-01-26 12:00:00,1.36588,1.37143,1.36446,1.37082,18634,0,0
2021-01-26 16:00:00,1.37082,1.37445,1.37063,1.37317,17815,0,0
2021-01-26 20:00:00,1.37318,1.37414,1.3728,1.37359,8738,0,0
2021-01-27 00:00:00,1.37314,1.37518,1.37298,1.37329,7110,0,0
2021-01-27 04:00:00,1.37328,1.37448,1.37232,1.3743,7780,0,0
2021-01-27 08:00:00,1.3743,1.3759000000000001,1.37213,1.37354,15429,0,0
2021-01-27 12:00:00,1.37354,1.37452,1.36816,1.3695,19578,0,0
2021-01-27 16:00:00,1.3695,1.37137,1.36594,1.37128,28674,0,0
2021-01-27 20:00:00,1.37128,1.37307,1.3673199999999999,1.3689,19932,0,0
2021-01-28 00:00:00,1.36849,1.36931,1.3651,1.36779,12262,0,0
2021-01-28 04:00:00,1.36779,1.3681,1.36616,1.3679999999999999,10568,0,0
2021-01-28 08:00:00,1.36798,1.3679999999999999,1.36303,1.36502,21850,0,0
2021-01-28 12:00:00,1.36502,1.36847,1.36378,1.3682400000000001,23202,0,0
2021-01-28 16:00:00,1.3682400000000001,1.37338,1.36813,1.3726099999999999,25929,0,0
2021-01-28 20:00:00,1.3726099999999999,1.3746,1.37188,1.3725,13563,0,0
2021-01-29 00:00:00,1.37203,1.37317,1.37069,1.37149,7372,0,0
2021-01-29 04:00:00,1.37149,1.3718,1.36959,1.37043,12702,0,0
2021-01-29 08:00:00,1.37042,1.3719000000000001,1.36574,1.36672,20881,0,0
2021-01-29 12:00:00,1.36673,1.37496,1.36572,1.37395,24215,0,0
2021-01-29 16:00:00,1.37395,1.37518,1.37004,1.37062,28676,0,0
2021-01-29 20:00:00,1.37062,1.37208,1.3692,1.36993,18884,0,0
2021-02-01 00:00:00,1.37038,1.3728500000000001,1.36938,1.37208,12518,0,0
2021-02-01 04:00:00,1.37208,1.3753199999999999,1.37208,1.3746399999999999,11038,0,0
2021-02-01 08:00:00,1.3746399999999999,1.37577,1.37144,1.37295,19708,0,0
2021-02-01 12:00:00,1.37295,1.37296,1.36754,1.3678,19865,0,0
2021-02-01 16:00:00,1.36781,1.36968,1.36562,1.36756,21965,0,0
2021-02-01 20:00:00,1.36755,1.36868,1.36567,1.36632,11386,0,0
2021-02-02 00:00:00,1.36621,1.36944,1.36572,1.36927,8862,0,0
2021-02-02 04:00:00,1.36927,1.36977,1.36799,1.36871,9693,0,0
2021-02-02 08:00:00,1.36871,1.37103,1.36708,1.36874,16041,0,0
2021-02-02 12:00:00,1.36876,1.36936,1.36502,1.3661400000000001,18927,0,0
2021-02-02 16:00:00,1.36615,1.36622,1.3611,1.36467,21725,0,0
2021-02-02 20:00:00,1.36467,1.3669,1.36443,1.36674,10164,0,0
2021-02-03 00:00:00,1.36664,1.36802,1.36558,1.36786,6483,0,0
2021-02-03 04:00:00,1.36786,1.36832,1.36593,1.3662,7673,0,0
2021-02-03 08:00:00,1.3662,1.36781,1.36374,1.36374,16596,0,0
2021-02-03 12:00:00,1.36382,1.36535,1.36193,1.36482,16900,0,0
2021-02-03 16:00:00,1.36482,1.36686,1.36368,1.36575,18944,0,0
2021-02-03 20:00:00,1.36574,1.36584,1.3632,1.3642699999999999,9751,0,0
2021-02-04 00:00:00,1.36428,1.36525,1.36359,1.36369,5868,0,0
2021-02-04 04:00:00,1.36369,1.36472,1.35957,1.36051,9705,0,0
2021-02-04 08:00:00,1.3605,1.36115,1.35723,1.35842,17751,0,0
2021-02-04 12:00:00,1.35842,1.36978,1.35648,1.3681,23169,0,0
2021-02-04 16:00:00,1.36806,1.36874,1.36528,1.36602,18374,0,0
2021-02-04 20:00:00,1.36602,1.36772,1.36508,1.36707,7019,0,0
2021-02-05 00:00:00,1.3671,1.36895,1.36578,1.36823,8525,0,0
2021-02-05 04:00:00,1.36823,1.3686,1.36658,1.36814,6893,0,0
2021-02-05 08:00:00,1.36814,1.3712,1.36752,1.36902,13244,0,0
2021-02-05 12:00:00,1.36902,1.3719000000000001,1.3672,1.3704399999999999,19046,0,0
2021-02-05 16:00:00,1.3704399999999999,1.37399,1.37002,1.3733,19935,0,0
2021-02-05 20:00:00,1.3733,1.3739,1.37214,1.3738299999999999,6102,0,0
2021-02-08 00:00:00,1.3707,1.37409,1.3707,1.37324,11464,0,0
2021-02-08 04:00:00,1.37324,1.37352,1.37229,1.37292,5341,0,0
2021-02-08 08:00:00,1.37292,1.37414,1.37024,1.37066,10420,0,0
2021-02-08 12:00:00,1.37066,1.37115,1.36804,1.36948,15086,0,0
2021-02-08 16:00:00,1.36948,1.3749500000000001,1.36934,1.37415,18800,0,0
2021-02-08 20:00:00,1.37415,1.3744399999999999,1.37309,1.37419,6999,0,0
2021-02-09 00:00:00,1.37395,1.37598,1.37333,1.37575,5948,0,0
2021-02-09 04:00:00,1.37575,1.37843,1.37539,1.3783,8012,0,0
2021-02-09 08:00:00,1.3783,1.37891,1.37622,1.3780999999999999,15548,0,0
2021-02-09 12:00:00,1.3780999999999999,1.37889,1.37611,1.37835,15502,0,0
2021-02-09 16:00:00,1.37835,1.37984,1.3772,1.37976,18589,0,0
2021-02-09 20:00:00,1.37976,1.38202,1.37906,1.38133,7386,0,0
2021-02-10 00:00:00,1.38131,1.3817599999999999,1.3802400000000001,1.38153,5455,0,0
2021-02-10 04:00:00,1.38153,1.38274,1.38145,1.38204,4581,0,0
2021-02-10 08:00:00,1.38204,1.38558,1.38102,1.38345,14989,0,0
2021-02-10 12:00:00,1.38345,1.38516,1.3828,1.38483,15049,0,0
2021-02-10 16:00:00,1.38482,1.3866,1.38376,1.3851499999999999,23252,0,0
2021-02-10 20:00:00,1.3851499999999999,1.3853,1.38277,1.38344,8515,0,0
2021-02-11 00:00:00,1.38318,1.38352,1.38205,1.38288,3840,0,0
2021-02-11 04:00:00,1.38288,1.38519,1.3827099999999999,1.38467,4718,0,0
2021-02-11 08:00:00,1.38468,1.38591,1.38135,1.38348,11538,0,0
2021-02-11 12:00:00,1.38348,1.3845,1.38193,1.38362,11331,0,0
2021-02-11 16:00:00,1.3836300000000001,1.3837,1.38003,1.3811200000000001,19819,0,0
2021-02-11 20:00:00,1.3811200000000001,1.38191,1.38031,1.38159,9722,0,0
2021-02-12 00:00:00,1.38157,1.38166,1.38011,1.3801999999999999,4343,0,0
2021-02-12 04:00:00,1.38021,1.38021,1.37866,1.38004,5986,0,0
2021-02-12 08:00:00,1.38005,1.38069,1.37756,1.37882,12077,0,0
2021-02-12 12:00:00,1.37882,1.38104,1.37798,1.37997,13286,0,0
2021-02-12 16:00:00,1.37998,1.3860999999999999,1.37947,1.38588,19307,0,0
2021-02-12 20:00:00,1.38588,1.38624,1.38455,1.38514,7725,0,0
2021-02-15 00:00:00,1.38392,1.38907,1.38392,1.38894,9125,0,0
2021-02-15 04:00:00,1.38894,1.39026,1.38834,1.39002,8075,0,0
2021-02-15 08:00:00,1.39002,1.39144,1.3884,1.38982,13179,0,0
2021-02-15 12:00:00,1.3898,1.39135,1.38938,1.38972,11211,0,0
2021-02-15 16:00:00,1.38972,1.39192,1.38963,1.39115,10305,0,0
2021-02-15 20:00:00,1.39115,1.39148,1.38994,1.39024,3965,0,0
2021-02-16 00:00:00,1.39022,1.39453,1.3898,1.39399,5434,0,0
2021-02-16 04:00:00,1.39398,1.39516,1.39258,1.3934,10021,0,0
2021-02-16 08:00:00,1.39341,1.39418,1.39086,1.39301,14946,0,0
2021-02-16 12:00:00,1.39301,1.39407,1.38807,1.3885,18135,0,0
2021-02-16 16:00:00,1.3885399999999999,1.39346,1.3869500000000001,1.39135,24382,0,0
2021-02-16 20:00:00,1.39135,1.39207,1.39012,1.39018,6609,0,0
2021-02-17 00:00:00,1.39024,1.39069,1.38619,1.38751,8121,0,0
2021-02-17 04:00:00,1.3875,1.38988,1.38733,1.38914,9291,0,0
2021-02-17 08:00:00,1.38914,1.39039,1.38704,1.38846,14502,0,0
2021-02-17 12:00:00,1.38845,1.38866,1.38448,1.3848,16788,0,0
2021-02-17 16:00:00,1.3848,1.3864,1.38299,1.38565,26951,0,0
2021-02-17 20:00:00,1.38564,1.38662,1.38526,1.38642,7040,0,0
2021-02-18 00:00:00,1.38504,1.38774,1.3844,1.38635,5558,0,0
2021-02-18 04:00:00,1.38635,1.38655,1.38471,1.3853,9698,0,0
2021-02-18 08:00:00,1.3853,1.3927800000000001,1.38398,1.3925100000000001,16089,0,0
2021-02-18 12:00:00,1.3925100000000001,1.39862,1.39218,1.39776,20892,0,0
2021-02-18 16:00:00,1.39776,1.39801,1.39269,1.39636,24337,0,0
2021-02-18 20:00:00,1.39636,1.39805,1.39616,1.3973499999999999,9005,0,0
2021-02-19 00:00:00,1.39726,1.39757,1.39605,1.39626,6765,0,0
2021-02-19 04:00:00,1.39626,1.39756,1.3951500000000001,1.39722,7655,0,0
2021-02-19 08:00:00,1.39722,1.40085,1.3967399999999999,1.39898,16201,0,0
2021-02-19 12:00:00,1.39898,1.40365,1.39808,1.40302,16604,0,0
2021-02-19 16:00:00,1.40301,1.40302,1.40079,1.40236,19831,0,0
2021-02-19 20:00:00,1.40236,1.40236,1.40012,1.40038,11386,0,0
2021-02-22 00:00:00,1.40128,1.4052,1.40064,1.40335,18519,0,0
2021-02-22 04:00:00,1.40333,1.40338,1.40112,1.40171,10153,0,0
2021-02-22 08:00:00,1.40171,1.40255,1.3980299999999999,1.4013499999999999,17409,0,0
2021-02-22 12:00:00,1.4013499999999999,1.40462,1.40133,1.40461,14662,0,0
2021-02-22 16:00:00,1.40461,1.40862,1.40232,1.40823,22075,0,0
2021-02-22 20:00:00,1.40822,1.40854,1.40576,1.40617,7536,0,0
2021-02-23 00:00:00,1.40634,1.40834,1.40567,1.40812,5932,0,0
2021-02-23 04:00:00,1.40812,1.40842,1.40672,1.4082,4325,0,0
2021-02-23 08:00:00,1.4082,1.40977,1.4059,1.40892,14651,0,0
2021-02-23 12:00:00,1.40892,1.4096,1.40624,1.4074499999999999,16573,0,0
2021-02-23 16:00:00,1.4074499999999999,1.41167,1.4054,1.40916,27371,0,0
2021-02-23 20:00:00,1.40916,1.4116,1.40907,1.41157,11526,0,0
2021-02-24 00:00:00,1.411,1.42363,1.41012,1.41775,12489,0,0
2021-02-24 04:00:00,1.41775,1.41803,1.41499,1.41635,16414,0,0
2021-02-24 08:00:00,1.4163299999999999,1.42074,1.41562,1.4162,20930,0,0
2021-02-24 12:00:00,1.4162,1.41644,1.40921,1.40974,18376,0,0
2021-02-24 16:00:00,1.40974,1.41293,1.4082,1.41011,28277,0,0
2021-02-24 20:00:00,1.4101,1.4146,1.4097,1.41401,11545,0,0
2021-02-25 00:00:00,1.41408,1.41505,1.41258,1.41272,10163,0,0
2021-02-25 04:00:00,1.4127100000000001,1.4169800000000001,1.4126699999999999,1.41626,10821,0,0
2021-02-25 08:00:00,1.41626,1.41756,1.41216,1.4175,20121,0,0
2021-02-25 12:00:00,1.4175,1.4175,1.41266,1.41426,26609,0,0
2021-02-25 16:00:00,1.41426,1.41818,1.40546,1.40642,33922,0,0
2021-02-25 20:00:00,1.40642,1.40674,1.39998,1.40092,30132,0,0
2021-02-26 00:00:00,1.40134,1.40259,1.395,1.39969,15654,0,0
2021-02-26 04:00:00,1.39969,1.40217,1.39426,1.3949799999999999,17568,0,0
2021-02-26 08:00:00,1.3949799999999999,1.39612,1.3901,1.3942700000000001,29367,0,0
2021-02-26 12:00:00,1.3942700000000001,1.3968,1.38877,1.39569,33124,0,0
2021-02-26 16:00:00,1.39569,1.39872,1.3912900000000001,1.39449,43915,0,0
2021-02-26 20:00:00,1.39449,1.3957899999999999,1.39239,1.3927,18226,0,0
2021-03-01 00:00:00,1.39248,1.39991,1.39248,1.39855,22408,0,0
2021-03-01 04:00:00,1.39855,1.39958,1.39641,1.3983400000000001,14058,0,0
2021-03-01 08:00:00,1.39832,1.39987,1.39275,1.39463,19082,0,0
2021-03-01 12:00:00,1.39462,1.39784,1.39042,1.39378,19082,0,0
2021-03-01 16:00:00,1.39377,1.39608,1.39116,1.39192,27833,0,0
2021-03-01 20:00:00,1.39192,1.39324,1.3904,1.39256,10859,0,0
2021-03-02 00:00:00,1.39257,1.39321,1.39019,1.39067,8271,0,0
2021-03-02 04:00:00,1.39067,1.39124,1.38663,1.38819,17986,0,0
2021-03-02 08:00:00,1.38819,1.3902,1.3859,1.38665,21942,0,0
2021-03-02 12:00:00,1.38665,1.39289,1.38592,1.39112,22046,0,0
2021-03-02 16:00:00,1.39112,1.39706,1.3909799999999999,1.3967800000000001,28629,0,0
2021-03-02 20:00:00,1.3968,1.39772,1.39544,1.39544,10724,0,0
2021-03-03 00:00:00,1.39512,1.39663,1.39448,1.39611,6923,0,0
2021-03-03 04:00:00,1.39611,1.39661,1.39492,1.3952200000000001,9184,0,0
2021-03-03 08:00:00,1.3952200000000001,1.40064,1.39372,1.3982,18355,0,0
2021-03-03 12:00:00,1.3982,1.39882,1.39421,1.39704,20824,0,0
2021-03-03 16:00:00,1.39703,1.3991799999999999,1.39209,1.39712,36131,0,0
2021-03-03 20:00:00,1.39712,1.39847,1.39473,1.39475,17453,0,0
2021-03-04 00:00:00,1.39496,1.39545,1.39209,1.39417,8468,0,0
2021-03-04 04:00:00,1.39417,1.39611,1.39321,1.3955199999999999,13217,0,0
2021-03-04 08:00:00,1.3955199999999999,1.39686,1.39162,1.3929,20736,0,0
2021-03-04 12:00:00,1.3929,1.39726,1.39208,1.39623,21698,0,0
2021-03-04 16:00:00,1.39622,1.40177,1.39222,1.39234,42549,0,0
2021-03-04 20:00:00,1.39228,1.39385,1.38803,1.38929,28923,0,0
2021-03-05 00:00:00,1.3894,1.38975,1.38674,1.3881700000000001,10332,0,0
2021-03-05 04:00:00,1.3881700000000001,1.3906800000000001,1.3872200000000001,1.38862,14623,0,0
2021-03-05 08:00:00,1.38862,1.3890500000000001,1.38122,1.3820000000000001,22694,0,0
2021-03-05 12:00:00,1.3820000000000001,1.3838,1.37781,1.38257,27866,0,0
2021-03-05 16:00:00,1.38257,1.38699,1.37947,1.3825,44947,0,0
2021-03-05 20:00:00,1.3825,1.3853900000000001,1.38214,1.3824,15249,0,0
2021-03-08 00:00:00,1.38124,1.38657,1.38056,1.38501,17339,0,0
2021-03-08 04:00:00,1.38501,1.38533,1.38087,1.38345,13973,0,0
2021-03-08 08:00:00,1.38343,1.38464,1.38001,1.38309,19698,0,0
2021-03-08 12:00:00,1.3831,1.38563,1.3813900000000001,1.38494,24682,0,0
2021-03-08 16:00:00,1.38494,1.38545,1.38029,1.38384,34799,0,0
2021-03-08 20:00:00,1.38385,1.38468,1.38148,1.3820999999999999,15589,0,0
2021-03-09 00:00:00,1.38181,1.38267,1.38014,1.3807,10856,0,0
2021-03-09 04:00:00,1.3807,1.38506,1.38069,1.3839000000000001,16672,0,0
2021-03-09 08:00:00,1.38389,1.3900000000000001,1.38272,1.3896,22099,0,0
2021-03-09 12:00:00,1.3896,1.38968,1.38596,1.3887,24032,0,0
2021-03-09 16:00:00,1.3887,1.39254,1.38808,1.38897,28538,0,0
2021-03-09 20:00:00,1.38899,1.39048,1.38846,1.3888,11687,0,0
2021-03-10 00:00:00,1.38898,1.3898,1.38682,1.38699,7569,0,0
2021-03-10 04:00:00,1.38699,1.38717,1.38475,1.3858,12130,0,0
2021-03-10 08:00:00,1.38577,1.3909799999999999,1.38453,1.39086,17863,0,0
2021-03-10 12:00:00,1.39086,1.39144,1.38547,1.39063,23080,0,0
2021-03-10 16:00:00,1.39063,1.39344,1.388,1.3905,31980,0,0
2021-03-10 20:00:00,1.39051,1.39377,1.38958,1.39349,17036,0,0
2021-03-11 00:00:00,1.39295,1.39356,1.3918599999999999,1.39262,8917,0,0
2021-03-11 04:00:00,1.39261,1.39413,1.3926,1.3939300000000001,12997,0,0
2021-03-11 08:00:00,1.3939300000000001,1.39584,1.3925,1.3949799999999999,18759,0,0
2021-03-11 12:00:00,1.39499,1.39774,1.3945699999999999,1.39656,22748,0,0
2021-03-11 16:00:00,1.39655,1.39811,1.39392,1.39697,27094,0,0
2021-03-11 20:00:00,1.39696,1.39954,1.39677,1.39923,12374,0,0
2021-03-12 00:00:00,1.39858,1.40048,1.39783,1.39944,6642,0,0
2021-03-12 04:00:00,1.39944,1.39947,1.39703,1.39752,9321,0,0
2021-03-12 08:00:00,1.39751,1.39765,1.39067,1.39123,22467,0,0
2021-03-12 12:00:00,1.39123,1.39336,1.38789,1.38853,24668,0,0
2021-03-12 16:00:00,1.38853,1.39353,1.38633,1.3921999999999999,30005,0,0
2021-03-12 20:00:00,1.3921999999999999,1.39324,1.39141,1.3918599999999999,10878,0,0
2021-03-15 00:00:00,1.39144,1.39417,1.39126,1.39321,6359,0,0
2021-03-15 04:00:00,1.39321,1.39496,1.39211,1.39254,14777,0,0
2021-03-15 08:00:00,1.39254,1.39477,1.38959,1.39433,18593,0,0
2021-03-15 12:00:00,1.39433,1.39474,1.3907,1.39229,18976,0,0
2021-03-15 16:00:00,1.39229,1.39254,1.38531,1.38864,29033,0,0
2021-03-15 20:00:00,1.38865,1.39035,1.38815,1.39028,10102,0,0
2021-03-16 00:00:00,1.38934,1.3903400000000001,1.38833,1.38842,3960,0,0
2021-03-16 04:00:00,1.3884400000000001,1.38944,1.38656,1.38709,10073,0,0
2021-03-16 08:00:00,1.38709,1.38757,1.38163,1.38189,15594,0,0
2021-03-16 12:00:00,1.38189,1.3883,1.38089,1.3875899999999999,21921,0,0
2021-03-16 16:00:00,1.3875899999999999,1.39015,1.38693,1.38906,27060,0,0
2021-03-16 20:00:00,1.38906,1.39063,1.38882,1.38933,12904,0,0
2021-03-17 00:00:00,1.38916,1.39054,1.3884699999999999,1.3893499999999999,3663,0,0
2021-03-17 04:00:00,1.3893499999999999,1.38984,1.38785,1.38933,9199,0,0
2021-03-17 08:00:00,1.38933,1.39296,1.3878300000000001,1.38981,12684,0,0
2021-03-17 12:00:00,1.38981,1.3924,1.38868,1.39077,18199,0,0
2021-03-17 16:00:00,1.39078,1.39121,1.38674,1.3875,24079,0,0
2021-03-17 20:00:00,1.3875,1.39712,1.38511,1.39632,26305,0,0
2021-03-18 00:00:00,1.39655,1.39778,1.39462,1.39694,6321,0,0
2021-03-18 04:00:00,1.39694,1.39722,1.39362,1.3952,13646,0,0
2021-03-18 08:00:00,1.3952,1.40016,1.3945400000000001,1.39565,22237,0,0
2021-03-18 12:00:00,1.39565,1.3994,1.39214,1.39446,25510,0,0
2021-03-18 16:00:00,1.39447,1.39526,1.38975,1.39326,29606,0,0
2021-03-18 20:00:00,1.39325,1.39516,1.3915199999999999,1.39282,16664,0,0
2021-03-19 00:00:00,1.39197,1.3934,1.39008,1.3907,4446,0,0
2021-03-19 04:00:00,1.3907,1.39262,1.38927,1.39224,9506,0,0
2021-03-19 08:00:00,1.39224,1.3957,1.39063,1.39512,13945,0,0
2021-03-19 12:00:00,1.39512,1.39594,1.3878599999999999,1.389,19532,0,0
2021-03-19 16:00:00,1.38901,1.38901,1.38306,1.38737,35173,0,0
2021-03-19 20:00:00,1.38737,1.38863,1.38586,1.38648,10595,0,0
2021-03-22 00:00:00,1.38347,1.38506,1.38275,1.38294,4105,0,0
2021-03-22 04:00:00,1.38292,1.38538,1.3817599999999999,1.3848,5686,0,0
2021-03-22 08:00:00,1.38477,1.38717,1.3835899999999999,1.38651,13693,0,0
2021-03-22 12:00:00,1.38651,1.38766,1.38397,1.3845399999999999,16560,0,0
2021-03-22 16:00:00,1.3845399999999999,1.38656,1.38211,1.38584,21247,0,0
2021-03-22 20:00:00,1.38586,1.38715,1.3854199999999999,1.38638,7329,0,0
2021-03-23 00:00:00,1.38623,1.38643,1.3844400000000001,1.38502,3678,0,0
2021-03-23 04:00:00,1.38502,1.38536,1.38334,1.3834,7586,0,0
2021-03-23 08:00:00,1.3834,1.38527,1.38019,1.38106,14972,0,0
2021-03-23 12:00:00,1.3810799999999999,1.38137,1.37515,1.37928,23217,0,0
2021-03-23 16:00:00,1.37928,1.38004,1.3768799999999999,1.37736,23130,0,0
2021-03-23 20:00:00,1.37736,1.3780299999999999,1.37405,1.3753199999999999,13988,0,0
2021-03-24 00:00:00,1.37492,1.37573,1.37236,1.3734,5977,0,0
2021-03-24 04:00:00,1.3734,1.37395,1.37039,1.37124,6741,0,0
2021-03-24 08:00:00,1.37124,1.37223,1.36738,1.36936,16245,0,0
2021-03-24 12:00:00,1.36936,1.37329,1.36905,1.37169,17591,0,0
2021-03-24 16:00:00,1.37169,1.37332,1.3696,1.37186,21902,0,0
2021-03-24 20:00:00,1.37186,1.37211,1.36794,1.36814,11202,0,0
2021-03-25 00:00:00,1.36815,1.36971,1.36794,1.3697,4013,0,0
2021-03-25 04:00:00,1.3697,1.37084,1.36791,1.36984,8480,0,0
2021-03-25 08:00:00,1.36984,1.3704100000000001,1.36703,1.36832,12126,0,0
2021-03-25 12:00:00,1.36832,1.37307,1.36784,1.37074,18589,0,0
2021-03-25 16:00:00,1.37074,1.37414,1.37058,1.3732,27496,0,0
2021-03-25 20:00:00,1.3732,1.37453,1.37245,1.3732199999999999,13428,0,0
2021-03-26 00:00:00,1.37338,1.37576,1.37239,1.375,3808,0,0
2021-03-26 04:00:00,1.375,1.37647,1.37462,1.37583,6036,0,0
2021-03-26 08:00:00,1.37582,1.3786100000000001,1.37418,1.37684,11044,0,0
2021-03-26 12:00:00,1.37682,1.37915,1.37513,1.37672,15069,0,0
2021-03-26 16:00:00,1.37672,1.38122,1.37666,1.37886,21499,0,0
2021-03-26 20:00:00,1.37886,1.37995,1.37759,1.37894,10499,0,0
2021-03-29 00:00:00,1.37899,1.37965,1.37687,1.3775,3953,0,0
2021-03-29 04:00:00,1.3775,1.37901,1.3765800000000001,1.37732,5886,0,0
2021-03-29 08:00:00,1.37732,1.38374,1.37568,1.381,16397,0,0
2021-03-29 12:00:00,1.381,1.3847,1.38076,1.38228,16282,0,0
2021-03-29 16:00:00,1.38229,1.38378,1.37646,1.3778000000000001,24396,0,0
2021-03-29 20:00:00,1.3778000000000001,1.37819,1.3755899999999999,1.37611,9598,0,0
2021-03-30 00:00:00,1.37587,1.37764,1.3756599999999999,1.37689,3447,0,0
2021-03-30 04:00:00,1.3768799999999999,1.37816,1.37604,1.37815,5934,0,0
2021-03-30 08:00:00,1.37815,1.37836,1.37422,1.37725,15228,0,0
2021-03-30 12:00:00,1.37725,1.37794,1.37302,1.37391,17281,0,0
2021-03-30 16:00:00,1.37391,1.37551,1.37062,1.37187,21814,0,0
2021-03-30 20:00:00,1.37187,1.37425,1.3713600000000001,1.37404,8198,0,0
2021-03-31 00:00:00,1.3738000000000001,1.37511,1.373,1.37433,4613,0,0
2021-03-31 04:00:00,1.3743400000000001,1.3746,1.37186,1.37265,5911,0,0
2021-03-31 08:00:00,1.37265,1.37835,1.3716300000000001,1.37829,15134,0,0
2021-03-31 12:00:00,1.37826,1.37949,1.37552,1.37677,16810,0,0
2021-03-31 16:00:00,1.3767800000000001,1.3812,1.37594,1.38003,24165,0,0
2021-03-31 20:00:00,1.38002,1.3808799999999999,1.37766,1.3783,10156,0,0
2021-04-01 00:00:00,1.37768,1.37903,1.3772199999999999,1.37887,4970,0,0
2021-04-01 04:00:00,1.37887,1.3791,1.3765399999999999,1.37674,8367,0,0
2021-04-01 08:00:00,1.37674,1.37961,1.37462,1.3776,20291,0,0
2021-04-01 12:00:00,1.3776,1.3795899999999999,1.37586,1.37916,18720,0,0
2021-04-01 16:00:00,1.37916,1.38369,1.37911,1.38188,24331,0,0
2021-04-01 20:00:00,1.38187,1.38366,1.38182,1.38335,6901,0,0
2021-04-02 00:00:00,1.38304,1.38455,1.38275,1.3841999999999999,2308,0,0
2021-04-02 04:00:00,1.3841700000000001,1.38504,1.3834,1.38456,3983,0,0
2021-04-02 08:00:00,1.38457,1.38525,1.3833199999999999,1.3835600000000001,4456,0,0
2021-04-02 12:00:00,1.3835600000000001,1.38429,1.38099,1.38336,5673,0,0
2021-04-02 16:00:00,1.38336,1.38339,1.38134,1.3820700000000001,13121,0,0
2021-04-02 20:00:00,1.3820700000000001,1.38404,1.38124,1.38255,40754,0,0
2021-04-05 00:00:00,1.38205,1.3835600000000001,1.38168,1.38293,2943,0,0
2021-04-05 04:00:00,1.38293,1.38429,1.38267,1.38275,4568,0,0
2021-04-05 08:00:00,1.38275,1.38689,1.38132,1.38618,8378,0,0
2021-04-05 12:00:00,1.38618,1.38804,1.38536,1.38766,9551,0,0
2021-04-05 16:00:00,1.38766,1.39138,1.38733,1.39023,13776,0,0
2021-04-05 20:00:00,1.39023,1.39077,1.38994,1.39045,6563,0,0
2021-04-06 00:00:00,1.3900000000000001,1.39153,1.3893,1.39035,3177,0,0
2021-04-06 04:00:00,1.39035,1.39084,1.38897,1.3906,6176,0,0
2021-04-06 08:00:00,1.3906,1.39188,1.38389,1.38544,18073,0,0
2021-04-06 12:00:00,1.38544,1.3859,1.3818,1.38404,18890,0,0
2021-04-06 16:00:00,1.38406,1.38666,1.38198,1.3822,19066,0,0
2021-04-06 20:00:00,1.38217,1.38345,1.38021,1.38243,10921,0,0
2021-04-07 00:00:00,1.38212,1.38352,1.38136,1.38338,4076,0,0
2021-04-07 04:00:00,1.38338,1.38402,1.38201,1.38307,7622,0,0
2021-04-07 08:00:00,1.38307,1.38321,1.37726,1.38307,20115,0,0
2021-04-07 12:00:00,1.38307,1.38381,1.3755899999999999,1.37614,19890,0,0
2021-04-07 16:00:00,1.37614,1.37946,1.37284,1.37422,24605,0,0
2021-04-07 20:00:00,1.37422,1.37496,1.37246,1.37382,9780,0,0
2021-04-08 00:00:00,1.37361,1.37447,1.3729,1.37398,3010,0,0
2021-04-08 04:00:00,1.37402,1.37633,1.37326,1.37596,5455,0,0
2021-04-08 08:00:00,1.37596,1.37828,1.37187,1.37264,13629,0,0
2021-04-08 12:00:00,1.37265,1.3774,1.3725399999999999,1.37674,16273,0,0
2021-04-08 16:00:00,1.37676,1.37704,1.37229,1.37404,22287,0,0
2021-04-08 20:00:00,1.37404,1.3746399999999999,1.3728,1.37348,9087,0,0
2021-04-09 00:00:00,1.37325,1.375,1.37222,1.37485,3357,0,0
2021-04-09 04:00:00,1.37485,1.37508,1.37294,1.37335,6185,0,0
2021-04-09 08:00:00,1.37335,1.37348,1.36701,1.37125,14909,0,0
2021-04-09 12:00:00,1.37125,1.37283,1.36962,1.37173,15697,0,0
2021-04-09 16:00:00,1.37173,1.37448,1.3712900000000001,1.37266,21725,0,0
2021-04-09 20:00:00,1.37266,1.37328,1.37016,1.37042,7099,0,0
2021-04-12 00:00:00,1.37058,1.37138,1.36893,1.37091,3468,0,0
2021-04-12 04:00:00,1.37091,1.37094,1.36807,1.36818,8258,0,0
2021-04-12 08:00:00,1.36817,1.37474,1.36688,1.3740700000000001,15492,0,0
2021-04-12 12:00:00,1.3740700000000001,1.37768,1.37337,1.37667,13388,0,0
2021-04-12 16:00:00,1.37668,1.37686,1.3731,1.37428,15725,0,0
2021-04-12 20:00:00,1.37428,1.3747,1.37344,1.3744,7250,0,0
2021-04-13 00:00:00,1.3732,1.37558,1.3732,1.37423,3625,0,0
2021-04-13 04:00:00,1.37423,1.3744100000000001,1.37256,1.37268,7352,0,0
2021-04-13 08:00:00,1.37266,1.37663,1.3725800000000001,1.37548,14080,0,0
2021-04-13 12:00:00,1.37549,1.37687,1.37128,1.37299,20185,0,0
2021-04-13 16:00:00,1.37296,1.37551,1.3694,1.37372,20930,0,0
2021-04-13 20:00:00,1.3737300000000001,1.37578,1.3737300000000001,1.37506,8595,0,0
2021-04-14 00:00:00,1.37497,1.37625,1.37445,1.37518,4013,0,0
2021-04-14 04:00:00,1.37519,1.37789,1.37496,1.37692,7709,0,0
2021-04-14 08:00:00,1.37692,1.38086,1.3765399999999999,1.3795,15143,0,0
2021-04-14 12:00:00,1.37949,1.37969,1.37507,1.3754,14396,0,0
2021-04-14 16:00:00,1.3754,1.37991,1.3753199999999999,1.37962,19751,0,0
2021-04-14 20:00:00,1.37961,1.37969,1.37744,1.37758,8216,0,0
2021-04-15 00:00:00,1.37741,1.37918,1.37706,1.37906,3528,0,0
2021-04-15 04:00:00,1.37906,1.37946,1.37648,1.37663,7336,0,0
2021-04-15 08:00:00,1.37662,1.3798599999999999,1.3765,1.3778000000000001,13254,0,0
2021-04-15 12:00:00,1.3778000000000001,1.3809,1.37614,1.37852,17451,0,0
2021-04-15 16:00:00,1.37854,1.37953,1.37714,1.3786399999999999,22372,0,0
2021-04-15 20:00:00,1.3786399999999999,1.37945,1.37732,1.37794,8461,0,0
2021-04-16 00:00:00,1.3780999999999999,1.3787099999999999,1.37655,1.3768099999999999,3078,0,0
2021-04-16 04:00:00,1.3768099999999999,1.3771,1.37523,1.3765800000000001,8664,0,0
2021-04-16 08:00:00,1.3765800000000001,1.37683,1.37158,1.37561,16546,0,0
2021-04-16 12:00:00,1.3756,1.38154,1.37521,1.38032,19876,0,0
2021-04-16 16:00:00,1.38032,1.38278,1.37904,1.38256,17646,0,0
2021-04-16 20:00:00,1.38255,1.3841,1.3825,1.38404,7257,0,0
2021-04-19 00:00:00,1.38282,1.38349,1.38147,1.38158,4999,0,0
2021-04-19 04:00:00,1.38158,1.3857300000000001,1.38098,1.3851200000000001,8784,0,0
2021-04-19 08:00:00,1.38511,1.38899,1.3839299999999999,1.3877,14242,0,0
2021-04-19 12:00:00,1.3877,1.3969,1.38681,1.39639,14091,0,0
2021-04-19 16:00:00,1.3963999999999999,1.39928,1.39433,1.39863,14849,0,0
2021-04-19 20:00:00,1.3986399999999999,1.39909,1.39809,1.39855,5963,0,0
2021-04-20 00:00:00,1.39816,1.39948,1.39757,1.3986,2699,0,0
2021-04-20 04:00:00,1.39858,1.40085,1.39758,1.40035,6580,0,0
2021-04-20 08:00:00,1.40035,1.40093,1.39814,1.39819,11011,0,0
2021-04-20 12:00:00,1.39819,1.39906,1.3949799999999999,1.39578,11428,0,0
2021-04-20 16:00:00,1.39577,1.39734,1.39336,1.39399,12796,0,0
2021-04-20 20:00:00,1.39395,1.39446,1.39264,1.39374,5320,0,0
2021-04-21 00:00:00,1.39354,1.39477,1.39319,1.3936600000000001,2869,0,0
2021-04-21 04:00:00,1.3936600000000001,1.39499,1.39168,1.39206,5877,0,0
2021-04-21 08:00:00,1.39206,1.39476,1.39103,1.39291,9992,0,0
2021-04-21 12:00:00,1.39291,1.39408,1.39046,1.39115,8673,0,0
2021-04-21 16:00:00,1.3911,1.3942999999999999,1.38857,1.39296,13062,0,0
2021-04-21 20:00:00,1.39296,1.39384,1.39233,1.39285,5620,0,0
2021-04-22 00:00:00,1.39267,1.39397,1.39231,1.39372,2159,0,0
2021-04-22 04:00:00,1.3936899999999999,1.3949799999999999,1.3927100000000001,1.39285,5418,0,0
2021-04-22 08:00:00,1.39285,1.39463,1.3896899999999999,1.38989,9003,0,0
2021-04-22 12:00:00,1.38989,1.39192,1.38595,1.3868800000000001,10962,0,0
2021-04-22 16:00:00,1.3869500000000001,1.3875600000000001,1.38272,1.38433,15004,0,0
2021-04-22 20:00:00,1.38434,1.38463,1.3823699999999999,1.38399,8573,0,0
2021-04-23 00:00:00,1.38318,1.38468,1.38318,1.38464,2810,0,0
2021-04-23 04:00:00,1.3846,1.38662,1.3843,1.38638,4787,0,0
2021-04-23 08:00:00,1.38638,1.3890799999999999,1.38528,1.3875600000000001,10064,0,0
2021-04-23 12:00:00,1.3875600000000001,1.38957,1.38645,1.38848,9630,0,0
2021-04-23 16:00:00,1.38848,1.38892,1.38358,1.38564,12629,0,0
2021-04-23 20:00:00,1.38565,1.389,1.38541,1.38779,5778,0,0
2021-04-26 00:00:00,1.38697,1.38928,1.38608,1.38879,2935,0,0
2021-04-26 04:00:00,1.38871,1.39078,1.38868,1.39024,5531,0,0
2021-04-26 08:00:00,1.39023,1.3929,1.38904,1.39044,10146,0,0
2021-04-26 12:00:00,1.39045,1.39264,1.38669,1.38685,10440,0,0
2021-04-26 16:00:00,1.38686,1.39044,1.38657,1.3887,11943,0,0
2021-04-26 20:00:00,1.3887,1.3908,1.38853,1.39012,4896,0,0
2021-04-27 00:00:00,1.38894,1.39019,1.38879,1.38919,2578,0,0
2021-04-27 04:00:00,1.38919,1.38945,1.38743,1.38888,3980,0,0
2021-04-27 08:00:00,1.38888,1.3901,1.38583,1.38595,8423,0,0
2021-04-27 12:00:00,1.38595,1.39174,1.38586,1.3904,10447,0,0
2021-04-27 16:00:00,1.39049,1.39237,1.38862,1.3905699999999999,11989,0,0
2021-04-27 20:00:00,1.39058,1.39145,1.3900299999999999,1.3908,4736,0,0
2021-04-28 00:00:00,1.3908800000000001,1.3912200000000001,1.38871,1.38876,4167,0,0
2021-04-28 04:00:00,1.38876,1.38917,1.38737,1.38748,3767,0,0
2021-04-28 08:00:00,1.38748,1.3892,1.38624,1.38809,9173,0,0
2021-04-28 12:00:00,1.38811,1.38968,1.3860999999999999,1.38678,10091,0,0
2021-04-28 16:00:00,1.38677,1.39232,1.3867,1.39146,12055,0,0
2021-04-28 20:00:00,1.39147,1.39504,1.38893,1.39419,11720,0,0
2021-04-29 00:00:00,1.39285,1.39687,1.39285,1.3963999999999999,2538,0,0
2021-04-29 04:00:00,1.3963999999999999,1.39761,1.39395,1.39506,5343,0,0
2021-04-29 08:00:00,1.39507,1.39696,1.39334,1.39415,10612,0,0
2021-04-29 12:00:00,1.39416,1.3966,1.39318,1.39616,11877,0,0
2021-04-29 16:00:00,1.39616,1.39652,1.3937599999999999,1.39422,16992,0,0
2021-04-29 20:00:00,1.39422,1.39512,1.39344,1.3939599999999999,7147,0,0
2021-04-30 00:00:00,1.39382,1.39543,1.3933200000000001,1.39532,3622,0,0
2021-04-30 04:00:00,1.39532,1.39581,1.39419,1.3945,4564,0,0
2021-04-30 08:00:00,1.39452,1.3946399999999999,1.39041,1.39074,9700,0,0
2021-04-30 12:00:00,1.39073,1.39234,1.38721,1.38784,10656,0,0
2021-04-30 16:00:00,1.3878599999999999,1.38872,1.38069,1.38294,17041,0,0
2021-04-30 20:00:00,1.38294,1.38309,1.3802400000000001,1.381,7136,0,0
2021-05-03 00:00:00,1.38106,1.38337,1.38056,1.38335,2220,0,0
2021-05-03 04:00:00,1.38335,1.3835899999999999,1.38164,1.38206,3987,0,0
2021-05-03 08:00:00,1.3820700000000001,1.38581,1.38012,1.38565,8778,0,0
2021-05-03 12:00:00,1.38565,1.38949,1.38449,1.3878,10117,0,0
2021-05-03 16:00:00,1.3878,1.39318,1.38777,1.39072,11944,0,0
2021-05-03 20:00:00,1.39073,1.3915,1.39049,1.39085,6002,0,0
2021-05-04 00:00:00,1.39069,1.39136,1.38929,1.39009,2544,0,0
2021-05-04 04:00:00,1.39008,1.39017,1.38718,1.38747,4382,0,0
2021-05-04 08:00:00,1.38746,1.38924,1.3851200000000001,1.38697,10153,0,0
2021-05-04 12:00:00,1.38697,1.3891200000000001,1.38385,1.3850500000000001,12819,0,0
2021-05-04 16:00:00,1.38507,1.38962,1.38437,1.38875,18042,0,0
2021-05-04 20:00:00,1.38875,1.3897599999999999,1.38832,1.38858,7978,0,0
2021-05-05 00:00:00,1.3881999999999999,1.39005,1.3881700000000001,1.38988,2723,0,0
2021-05-05 04:00:00,1.38988,1.39147,1.38952,1.39094,3382,0,0
2021-05-05 08:00:00,1.39096,1.39145,1.3884400000000001,1.38937,10498,0,0
2021-05-05 12:00:00,1.38937,1.39263,1.38763,1.3906399999999999,10060,0,0
2021-05-05 16:00:00,1.3906399999999999,1.39214,1.3890500000000001,1.39023,11120,0,0
2021-05-05 20:00:00,1.39023,1.3912900000000001,1.38985,1.39067,5787,0,0
2021-05-06 00:00:00,1.38982,1.39136,1.38952,1.3899599999999999,2223,0,0
2021-05-06 04:00:00,1.38995,1.39112,1.38855,1.38983,5610,0,0
2021-05-06 08:00:00,1.38979,1.39137,1.3897300000000001,1.39004,8658,0,0
2021-05-06 12:00:00,1.3900299999999999,1.39411,1.38575,1.38927,13326,0,0
2021-05-06 16:00:00,1.38927,1.39115,1.38629,1.38866,13053,0,0
2021-05-06 20:00:00,1.38866,1.38995,1.38848,1.38923,5336,0,0
2021-05-07 00:00:00,1.3883,1.39002,1.3883,1.38968,2149,0,0
2021-05-07 04:00:00,1.38968,1.39118,1.38902,1.39087,5885,0,0
2021-05-07 08:00:00,1.39085,1.3929,1.38951,1.39248,8392,0,0
2021-05-07 12:00:00,1.3925100000000001,1.39725,1.3891200000000001,1.39537,11801,0,0
2021-05-07 16:00:00,1.3954,1.40006,1.39184,1.39819,15993,0,0
2021-05-07 20:00:00,1.39816,1.40058,1.39806,1.3989099999999999,7888,0,0
2021-05-10 00:00:00,1.40048,1.40442,1.39928,1.4028,4613,0,0
2021-05-10 04:00:00,1.40282,1.40374,1.4015,1.4025400000000001,5035,0,0
2021-05-10 08:00:00,1.4025400000000001,1.40964,1.40253,1.40899,12361,0,0
2021-05-10 12:00:00,1.40895,1.41581,1.40805,1.41472,11032,0,0
2021-05-10 16:00:00,1.4147,1.41551,1.41068,1.41422,12853,0,0
2021-05-10 20:00:00,1.41422,1.41533,1.41159,1.4116,8101,0,0
2021-05-11 00:00:00,1.41168,1.41344,1.41127,1.41165,3182,0,0
2021-05-11 04:00:00,1.41166,1.41326,1.41131,1.41249,6082,0,0
2021-05-11 08:00:00,1.41253,1.41421,1.41039,1.41402,10510,0,0
2021-05-11 12:00:00,1.41402,1.4157600000000001,1.4121000000000001,1.41513,11138,0,0
2021-05-11 16:00:00,1.41513,1.41663,1.41173,1.41645,16860,0,0
2021-05-11 20:00:00,1.41645,1.41657,1.4138,1.4139599999999999,8021,0,0
2021-05-12 00:00:00,1.4136199999999999,1.41463,1.41218,1.41266,3999,0,0
2021-05-12 04:00:00,1.41266,1.41277,1.41073,1.4114499999999999,4530,0,0
2021-05-12 08:00:00,1.41144,1.41493,1.4114200000000001,1.41412,8237,0,0
2021-05-12 12:00:00,1.41412,1.41463,1.40801,1.41334,10881,0,0
2021-05-12 16:00:00,1.41336,1.4153,1.4055900000000001,1.40572,21001,0,0
2021-05-12 20:00:00,1.40568,1.40679,1.4050099999999999,1.40539,8917,0,0
2021-05-13 00:00:00,1.40504,1.40708,1.405,1.40647,3140,0,0
2021-05-13 04:00:00,1.4064999999999999,1.40778,1.40577,1.4066,6228,0,0
2021-05-13 08:00:00,1.40662,1.40713,1.40222,1.403,12187,0,0
2021-05-13 12:00:00,1.40301,1.40523,1.40054,1.40321,13614,0,0
2021-05-13 16:00:00,1.4032,1.40626,1.40249,1.40368,16089,0,0
2021-05-13 20:00:00,1.40369,1.40551,1.4015900000000001,1.40488,11667,0,0
2021-05-14 00:00:00,1.4047,1.40533,1.40358,1.40455,3379,0,0
2021-05-14 04:00:00,1.40455,1.40518,1.40361,1.4043700000000001,6530,0,0
2021-05-14 08:00:00,1.4043700000000001,1.40762,1.40387,1.40662,10511,0,0
2021-05-14 12:00:00,1.40662,1.4096,1.4053499999999999,1.40894,12587,0,0
2021-05-14 16:00:00,1.40896,1.4110800000000001,1.40777,1.40968,14522,0,0
2021-05-14 20:00:00,1.4096600000000001,1.41036,1.40855,1.40916,5962,0,0
2021-05-17 00:00:00,1.40976,1.41046,1.40853,1.40869,2708,0,0
2021-05-17 04:00:00,1.40869,1.4093200000000001,1.40781,1.4083999999999999,5104,0,0
2021-05-17 08:00:00,1.4083999999999999,1.41195,1.40802,1.41066,10380,0,0
2021-05-17 12:00:00,1.41065,1.41163,1.40775,1.40897,11919,0,0
2021-05-17 16:00:00,1.40894,1.414,1.4088,1.41392,13448,0,0
2021-05-17 20:00:00,1.41392,1.4147,1.41353,1.41388,5068,0,0
2021-05-18 00:00:00,1.41248,1.41581,1.41248,1.4151099999999999,2424,0,0
2021-05-18 04:00:00,1.4151099999999999,1.4178,1.41498,1.4171,5629,0,0
2021-05-18 08:00:00,1.4171,1.42146,1.41643,1.42114,10295,0,0
2021-05-18 12:00:00,1.42113,1.422,1.41834,1.4203000000000001,11614,0,0
2021-05-18 16:00:00,1.42035,1.4215499999999999,1.4181300000000001,1.41923,13307,0,0
2021-05-18 20:00:00,1.41926,1.41982,1.4183,1.41885,6525,0,0
2021-05-19 00:00:00,1.4187400000000001,1.42005,1.41819,1.41934,2713,0,0
2021-05-19 04:00:00,1.41934,1.41958,1.4179599999999999,1.41878,4851,0,0
2021-05-19 08:00:00,1.4187699999999999,1.42009,1.4168,1.41824,12180,0,0
2021-05-19 12:00:00,1.41825,1.41878,1.4142000000000001,1.4150800000000001,14096,0,0
2021-05-19 16:00:00,1.41509,1.41808,1.41304,1.41583,20057,0,0
2021-05-19 20:00:00,1.41583,1.4167,1.40995,1.41117,14363,0,0
2021-05-20 00:00:00,1.41103,1.41215,1.4104,1.41214,2969,0,0
2021-05-20 04:00:00,1.41212,1.4121299999999999,1.41013,1.41164,5921,0,0
2021-05-20 08:00:00,1.41164,1.41417,1.41049,1.41116,11410,0,0
2021-05-20 12:00:00,1.41116,1.41369,1.41024,1.41327,12675,0,0
2021-05-20 16:00:00,1.41326,1.4184,1.4127399999999999,1.418,14861,0,0
2021-05-20 20:00:00,1.418,1.41928,1.41727,1.41904,6722,0,0
2021-05-21 00:00:00,1.41896,1.4194200000000001,1.41758,1.41805,4552,0,0
2021-05-21 04:00:00,1.41809,1.41844,1.4169399999999999,1.41811,4623,0,0
2021-05-21 08:00:00,1.4181300000000001,1.42053,1.41684,1.42053,11314,0,0
2021-05-21 12:00:00,1.42053,1.4233799999999999,1.41858,1.42023,14551,0,0
2021-05-21 16:00:00,1.42028,1.4207,1.41407,1.41456,14199,0,0
2021-05-21 20:00:00,1.4145699999999999,1.4160300000000001,1.41442,1.41495,6867,0,0
2021-05-24 00:00:00,1.41526,1.41584,1.4137,1.41412,3609,0,0
2021-05-24 04:00:00,1.41412,1.41502,1.4136,1.41485,4990,0,0
2021-05-24 08:00:00,1.41482,1.41718,1.4111,1.41382,12199,0,0
2021-05-24 12:00:00,1.41382,1.4146,1.41189,1.41439,14014,0,0
2021-05-24 16:00:00,1.41439,1.41678,1.41351,1.41571,12443,0,0
2021-05-24 20:00:00,1.41571,1.41611,1.41476,1.41533,6954,0,0
2021-05-25 00:00:00,1.41526,1.41669,1.41461,1.41668,3669,0,0
2021-05-25 04:00:00,1.41668,1.4184999999999999,1.41649,1.41801,4864,0,0
2021-05-25 08:00:00,1.41805,1.42106,1.4169,1.41855,12652,0,0
2021-05-25 12:00:00,1.4185699999999999,1.41939,1.41354,1.4141,13145,0,0
2021-05-25 16:00:00,1.4141,1.41442,1.41154,1.41405,15930,0,0
2021-05-25 20:00:00,1.41404,1.41614,1.4137,1.41489,8020,0,0
2021-05-26 00:00:00,1.41477,1.41535,1.41401,1.41494,3298,0,0
2021-05-26 04:00:00,1.41495,1.41697,1.41409,1.41683,6780,0,0
2021-05-26 08:00:00,1.41688,1.41717,1.4133,1.41563,10847,0,0
2021-05-26 12:00:00,1.41563,1.4175900000000001,1.41421,1.41446,12758,0,0
2021-05-26 16:00:00,1.41448,1.41593,1.41162,1.41215,13972,0,0
2021-05-26 20:00:00,1.4121299999999999,1.4128,1.41121,1.41167,7121,0,0
2021-05-27 00:00:00,1.41122,1.41249,1.40979,1.41055,3664,0,0
2021-05-27 04:00:00,1.4105699999999999,1.41191,1.40914,1.4113,6877,0,0
2021-05-27 08:00:00,1.41131,1.41394,1.41005,1.4116,12041,0,0
2021-05-27 12:00:00,1.41162,1.41832,1.4114200000000001,1.41568,15209,0,0
2021-05-27 16:00:00,1.41568,1.41957,1.41531,1.41777,15942,0,0
2021-05-27 20:00:00,1.41778,1.42188,1.41768,1.41992,8034,0,0
2021-05-28 00:00:00,1.42014,1.4208,1.41888,1.41899,3093,0,0
2021-05-28 04:00:00,1.41899,1.41992,1.41819,1.41952,4176,0,0
2021-05-28 08:00:00,1.41952,1.42054,1.4173,1.41989,13625,0,0
2021-05-28 12:00:00,1.41989,1.42,1.4139300000000001,1.4141599999999999,16103,0,0
2021-05-28 16:00:00,1.4141599999999999,1.41995,1.4135900000000001,1.41968,19209,0,0
2021-05-28 20:00:00,1.41968,1.41996,1.4184999999999999,1.4188,8855,0,0
2021-05-31 00:00:00,1.41798,1.4193799999999999,1.4173200000000001,1.41815,1925,0,0
2021-05-31 04:00:00,1.41821,1.4200599999999999,1.41783,1.41948,4863,0,0
2021-05-31 08:00:00,1.41948,1.4197899999999999,1.4163999999999999,1.41715,10981,0,0
2021-05-31 12:00:00,1.41713,1.41863,1.41644,1.4181300000000001,10152,0,0
2021-05-31 16:00:00,1.4181300000000001,1.42178,1.41663,1.42057,8566,0,0
2021-05-31 20:00:00,1.42058,1.42147,1.42001,1.42062,2791,0,0
2021-06-01 00:00:00,1.42053,1.42291,1.42034,1.42278,2061,0,0
2021-06-01 04:00:00,1.42278,1.42486,1.4227,1.42333,6823,0,0
2021-06-01 08:00:00,1.42334,1.4243299999999999,1.41764,1.41898,13549,0,0
2021-06-01 12:00:00,1.41896,1.4195,1.41554,1.41598,14665,0,0
2021-06-01 16:00:00,1.41597,1.41924,1.41575,1.41611,18253,0,0
2021-06-01 20:00:00,1.41611,1.4163299999999999,1.41464,1.41482,7443,0,0
2021-06-02 00:00:00,1.41452,1.41626,1.41452,1.41581,2499,0,0
2021-06-02 04:00:00,1.41581,1.41641,1.4148,1.4148399999999999,4194,0,0
2021-06-02 08:00:00,1.4148399999999999,1.41585,1.41252,1.41365,13592,0,0
2021-06-02 12:00:00,1.41365,1.4172500000000001,1.4111799999999999,1.41673,15418,0,0
2021-06-02 16:00:00,1.41675,1.41835,1.4154499999999999,1.41746,13238,0,0
2021-06-02 20:00:00,1.41746,1.41804,1.41632,1.41697,7085,0,0
2021-06-03 00:00:00,1.41649,1.41795,1.41649,1.41785,1398,0,0
2021-06-03 04:00:00,1.41785,1.4178600000000001,1.4161299999999999,1.41624,3073,0,0
2021-06-03 08:00:00,1.41623,1.41879,1.41436,1.41785,12191,0,0
2021-06-03 12:00:00,1.41785,1.4203299999999999,1.41517,1.4156900000000001,18083,0,0
2021-06-03 16:00:00,1.4156900000000001,1.41589,1.40921,1.40987,18984,0,0
2021-06-03 20:00:00,1.4098899999999999,1.41096,1.4086400000000001,1.40999,6374,0,0
2021-06-04 00:00:00,1.41002,1.41121,1.40949,1.41045,2813,0,0
2021-06-04 04:00:00,1.41045,1.41107,1.4090500000000001,1.40947,4367,0,0
2021-06-04 08:00:00,1.40947,1.4132,1.40834,1.41273,12267,0,0
2021-06-04 12:00:00,1.41277,1.4186,1.41156,1.4178899999999999,15085,0,0
2021-06-04 16:00:00,1.4178899999999999,1.4200599999999999,1.41612,1.41638,17073,0,0
2021-06-04 20:00:00,1.41638,1.4167399999999999,1.41554,1.41567,6851,0,0
2021-06-07 00:00:00,1.41541,1.41702,1.41464,1.4161299999999999,3247,0,0
2021-06-07 04:00:00,1.4161299999999999,1.41616,1.4139,1.41465,5953,0,0
2021-06-07 08:00:00,1.41465,1.41473,1.41114,1.4142000000000001,12490,0,0
2021-06-07 12:00:00,1.4142000000000001,1.41805,1.41262,1.41754,11398,0,0
2021-06-07 16:00:00,1.41754,1.4185400000000001,1.41625,1.41804,14216,0,0
2021-06-07 20:00:00,1.41809,1.41909,1.4175499999999999,1.41763,5126,0,0
2021-06-08 00:00:00,1.41798,1.41845,1.41662,1.41704,2257,0,0
2021-06-08 04:00:00,1.41704,1.41772,1.41562,1.41573,5171,0,0
2021-06-08 08:00:00,1.41573,1.41654,1.41284,1.4142299999999999,10829,0,0
2021-06-08 12:00:00,1.4142299999999999,1.4157600000000001,1.41312,1.4144700000000001,14515,0,0
2021-06-08 16:00:00,1.4144700000000001,1.4159,1.41212,1.4148399999999999,14068,0,0
2021-06-08 20:00:00,1.41482,1.41645,1.41465,1.41528,5141,0,0
2021-06-09 00:00:00,1.41536,1.416,1.4143,1.41595,2175,0,0
2021-06-09 04:00:00,1.41596,1.41687,1.4152,1.41523,3885,0,0
2021-06-09 08:00:00,1.41523,1.41892,1.41513,1.4185699999999999,9064,0,0
2021-06-09 12:00:00,1.4185699999999999,1.41867,1.41317,1.41344,10339,0,0
2021-06-09 16:00:00,1.41344,1.416,1.41122,1.41134,12551,0,0
2021-06-09 20:00:00,1.41134,1.41196,1.41102,1.41135,4761,0,0
2021-06-10 00:00:00,1.41154,1.41165,1.41094,1.4110800000000001,1593,0,0
2021-06-10 04:00:00,1.4110800000000001,1.4125,1.4104999999999999,1.41075,3186,0,0
2021-06-10 08:00:00,1.41075,1.41166,1.40734,1.40883,12348,0,0
2021-06-10 12:00:00,1.40882,1.4150800000000001,1.40856,1.4148399999999999,18574,0,0
2021-06-10 16:00:00,1.41492,1.4172,1.41204,1.41658,18722,0,0
2021-06-10 20:00:00,1.41658,1.41784,1.41626,1.41763,6595,0,0
2021-06-11 00:00:00,1.41758,1.41785,1.41614,1.41718,3243,0,0
2021-06-11 04:00:00,1.41718,1.41845,1.41686,1.41819,3461,0,0
2021-06-11 08:00:00,1.41819,1.41856,1.41524,1.41561,12106,0,0
2021-06-11 12:00:00,1.41561,1.41659,1.4139599999999999,1.41406,15324,0,0
2021-06-11 16:00:00,1.41406,1.41502,1.4102700000000001,1.41056,14479,0,0
2021-06-11 20:00:00,1.41056,1.41189,1.4095900000000001,1.41074,5985,0,0
2021-06-14 00:00:00,1.41014,1.41188,1.4099,1.41079,2325,0,0
2021-06-14 04:00:00,1.41079,1.4118,1.41049,1.41125,3995,0,0
2021-06-14 08:00:00,1.41127,1.41165,1.40701,1.40832,12241,0,0
2021-06-14 12:00:00,1.40832,1.41181,1.40786,1.4108800000000001,13298,0,0
2021-06-14 16:00:00,1.41089,1.41238,1.41069,1.41124,13808,0,0
2021-06-14 20:00:00,1.41123,1.4115,1.41036,1.4106,6343,0,0
2021-06-15 00:00:00,1.41078,1.41166,1.41,1.4111500000000001,2876,0,0
2021-06-15 04:00:00,1.4111500000000001,1.4115199999999999,1.4098899999999999,1.41136,4668,0,0
2021-06-15 08:00:00,1.41136,1.41287,1.40856,1.4086699999999999,10806,0,0
2021-06-15 12:00:00,1.40866,1.4088,1.40341,1.40682,12504,0,0
2021-06-15 16:00:00,1.40682,1.40944,1.40663,1.4078,14228,0,0
2021-06-15 20:00:00,1.40781,1.40855,1.40761,1.40835,5821,0,0
2021-06-16 00:00:00,1.40758,1.4086699999999999,1.40758,1.40782,2002,0,0
2021-06-16 04:00:00,1.40782,1.40894,1.40763,1.40877,3891,0,0
2021-06-16 08:00:00,1.40876,1.4123,1.40842,1.41034,11524,0,0
2021-06-16 12:00:00,1.41034,1.41326,1.40988,1.41114,11275,0,0
2021-06-16 16:00:00,1.41114,1.4120599999999999,1.40988,1.41025,12516,0,0
2021-06-16 20:00:00,1.41025,1.41046,1.39824,1.39838,20231,0,0
2021-06-17 00:00:00,1.39843,1.39959,1.3970799999999999,1.39758,4516,0,0
2021-06-17 04:00:00,1.39757,1.40029,1.39753,1.39985,6094,0,0
2021-06-17 08:00:00,1.39987,1.40086,1.39659,1.39765,15414,0,0
2021-06-17 12:00:00,1.39765,1.3984,1.39226,1.3927399999999999,17102,0,0
2021-06-17 16:00:00,1.39269,1.39624,1.38956,1.38958,20218,0,0
2021-06-17 20:00:00,1.38958,1.39352,1.38958,1.3926,10797,0,0
2021-06-18 00:00:00,1.39166,1.39421,1.391,1.3933499999999999,3436,0,0
2021-06-18 04:00:00,1.39336,1.39441,1.39099,1.39104,5317,0,0
2021-06-18 08:00:00,1.39103,1.39123,1.38551,1.38795,16487,0,0
2021-06-18 12:00:00,1.38789,1.39103,1.38479,1.38489,17544,0,0
2021-06-18 16:00:00,1.38489,1.38616,1.3795,1.38181,23255,0,0
2021-06-18 20:00:00,1.38181,1.3833,1.37915,1.3793199999999999,11401,0,0
2021-06-21 00:00:00,1.3798,1.3829,1.3795,1.3828,4074,0,0
2021-06-21 04:00:00,1.3828,1.3829,1.37865,1.38007,10104,0,0
2021-06-21 08:00:00,1.38007,1.3845399999999999,1.37914,1.38413,16354,0,0
2021-06-21 12:00:00,1.38414,1.38879,1.3838300000000001,1.38742,15437,0,0
2021-06-21 16:00:00,1.38743,1.39322,1.38714,1.3928099999999999,17378,0,0
2021-06-21 20:00:00,1.39282,1.39371,1.39241,1.3933900000000001,9018,0,0
2021-06-22 00:00:00,1.39316,1.39372,1.39083,1.39132,3140,0,0
2021-06-22 04:00:00,1.39132,1.39205,1.3901,1.39104,4875,0,0
2021-06-22 08:00:00,1.39104,1.39109,1.38667,1.38676,14504,0,0
2021-06-22 12:00:00,1.38676,1.39084,1.38606,1.38845,14665,0,0
2021-06-22 16:00:00,1.3884400000000001,1.3942,1.38804,1.39392,18445,0,0
2021-06-22 20:00:00,1.3939300000000001,1.39638,1.39363,1.39484,9030,0,0
2021-06-23 00:00:00,1.39438,1.39563,1.39338,1.39401,3044,0,0
2021-06-23 04:00:00,1.3940299999999999,1.39432,1.39242,1.3931200000000001,4396,0,0
2021-06-23 08:00:00,1.3931200000000001,1.39878,1.39245,1.39698,13500,0,0
2021-06-23 12:00:00,1.39698,1.39935,1.39531,1.39811,13846,0,0
2021-06-23 16:00:00,1.3981,1.40015,1.39582,1.39634,17570,0,0
2021-06-23 20:00:00,1.39634,1.3972,1.39516,1.39608,7697,0,0
2021-06-24 00:00:00,1.39592,1.3969,1.39566,1.39625,2846,0,0
2021-06-24 04:00:00,1.39626,1.39669,1.39513,1.396,5166,0,0
2021-06-24 08:00:00,1.39598,1.39867,1.39487,1.39706,12888,0,0
2021-06-24 12:00:00,1.39706,1.39821,1.38906,1.3927399999999999,16379,0,0
2021-06-24 16:00:00,1.3927399999999999,1.39303,1.38897,1.39162,15600,0,0
2021-06-24 20:00:00,1.39161,1.39386,1.3915199999999999,1.39211,8548,0,0
2021-06-25 00:00:00,1.39174,1.39242,1.39092,1.39164,2720,0,0
2021-06-25 04:00:00,1.39165,1.39355,1.39165,1.39232,6241,0,0
2021-06-25 08:00:00,1.39232,1.39326,1.38961,1.39115,11989,0,0
2021-06-25 12:00:00,1.39114,1.39164,1.38911,1.39044,14300,0,0
2021-06-25 16:00:00,1.39045,1.3931200000000001,1.38946,1.39022,15731,0,0
2021-06-25 20:00:00,1.39022,1.39033,1.38716,1.38782,7006,0,0
2021-06-28 00:00:00,1.38833,1.38961,1.38737,1.38909,3188,0,0
2021-06-28 04:00:00,1.38907,1.38928,1.38761,1.3890799999999999,5903,0,0
2021-06-28 08:00:00,1.3890799999999999,1.39395,1.38895,1.39248,12231,0,0
2021-06-28 12:00:00,1.39248,1.39285,1.38862,1.39017,12327,0,0
2021-06-28 16:00:00,1.39017,1.39263,1.38806,1.38833,15732,0,0
2021-06-28 20:00:00,1.38833,1.3888099999999999,1.38706,1.38794,5824,0,0
2021-06-29 00:00:00,1.38794,1.38822,1.38594,1.3862999999999999,3135,0,0
2021-06-29 04:00:00,1.3862999999999999,1.38707,1.38584,1.38643,4642,0,0
2021-06-29 08:00:00,1.38643,1.3879299999999999,1.38364,1.38364,11714,0,0
2021-06-29 12:00:00,1.38365,1.38648,1.3813900000000001,1.38236,16693,0,0
2021-06-29 16:00:00,1.38231,1.38518,1.38153,1.38411,14604,0,0
2021-06-29 20:00:00,1.38406,1.38531,1.38371,1.38416,4325,0,0
2021-06-30 00:00:00,1.38358,1.38545,1.38307,1.38531,2526,0,0
2021-06-30 04:00:00,1.38531,1.38605,1.38432,1.3848799999999999,5626,0,0
2021-06-30 08:00:00,1.38487,1.38561,1.38158,1.38346,12857,0,0
2021-06-30 12:00:00,1.38346,1.3872499999999999,1.38312,1.38427,16469,0,0
2021-06-30 16:00:00,1.38426,1.38449,1.37999,1.38002,17481,0,0
2021-06-30 20:00:00,1.38003,1.38377,1.3798300000000001,1.38324,8086,0,0
2021-07-01 00:00:00,1.38226,1.3833199999999999,1.38118,1.38119,3000,0,0
2021-07-01 04:00:00,1.38122,1.38217,1.38105,1.3817300000000001,4400,0,0
2021-07-01 08:00:00,1.3817300000000001,1.38343,1.37741,1.37799,12656,0,0
2021-07-01 12:00:00,1.37799,1.38178,1.37648,1.38106,15157,0,0
2021-07-01 16:00:00,1.38105,1.38204,1.37611,1.3765800000000001,16346,0,0
2021-07-01 20:00:00,1.3765800000000001,1.3771200000000001,1.3752499999999999,1.37623,6897,0,0
2021-07-02 00:00:00,1.37656,1.37725,1.37515,1.37607,3112,0,0
2021-07-02 04:00:00,1.3761,1.37763,1.37574,1.37707,6300,0,0
2021-07-02 08:00:00,1.37708,1.37735,1.3743699999999999,1.37546,12395,0,0
2021-07-02 12:00:00,1.37546,1.3787,1.3731499999999999,1.37799,16851,0,0
2021-07-02 16:00:00,1.37795,1.3805,1.37591,1.38041,18694,0,0
2021-07-02 20:00:00,1.38041,1.38445,1.37989,1.38327,6929,0,0
2021-07-05 00:00:00,1.3824100000000001,1.38369,1.38069,1.38227,3091,0,0
2021-07-05 04:00:00,1.38227,1.3829500000000001,1.38185,1.38242,3915,0,0
2021-07-05 08:00:00,1.38242,1.3858,1.38184,1.38503,9969,0,0
2021-07-05 12:00:00,1.38503,1.38621,1.38441,1.38457,10365,0,0
2021-07-05 16:00:00,1.38457,1.38592,1.38379,1.38571,8100,0,0
2021-07-05 20:00:00,1.38572,1.38572,1.384,1.384,4587,0,0
2021-07-06 00:00:00,1.38352,1.38608,1.38352,1.38579,2176,0,0
2021-07-06 04:00:00,1.3858,1.38888,1.38561,1.3881000000000001,6368,0,0
2021-07-06 08:00:00,1.3881000000000001,1.38988,1.3851,1.38564,14294,0,0
2021-07-06 12:00:00,1.38564,1.3875199999999999,1.38346,1.38611,14433,0,0
2021-07-06 16:00:00,1.38608,1.38639,1.3773,1.37795,20774,0,0
2021-07-06 20:00:00,1.37797,1.38084,1.37778,1.37947,8597,0,0
2021-07-07 00:00:00,1.37974,1.38055,1.3789,1.37968,4194,0,0
2021-07-07 04:00:00,1.37968,1.38062,1.37926,1.38018,6314,0,0
2021-07-07 08:00:00,1.38018,1.38154,1.37774,1.37797,13198,0,0
2021-07-07 12:00:00,1.37796,1.38422,1.3779,1.38217,14747,0,0
2021-07-07 16:00:00,1.38215,1.3824100000000001,1.37541,1.37972,18342,0,0
2021-07-07 20:00:00,1.37972,1.38179,1.37892,1.3798599999999999,11617,0,0
2021-07-08 00:00:00,1.3796599999999999,1.3805100000000001,1.3789,1.3789799999999999,2639,0,0
2021-07-08 04:00:00,1.3789799999999999,1.37944,1.3774600000000001,1.3786100000000001,6486,0,0
2021-07-08 08:00:00,1.3786100000000001,1.37948,1.37602,1.37858,17963,0,0
2021-07-08 12:00:00,1.37859,1.37938,1.3742,1.37615,19138,0,0
2021-07-08 16:00:00,1.37614,1.37973,1.37546,1.37729,17775,0,0
2021-07-08 20:00:00,1.37729,1.37923,1.3761700000000001,1.37896,8192,0,0
2021-07-09 00:00:00,1.37818,1.37948,1.37718,1.37878,3498,0,0
2021-07-09 04:00:00,1.37878,1.37888,1.3767,1.37747,8861,0,0
2021-07-09 08:00:00,1.37747,1.37926,1.3755600000000001,1.37779,15195,0,0
2021-07-09 12:00:00,1.37778,1.3841700000000001,1.3771200000000001,1.38403,18214,0,0
2021-07-09 16:00:00,1.38403,1.38768,1.38238,1.38584,15493,0,0
2021-07-09 20:00:00,1.38584,1.3901,1.38574,1.38984,6598,0,0
2021-07-12 00:00:00,1.38832,1.39014,1.38832,1.39002,4020,0,0
2021-07-12 04:00:00,1.39002,1.39096,1.38831,1.38917,6548,0,0
2021-07-12 08:00:00,1.38917,1.3894,1.38559,1.38599,10898,0,0
2021-07-12 12:00:00,1.38599,1.38727,1.38391,1.38463,14161,0,0
2021-07-12 16:00:00,1.38464,1.3905,1.38397,1.38816,14656,0,0
2021-07-12 20:00:00,1.38816,1.38848,1.3872,1.38803,5821,0,0
2021-07-13 00:00:00,1.38726,1.38946,1.38726,1.38923,2820,0,0
2021-07-13 04:00:00,1.38923,1.39052,1.38829,1.38927,6619,0,0
2021-07-13 08:00:00,1.38928,1.38933,1.3850799999999999,1.38608,10596,0,0
2021-07-13 12:00:00,1.38606,1.38625,1.37998,1.38063,13400,0,0
2021-07-13 16:00:00,1.38063,1.3856,1.38018,1.38414,18064,0,0
2021-07-13 20:00:00,1.38414,1.3841700000000001,1.3808099999999999,1.38105,8606,0,0
2021-07-14 00:00:00,1.38077,1.38156,1.38011,1.38063,3377,0,0
2021-07-14 04:00:00,1.38063,1.3824,1.38057,1.38202,7621,0,0
2021-07-14 08:00:00,1.38202,1.38618,1.3819,1.38459,13036,0,0
2021-07-14 12:00:00,1.38459,1.3892,1.38347,1.38848,15514,0,0
2021-07-14 16:00:00,1.38849,1.3891499999999999,1.38482,1.38537,17888,0,0
2021-07-14 20:00:00,1.38538,1.38673,1.38504,1.38575,6979,0,0
2021-07-15 00:00:00,1.38544,1.38633,1.3835,1.3841,5651,0,0
2021-07-15 04:00:00,1.38414,1.3843,1.38216,1.38358,6904,0,0
2021-07-15 08:00:00,1.38357,1.3866399999999999,1.38132,1.38445,12415,0,0
2021-07-15 12:00:00,1.38445,1.38985,1.3830200000000001,1.38446,16761,0,0
2021-07-15 16:00:00,1.38445,1.3866800000000001,1.38233,1.38253,16780,0,0
2021-07-15 20:00:00,1.38253,1.3828,1.38046,1.38244,8900,0,0
2021-07-16 00:00:00,1.38248,1.38355,1.38201,1.38311,3124,0,0
2021-07-16 04:00:00,1.38312,1.38404,1.38239,1.38368,6724,0,0
2021-07-16 08:00:00,1.38372,1.3862,1.37911,1.38592,11835,0,0
2021-07-16 12:00:00,1.3859,1.3859,1.37997,1.38083,13046,0,0
2021-07-16 16:00:00,1.3808099999999999,1.38219,1.37726,1.3778000000000001,16361,0,0
2021-07-16 20:00:00,1.37779,1.37848,1.37607,1.37643,6845,0,0
2021-07-19 00:00:00,1.3761999999999999,1.37744,1.37483,1.3750200000000001,3610,0,0
2021-07-19 04:00:00,1.3750200000000001,1.37615,1.3747099999999999,1.37555,6823,0,0
2021-07-19 08:00:00,1.37555,1.37618,1.37022,1.3712,13895,0,0
2021-07-19 12:00:00,1.3712,1.37455,1.3688500000000001,1.37035,19040,0,0
2021-07-19 16:00:00,1.37035,1.3725,1.36624,1.3670200000000001,23220,0,0
2021-07-19 20:00:00,1.367,1.36804,1.3655,1.36756,11502,0,0
2021-07-20 00:00:00,1.36708,1.36784,1.36663,1.36692,3225,0,0
2021-07-20 04:00:00,1.36692,1.36897,1.36611,1.36707,7323,0,0
2021-07-20 08:00:00,1.36708,1.36725,1.36272,1.36652,14550,0,0
2021-07-20 12:00:00,1.36647,1.3677000000000001,1.35874,1.35941,16789,0,0
2021-07-20 16:00:00,1.35938,1.36314,1.3572,1.36296,20395,0,0
2021-07-20 20:00:00,1.36296,1.3633,1.36134,1.36284,7941,0,0
2021-07-21 00:00:00,1.3624,1.36421,1.36176,1.36342,5008,0,0
2021-07-21 04:00:00,1.3634,1.36352,1.36068,1.36145,6845,0,0
2021-07-21 08:00:00,1.36145,1.36343,1.35913,1.36286,12856,0,0
2021-07-21 12:00:00,1.36286,1.36388,1.35964,1.36362,14480,0,0
2021-07-21 16:00:00,1.36361,1.36991,1.36351,1.3698299999999999,17361,0,0
2021-07-21 20:00:00,1.36985,1.37235,1.3697599999999999,1.37085,6782,0,0
2021-07-22 00:00:00,1.37086,1.3716,1.36985,1.36987,2487,0,0
2021-07-22 04:00:00,1.36987,1.37194,1.36906,1.37161,5711,0,0
2021-07-22 08:00:00,1.37161,1.37583,1.37112,1.3732,11447,0,0
2021-07-22 12:00:00,1.37324,1.37806,1.37248,1.37686,14052,0,0
2021-07-22 16:00:00,1.37686,1.37873,1.3740299999999999,1.37663,18837,0,0
2021-07-22 20:00:00,1.37665,1.37791,1.37625,1.37677,6951,0,0
2021-07-23 00:00:00,1.37538,1.37802,1.37508,1.37741,3166,0,0
2021-07-23 04:00:00,1.37741,1.37761,1.37565,1.37577,5624,0,0
2021-07-23 08:00:00,1.37578,1.37662,1.37239,1.37314,13624,0,0
2021-07-23 12:00:00,1.3731499999999999,1.3768099999999999,1.37202,1.37672,14803,0,0
2021-07-23 16:00:00,1.37672,1.37732,1.37443,1.37588,13941,0,0
2021-07-23 20:00:00,1.37588,1.37632,1.37455,1.3747500000000001,4671,0,0
2021-07-26 00:00:00,1.3750200000000001,1.37645,1.3740299999999999,1.3747099999999999,3788,0,0
2021-07-26 04:00:00,1.3747099999999999,1.37561,1.37413,1.37537,8054,0,0
2021-07-26 08:00:00,1.37537,1.3773,1.37367,1.37677,13293,0,0
2021-07-26 12:00:00,1.37677,1.38002,1.37635,1.37786,12948,0,0
2021-07-26 16:00:00,1.37785,1.38334,1.3777,1.3827099999999999,14731,0,0
2021-07-26 20:00:00,1.3827099999999999,1.38294,1.3810799999999999,1.38186,5535,0,0
2021-07-27 00:00:00,1.38144,1.38315,1.38126,1.38245,4679,0,0
2021-07-27 04:00:00,1.38245,1.38293,1.38186,1.3828,4886,0,0
2021-07-27 08:00:00,1.3828,1.38287,1.37667,1.37793,13109,0,0
2021-07-27 12:00:00,1.37791,1.38244,1.37734,1.38235,11922,0,0
2021-07-27 16:00:00,1.38235,1.38923,1.38037,1.3884699999999999,16265,0,0
2021-07-27 20:00:00,1.3884699999999999,1.38937,1.3876,1.38777,5343,0,0
2021-07-28 00:00:00,1.38744,1.38893,1.38738,1.38762,3143,0,0
2021-07-28 04:00:00,1.38763,1.38895,1.38704,1.38704,4305,0,0
2021-07-28 08:00:00,1.38704,1.38948,1.38618,1.38943,9365,0,0
2021-07-28 12:00:00,1.38943,1.38945,1.3864,1.38682,10681,0,0
2021-07-28 16:00:00,1.38681,1.38894,1.38452,1.38846,11798,0,0
2021-07-28 20:00:00,1.38846,1.3911,1.38423,1.38993,14845,0,0
2021-07-29 00:00:00,1.38982,1.39084,1.38922,1.39042,2726,0,0
2021-07-29 04:00:00,1.39042,1.39316,1.3902700000000001,1.39287,5583,0,0
2021-07-29 08:00:00,1.39287,1.39699,1.39265,1.39585,8754,0,0
2021-07-29 12:00:00,1.39585,1.39728,1.3946100000000001,1.39544,9398,0,0
2021-07-29 16:00:00,1.39547,1.39819,1.39512,1.3964400000000001,10382,0,0
2021-07-29 20:00:00,1.39645,1.3970799999999999,1.39585,1.39612,4001,0,0
2021-07-30 00:00:00,1.39558,1.3971,1.39482,1.39485,3535,0,0
2021-07-30 04:00:00,1.39486,1.39564,1.39413,1.39482,3712,0,0
2021-07-30 08:00:00,1.39483,1.39794,1.3934199999999999,1.39765,6480,0,0
2021-07-30 12:00:00,1.39765,1.39832,1.39476,1.3948800000000001,11039,0,0
2021-07-30 16:00:00,1.39487,1.396,1.38903,1.38991,13575,0,0
2021-07-30 20:00:00,1.38991,1.3912900000000001,1.38879,1.39009,5427,0,0
2021-08-02 00:00:00,1.38936,1.39045,1.38858,1.3900299999999999,3230,0,0
2021-08-02 04:00:00,1.3900299999999999,1.39036,1.38863,1.38989,4632,0,0
2021-08-02 08:00:00,1.38987,1.39324,1.3896,1.39211,7363,0,0
2021-08-02 12:00:00,1.39208,1.39246,1.38841,1.389,7876,0,0
2021-08-02 16:00:00,1.389,1.39179,1.38755,1.38953,13386,0,0
2021-08-02 20:00:00,1.38953,1.38954,1.38792,1.38867,5513,0,0
2021-08-03 00:00:00,1.38754,1.39011,1.38739,1.38941,1981,0,0
2021-08-03 04:00:00,1.38941,1.39043,1.38868,1.3895,4519,0,0
2021-08-03 08:00:00,1.3895,1.39248,1.3888,1.39128,8725,0,0
2021-08-03 12:00:00,1.39128,1.39386,1.39066,1.3921700000000001,9033,0,0
2021-08-03 16:00:00,1.39225,1.39243,1.38824,1.3917,14367,0,0
2021-08-03 20:00:00,1.39171,1.39187,1.39075,1.39136,4146,0,0
2021-08-04 00:00:00,1.39101,1.39176,1.39004,1.39029,2604,0,0
2021-08-04 04:00:00,1.39029,1.39329,1.3902700000000001,1.39267,2985,0,0
2021-08-04 08:00:00,1.39267,1.39468,1.39182,1.39319,7631,0,0
2021-08-04 12:00:00,1.39318,1.39419,1.39185,1.39389,9628,0,0
2021-08-04 16:00:00,1.39386,1.39578,1.3893,1.38975,14987,0,0
2021-08-04 20:00:00,1.38975,1.39058,1.38857,1.3888099999999999,4303,0,0
2021-08-05 00:00:00,1.38873,1.38974,1.3885100000000001,1.38869,1983,0,0
2021-08-05 04:00:00,1.3887,1.3894,1.38775,1.38904,3039,0,0
2021-08-05 08:00:00,1.38904,1.39243,1.38721,1.3915,8834,0,0
2021-08-05 12:00:00,1.3914900000000001,1.39456,1.39016,1.39056,12615,0,0
2021-08-05 16:00:00,1.39052,1.39489,1.3899,1.39313,11615,0,0
2021-08-05 20:00:00,1.39313,1.39381,1.39257,1.3928,4738,0,0
2021-08-06 00:00:00,1.3927100000000001,1.39325,1.39169,1.39184,2889,0,0
2021-08-06 04:00:00,1.39191,1.39234,1.3914900000000001,1.39207,2571,0,0
2021-08-06 08:00:00,1.39207,1.39328,1.39099,1.39176,6125,0,0
2021-08-06 12:00:00,1.39177,1.39299,1.38941,1.3902,10127,0,0
2021-08-06 16:00:00,1.39019,1.39073,1.38609,1.38656,10875,0,0
2021-08-06 20:00:00,1.38657,1.38815,1.38648,1.3873,3595,0,0
2021-08-09 00:00:00,1.38704,1.3878,1.3855,1.3860700000000001,5286,0,0
2021-08-09 04:00:00,1.3860700000000001,1.38708,1.38565,1.38703,3941,0,0
2021-08-09 08:00:00,1.38703,1.38906,1.3850500000000001,1.38575,7261,0,0
2021-08-09 12:00:00,1.38575,1.38948,1.38559,1.38833,8934,0,0
2021-08-09 16:00:00,1.38832,1.38895,1.38411,1.38477,9757,0,0
2021-08-09 20:00:00,1.38477,1.38587,1.38437,1.38459,4153,0,0
2021-08-10 00:00:00,1.38443,1.38514,1.38426,1.38509,1412,0,0
2021-08-10 04:00:00,1.3851200000000001,1.3851499999999999,1.38361,1.38445,2595,0,0
2021-08-10 08:00:00,1.38445,1.38726,1.38402,1.38644,6119,0,0
2021-08-10 12:00:00,1.38645,1.38659,1.38516,1.38525,6709,0,0
2021-08-10 16:00:00,1.38525,1.38686,1.38278,1.38326,10473,0,0
2021-08-10 20:00:00,1.38326,1.38434,1.38312,1.38382,4637,0,0
2021-08-11 00:00:00,1.38401,1.38418,1.38196,1.3823699999999999,2180,0,0
2021-08-11 04:00:00,1.3823699999999999,1.38336,1.38205,1.38287,2164,0,0
2021-08-11 08:00:00,1.38287,1.38333,1.38075,1.38095,6611,0,0
2021-08-11 12:00:00,1.38095,1.38762,1.38028,1.38602,9329,0,0
2021-08-11 16:00:00,1.38601,1.38794,1.38472,1.38792,10927,0,0
2021-08-11 20:00:00,1.38792,1.3888,1.3863400000000001,1.38643,4572,0,0
2021-08-12 00:00:00,1.38602,1.3874,1.38602,1.3871,2396,0,0
2021-08-12 04:00:00,1.3871,1.3875199999999999,1.38642,1.38683,4002,0,0
2021-08-12 08:00:00,1.38684,1.38787,1.38555,1.38628,5720,0,0
2021-08-12 12:00:00,1.3862700000000001,1.3866100000000001,1.38373,1.38471,7243,0,0
2021-08-12 16:00:00,1.38474,1.38475,1.38168,1.38168,8155,0,0
2021-08-12 20:00:00,1.38168,1.3818,1.37951,1.38072,5498,0,0
2021-08-13 00:00:00,1.38001,1.38137,1.38001,1.38101,2104,0,0
2021-08-13 04:00:00,1.38101,1.38168,1.38042,1.3814,1715,0,0
2021-08-13 08:00:00,1.3814,1.3815,1.37908,1.38,4950,0,0
2021-08-13 12:00:00,1.38002,1.38342,1.3792,1.38301,6444,0,0
2021-08-13 16:00:00,1.383,1.38712,1.383,1.3866800000000001,9420,0,0
2021-08-13 20:00:00,1.3866800000000001,1.38753,1.38643,1.38696,3709,0,0
2021-08-16 00:00:00,1.38666,1.38728,1.38492,1.38577,2086,0,0
2021-08-16 04:00:00,1.38577,1.38667,1.38514,1.3856,2137,0,0
2021-08-16 08:00:00,1.38555,1.38679,1.3838300000000001,1.38604,5941,0,0
2021-08-16 12:00:00,1.38604,1.38784,1.38483,1.38647,7526,0,0
2021-08-16 16:00:00,1.38647,1.38724,1.38276,1.38456,10974,0,0
2021-08-16 20:00:00,1.38456,1.38456,1.38358,1.38408,2953,0,0
2021-08-17 00:00:00,1.3847,1.3847,1.38334,1.38348,1930,0,0
2021-08-17 04:00:00,1.38348,1.38366,1.38144,1.3819,3325,0,0
2021-08-17 08:00:00,1.38191,1.383,1.37877,1.38091,9169,0,0
2021-08-17 12:00:00,1.38091,1.38119,1.37667,1.37733,9618,0,0
2021-08-17 16:00:00,1.37736,1.3776,1.3726099999999999,1.37267,11668,0,0
2021-08-17 20:00:00,1.37267,1.37423,1.37267,1.37361,4865,0,0
2021-08-18 00:00:00,1.3735,1.3743,1.37238,1.3740999999999999,1911,0,0
2021-08-18 04:00:00,1.3740999999999999,1.37592,1.37388,1.37426,4074,0,0
2021-08-18 08:00:00,1.37425,1.3763,1.37306,1.3757,5693,0,0
2021-08-18 12:00:00,1.37574,1.37691,1.37473,1.37667,6417,0,0
2021-08-18 16:00:00,1.37667,1.37707,1.37447,1.37486,8024,0,0
2021-08-18 20:00:00,1.37486,1.3786100000000001,1.3746800000000001,1.37518,8645,0,0
2021-08-19 00:00:00,1.3751,1.37581,1.37324,1.37333,2982,0,0
2021-08-19 04:00:00,1.37335,1.3739,1.37119,1.37208,3765,0,0
2021-08-19 08:00:00,1.37208,1.37219,1.36743,1.36765,10150,0,0
2021-08-19 12:00:00,1.36764,1.36992,1.36652,1.36809,9536,0,0
2021-08-19 16:00:00,1.36808,1.36942,1.36524,1.36531,12687,0,0
2021-08-19 20:00:00,1.36531,1.36537,1.36308,1.3631,6272,0,0
2021-08-20 00:00:00,1.3643,1.36433,1.3627500000000001,1.36402,2444,0,0
2021-08-20 04:00:00,1.36402,1.36411,1.36182,1.36331,3840,0,0
2021-08-20 08:00:00,1.3633199999999999,1.36346,1.3609200000000001,1.36218,8888,0,0
2021-08-20 12:00:00,1.36218,1.36226,1.36049,1.36051,7185,0,0
2021-08-20 16:00:00,1.36051,1.36359,1.3602,1.36276,10202,0,0
2021-08-20 20:00:00,1.36277,1.36292,1.36188,1.36226,5528,0,0
2021-08-23 00:00:00,1.36212,1.36445,1.36084,1.36419,2417,0,0
2021-08-23 04:00:00,1.36418,1.36548,1.36399,1.3648799999999999,3787,0,0
2021-08-23 08:00:00,1.3648799999999999,1.36623,1.36322,1.36541,7987,0,0
2021-08-23 12:00:00,1.36542,1.36996,1.3652,1.36967,8059,0,0
2021-08-23 16:00:00,1.36967,1.3725,1.3686099999999999,1.37218,9930,0,0
2021-08-23 20:00:00,1.37219,1.37323,1.37199,1.3721700000000001,3948,0,0
2021-08-24 00:00:00,1.37096,1.37271,1.37096,1.37162,1819,0,0
2021-08-24 04:00:00,1.37162,1.37262,1.37108,1.3726,2117,0,0
2021-08-24 08:00:00,1.3726,1.37478,1.36939,1.37088,7505,0,0
2021-08-24 12:00:00,1.37086,1.37327,1.37042,1.37122,7277,0,0
2021-08-24 16:00:00,1.37122,1.37476,1.37086,1.37219,8354,0,0
2021-08-24 20:00:00,1.37219,1.3731900000000001,1.37207,1.3726099999999999,3201,0,0
2021-08-25 00:00:00,1.37234,1.3732199999999999,1.37179,1.37199,2104,0,0
2021-08-25 04:00:00,1.37199,1.37236,1.3714,1.37179,3303,0,0
2021-08-25 08:00:00,1.37179,1.3743400000000001,1.37067,1.37297,6726,0,0
2021-08-25 12:00:00,1.37297,1.37335,1.36968,1.3703699999999999,6429,0,0
2021-08-25 16:00:00,1.37031,1.37398,1.36999,1.37382,10394,0,0
2021-08-25 20:00:00,1.37381,1.3767,1.37357,1.37637,5610,0,0
2021-08-26 00:00:00,1.37544,1.37679,1.37462,1.37608,2650,0,0
2021-08-26 04:00:00,1.37608,1.37608,1.37497,1.37561,3174,0,0
2021-08-26 08:00:00,1.37561,1.37585,1.37313,1.37352,7676,0,0
2021-08-26 12:00:00,1.37353,1.3750200000000001,1.37181,1.37189,9411,0,0
2021-08-26 16:00:00,1.37188,1.37363,1.37024,1.37029,13147,0,0
2021-08-26 20:00:00,1.37029,1.37077,1.36896,1.36991,5115,0,0
2021-08-27 00:00:00,1.36926,1.37031,1.3679999999999999,1.36823,2351,0,0
2021-08-27 04:00:00,1.3682400000000001,1.3701400000000001,1.36802,1.3701400000000001,3566,0,0
2021-08-27 08:00:00,1.3701400000000001,1.3721,1.3694,1.37025,8141,0,0
2021-08-27 12:00:00,1.37025,1.37298,1.3696,1.37247,10336,0,0
2021-08-27 16:00:00,1.3725100000000001,1.3780999999999999,1.37022,1.37779,18142,0,0
2021-08-27 20:00:00,1.37779,1.37792,1.37555,1.37609,4801,0,0
2021-08-30 00:00:00,1.37609,1.37659,1.37497,1.37628,3348,0,0
2021-08-30 04:00:00,1.37628,1.3775,1.37582,1.37702,5008,0,0
2021-08-30 08:00:00,1.37701,1.37748,1.37508,1.3762699999999999,5994,0,0
2021-08-30 12:00:00,1.37628,1.37677,1.37398,1.37408,6441,0,0
2021-08-30 16:00:00,1.37406,1.37642,1.37339,1.37553,7348,0,0
2021-08-30 20:00:00,1.3755,1.37674,1.37538,1.3756599999999999,2526,0,0
2021-08-31 00:00:00,1.37546,1.3765399999999999,1.3749,1.37625,2395,0,0
2021-08-31 04:00:00,1.37625,1.37819,1.37575,1.37793,3674,0,0
2021-08-31 08:00:00,1.37793,1.3801,1.37692,1.37692,8427,0,0
2021-08-31 12:00:00,1.37692,1.37919,1.37592,1.37838,11961,0,0
2021-08-31 16:00:00,1.3784100000000001,1.38074,1.37428,1.37516,14422,0,0
2021-08-31 20:00:00,1.37516,1.37596,1.3747099999999999,1.37547,4906,0,0
2021-09-01 00:00:00,1.37488,1.37583,1.37358,1.37371,2267,0,0
2021-09-01 04:00:00,1.37371,1.37412,1.37308,1.37353,3531,0,0
2021-09-01 08:00:00,1.37353,1.3765100000000001,1.37309,1.37561,9399,0,0
2021-09-01 12:00:00,1.37561,1.37907,1.37442,1.3786800000000001,9338,0,0
2021-09-01 16:00:00,1.3786800000000001,1.37982,1.37741,1.37839,11840,0,0
2021-09-01 20:00:00,1.3784,1.3784100000000001,1.37668,1.3769,4673,0,0
2021-09-02 00:00:00,1.37659,1.37769,1.37659,1.3774600000000001,2264,0,0
2021-09-02 04:00:00,1.3774600000000001,1.37802,1.37709,1.37709,3193,0,0
2021-09-02 08:00:00,1.37709,1.37914,1.37707,1.3786100000000001,7809,0,0
2021-09-02 12:00:00,1.37862,1.38014,1.37822,1.3786399999999999,8064,0,0
2021-09-02 16:00:00,1.3786399999999999,1.3836300000000001,1.37817,1.38319,11006,0,0
2021-09-02 20:00:00,1.38319,1.38396,1.38285,1.38327,4126,0,0
2021-09-03 00:00:00,1.38328,1.38455,1.38297,1.3844,1646,0,0
2021-09-03 04:00:00,1.3844,1.38453,1.38317,1.3832200000000001,2857,0,0
2021-09-03 08:00:00,1.38323,1.3841,1.38246,1.38347,6214,0,0
2021-09-03 12:00:00,1.38346,1.3867099999999999,1.38178,1.38499,11332,0,0
2021-09-03 16:00:00,1.38502,1.38747,1.38377,1.38742,13447,0,0
2021-09-03 20:00:00,1.38742,1.38916,1.38534,1.38548,5070,0,0
2021-09-06 00:00:00,1.38574,1.38679,1.38504,1.3854899999999999,2705,0,0
2021-09-06 04:00:00,1.3854899999999999,1.38593,1.3843,1.38442,3799,0,0
2021-09-06 08:00:00,1.38443,1.38556,1.38362,1.38419,6683,0,0
2021-09-06 12:00:00,1.38419,1.38467,1.38311,1.38384,5746,0,0
2021-09-06 16:00:00,1.38387,1.38403,1.38183,1.38318,5808,0,0
2021-09-06 20:00:00,1.38318,1.38373,1.3827,1.38348,5416,0,0
2021-09-07 00:00:00,1.38313,1.3852,1.38251,1.38477,2365,0,0
2021-09-07 04:00:00,1.38476,1.3856600000000001,1.38381,1.38381,4378,0,0
2021-09-07 08:00:00,1.38382,1.38499,1.38099,1.3817599999999999,10105,0,0
2021-09-07 12:00:00,1.3817599999999999,1.38244,1.37677,1.37804,12803,0,0
2021-09-07 16:00:00,1.37804,1.38001,1.3767800000000001,1.37891,12002,0,0
2021-09-07 20:00:00,1.3789,1.37961,1.37792,1.37828,4790,0,0
2021-09-08 00:00:00,1.3783400000000001,1.37882,1.3774899999999999,1.3786399999999999,2631,0,0
2021-09-08 04:00:00,1.3786399999999999,1.37903,1.3777,1.37792,3240,0,0
2021-09-08 08:00:00,1.37792,1.37797,1.3750200000000001,1.37634,10956,0,0
2021-09-08 12:00:00,1.37633,1.3778299999999999,1.37531,1.37655,10321,0,0
2021-09-08 16:00:00,1.3765399999999999,1.37831,1.37263,1.37711,14432,0,0
2021-09-08 20:00:00,1.37711,1.3784399999999999,1.37682,1.37699,5273,0,0
2021-09-09 00:00:00,1.37675,1.3774,1.37591,1.3761,2308,0,0
2021-09-09 04:00:00,1.3761,1.37733,1.37531,1.37575,4703,0,0
2021-09-09 08:00:00,1.37575,1.3812,1.37554,1.3811,10188,0,0
2021-09-09 12:00:00,1.3810799999999999,1.38421,1.38052,1.38369,13110,0,0
2021-09-09 16:00:00,1.38368,1.38596,1.38248,1.38565,13525,0,0
2021-09-09 20:00:00,1.38565,1.3862700000000001,1.38342,1.38362,6371,0,0
2021-09-10 00:00:00,1.38348,1.38461,1.38284,1.38415,2886,0,0
2021-09-10 04:00:00,1.38415,1.38517,1.38328,1.3848799999999999,4056,0,0
2021-09-10 08:00:00,1.3848799999999999,1.38849,1.38398,1.3878300000000001,9283,0,0
2021-09-10 12:00:00,1.38782,1.38884,1.38641,1.3879299999999999,9289,0,0
2021-09-10 16:00:00,1.38791,1.38798,1.38415,1.38537,11977,0,0
2021-09-10 20:00:00,1.38534,1.38558,1.3826100000000001,1.38292,5259,0,0
2021-09-13 00:00:00,1.3832900000000001,1.38431,1.38262,1.38347,2167,0,0
2021-09-13 04:00:00,1.38348,1.38461,1.38224,1.38256,5467,0,0
2021-09-13 08:00:00,1.38256,1.3826800000000001,1.37972,1.38168,10246,0,0
2021-09-13 12:00:00,1.38168,1.38418,1.38143,1.3836,9141,0,0
2021-09-13 16:00:00,1.3836,1.3851200000000001,1.38138,1.38354,12923,0,0
2021-09-13 20:00:00,1.38354,1.38423,1.38266,1.38423,5881,0,0
2021-09-14 00:00:00,1.38334,1.38438,1.38294,1.38402,1737,0,0
2021-09-14 04:00:00,1.38399,1.38504,1.38376,1.38396,5155,0,0
2021-09-14 08:00:00,1.38396,1.38827,1.38297,1.3866800000000001,10308,0,0
2021-09-14 12:00:00,1.3867,1.39065,1.38507,1.39029,10902,0,0
2021-09-14 16:00:00,1.39029,1.39134,1.38397,1.3849,14066,0,0
2021-09-14 20:00:00,1.3849,1.38502,1.38038,1.3808500000000001,6164,0,0
2021-09-15 00:00:00,1.38064,1.38127,1.3803,1.38037,5132,0,0
2021-09-15 04:00:00,1.38037,1.38096,1.37926,1.3808,3718,0,0
2021-09-15 08:00:00,1.3808099999999999,1.3843,1.3798,1.3835,9868,0,0
2021-09-15 12:00:00,1.38351,1.3835600000000001,1.3813,1.38229,10486,0,0
2021-09-15 16:00:00,1.38236,1.3854,1.38178,1.38275,13546,0,0
2021-09-15 20:00:00,1.38275,1.38467,1.38254,1.38381,4289,0,0
2021-09-16 00:00:00,1.38372,1.38526,1.3827099999999999,1.3848799999999999,2128,0,0
2021-09-16 04:00:00,1.3848799999999999,1.3848799999999999,1.38323,1.38345,3748,0,0
2021-09-16 08:00:00,1.38345,1.38381,1.38124,1.38226,9702,0,0
2021-09-16 12:00:00,1.38227,1.38416,1.38006,1.38068,11164,0,0
2021-09-16 16:00:00,1.38068,1.38068,1.37647,1.37828,12377,0,0
2021-09-16 20:00:00,1.3783,1.38026,1.3775,1.37879,6087,0,0
2021-09-17 00:00:00,1.3789799999999999,1.37999,1.37792,1.37848,3184,0,0
2021-09-17 04:00:00,1.37846,1.38074,1.3784100000000001,1.38068,3723,0,0
2021-09-17 08:00:00,1.38068,1.38129,1.37866,1.37954,8587,0,0
2021-09-17 12:00:00,1.37954,1.38076,1.37758,1.37978,10656,0,0
2021-09-17 16:00:00,1.37978,1.38057,1.37414,1.37472,14121,0,0
2021-09-17 20:00:00,1.3747099999999999,1.37555,1.37274,1.3729,5249,0,0
2021-09-20 00:00:00,1.37372,1.37483,1.3721700000000001,1.3725,2394,0,0
2021-09-20 04:00:00,1.3725,1.3725100000000001,1.3700700000000001,1.37052,3614,0,0
2021-09-20 08:00:00,1.37052,1.37152,1.36619,1.36738,9830,0,0
2021-09-20 12:00:00,1.36743,1.36996,1.3646099999999999,1.3670499999999999,10370,0,0
2021-09-20 16:00:00,1.3670499999999999,1.36853,1.3643399999999999,1.3643399999999999,13131,0,0
2021-09-20 20:00:00,1.36432,1.36659,1.36406,1.3651200000000001,6430,0,0
2021-09-21 00:00:00,1.3651,1.36649,1.36449,1.36534,3302,0,0
2021-09-21 04:00:00,1.36534,1.3675,1.36489,1.36741,4300,0,0
2021-09-21 08:00:00,1.36741,1.36923,1.36628,1.36845,10551,0,0
2021-09-21 12:00:00,1.36847,1.36927,1.36642,1.36689,10488,0,0
2021-09-21 16:00:00,1.36692,1.3673199999999999,1.3641,1.36615,15522,0,0
2021-09-21 20:00:00,1.3661400000000001,1.36744,1.365,1.36596,8161,0,0
2021-09-22 00:00:00,1.36534,1.36632,1.3649200000000001,1.36562,3112,0,0
2021-09-22 04:00:00,1.36562,1.36782,1.36471,1.3652199999999999,5524,0,0
2021-09-22 08:00:00,1.36521,1.36602,1.3633,1.36385,10538,0,0
2021-09-22 12:00:00,1.36384,1.36503,1.36176,1.3627099999999999,9432,0,0
2021-09-22 16:00:00,1.36272,1.36689,1.36158,1.3653,11768,0,0
2021-09-22 20:00:00,1.3653,1.36894,1.36094,1.3616,17300,0,0
2021-09-23 00:00:00,1.36186,1.36276,1.36105,1.36171,5837,0,0
2021-09-23 04:00:00,1.3617,1.36463,1.36139,1.36463,4492,0,0
2021-09-23 08:00:00,1.36462,1.36722,1.36337,1.36548,11022,0,0
2021-09-23 12:00:00,1.36548,1.37257,1.36539,1.37245,16658,0,0
2021-09-23 16:00:00,1.37239,1.3750499999999999,1.37056,1.37446,13117,0,0
2021-09-23 20:00:00,1.37449,1.37461,1.37178,1.37196,6819,0,0
2021-09-24 00:00:00,1.3716599999999999,1.37364,1.37115,1.37353,2818,0,0
2021-09-24 04:00:00,1.37353,1.37354,1.37162,1.37222,4956,0,0
2021-09-24 08:00:00,1.37222,1.37274,1.36975,1.3717,10986,0,0
2021-09-24 12:00:00,1.37171,1.37173,1.36609,1.36658,11515,0,0
2021-09-24 16:00:00,1.36657,1.3695,1.36578,1.3679299999999999,12347,0,0
2021-09-24 20:00:00,1.36792,1.36792,1.36594,1.36672,4702,0,0
2021-09-27 00:00:00,1.36653,1.36762,1.36568,1.36697,3218,0,0
2021-09-27 04:00:00,1.36697,1.36803,1.36646,1.36769,3534,0,0
2021-09-27 08:00:00,1.36769,1.3710499999999999,1.36582,1.37022,11470,0,0
2021-09-27 12:00:00,1.37022,1.37192,1.3681,1.37083,13557,0,0
2021-09-27 16:00:00,1.37082,1.37292,1.3691499999999999,1.37066,14352,0,0
2021-09-27 20:00:00,1.37065,1.37161,1.36959,1.36962,4819,0,0
2021-09-28 00:00:00,1.36928,1.37051,1.36906,1.36954,1631,0,0
2021-09-28 04:00:00,1.36954,1.37143,1.36881,1.37143,2574,0,0
2021-09-28 08:00:00,1.37143,1.37173,1.36597,1.36724,11460,0,0
2021-09-28 12:00:00,1.36724,1.3676599999999999,1.35312,1.35454,16514,0,0
2021-09-28 16:00:00,1.35454,1.35621,1.35235,1.35297,19065,0,0
2021-09-28 20:00:00,1.35296,1.35461,1.35208,1.3534,9151,0,0
2021-09-29 00:00:00,1.35336,1.35443,1.35282,1.3535,5653,0,0
2021-09-29 04:00:00,1.35354,1.35494,1.3529900000000001,1.35492,7366,0,0
2021-09-29 08:00:00,1.35494,1.3555,1.35002,1.35023,15237,0,0
2021-09-29 12:00:00,1.35023,1.353,1.3455,1.34628,13170,0,0
2021-09-29 16:00:00,1.3463,1.3469,1.3412,1.34246,16553,0,0
2021-09-29 20:00:00,1.34246,1.34419,1.3413,1.34253,8048,0,0
2021-09-30 00:00:00,1.34192,1.34415,1.34192,1.34415,2963,0,0
2021-09-30 04:00:00,1.34415,1.34598,1.34366,1.34484,5114,0,0
2021-09-30 08:00:00,1.34484,1.34576,1.3415599999999999,1.34388,10980,0,0
2021-09-30 12:00:00,1.34387,1.3479999999999999,1.34326,1.34742,11516,0,0
2021-09-30 16:00:00,1.3474,1.3517700000000001,1.34473,1.34613,17271,0,0
2021-09-30 20:00:00,1.34612,1.34847,1.34507,1.34747,9772,0,0
2021-10-01 00:00:00,1.34681,1.34806,1.34542,1.34543,4699,0,0
2021-10-01 04:00:00,1.34549,1.34629,1.34447,1.34589,6351,0,0
2021-10-01 08:00:00,1.3458999999999999,1.34825,1.34337,1.34742,17102,0,0
2021-10-01 12:00:00,1.34741,1.35471,1.34738,1.35427,16233,0,0
2021-10-01 16:00:00,1.35427,1.35758,1.35354,1.35613,19318,0,0
2021-10-01 20:00:00,1.35613,1.35662,1.3542399999999999,1.35456,6784,0,0
2021-10-04 00:00:00,1.35591,1.35768,1.35386,1.3558,2861,0,0
2021-10-04 04:00:00,1.3558,1.35582,1.35338,1.35476,4468,0,0
2021-10-04 08:00:00,1.35476,1.3568,1.35317,1.35595,12198,0,0
2021-10-04 12:00:00,1.35595,1.36109,1.3557299999999999,1.36053,12928,0,0
2021-10-04 16:00:00,1.36053,1.3639999999999999,1.35946,1.36074,16480,0,0
2021-10-04 20:00:00,1.36074,1.36182,1.3603399999999999,1.36076,7376,0,0
2021-10-05 00:00:00,1.36044,1.36128,1.3593199999999999,1.3595,2959,0,0
2021-10-05 04:00:00,1.35949,1.36062,1.35843,1.35893,5252,0,0
2021-10-05 08:00:00,1.35893,1.3627,1.3585,1.36199,12195,0,0
2021-10-05 12:00:00,1.36199,1.36429,1.3613,1.36226,11202,0,0
2021-10-05 16:00:00,1.36226,1.36478,1.3599700000000001,1.36411,17256,0,0
2021-10-05 20:00:00,1.36411,1.36445,1.36209,1.36255,7023,0,0
2021-10-06 00:00:00,1.36242,1.3631,1.36212,1.3624,3392,0,0
2021-10-06 04:00:00,1.3624,1.36291,1.35991,1.36053,4417,0,0
2021-10-06 08:00:00,1.36053,1.3614899999999999,1.35499,1.35508,14290,0,0
2021-10-06 12:00:00,1.35508,1.3590200000000001,1.35438,1.35828,15807,0,0
2021-10-06 16:00:00,1.35828,1.3590900000000001,1.35498,1.35541,18688,0,0
2021-10-06 20:00:00,1.3554300000000001,1.3591199999999999,1.35534,1.35819,10068,0,0
2021-10-07 00:00:00,1.35744,1.35974,1.35744,1.35934,4052,0,0
2021-10-07 04:00:00,1.35934,1.35954,1.35769,1.35818,2153,0,0
2021-10-07 08:00:00,1.35818,1.36051,1.35703,1.35872,11407,0,0
2021-10-07 12:00:00,1.35869,1.36177,1.35807,1.3595,12257,0,0
2021-10-07 16:00:00,1.3595,1.36382,1.35852,1.36215,13193,0,0
2021-10-07 20:00:00,1.36215,1.3625,1.36115,1.36124,6761,0,0
2021-10-08 00:00:00,1.36162,1.36229,1.36094,1.36185,1986,0,0
2021-10-08 04:00:00,1.36185,1.36208,1.36021,1.36023,3579,0,0
2021-10-08 08:00:00,1.36023,1.36074,1.35834,1.35998,9529,0,0
2021-10-08 12:00:00,1.35998,1.36575,1.35975,1.36403,11908,0,0
2021-10-08 16:00:00,1.36404,1.36487,1.36108,1.36168,17564,0,0
2021-10-08 20:00:00,1.36169,1.36258,1.3609499999999999,1.36169,6542,0,0
2021-10-11 00:00:00,1.3615300000000001,1.3642400000000001,1.3609200000000001,1.3639000000000001,2795,0,0
2021-10-11 04:00:00,1.3639000000000001,1.36559,1.36344,1.36407,4140,0,0
2021-10-11 08:00:00,1.36407,1.36738,1.36318,1.36476,11836,0,0
2021-10-11 12:00:00,1.36476,1.36481,1.36111,1.36204,10273,0,0
2021-10-11 16:00:00,1.36205,1.36511,1.36096,1.36104,9649,0,0
2021-10-11 20:00:00,1.36104,1.36109,1.35845,1.35942,7255,0,0
2021-10-12 00:00:00,1.35951,1.35962,1.35822,1.35853,3526,0,0
2021-10-12 04:00:00,1.35852,1.3603,1.35811,1.35968,4853,0,0
2021-10-12 08:00:00,1.3596599999999999,1.36121,1.35689,1.36008,11280,0,0
2021-10-12 12:00:00,1.36003,1.36376,1.35955,1.36075,12240,0,0
2021-10-12 16:00:00,1.36078,1.36219,1.35697,1.35872,17666,0,0
2021-10-12 20:00:00,1.3587,1.35976,1.35766,1.3585099999999999,7146,0,0
2021-10-13 00:00:00,1.35866,1.3597000000000001,1.35759,1.3596599999999999,2620,0,0
2021-10-13 04:00:00,1.35964,1.36185,1.35953,1.3618299999999999,3574,0,0
2021-10-13 08:00:00,1.3618299999999999,1.36386,1.3602,1.36277,11197,0,0
2021-10-13 12:00:00,1.36277,1.36446,1.35877,1.35954,14749,0,0
2021-10-13 16:00:00,1.35954,1.36518,1.35944,1.3642,17259,0,0
2021-10-13 20:00:00,1.36421,1.36651,1.36319,1.3660700000000001,8185,0,0
2021-10-14 00:00:00,1.36536,1.367,1.36534,1.36673,3586,0,0
2021-10-14 04:00:00,1.36674,1.36727,1.3658299999999999,1.3664399999999999,3822,0,0
2021-10-14 08:00:00,1.36646,1.37184,1.36612,1.37127,9380,0,0
2021-10-14 12:00:00,1.37127,1.3734600000000001,1.36994,1.37162,11284,0,0
2021-10-14 16:00:00,1.37162,1.3719299999999999,1.36754,1.36853,13957,0,0
2021-10-14 20:00:00,1.3685399999999999,1.36877,1.36677,1.36745,5584,0,0
2021-10-15 00:00:00,1.36699,1.36775,1.36676,1.3677000000000001,2320,0,0
2021-10-15 04:00:00,1.36776,1.36894,1.36711,1.36866,3025,0,0
2021-10-15 08:00:00,1.36865,1.37393,1.36746,1.37216,10935,0,0
2021-10-15 12:00:00,1.37215,1.37582,1.37175,1.3734,12422,0,0
2021-10-15 16:00:00,1.37345,1.37735,1.37329,1.37583,13282,0,0
2021-10-15 20:00:00,1.37583,1.37622,1.37397,1.37458,5662,0,0
2021-10-18 00:00:00,1.37544,1.37652,1.3742,1.37432,4901,0,0
2021-10-18 04:00:00,1.37432,1.37463,1.37273,1.37305,2873,0,0
2021-10-18 08:00:00,1.37305,1.3747500000000001,1.37164,1.3719299999999999,9554,0,0
2021-10-18 12:00:00,1.3719299999999999,1.37458,1.37186,1.37328,11203,0,0
2021-10-18 16:00:00,1.37329,1.37395,1.3709,1.37328,12651,0,0
2021-10-18 20:00:00,1.3733,1.37398,1.3726,1.37282,4869,0,0
2021-10-19 00:00:00,1.37223,1.37516,1.37206,1.37513,2871,0,0
2021-10-19 04:00:00,1.37513,1.37744,1.37473,1.37692,4021,0,0
2021-10-19 08:00:00,1.37693,1.37946,1.37682,1.37936,9692,0,0
2021-10-19 12:00:00,1.37935,1.38337,1.37876,1.38134,11578,0,0
2021-10-19 16:00:00,1.38134,1.3819,1.37914,1.3796599999999999,12158,0,0
2021-10-19 20:00:00,1.3796599999999999,1.38124,1.37884,1.37908,5209,0,0
2021-10-20 00:00:00,1.37928,1.37999,1.37869,1.37988,2795,0,0
2021-10-20 04:00:00,1.37988,1.3815,1.37913,1.38075,5620,0,0
2021-10-20 08:00:00,1.38076,1.38097,1.37684,1.37784,10014,0,0
2021-10-20 12:00:00,1.37782,1.3786,1.37423,1.37813,10069,0,0
2021-10-20 16:00:00,1.37814,1.38305,1.37747,1.38294,12091,0,0
2021-10-20 20:00:00,1.38294,1.38343,1.38206,1.38233,6079,0,0
2021-10-21 00:00:00,1.3820999999999999,1.38279,1.38083,1.38269,2365,0,0
2021-10-21 04:00:00,1.38269,1.38331,1.3813,1.38158,4908,0,0
2021-10-21 08:00:00,1.38158,1.38199,1.37914,1.38035,8998,0,0
2021-10-21 12:00:00,1.38035,1.38163,1.37858,1.38076,10217,0,0
2021-10-21 16:00:00,1.3808,1.38245,1.3795600000000001,1.37991,14240,0,0
2021-10-21 20:00:00,1.37988,1.37988,1.37762,1.3792900000000001,6631,0,0
2021-10-22 00:00:00,1.37897,1.37953,1.37826,1.3790499999999999,3727,0,0
2021-10-22 04:00:00,1.37904,1.38089,1.3789500000000001,1.3798599999999999,4398,0,0
2021-10-22 08:00:00,1.37988,1.38111,1.37707,1.38099,11479,0,0
2021-10-22 12:00:00,1.38101,1.38148,1.37797,1.37873,11094,0,0
2021-10-22 16:00:00,1.3787099999999999,1.3792499999999999,1.3736,1.3755,18602,0,0
2021-10-22 20:00:00,1.3755,1.37621,1.37408,1.37558,7317,0,0
2021-10-25 00:00:00,1.3743,1.3776,1.37422,1.37718,4864,0,0
2021-10-25 04:00:00,1.3771900000000001,1.37848,1.37595,1.37825,4727,0,0
2021-10-25 08:00:00,1.37825,1.37919,1.37594,1.37705,12791,0,0
2021-10-25 12:00:00,1.37706,1.37763,1.37417,1.37484,13251,0,0
2021-10-25 16:00:00,1.37484,1.37799,1.37455,1.37589,15240,0,0
2021-10-25 20:00:00,1.37588,1.37757,1.37588,1.37643,5446,0,0
2021-10-26 00:00:00,1.37657,1.37666,1.37568,1.37596,1990,0,0
2021-10-26 04:00:00,1.37595,1.3771900000000001,1.37573,1.37612,5680,0,0
2021-10-26 08:00:00,1.37613,1.3788,1.3757,1.3784399999999999,12926,0,0
2021-10-26 12:00:00,1.37843,1.38296,1.37798,1.38056,12717,0,0
2021-10-26 16:00:00,1.38058,1.3807,1.37585,1.37603,14532,0,0
2021-10-26 20:00:00,1.37603,1.37709,1.37584,1.3764,6173,0,0
2021-10-27 00:00:00,1.3765,1.37782,1.37602,1.3767800000000001,2911,0,0
2021-10-27 04:00:00,1.3767800000000001,1.37757,1.37653,1.37744,4637,0,0
2021-10-27 08:00:00,1.3774600000000001,1.37811,1.37223,1.37235,11443,0,0
2021-10-27 12:00:00,1.37235,1.37544,1.37103,1.37388,15061,0,0
2021-10-27 16:00:00,1.37386,1.37524,1.37093,1.3747500000000001,19984,0,0
2021-10-27 20:00:00,1.37474,1.37592,1.3732,1.37385,7550,0,0
2021-10-28 00:00:00,1.37396,1.3743,1.37238,1.3727800000000001,2976,0,0
2021-10-28 04:00:00,1.3727800000000001,1.37473,1.3721999999999999,1.37453,6793,0,0
2021-10-28 08:00:00,1.37459,1.3774,1.37351,1.375,13768,0,0
2021-10-28 12:00:00,1.37499,1.37641,1.37301,1.37588,16165,0,0
2021-10-28 16:00:00,1.37589,1.38151,1.37554,1.37918,21208,0,0
2021-10-28 20:00:00,1.3792,1.37971,1.37856,1.37946,8851,0,0
2021-10-29 00:00:00,1.37877,1.3804,1.37822,1.3795,3556,0,0
2021-10-29 04:00:00,1.37949,1.3799000000000001,1.37876,1.37882,4897,0,0
2021-10-29 08:00:00,1.37881,1.38019,1.37692,1.37718,11740,0,0
2021-10-29 12:00:00,1.37726,1.38006,1.37549,1.3759000000000001,14986,0,0
2021-10-29 16:00:00,1.37592,1.37755,1.36681,1.36731,19951,0,0
2021-10-29 20:00:00,1.36727,1.36985,1.36712,1.36938,8730,0,0
2021-11-01 00:00:00,1.36748,1.36896,1.36656,1.36746,3859,0,0
2021-11-01 04:00:00,1.36745,1.36859,1.36724,1.3673899999999999,4604,0,0
2021-11-01 08:00:00,1.36738,1.36875,1.36425,1.36574,10814,0,0
2021-11-01 12:00:00,1.36581,1.36899,1.36419,1.36855,12851,0,0
2021-11-01 16:00:00,1.3685399999999999,1.3693,1.36582,1.36601,16448,0,0
2021-11-01 20:00:00,1.36601,1.36645,1.36529,1.3664100000000001,6873,0,0
2021-11-02 00:00:00,1.36604,1.36727,1.36476,1.36505,3183,0,0
2021-11-02 04:00:00,1.36503,1.36618,1.36455,1.36594,5385,0,0
2021-11-02 08:00:00,1.36594,1.3667799999999999,1.36318,1.36327,11997,0,0
2021-11-02 12:00:00,1.36327,1.36613,1.36258,1.36612,12796,0,0
2021-11-02 16:00:00,1.3660999999999999,1.36638,1.36053,1.3606500000000001,14748,0,0
2021-11-02 20:00:00,1.36063,1.3625,1.3606,1.3616,5320,0,0
2021-11-03 00:00:00,1.36144,1.36194,1.3608799999999999,1.3618999999999999,2293,0,0
2021-11-03 04:00:00,1.3618700000000001,1.3633199999999999,1.36182,1.36303,6064,0,0
2021-11-03 08:00:00,1.36303,1.36345,1.36075,1.36205,9426,0,0
2021-11-03 12:00:00,1.36203,1.36645,1.3616,1.36572,10549,0,0
2021-11-03 16:00:00,1.36569,1.36665,1.36331,1.36632,13529,0,0
2021-11-03 20:00:00,1.36634,1.3692,1.36428,1.36853,17554,0,0
2021-11-04 00:00:00,1.3685,1.36985,1.3679999999999999,1.36805,2544,0,0
2021-11-04 04:00:00,1.36804,1.3683,1.3655,1.36569,4760,0,0
2021-11-04 08:00:00,1.3657,1.36704,1.36333,1.36439,9590,0,0
2021-11-04 12:00:00,1.3644,1.3651900000000001,1.35321,1.35445,14710,0,0
2021-11-04 16:00:00,1.35446,1.3563399999999999,1.34711,1.34913,18265,0,0
2021-11-04 20:00:00,1.34913,1.3504,1.34844,1.35009,6859,0,0
2021-11-05 00:00:00,1.34966,1.3508,1.34869,1.34982,2863,0,0
2021-11-05 04:00:00,1.34982,1.3502,1.3484,1.34958,4538,0,0
2021-11-05 08:00:00,1.3495599999999999,1.3509,1.34498,1.3451,8888,0,0
2021-11-05 12:00:00,1.3451,1.34638,1.34243,1.3446,15524,0,0
2021-11-05 16:00:00,1.34459,1.35045,1.34443,1.35039,16010,0,0
2021-11-05 20:00:00,1.35039,1.3507,1.34805,1.3495300000000001,7096,0,0
2021-11-08 00:00:00,1.34776,1.34945,1.34721,1.34729,6016,0,0
2021-11-08 04:00:00,1.34729,1.34871,1.34718,1.34866,3226,0,0
2021-11-08 08:00:00,1.34867,1.35005,1.34501,1.3489499999999999,9921,0,0
2021-11-08 12:00:00,1.34896,1.35504,1.3475,1.35418,10935,0,0
2021-11-08 16:00:00,1.35416,1.35798,1.35307,1.35576,12298,0,0
2021-11-08 20:00:00,1.35575,1.35683,1.35504,1.35662,6158,0,0
2021-11-09 00:00:00,1.35595,1.35672,1.3548,1.35545,4840,0,0
2021-11-09 04:00:00,1.35545,1.35824,1.3554,1.35768,5819,0,0
2021-11-09 08:00:00,1.35769,1.36067,1.35568,1.3599999999999999,10181,0,0
2021-11-09 12:00:00,1.35999,1.36009,1.3544800000000001,1.3557000000000001,10803,0,0
2021-11-09 16:00:00,1.3556599999999999,1.35701,1.35241,1.35648,16172,0,0
2021-11-09 20:00:00,1.35649,1.35682,1.35533,1.3556599999999999,6927,0,0
2021-11-10 00:00:00,1.35564,1.35618,1.35465,1.35508,2647,0,0
2021-11-10 04:00:00,1.35508,1.35648,1.35466,1.35516,4623,0,0
2021-11-10 08:00:00,1.35516,1.35636,1.35181,1.35352,11089,0,0
2021-11-10 12:00:00,1.35352,1.35404,1.34802,1.35066,13940,0,0
2021-11-10 16:00:00,1.35072,1.3538999999999999,1.34545,1.34586,19393,0,0
2021-11-10 20:00:00,1.34585,1.34607,1.34009,1.34024,13215,0,0
2021-11-11 00:00:00,1.34024,1.342,1.33983,1.34063,4603,0,0
2021-11-11 04:00:00,1.34062,1.34175,1.33926,1.3417,5219,0,0
2021-11-11 08:00:00,1.34168,1.3433,1.3363800000000001,1.33928,11623,0,0
2021-11-11 12:00:00,1.33922,1.34147,1.33837,1.34081,9010,0,0
2021-11-11 16:00:00,1.34083,1.34168,1.33692,1.33701,10811,0,0
2021-11-11 20:00:00,1.337,1.33712,1.3358400000000001,1.33658,4753,0,0
2021-11-12 00:00:00,1.33694,1.33716,1.33549,1.33571,3601,0,0
2021-11-12 04:00:00,1.33572,1.3370199999999999,1.33532,1.33694,2738,0,0
2021-11-12 08:00:00,1.33695,1.34115,1.33628,1.33942,8562,0,0
2021-11-12 12:00:00,1.3394300000000001,1.34063,1.33819,1.33979,10268,0,0
2021-11-12 16:00:00,1.33979,1.34246,1.33788,1.34223,13427,0,0
2021-11-12 20:00:00,1.3422399999999999,1.34263,1.34107,1.3413,5613,0,0
2021-11-15 00:00:00,1.34071,1.3437299999999999,1.34071,1.34372,5109,0,0
2021-11-15 04:00:00,1.34371,1.34398,1.34266,1.34369,3110,0,0
2021-11-15 08:00:00,1.3437000000000001,1.34395,1.3403,1.3414,8712,0,0
2021-11-15 12:00:00,1.3413599999999999,1.34436,1.34082,1.3436,9477,0,0
2021-11-15 16:00:00,1.3436,1.34494,1.34207,1.34228,14009,0,0
2021-11-15 20:00:00,1.34228,1.34363,1.34052,1.34119,5755,0,0
2021-11-16 00:00:00,1.34227,1.3427799999999999,1.34045,1.34245,4304,0,0
2021-11-16 04:00:00,1.34243,1.34383,1.34168,1.34178,3579,0,0
2021-11-16 08:00:00,1.34179,1.34728,1.34173,1.3466,12470,0,0
2021-11-16 12:00:00,1.3466,1.34663,1.3432,1.3458700000000001,12587,0,0
2021-11-16 16:00:00,1.34586,1.34586,1.34148,1.34288,17517,0,0
2021-11-16 20:00:00,1.34288,1.34433,1.34206,1.34283,7416,0,0
2021-11-17 00:00:00,1.3427,1.34366,1.342,1.34302,3144,0,0
2021-11-17 04:00:00,1.34302,1.3434,1.33962,1.34211,5337,0,0
2021-11-17 08:00:00,1.34209,1.34742,1.34205,1.34315,15354,0,0
2021-11-17 12:00:00,1.34315,1.34822,1.34169,1.34544,12770,0,0
2021-11-17 16:00:00,1.34545,1.34943,1.34517,1.34906,15919,0,0
2021-11-17 20:00:00,1.34905,1.34964,1.34792,1.34923,7621,0,0
2021-11-18 00:00:00,1.3479999999999999,1.34969,1.3479999999999999,1.34889,3508,0,0
2021-11-18 04:00:00,1.34888,1.35038,1.34836,1.34887,3866,0,0
2021-11-18 08:00:00,1.34886,1.3513600000000001,1.3486799999999999,1.34925,10804,0,0
2021-11-18 12:00:00,1.3492600000000001,1.35006,1.34638,1.34669,13182,0,0
2021-11-18 16:00:00,1.34668,1.35006,1.3464,1.34979,14848,0,0
2021-11-18 20:00:00,1.34977,1.3504800000000001,1.34939,1.34996,4770,0,0
2021-11-19 00:00:00,1.34844,1.3504,1.34844,1.34904,2336,0,0
2021-11-19 04:00:00,1.34903,1.34911,1.3481,1.34867,2543,0,0
2021-11-19 08:00:00,1.3486799999999999,1.35098,1.34193,1.34328,12993,0,0
2021-11-19 12:00:00,1.34329,1.34571,1.34073,1.3440699999999999,18736,0,0
2021-11-19 16:00:00,1.34406,1.34752,1.34396,1.34559,18321,0,0
2021-11-19 20:00:00,1.34559,1.34589,1.3440400000000001,1.3443399999999999,5947,0,0
2021-11-22 00:00:00,1.34481,1.3454,1.3428200000000001,1.34311,8141,0,0
2021-11-22 04:00:00,1.34314,1.3446500000000001,1.34276,1.34458,5776,0,0
2021-11-22 08:00:00,1.34459,1.3449,1.3418999999999999,1.34283,13641,0,0
2021-11-22 12:00:00,1.34287,1.34496,1.34261,1.34452,14871,0,0
2021-11-22 16:00:00,1.34449,1.3445,1.33901,1.33938,20623,0,0
2021-11-22 20:00:00,1.33939,1.33991,1.33846,1.3395000000000001,5623,0,0
2021-11-23 00:00:00,1.33966,1.34054,1.3391199999999999,1.33996,3259,0,0
2021-11-23 04:00:00,1.33996,1.3401,1.33822,1.3388200000000001,3631,0,0
2021-11-23 08:00:00,1.33883,1.3409499999999999,1.33744,1.3378700000000001,16804,0,0
2021-11-23 12:00:00,1.33788,1.33867,1.33422,1.33681,15418,0,0
2021-11-23 16:00:00,1.33681,1.33883,1.33523,1.33741,17035,0,0
2021-11-23 20:00:00,1.33742,1.3385099999999999,1.33658,1.33786,7436,0,0
2021-11-24 00:00:00,1.33745,1.33822,1.3366799999999999,1.33808,3818,0,0
2021-11-24 04:00:00,1.3381,1.33833,1.33692,1.338,4265,0,0
2021-11-24 08:00:00,1.33801,1.33899,1.3351899999999999,1.3354300000000001,15385,0,0
2021-11-24 12:00:00,1.33548,1.3378999999999999,1.33401,1.33532,15374,0,0
2021-11-24 16:00:00,1.33532,1.33583,1.3319,1.33235,19134,0,0
2021-11-24 20:00:00,1.33234,1.3335,1.33159,1.33279,7149,0,0
2021-11-25 00:00:00,1.3323800000000001,1.33442,1.33218,1.33362,2918,0,0
2021-11-25 04:00:00,1.3336299999999999,1.33523,1.33338,1.33441,2769,0,0
2021-11-25 08:00:00,1.33443,1.33535,1.33282,1.3334,8773,0,0
2021-11-25 12:00:00,1.3334,1.33378,1.33051,1.33142,10053,0,0
2021-11-25 16:00:00,1.3314300000000001,1.33267,1.33084,1.33246,7930,0,0
2021-11-25 20:00:00,1.33249,1.33318,1.33164,1.3321,14549,0,0
2021-11-26 00:00:00,1.33215,1.33224,1.32988,1.33042,4653,0,0
2021-11-26 04:00:00,1.33043,1.33075,1.32989,1.33051,6440,0,0
2021-11-26 08:00:00,1.33052,1.33341,1.3278400000000001,1.33148,20641,0,0
2021-11-26 12:00:00,1.33147,1.33491,1.33063,1.33382,15004,0,0
2021-11-26 16:00:00,1.33382,1.33456,1.33074,1.3334,18802,0,0
2021-11-26 20:00:00,1.33343,1.33623,1.33171,1.33322,10760,0,0
2021-11-29 00:00:00,1.33328,1.33436,1.33255,1.33357,5533,0,0
2021-11-29 04:00:00,1.33353,1.33413,1.33273,1.33381,4297,0,0
2021-11-29 08:00:00,1.33381,1.33554,1.3319,1.334,12888,0,0
2021-11-29 12:00:00,1.334,1.3363,1.3319,1.33192,10772,0,0
2021-11-29 16:00:00,1.33192,1.33223,1.32877,1.33015,11832,0,0
2021-11-29 20:00:00,1.33015,1.33167,1.3287499999999999,1.33135,5806,0,0
2021-11-30 00:00:00,1.33132,1.33295,1.33054,1.33264,7711,0,0
2021-11-30 04:00:00,1.3326500000000001,1.33294,1.33122,1.3317999999999999,5607,0,0
2021-11-30 08:00:00,1.33181,1.33688,1.33069,1.33627,16707,0,0
2021-11-30 12:00:00,1.3363,1.33703,1.33285,1.33448,15099,0,0
2021-11-30 16:00:00,1.33449,1.33669,1.31948,1.32641,25910,0,0
2021-11-30 20:00:00,1.32646,1.33097,1.3253300000000001,1.33016,10768,0,0
2021-12-01 00:00:00,1.32959,1.33142,1.3287900000000001,1.3293300000000001,5063,0,0
2021-12-01 04:00:00,1.3293300000000001,1.33267,1.32924,1.33264,7767,0,0
2021-12-01 08:00:00,1.33263,1.3332,1.3276,1.33114,17679,0,0
2021-12-01 12:00:00,1.3311600000000001,1.33446,1.33009,1.33436,15704,0,0
2021-12-01 16:00:00,1.33435,1.33517,1.32983,1.33022,21221,0,0
2021-12-01 20:00:00,1.3302100000000001,1.33069,1.32614,1.32722,10704,0,0
2021-12-02 00:00:00,1.32744,1.32946,1.3269,1.32942,3109,0,0
2021-12-02 04:00:00,1.32944,1.3305500000000001,1.3286,1.32881,4081,0,0
2021-12-02 08:00:00,1.32882,1.32986,1.32763,1.32924,9689,0,0
2021-12-02 16:00:00,1.3308900000000001,1.33229,1.32993,1.33014,21611,0,0
2021-12-02 20:00:00,1.33014,1.3305500000000001,1.32894,1.3299400000000001,10676,0,0
2021-12-03 00:00:00,1.32935,1.33027,1.32839,1.32914,2747,0,0
2021-12-03 04:00:00,1.32914,1.3299,1.32834,1.32953,3969,0,0
2021-12-03 08:00:00,1.32956,1.32987,1.3268,1.32862,13585,0,0
2021-12-03 12:00:00,1.32862,1.33097,1.32544,1.32851,19280,0,0
2021-12-03 16:00:00,1.32849,1.32855,1.32088,1.32364,22940,0,0
2021-12-03 20:00:00,1.32364,1.32532,1.32276,1.32304,10565,0,0
2021-12-06 00:00:00,1.32172,1.32534,1.32164,1.32393,4086,0,0
2021-12-06 04:00:00,1.32392,1.32404,1.32293,1.32304,2696,0,0
2021-12-06 08:00:00,1.32305,1.32664,1.32224,1.32598,12526,0,0
2021-12-06 12:00:00,1.3259699999999999,1.32863,1.32491,1.32667,15658,0,0
2021-12-06 16:00:00,1.32666,1.32693,1.32306,1.3254299999999999,16439,0,0
2021-12-06 20:00:00,1.32544,1.32678,1.3247,1.3264,7774,0,0
2021-12-07 00:00:00,1.32623,1.32669,1.32505,1.3265,6069,0,0
2021-12-07 04:00:00,1.32651,1.32894,1.3264,1.32851,4829,0,0
2021-12-07 08:00:00,1.32846,1.3287900000000001,1.32464,1.32615,11512,0,0
2021-12-07 12:00:00,1.32615,1.32686,1.32192,1.3226499999999999,12228,0,0
2021-12-07 16:00:00,1.32266,1.32505,1.32091,1.32275,12903,0,0
2021-12-07 20:00:00,1.32286,1.32451,1.32212,1.3242099999999999,5748,0,0
2021-12-08 00:00:00,1.32405,1.32513,1.32336,1.32434,2502,0,0
2021-12-08 04:00:00,1.32435,1.32612,1.32435,1.32538,3399,0,0
2021-12-08 08:00:00,1.3253599999999999,1.32565,1.3232,1.32426,13730,0,0
2021-12-08 12:00:00,1.32425,1.32452,1.3161,1.32166,20612,0,0
2021-12-08 16:00:00,1.32166,1.32442,1.31895,1.3237,17219,0,0
2021-12-08 20:00:00,1.3237,1.32429,1.31912,1.3202099999999999,6797,0,0
2021-12-09 00:00:00,1.32005,1.32119,1.31937,1.32006,3135,0,0
2021-12-09 04:00:00,1.32005,1.32148,1.31933,1.32077,3028,0,0
2021-12-09 08:00:00,1.3207900000000001,1.32162,1.31929,1.32049,10850,0,0
2021-12-09 12:00:00,1.32047,1.32124,1.31708,1.32064,13005,0,0
2021-12-09 16:00:00,1.32064,1.32171,1.3185799999999999,1.32123,15887,0,0
2021-12-09 20:00:00,1.32122,1.32226,1.32076,1.32185,7170,0,0
2021-12-10 00:00:00,1.32195,1.32297,1.3213,1.3227,3109,0,0
2021-12-10 04:00:00,1.3227,1.32332,1.32165,1.32198,3535,0,0
2021-12-10 08:00:00,1.32199,1.32294,1.31969,1.32015,12120,0,0
2021-12-10 12:00:00,1.3201399999999999,1.3242,1.31874,1.32298,12762,0,0
2021-12-10 16:00:00,1.32295,1.32711,1.3204,1.3268,14481,0,0
2021-12-10 20:00:00,1.3268,1.32757,1.32557,1.32629,5088,0,0
2021-12-13 00:00:00,1.3246,1.32611,1.3246,1.32548,4045,0,0
2021-12-13 04:00:00,1.32548,1.32587,1.32462,1.32494,2246,0,0
2021-12-13 08:00:00,1.32494,1.32501,1.32215,1.32451,8153,0,0
2021-12-13 12:00:00,1.32452,1.3268499999999999,1.32382,1.32555,12268,0,0
2021-12-13 16:00:00,1.32559,1.32687,1.32128,1.32128,13908,0,0
2021-12-13 20:00:00,1.32129,1.32215,1.32073,1.32117,4362,0,0
2021-12-14 00:00:00,1.32116,1.3216999999999999,1.32009,1.32028,2220,0,0
2021-12-14 04:00:00,1.32022,1.32066,1.31909,1.32056,2840,0,0
2021-12-14 08:00:00,1.32055,1.32251,1.31981,1.32225,9267,0,0
2021-12-14 12:00:00,1.32225,1.32564,1.32182,1.32332,11689,0,0
2021-12-14 16:00:00,1.32331,1.32481,1.32223,1.32276,11842,0,0
2021-12-14 20:00:00,1.32276,1.32317,1.32196,1.32273,3756,0,0
2021-12-15 00:00:00,1.32301,1.32364,1.32205,1.32329,2580,0,0
2021-12-15 04:00:00,1.32328,1.32443,1.32269,1.32423,2302,0,0
2021-12-15 08:00:00,1.32424,1.32827,1.32366,1.32602,9013,0,0
2021-12-15 12:00:00,1.32603,1.32678,1.32462,1.3256000000000001,9149,0,0
2021-12-15 16:00:00,1.3256000000000001,1.32593,1.3206,1.32122,12547,0,0
2021-12-15 20:00:00,1.32123,1.32736,1.31718,1.32589,17419,0,0
2021-12-16 00:00:00,1.32569,1.32687,1.32493,1.32532,4166,0,0
2021-12-16 04:00:00,1.32532,1.32558,1.32415,1.32434,4525,0,0
2021-12-16 08:00:00,1.32434,1.3302800000000001,1.32419,1.3292,13662,0,0
2021-12-16 12:00:00,1.3292,1.33745,1.32583,1.33567,20194,0,0
2021-12-16 16:00:00,1.33568,1.3357700000000001,1.3307,1.33191,17641,0,0
2021-12-16 20:00:00,1.3319,1.33281,1.33023,1.33226,6820,0,0
2021-12-17 00:00:00,1.3318699999999999,1.33314,1.33154,1.33251,3158,0,0
2021-12-17 04:00:00,1.3325,1.33368,1.33186,1.33361,4043,0,0
2021-12-17 08:00:00,1.33362,1.33392,1.3306200000000001,1.33178,11494,0,0
2021-12-17 12:00:00,1.33176,1.33176,1.32805,1.329,12103,0,0
2021-12-17 16:00:00,1.3289900000000001,1.32981,1.32556,1.32614,15239,0,0
2021-12-17 20:00:00,1.32613,1.32657,1.32307,1.32343,7047,0,0
2021-12-20 00:00:00,1.32397,1.32436,1.32219,1.32276,3591,0,0
2021-12-20 04:00:00,1.32275,1.3232300000000001,1.3219400000000001,1.32226,3880,0,0
2021-12-20 08:00:00,1.32224,1.32249,1.31734,1.31849,12064,0,0
2021-12-20 12:00:00,1.3185,1.32447,1.31834,1.32394,12120,0,0
2021-12-20 16:00:00,1.32394,1.32435,1.32061,1.32104,15575,0,0
2021-12-20 20:00:00,1.32104,1.3219,1.32003,1.32093,5688,0,0
2021-12-21 00:00:00,1.3205,1.3214000000000001,1.31976,1.32119,2843,0,0
2021-12-21 04:00:00,1.32119,1.32193,1.32077,1.32175,2968,0,0
2021-12-21 08:00:00,1.3218,1.32513,1.321,1.32474,8773,0,0
2021-12-21 12:00:00,1.32476,1.3262,1.324,1.3254000000000001,10447,0,0
2021-12-21 16:00:00,1.3254000000000001,1.32616,1.32309,1.32486,12571,0,0
2021-12-21 20:00:00,1.32489,1.32708,1.32466,1.32691,5552,0,0
2021-12-22 00:00:00,1.32513,1.32749,1.32513,1.32718,2753,0,0
2021-12-22 04:00:00,1.3271899999999999,1.3273,1.32478,1.32487,3663,0,0
2021-12-22 08:00:00,1.32487,1.3290899999999999,1.32403,1.32855,9783,0,0
2021-12-22 12:00:00,1.32858,1.33304,1.3284,1.33293,10889,0,0
2021-12-22 16:00:00,1.3329,1.33621,1.33188,1.33567,12069,0,0
2021-12-22 20:00:00,1.33566,1.33631,1.33477,1.3349199999999999,4236,0,0
2021-12-23 00:00:00,1.33473,1.33606,1.33406,1.33509,2592,0,0
2021-12-23 04:00:00,1.33511,1.33541,1.33426,1.33511,1960,0,0
2021-12-23 08:00:00,1.3351,1.34057,1.33486,1.34039,6235,0,0
2021-12-23 12:00:00,1.34037,1.34358,1.34003,1.34149,10256,0,0
2021-12-23 16:00:00,1.34147,1.3437700000000001,1.33944,1.34181,11157,0,0
2021-12-23 20:00:00,1.34181,1.34209,1.34086,1.34112,3705,0,0
2021-12-24 00:00:00,1.34062,1.34134,1.33982,1.34061,4256,1,0
2021-12-24 04:00:00,1.3405,1.34115,1.33891,1.3390900000000001,8077,0,0
2021-12-24 08:00:00,1.33899,1.3413300000000001,1.33887,1.34097,17525,0,0
2021-12-24 12:00:00,1.34096,1.34196,1.33999,1.3403100000000001,11962,0,0
2021-12-24 16:00:00,1.3403,1.3412600000000001,1.33846,1.3393,7244,0,0
2021-12-24 20:00:00,1.33929,1.34026,1.3387,1.3392,1006,24,0
2021-12-27 00:00:00,1.34016,1.34086,1.33894,1.34013,1968,0,0
2021-12-27 04:00:00,1.34013,1.34152,1.3399,1.34026,3008,0,0
2021-12-27 08:00:00,1.34026,1.34189,1.33925,1.3403,4531,0,0
2021-12-27 12:00:00,1.34029,1.34281,1.33952,1.34267,4981,0,0
2021-12-27 16:00:00,1.34268,1.3443800000000001,1.34084,1.34394,7020,0,0
2021-12-27 20:00:00,1.34395,1.34451,1.34311,1.34429,3190,0,0
2021-12-28 00:00:00,1.34402,1.34427,1.34283,1.34304,1925,0,0
2021-12-28 04:00:00,1.34303,1.34395,1.34283,1.34371,1746,0,0
2021-12-28 08:00:00,1.3437000000000001,1.34467,1.34301,1.3446500000000001,4500,0,0
2021-12-28 12:00:00,1.34464,1.34616,1.34452,1.34569,3678,0,0
2021-12-28 16:00:00,1.3457,1.34595,1.34148,1.34364,8648,0,0
2021-12-28 20:00:00,1.34364,1.34371,1.34211,1.3429,4097,0,0
2021-12-29 00:00:00,1.34293,1.34368,1.34213,1.34244,2885,0,0
2021-12-29 04:00:00,1.34243,1.34371,1.34229,1.34291,2376,0,0
2021-12-29 08:00:00,1.34291,1.34306,1.34094,1.3413,5103,0,0
2021-12-29 12:00:00,1.3413,1.34628,1.34087,1.34548,7407,0,0
2021-12-29 16:00:00,1.34543,1.34996,1.34496,1.34822,9921,0,0
2021-12-29 20:00:00,1.34822,1.34903,1.34814,1.3487,3411,0,0
2021-12-30 00:00:00,1.3486799999999999,1.3505,1.34823,1.35043,2155,0,0
2021-12-30 04:00:00,1.35038,1.3505099999999999,1.34793,1.34813,2789,0,0
2021-12-30 08:00:00,1.34814,1.34835,1.34544,1.34595,6004,0,0
2021-12-30 12:00:00,1.3459400000000001,1.35169,1.34586,1.34852,8022,0,0
2021-12-30 16:00:00,1.34855,1.35217,1.34782,1.3486099999999999,9996,0,0
2021-12-30 20:00:00,1.34859,1.3513,1.3479700000000001,1.35023,3754,0,0
2021-12-31 00:00:00,1.34936,1.35066,1.34933,1.3503,1876,0,0
2021-12-31 04:00:00,1.35032,1.35049,1.34947,1.34962,2057,0,0
2021-12-31 08:00:00,1.34959,1.3519700000000001,1.34937,1.35096,6346,0,0
2021-12-31 12:00:00,1.35096,1.35165,1.34654,1.35038,9169,0,0
2021-12-31 16:00:00,1.35042,1.35504,1.3501,1.35351,11378,0,0
2021-12-31 20:00:00,1.3535,1.35438,1.35296,1.3541699999999999,1200,0,0
2022-01-03 00:00:00,1.35306,1.35334,1.35151,1.35172,2211,0,0
2022-01-03 04:00:00,1.3517299999999999,1.3517299999999999,1.3495300000000001,1.34988,3157,0,0
2022-01-03 08:00:00,1.3498700000000001,1.35284,1.3496299999999999,1.35174,5808,0,0
2022-01-03 12:00:00,1.3517299999999999,1.35247,1.34836,1.34871,8089,0,0
2022-01-03 16:00:00,1.3487,1.3492199999999999,1.34308,1.34713,12081,0,0
2022-01-03 20:00:00,1.34713,1.3485800000000001,1.34703,1.34772,5637,0,0
2022-01-04 00:00:00,1.34752,1.3485,1.34667,1.34806,3265,0,0
2022-01-04 04:00:00,1.34805,1.34805,1.34627,1.34683,3897,0,0
2022-01-04 08:00:00,1.3469,1.35138,1.3459400000000001,1.35114,9642,0,0
2022-01-04 12:00:00,1.3510499999999999,1.35154,1.34788,1.35149,10005,0,0
2022-01-04 16:00:00,1.3515,1.35574,1.35092,1.35359,12846,0,0
2022-01-04 20:00:00,1.35358,1.35379,1.3520400000000001,1.35282,4482,0,0
2022-01-05 00:00:00,1.35275,1.35403,1.35226,1.35388,3225,0,0
2022-01-05 04:00:00,1.3538700000000001,1.35399,1.35224,1.35278,2404,0,0
2022-01-05 08:00:00,1.35276,1.3554599999999999,1.35271,1.35318,6068,0,0
2022-01-05 12:00:00,1.35318,1.35562,1.35279,1.3548499999999999,9773,0,0
2022-01-05 16:00:00,1.35486,1.3590499999999999,1.35455,1.3589,12335,0,0
2022-01-05 20:00:00,1.35889,1.35986,1.35484,1.35556,10926,0,0
2022-01-06 00:00:00,1.35514,1.35577,1.35378,1.35518,2401,0,0
2022-01-06 04:00:00,1.35518,1.3552,1.35253,1.35305,5048,0,0
2022-01-06 08:00:00,1.35305,1.35305,1.3490199999999999,1.35119,9883,0,0
2022-01-06 12:00:00,1.35118,1.35465,1.35099,1.35346,11747,0,0
2022-01-06 16:00:00,1.35347,1.35588,1.3516,1.35306,15411,0,0
2022-01-06 20:00:00,1.35305,1.3538700000000001,1.35223,1.35345,6042,0,0
2022-01-07 00:00:00,1.35274,1.3553,1.35274,1.35526,5353,0,0
2022-01-07 04:00:00,1.35526,1.35527,1.35423,1.35443,1895,0,0
2022-01-07 08:00:00,1.3544399999999999,1.3557000000000001,1.35271,1.3555,6507,0,0
2022-01-07 12:00:00,1.35551,1.35647,1.35294,1.35393,10935,0,0
2022-01-07 16:00:00,1.35393,1.35837,1.35358,1.35796,14716,0,0
2022-01-07 20:00:00,1.35796,1.35975,1.35757,1.35917,3724,0,0
2022-01-10 00:00:00,1.35804,1.35975,1.35704,1.35942,3693,0,0
2022-01-10 04:00:00,1.35942,1.35965,1.35803,1.35852,2488,0,0
2022-01-10 08:00:00,1.35852,1.36037,1.35742,1.35824,7883,0,0
2022-01-10 12:00:00,1.35822,1.35975,1.3552,1.35534,11481,0,0
2022-01-10 16:00:00,1.35535,1.35708,1.35323,1.35628,13570,0,0
2022-01-10 20:00:00,1.35626,1.35804,1.35606,1.35751,7027,0,0
2022-01-11 00:00:00,1.35758,1.3587799999999999,1.3568,1.358,3314,0,0
2022-01-11 04:00:00,1.35798,1.35999,1.35788,1.35968,3901,0,0
2022-01-11 08:00:00,1.35969,1.36197,1.35797,1.3609,10853,0,0
2022-01-11 12:00:00,1.36091,1.36124,1.35652,1.35736,10862,0,0
2022-01-11 16:00:00,1.35736,1.3624399999999999,1.35616,1.36169,14724,0,0
2022-01-11 20:00:00,1.36168,1.3636300000000001,1.36113,1.36334,5580,0,0
2022-01-12 00:00:00,1.36328,1.36419,1.3627,1.36335,2998,0,0
2022-01-12 04:00:00,1.3632900000000001,1.3646,1.36326,1.36417,2679,0,0
2022-01-12 08:00:00,1.36418,1.36447,1.3623,1.3627099999999999,6956,0,0
2022-01-12 12:00:00,1.3627099999999999,1.36835,1.36208,1.36769,11428,0,0
2022-01-12 16:00:00,1.36775,1.37088,1.36673,1.37074,15438,0,0
2022-01-12 20:00:00,1.37074,1.37141,1.3698299999999999,1.37002,6290,0,0
2022-01-13 00:00:00,1.36964,1.37127,1.36964,1.37074,3406,0,0
2022-01-13 04:00:00,1.37074,1.3719000000000001,1.3707099999999999,1.37101,4106,0,0
2022-01-13 08:00:00,1.3710200000000001,1.3747099999999999,1.37052,1.37372,7829,0,0
2022-01-13 12:00:00,1.37372,1.37489,1.37134,1.37385,11547,0,0
2022-01-13 16:00:00,1.37388,1.37484,1.37081,1.37128,14164,0,0
2022-01-13 20:00:00,1.37128,1.37226,1.3700700000000001,1.37021,6228,0,0
2022-01-14 00:00:00,1.37074,1.37186,1.37042,1.37123,3902,0,0
2022-01-14 04:00:00,1.37123,1.3737599999999999,1.37115,1.37328,4533,0,0
2022-01-14 08:00:00,1.37328,1.37428,1.3715899999999999,1.37344,9683,0,0
2022-01-14 12:00:00,1.3734199999999999,1.37343,1.3695,1.37005,12378,0,0
2022-01-14 16:00:00,1.37005,1.37045,1.36536,1.36554,17389,0,0
2022-01-14 20:00:00,1.3655599999999999,1.36838,1.36534,1.3683,5712,0,0
2022-01-17 00:00:00,1.3674,1.36776,1.36632,1.3667,4568,0,0
2022-01-17 04:00:00,1.36673,1.36816,1.3664100000000001,1.36738,4007,0,0
2022-01-17 08:00:00,1.36738,1.369,1.36694,1.36795,8442,0,0
2022-01-17 12:00:00,1.36794,1.36868,1.3637299999999999,1.36516,10509,0,0
2022-01-17 16:00:00,1.36516,1.36635,1.36413,1.36509,8898,0,0
2022-01-17 20:00:00,1.36508,1.36513,1.36415,1.36449,1124,0,0
2022-01-18 00:00:00,1.36423,1.36616,1.36417,1.36592,2583,0,0
2022-01-18 04:00:00,1.36593,1.36609,1.3621400000000001,1.36343,8396,0,0
2022-01-18 08:00:00,1.36343,1.36525,1.3620999999999999,1.36263,13744,0,0
2022-01-18 12:00:00,1.36262,1.3627500000000001,1.35803,1.35996,14126,0,0
2022-01-18 16:00:00,1.35998,1.35998,1.3573,1.35774,18466,0,0
2022-01-18 20:00:00,1.35774,1.36037,1.35734,1.35977,9931,0,0
2022-01-19 00:00:00,1.35917,1.36026,1.35865,1.36012,6438,0,0
2022-01-19 04:00:00,1.36012,1.36097,1.35934,1.36084,6853,0,0
2022-01-19 08:00:00,1.3608500000000001,1.36201,1.35879,1.36134,13715,0,0
2022-01-19 12:00:00,1.36132,1.36449,1.36094,1.3629,12640,0,0
2022-01-19 16:00:00,1.36291,1.36487,1.36223,1.36258,14904,0,0
2022-01-19 20:00:00,1.36257,1.36346,1.36111,1.3612199999999999,6722,0,0
2022-01-20 00:00:00,1.361,1.36361,1.36052,1.36286,4422,0,0
2022-01-20 04:00:00,1.36288,1.363,1.36188,1.36237,5119,0,0
2022-01-20 08:00:00,1.36236,1.3637299999999999,1.36189,1.36272,12193,0,0
2022-01-20 12:00:00,1.36272,1.36346,1.35992,1.3633,12711,0,0
2022-01-20 16:00:00,1.3633199999999999,1.3662,1.36261,1.36266,15649,0,0
2022-01-20 20:00:00,1.36264,1.36276,1.3587099999999999,1.35984,9585,0,0
2022-01-21 00:00:00,1.35992,1.36023,1.35793,1.35959,5888,0,0
2022-01-21 04:00:00,1.35958,1.36015,1.35885,1.35927,7921,0,0
2022-01-21 08:00:00,1.35928,1.35947,1.35582,1.35684,13211,0,0
2022-01-21 12:00:00,1.35684,1.35766,1.35526,1.35727,11910,0,0
2022-01-21 16:00:00,1.35731,1.35736,1.35458,1.35568,18321,0,0
2022-01-21 20:00:00,1.35569,1.35677,1.3548200000000001,1.3553,8278,0,0
2022-01-24 00:00:00,1.35507,1.3560699999999999,1.3546,1.35606,4145,0,0
2022-01-24 04:00:00,1.35606,1.35654,1.35455,1.35464,4821,0,0
2022-01-24 08:00:00,1.35463,1.35548,1.35246,1.35253,12141,0,0
2022-01-24 12:00:00,1.35252,1.35278,1.34708,1.3473,15843,0,0
2022-01-24 16:00:00,1.34735,1.34812,1.34405,1.3455300000000001,21229,0,0
2022-01-24 20:00:00,1.34552,1.34924,1.34551,1.34898,12536,0,0
2022-01-25 00:00:00,1.3484,1.34909,1.34744,1.34824,4667,0,0
2022-01-25 04:00:00,1.34824,1.34827,1.34671,1.34764,6127,0,0
2022-01-25 08:00:00,1.34764,1.34964,1.34711,1.34825,13163,0,0
2022-01-25 12:00:00,1.34827,1.34827,1.34362,1.34672,15906,0,0
2022-01-25 16:00:00,1.3467,1.35005,1.34592,1.34973,20060,0,0
2022-01-25 20:00:00,1.34974,1.35188,1.34955,1.35001,8447,0,0
2022-01-26 00:00:00,1.34932,1.35129,1.34932,1.35126,3169,0,0
2022-01-26 04:00:00,1.35127,1.3521,1.35052,1.3508499999999999,4984,0,0
2022-01-26 08:00:00,1.35084,1.35148,1.34936,1.35097,10695,0,0
2022-01-26 12:00:00,1.35096,1.35233,1.34978,1.3508200000000001,11804,0,0
2022-01-26 16:00:00,1.35081,1.35227,1.34917,1.35224,14622,0,0
2022-01-26 20:00:00,1.35225,1.35247,1.34445,1.3464800000000001,21860,0,0
2022-01-27 00:00:00,1.34607,1.3467799999999999,1.34426,1.34508,5152,0,0
2022-01-27 04:00:00,1.34507,1.34507,1.34306,1.34324,7906,0,0
2022-01-27 08:00:00,1.34323,1.34331,1.34057,1.34267,12754,0,0
2022-01-27 12:00:00,1.34268,1.3431600000000001,1.33579,1.338,17077,0,0
2022-01-27 16:00:00,1.33792,1.3406799999999999,1.3366,1.33724,19450,0,0
2022-01-27 20:00:00,1.33725,1.33901,1.33671,1.3381,10730,0,0
2022-01-28 00:00:00,1.33786,1.33947,1.3372600000000001,1.3394,4901,0,0
2022-01-28 04:00:00,1.33939,1.34152,1.33915,1.34128,5377,0,0
2022-01-28 08:00:00,1.3413,1.34148,1.33652,1.33822,11837,0,0
2022-01-28 12:00:00,1.3382100000000001,1.34268,1.33697,1.34267,16681,0,0
2022-01-28 16:00:00,1.3427,1.34329,1.3388200000000001,1.3388200000000001,19470,0,0
2022-01-28 20:00:00,1.33883,1.3400699999999999,1.33735,1.3395000000000001,9449,0,0
2022-01-31 00:00:00,1.33931,1.34142,1.33868,1.34135,4301,0,0
2022-01-31 04:00:00,1.34134,1.34205,1.34079,1.34174,4760,0,0
2022-01-31 08:00:00,1.34175,1.34488,1.34149,1.34452,11687,0,0
2022-01-31 12:00:00,1.34451,1.34483,1.33935,1.34429,14191,0,0
2022-01-31 16:00:00,1.34429,1.34549,1.34057,1.34365,17890,0,0
2022-01-31 20:00:00,1.34364,1.34603,1.34353,1.34448,8624,0,0
2022-02-01 00:00:00,1.34433,1.34485,1.34279,1.34387,3068,0,0
2022-02-01 04:00:00,1.34387,1.34572,1.34352,1.34523,5376,0,0
2022-02-01 08:00:00,1.34523,1.35013,1.34428,1.3498299999999999,11967,0,0
2022-02-01 12:00:00,1.34981,1.3514300000000001,1.34761,1.3495300000000001,11751,0,0
2022-02-01 16:00:00,1.3495300000000001,1.35192,1.34859,1.35062,16616,0,0
2022-02-01 20:00:00,1.35061,1.35281,1.35052,1.3524,6332,0,0
2022-02-02 00:00:00,1.3516,1.35273,1.35151,1.35259,2581,0,0
2022-02-02 04:00:00,1.3526,1.35274,1.3516599999999999,1.3520400000000001,2860,0,0
2022-02-02 08:00:00,1.35201,1.35479,1.35195,1.35416,8535,0,0
2022-02-02 12:00:00,1.3542,1.35869,1.35355,1.3559999999999999,12044,0,0
2022-02-02 16:00:00,1.35602,1.35834,1.35544,1.35778,15574,0,0
2022-02-02 20:00:00,1.35777,1.35867,1.3568799999999999,1.35761,6472,0,0
2022-02-03 00:00:00,1.35738,1.3576,1.35565,1.3565,2704,0,0
2022-02-03 04:00:00,1.35651,1.35676,1.3550900000000001,1.35531,5322,0,0
2022-02-03 08:00:00,1.3553,1.35616,1.3547500000000001,1.35579,10379,0,0
2022-02-03 12:00:00,1.35579,1.3627799999999999,1.35379,1.35818,19086,0,0
2022-02-03 16:00:00,1.35822,1.36197,1.3569200000000001,1.36079,22252,0,0
2022-02-03 20:00:00,1.36078,1.36089,1.3585,1.35987,7440,0,0
2022-02-04 00:00:00,1.35956,1.3612199999999999,1.359,1.36042,3600,0,0
2022-02-04 04:00:00,1.36038,1.36148,1.35947,1.35969,4813,0,0
2022-02-04 08:00:00,1.3597000000000001,1.3598,1.3566,1.3569,12314,0,0
2022-02-04 12:00:00,1.3569,1.35798,1.35047,1.35118,17490,0,0
2022-02-04 16:00:00,1.35122,1.3551199999999999,1.3507799999999999,1.35348,21221,0,0
2022-02-04 20:00:00,1.35348,1.3547799999999999,1.35237,1.35272,9066,0,0
2022-02-07 00:00:00,1.3532600000000001,1.35434,1.3527,1.3532899999999999,5183,0,0
2022-02-07 04:00:00,1.35332,1.35352,1.35155,1.3520699999999999,7746,0,0
2022-02-07 08:00:00,1.3520699999999999,1.35508,1.35149,1.35158,11624,0,0
2022-02-07 12:00:00,1.35159,1.35244,1.34905,1.35219,13339,0,0
2022-02-07 16:00:00,1.35219,1.3536000000000001,1.3502,1.35168,16519,0,0
2022-02-07 20:00:00,1.35167,1.35381,1.35156,1.35355,5086,0,0
2022-02-08 00:00:00,1.35348,1.3538999999999999,1.35188,1.3535599999999999,3392,0,0
2022-02-08 04:00:00,1.35355,1.35365,1.35117,1.35179,4753,0,0
2022-02-08 08:00:00,1.35178,1.3555,1.35076,1.35518,11929,0,0
2022-02-08 12:00:00,1.35516,1.35639,1.35158,1.3538700000000001,11772,0,0
2022-02-08 16:00:00,1.35385,1.3556599999999999,1.35355,1.35443,11114,0,0
2022-02-08 20:00:00,1.35443,1.35558,1.35374,1.3547799999999999,5178,0,0
2022-02-09 00:00:00,1.35381,1.35557,1.35371,1.35556,2100,0,0
2022-02-09 04:00:00,1.35555,1.3566500000000001,1.35547,1.35557,3409,0,0
2022-02-09 08:00:00,1.35557,1.35737,1.35373,1.3569,8791,0,0
2022-02-09 12:00:00,1.3569,1.35894,1.35638,1.35794,10467,0,0
2022-02-09 16:00:00,1.35797,1.35798,1.35298,1.3538999999999999,11362,0,0
2022-02-09 20:00:00,1.3538299999999999,1.35411,1.3527,1.35343,4647,0,0
2022-02-10 00:00:00,1.35338,1.35372,1.35264,1.35311,3012,0,0
2022-02-10 04:00:00,1.35312,1.35365,1.35262,1.35308,4489,0,0
2022-02-10 08:00:00,1.35306,1.35742,1.3529,1.35716,9561,0,0
2022-02-10 12:00:00,1.35716,1.35807,1.3523800000000001,1.35468,13575,0,0
2022-02-10 16:00:00,1.35466,1.36437,1.3523100000000001,1.36121,24807,0,0
2022-02-10 20:00:00,1.36118,1.36208,1.35415,1.35614,14996,0,0
2022-02-11 00:00:00,1.35527,1.35641,1.35331,1.35503,6326,0,0
2022-02-11 04:00:00,1.3550200000000001,1.35553,1.35201,1.35332,6721,0,0
2022-02-11 08:00:00,1.35331,1.3569200000000001,1.3514,1.3556,14751,0,0
2022-02-11 12:00:00,1.3556,1.35992,1.35469,1.35734,12154,0,0
2022-02-11 16:00:00,1.35734,1.3609499999999999,1.35673,1.36012,19715,0,0
2022-02-11 20:00:00,1.36009,1.36057,1.35413,1.35595,24475,0,0
2022-02-14 00:00:00,1.35484,1.3571900000000001,1.35484,1.3554,5454,0,0
2022-02-14 04:00:00,1.3554,1.35541,1.35347,1.35468,5331,0,0
2022-02-14 08:00:00,1.35469,1.35469,1.34951,1.3513,14751,0,0
2022-02-14 12:00:00,1.35131,1.3547500000000001,1.35019,1.35278,18200,0,0
2022-02-14 16:00:00,1.35279,1.35396,1.35091,1.35308,19852,0,0
2022-02-14 20:00:00,1.3531,1.35409,1.35148,1.3532600000000001,14078,0,0
2022-02-15 00:00:00,1.3519,1.35461,1.35189,1.35376,4596,0,0
2022-02-15 04:00:00,1.35376,1.35435,1.35293,1.35307,7077,0,0
2022-02-15 08:00:00,1.35302,1.35671,1.35277,1.35514,14691,0,0
2022-02-15 12:00:00,1.35515,1.3563399999999999,1.35289,1.35423,14474,0,0
2022-02-15 16:00:00,1.3542399999999999,1.35521,1.3486500000000001,1.35318,16696,0,0
2022-02-15 20:00:00,1.35317,1.3543,1.35279,1.35402,8027,0,0
2022-02-16 00:00:00,1.35335,1.35472,1.3525800000000001,1.35465,4067,0,0
2022-02-16 04:00:00,1.35464,1.35535,1.35386,1.35514,4568,0,0
2022-02-16 08:00:00,1.35515,1.35739,1.3548200000000001,1.35628,11704,0,0
2022-02-16 12:00:00,1.35628,1.35746,1.35402,1.35501,12522,0,0
2022-02-16 16:00:00,1.355,1.35915,1.35416,1.35806,15787,0,0
2022-02-16 20:00:00,1.35806,1.36009,1.35704,1.35794,13424,0,0
2022-02-17 00:00:00,1.35819,1.35989,1.35777,1.35904,4255,0,0
2022-02-17 04:00:00,1.35904,1.35976,1.35557,1.35835,10372,0,0
2022-02-17 08:00:00,1.35834,1.3608500000000001,1.35682,1.36049,16515,0,0
2022-02-17 12:00:00,1.36048,1.36286,1.35962,1.36176,14576,0,0
2022-02-17 16:00:00,1.36177,1.36381,1.36087,1.36235,18502,0,0
2022-02-17 20:00:00,1.36235,1.36317,1.36134,1.36142,7710,0,0
2022-02-18 00:00:00,1.36137,1.3620700000000001,1.3603100000000001,1.3609499999999999,6282,0,0
2022-02-18 04:00:00,1.36094,1.36141,1.35998,1.36094,6011,0,0
2022-02-18 08:00:00,1.36093,1.36428,1.36064,1.36233,11282,0,0
2022-02-18 12:00:00,1.36232,1.36285,1.36009,1.36063,13918,0,0
2022-02-18 16:00:00,1.36062,1.3612,1.35732,1.35825,19707,0,0
2022-02-18 20:00:00,1.35826,1.3606099999999999,1.35821,1.3595,6673,0,0
2022-02-21 00:00:00,1.35881,1.36168,1.35853,1.36134,6614,0,0
2022-02-21 04:00:00,1.36134,1.3624399999999999,1.36123,1.36189,4738,0,0
2022-02-21 08:00:00,1.3618299999999999,1.36383,1.3618000000000001,1.36358,9495,0,0
2022-02-21 12:00:00,1.36359,1.36386,1.3594,1.36043,12803,0,0
2022-02-21 16:00:00,1.36041,1.3618299999999999,1.35994,1.36162,12179,0,0
2022-02-21 20:00:00,1.36163,1.36178,1.35961,1.3599999999999999,5261,0,0
2022-02-22 00:00:00,1.35995,1.36009,1.35804,1.35835,5620,0,0
2022-02-22 04:00:00,1.35834,1.35986,1.35794,1.3597299999999999,6468,0,0
2022-02-22 08:00:00,1.35974,1.35977,1.35561,1.35793,15487,0,0
2022-02-22 12:00:00,1.35794,1.35892,1.35438,1.3551,17157,0,0
2022-02-22 16:00:00,1.35519,1.36049,1.35384,1.35941,16344,0,0
2022-02-22 20:00:00,1.3594,1.35976,1.35758,1.35856,11030,0,0
2022-02-23 00:00:00,1.35741,1.36042,1.35713,1.3599700000000001,4242,0,0
2022-02-23 04:00:00,1.3599999999999999,1.3603,1.3585,1.35922,4454,0,0
2022-02-23 08:00:00,1.35922,1.36205,1.35885,1.36037,11765,0,0
2022-02-23 12:00:00,1.36036,1.36134,1.35818,1.3605800000000001,13331,0,0
2022-02-23 16:00:00,1.36059,1.36066,1.3548,1.35506,16667,0,0
2022-02-23 20:00:00,1.35508,1.35535,1.35359,1.35471,9438,0,0
2022-02-24 00:00:00,1.35406,1.35493,1.35297,1.35386,5557,0,0
2022-02-24 04:00:00,1.3538700000000001,1.35402,1.3486099999999999,1.34973,21339,0,0
2022-02-24 08:00:00,1.34971,1.35129,1.34331,1.3434,24083,0,0
2022-02-24 12:00:00,1.3434,1.34422,1.33559,1.33588,23956,0,0
2022-02-24 16:00:00,1.33587,1.33801,1.32729,1.3367499999999999,26080,0,0
2022-02-24 20:00:00,1.33674,1.34046,1.33595,1.33768,17919,0,0
2022-02-25 00:00:00,1.3372600000000001,1.3391199999999999,1.33689,1.33905,7317,0,0
2022-02-25 04:00:00,1.33906,1.34388,1.33895,1.34365,8287,0,0
2022-02-25 08:00:00,1.34365,1.34367,1.33708,1.33745,16156,0,0
2022-02-25 12:00:00,1.33746,1.34122,1.3368,1.33983,17581,0,0
2022-02-25 16:00:00,1.33982,1.34246,1.33667,1.33838,17554,0,0
2022-02-25 20:00:00,1.33839,1.34196,1.33839,1.34089,7266,0,0
2022-02-28 00:00:00,1.3309199999999999,1.33817,1.3309199999999999,1.33626,13321,0,0
2022-02-28 04:00:00,1.33631,1.3367,1.33414,1.33618,8573,0,0
2022-02-28 08:00:00,1.33617,1.33878,1.33517,1.33758,17951,0,0
2022-02-28 12:00:00,1.33758,1.34127,1.33756,1.3412600000000001,16374,0,0
2022-02-28 16:00:00,1.34127,1.3431600000000001,1.33862,1.33907,19629,0,0
2022-02-28 20:00:00,1.33908,1.34247,1.33902,1.34196,10189,0,0
2022-03-01 00:00:00,1.34166,1.34238,1.3402,1.34165,3906,0,0
2022-03-01 04:00:00,1.34165,1.34216,1.3405,1.34185,5577,0,0
2022-03-01 08:00:00,1.34183,1.34375,1.3413599999999999,1.34137,12993,0,0
2022-03-01 12:00:00,1.3413599999999999,1.34247,1.33823,1.34021,16512,0,0
2022-03-01 16:00:00,1.3402,1.34078,1.33042,1.33125,20503,0,0
2022-03-01 20:00:00,1.33125,1.33342,1.33023,1.3324099999999999,12211,0,0
2022-03-02 00:00:00,1.33181,1.33391,1.33172,1.33308,3871,0,0
2022-03-02 04:00:00,1.33307,1.33337,1.3302,1.3303,4973,0,0
2022-03-02 08:00:00,1.3303,1.3316,1.32715,1.33081,18232,0,0
2022-03-02 12:00:00,1.3308,1.3348,1.3304,1.33476,18512,0,0
2022-03-02 16:00:00,1.33477,1.33725,1.33098,1.33594,24183,0,0
2022-03-02 20:00:00,1.33595,1.3406799999999999,1.33593,1.34045,9951,0,0
2022-03-03 00:00:00,1.34035,1.34058,1.33775,1.33839,6279,0,0
2022-03-03 04:00:00,1.3384,1.34121,1.33774,1.34083,5247,0,0
2022-03-03 08:00:00,1.34082,1.34179,1.33686,1.33809,12888,0,0
2022-03-03 12:00:00,1.3381,1.33929,1.33629,1.33784,14507,0,0
2022-03-03 16:00:00,1.33785,1.33926,1.33176,1.3333599999999999,20729,0,0
2022-03-03 20:00:00,1.3333599999999999,1.3357299999999999,1.33288,1.33487,9441,0,0
2022-03-04 00:00:00,1.3344,1.33523,1.33158,1.33456,10065,0,0
2022-03-04 04:00:00,1.3345500000000001,1.33483,1.3333300000000001,1.33382,7892,0,0
2022-03-04 08:00:00,1.33382,1.33452,1.33027,1.33047,12521,0,0
2022-03-04 12:00:00,1.33046,1.3317,1.3219699999999999,1.32307,18636,0,0
2022-03-04 16:00:00,1.32306,1.32488,1.32024,1.32279,20546,0,0
2022-03-04 20:00:00,1.3228,1.32496,1.32171,1.32308,9573,0,0
2022-03-07 00:00:00,1.32214,1.32432,1.31851,1.32013,10539,0,0
2022-03-07 04:00:00,1.3201399999999999,1.32236,1.3188900000000001,1.32139,10231,0,0
2022-03-07 08:00:00,1.32138,1.32286,1.31562,1.31688,19064,0,0
2022-03-07 12:00:00,1.31686,1.3214299999999999,1.31413,1.3173300000000001,23592,0,0
2022-03-07 16:00:00,1.31732,1.3197999999999999,1.31019,1.31119,25850,0,0
2022-03-07 20:00:00,1.31115,1.31307,1.31019,1.3103099999999999,12799,0,0
2022-03-08 00:00:00,1.31032,1.3128600000000001,1.31007,1.31228,7505,0,0
2022-03-08 04:00:00,1.31228,1.31307,1.31068,1.3111,7803,0,0
2022-03-08 08:00:00,1.31111,1.31317,1.3082099999999999,1.31206,21962,0,0
2022-03-08 12:00:00,1.31206,1.31335,1.3085499999999999,1.31071,17977,0,0
2022-03-08 16:00:00,1.31063,1.31446,1.30897,1.31345,26676,0,0
2022-03-08 20:00:00,1.31337,1.31437,1.30927,1.30995,16347,0,0
2022-03-09 00:00:00,1.30992,1.31165,1.30881,1.31125,5125,0,0
2022-03-09 04:00:00,1.3112599999999999,1.31276,1.31059,1.31128,6108,0,0
2022-03-09 08:00:00,1.31128,1.3154,1.31048,1.31507,13824,0,0
2022-03-09 12:00:00,1.31507,1.31809,1.31371,1.31613,15001,0,0
2022-03-09 16:00:00,1.31613,1.3183799999999999,1.3147199999999999,1.31824,22399,0,0
2022-03-09 20:00:00,1.31825,1.31897,1.31601,1.31866,8656,0,0
2022-03-10 00:00:00,1.31753,1.31875,1.3143500000000001,1.31585,4943,0,0
2022-03-10 04:00:00,1.3158,1.31763,1.3151,1.31759,5359,0,0
2022-03-10 08:00:00,1.31759,1.31946,1.3146499999999999,1.31683,15466,0,0
2022-03-10 12:00:00,1.31686,1.31938,1.31415,1.31773,20887,0,0
2022-03-10 16:00:00,1.31769,1.31786,1.30918,1.30979,18021,0,0
2022-03-10 20:00:00,1.3098,1.31152,1.30814,1.30836,7604,0,0
2022-03-11 00:00:00,1.30832,1.31044,1.30752,1.30805,6082,0,0
2022-03-11 04:00:00,1.3081,1.30937,1.30693,1.3074,5806,0,0
2022-03-11 08:00:00,1.3074,1.31019,1.30511,1.3074,14686,0,0
2022-03-11 12:00:00,1.30741,1.31249,1.3070300000000001,1.30944,19667,0,0
2022-03-11 16:00:00,1.3094299999999999,1.31002,1.3042099999999999,1.3042799999999999,18532,0,0
2022-03-11 20:00:00,1.30429,1.30506,1.30276,1.30359,9118,0,0
2022-03-14 00:00:00,1.30386,1.30525,1.30271,1.30456,4660,0,0
2022-03-14 04:00:00,1.30454,1.3048600000000001,1.30095,1.30228,6716,0,0
2022-03-14 08:00:00,1.30227,1.3051300000000001,1.30132,1.30445,10594,0,0
2022-03-14 12:00:00,1.30445,1.3079100000000001,1.30191,1.30666,15686,0,0
2022-03-14 16:00:00,1.30663,1.30711,1.3032599999999999,1.3033299999999999,18223,0,0
2022-03-14 20:00:00,1.30337,1.30377,1.30005,1.30007,9388,0,0
2022-03-15 00:00:00,1.29996,1.30173,1.29993,1.30104,3064,0,0
2022-03-15 04:00:00,1.30103,1.30483,1.3000099999999999,1.30403,9206,0,0
2022-03-15 08:00:00,1.30406,1.30512,1.3018,1.30312,14717,0,0
2022-03-15 12:00:00,1.30309,1.30761,1.302,1.30702,16301,0,0
2022-03-15 16:00:00,1.3069600000000001,1.30887,1.304,1.305,20336,0,0
2022-03-15 20:00:00,1.30499,1.30545,1.3021,1.3042099999999999,9719,0,0
2022-03-16 00:00:00,1.30393,1.30506,1.30304,1.30382,4433,0,0
2022-03-16 04:00:00,1.30382,1.30572,1.30359,1.30504,6365,0,0
2022-03-16 08:00:00,1.30505,1.3069899999999999,1.3035700000000001,1.30585,11341,0,0
2022-03-16 12:00:00,1.30584,1.31057,1.30526,1.30922,14180,0,0
2022-03-16 16:00:00,1.30922,1.31167,1.30746,1.3112300000000001,19954,0,0
2022-03-16 20:00:00,1.31122,1.31566,1.30432,1.31474,20364,0,0
2022-03-17 00:00:00,1.3146200000000001,1.31596,1.31259,1.31593,7753,0,0
2022-03-17 04:00:00,1.3159399999999999,1.31637,1.31341,1.31574,9518,0,0
2022-03-17 08:00:00,1.31573,1.31912,1.31482,1.31812,11241,0,0
2022-03-17 12:00:00,1.31815,1.32111,1.30874,1.30996,16753,0,0
2022-03-17 16:00:00,1.30997,1.31725,1.30925,1.3170600000000001,14830,0,0
2022-03-17 20:00:00,1.31707,1.31738,1.31451,1.31493,7514,0,0
2022-03-18 00:00:00,1.31474,1.31836,1.31424,1.31607,4495,0,0
2022-03-18 04:00:00,1.31608,1.31657,1.31511,1.31546,7191,0,0
2022-03-18 08:00:00,1.31546,1.31728,1.31304,1.31476,10675,0,0
2022-03-18 12:00:00,1.31477,1.3149199999999999,1.31202,1.3125200000000001,12275,0,0
2022-03-18 16:00:00,1.3125200000000001,1.31886,1.31107,1.31882,15873,0,0
2022-03-18 20:00:00,1.31882,1.31967,1.31734,1.31795,7760,0,0
2022-03-21 00:00:00,1.31688,1.3177400000000001,1.31549,1.31636,4202,0,0
2022-03-21 04:00:00,1.31634,1.3170899999999999,1.31531,1.31531,5109,0,0
2022-03-21 08:00:00,1.31534,1.317,1.31456,1.3149600000000001,9140,0,0
2022-03-21 12:00:00,1.3149600000000001,1.31575,1.31268,1.31528,12038,0,0
2022-03-21 16:00:00,1.31527,1.321,1.3152300000000001,1.31983,16750,0,0
2022-03-21 20:00:00,1.31982,1.32024,1.3155299999999999,1.31677,11176,0,0
2022-03-22 00:00:00,1.3165499999999999,1.31692,1.31332,1.3137699999999999,4799,0,0
2022-03-22 04:00:00,1.3137699999999999,1.31545,1.31251,1.3134700000000001,9561,0,0
2022-03-22 08:00:00,1.3134700000000001,1.3194,1.31199,1.31772,13569,0,0
2022-03-22 12:00:00,1.3176999999999999,1.32476,1.31727,1.32336,16381,0,0
2022-03-22 16:00:00,1.32337,1.32738,1.32337,1.32534,17408,0,0
2022-03-22 20:00:00,1.32535,1.32642,1.3247200000000001,1.3262399999999999,8639,0,0
2022-03-23 00:00:00,1.32614,1.3275000000000001,1.32558,1.32706,4714,0,0
2022-03-23 04:00:00,1.32705,1.32987,1.32698,1.32796,7573,0,0
2022-03-23 08:00:00,1.32796,1.32917,1.32209,1.3222800000000001,9737,0,0
2022-03-23 12:00:00,1.32227,1.3244799999999999,1.31783,1.31949,13795,0,0
2022-03-23 16:00:00,1.31947,1.32145,1.3175,1.32025,15802,0,0
2022-03-23 20:00:00,1.32025,1.32128,1.31976,1.32053,7495,0,0
2022-03-24 00:00:00,1.3204500000000001,1.32129,1.31955,1.31992,4250,0,0
2022-03-24 04:00:00,1.31993,1.32006,1.3183500000000001,1.31906,9291,0,0
2022-03-24 08:00:00,1.31906,1.32054,1.31577,1.31605,13849,0,0
2022-03-24 12:00:00,1.31605,1.32142,1.3157,1.31983,14948,0,0
2022-03-24 16:00:00,1.31982,1.3205200000000001,1.31669,1.31791,18448,0,0
2022-03-24 20:00:00,1.31791,1.3195299999999999,1.31671,1.31869,9091,0,0
2022-03-25 00:00:00,1.31867,1.31989,1.31789,1.31887,4051,0,0
2022-03-25 04:00:00,1.31887,1.32249,1.31863,1.3222,9725,0,0
2022-03-25 08:00:00,1.32217,1.3223500000000001,1.31604,1.31625,9746,0,0
2022-03-25 12:00:00,1.31626,1.32053,1.31592,1.31955,11306,0,0
2022-03-25 16:00:00,1.31959,1.32225,1.31788,1.3189899999999999,18402,0,0
2022-03-25 20:00:00,1.31897,1.31976,1.3179,1.31817,8820,0,0
2022-03-28 00:00:00,1.31787,1.31842,1.31558,1.3158699999999999,4148,0,0
2022-03-28 04:00:00,1.31583,1.31663,1.31453,1.31466,10444,0,0
2022-03-28 08:00:00,1.3146499999999999,1.31677,1.31303,1.3163,16184,0,0
2022-03-28 12:00:00,1.31629,1.31629,1.30968,1.31006,16003,0,0
2022-03-28 16:00:00,1.31005,1.31054,1.30673,1.30899,17694,0,0
2022-03-28 20:00:00,1.30897,1.30996,1.3082,1.30934,8244,0,0
2022-03-29 00:00:00,1.30892,1.31064,1.3076699999999999,1.308,5065,0,0
2022-03-29 04:00:00,1.308,1.31059,1.30799,1.30929,11390,0,0
2022-03-29 08:00:00,1.3093,1.31156,1.3056,1.3060100000000001,15868,0,0
2022-03-29 12:00:00,1.306,1.31598,1.30511,1.31455,23274,0,0
2022-03-29 16:00:00,1.31455,1.31571,1.30811,1.30857,21865,0,0
2022-03-29 20:00:00,1.30857,1.31055,1.30598,1.30937,8449,0,0
2022-03-30 00:00:00,1.30921,1.31023,1.3082099999999999,1.30978,4748,0,0
2022-03-30 04:00:00,1.3098,1.31115,1.30927,1.31006,11813,0,0
2022-03-30 08:00:00,1.31006,1.31416,1.30989,1.31406,16528,0,0
2022-03-30 12:00:00,1.31407,1.31677,1.31294,1.31589,18194,0,0
2022-03-30 16:00:00,1.3159,1.31826,1.31405,1.31439,17959,0,0
2022-03-30 20:00:00,1.3143500000000001,1.31441,1.31267,1.31352,7821,0,0
2022-03-31 00:00:00,1.3129,1.31426,1.3128600000000001,1.31414,10836,0,0
2022-03-31 04:00:00,1.31416,1.31437,1.3109899999999999,1.31158,8802,0,0
2022-03-31 08:00:00,1.3115299999999999,1.31483,1.31104,1.3121,14803,0,0
2022-03-31 12:00:00,1.31209,1.31409,1.31119,1.3139,15046,0,0
2022-03-31 16:00:00,1.3139,1.31756,1.31056,1.31383,20187,0,0
2022-03-31 20:00:00,1.31381,1.31527,1.31304,1.3143,8315,0,0
2022-04-01 00:00:00,1.31318,1.31516,1.31314,1.31371,6063,0,0
2022-04-01 04:00:00,1.31372,1.31394,1.3121800000000001,1.31307,8041,0,0
2022-04-01 08:00:00,1.31308,1.31389,1.31129,1.31291,12529,0,0
2022-04-01 12:00:00,1.31291,1.31456,1.31076,1.3112,13232,0,0
2022-04-01 16:00:00,1.3112,1.3118,1.30865,1.31045,15767,0,0
2022-04-01 20:00:00,1.31046,1.31155,1.30919,1.31135,8012,0,0
2022-04-04 00:00:00,1.30926,1.31159,1.3084799999999999,1.3112,4210,0,0
2022-04-04 04:00:00,1.31119,1.312,1.3106900000000001,1.31178,5872,0,0
2022-04-04 08:00:00,1.31179,1.31371,1.31139,1.3115,11399,0,0
2022-04-04 12:00:00,1.3115,1.3124,1.3093,1.31074,13076,0,0
2022-04-04 16:00:00,1.31074,1.3129,1.30995,1.3103799999999999,13632,0,0
2022-04-04 20:00:00,1.31037,1.31204,1.3096700000000001,1.31151,6924,0,0
2022-04-05 00:00:00,1.3112300000000001,1.3117,1.3106200000000001,1.3111,2960,0,0
2022-04-05 04:00:00,1.31109,1.3124,1.3106900000000001,1.31202,5367,0,0
2022-04-05 08:00:00,1.31206,1.3145,1.31152,1.31199,11630,0,0
2022-04-05 12:00:00,1.31198,1.31424,1.3118400000000001,1.31361,11489,0,0
2022-04-05 16:00:00,1.31365,1.31667,1.30822,1.3084799999999999,16644,0,0
2022-04-05 20:00:00,1.3084799999999999,1.30959,1.30667,1.3072,7613,0,0
2022-04-06 00:00:00,1.30692,1.308,1.3063500000000001,1.30647,7555,0,0
2022-04-06 04:00:00,1.30646,1.30778,1.30567,1.30684,7166,0,0
2022-04-06 08:00:00,1.30685,1.30986,1.30453,1.3096999999999999,13622,0,0
2022-04-06 12:00:00,1.30971,1.31083,1.30718,1.30936,13751,0,0
2022-04-06 16:00:00,1.30937,1.30997,1.30681,1.30765,15802,0,0
2022-04-06 20:00:00,1.30763,1.3103,1.30481,1.30684,16086,0,0
2022-04-07 00:00:00,1.30663,1.30808,1.30586,1.3076699999999999,3938,0,0
2022-04-07 04:00:00,1.3076699999999999,1.30836,1.30686,1.3082,6584,0,0
2022-04-07 08:00:00,1.3081800000000001,1.31067,1.30713,1.3073000000000001,13029,0,0
2022-04-07 12:00:00,1.3073000000000001,1.30953,1.30627,1.3069899999999999,15800,0,0
2022-04-07 16:00:00,1.3069899999999999,1.30843,1.30518,1.30542,17067,0,0
2022-04-07 20:00:00,1.3054000000000001,1.30765,1.3054000000000001,1.30739,9896,0,0
2022-04-08 00:00:00,1.30722,1.30824,1.30648,1.30697,5572,0,0
2022-04-08 04:00:00,1.30698,1.30771,1.30609,1.3061,5996,0,0
2022-04-08 08:00:00,1.30609,1.30739,1.3026,1.30435,11279,0,0
2022-04-08 12:00:00,1.30435,1.30524,1.30128,1.3023,11903,0,0
2022-04-08 16:00:00,1.30229,1.30339,1.2982,1.30316,15206,0,0
2022-04-08 20:00:00,1.30317,1.30397,1.30216,1.3035999999999999,7433,0,0
2022-04-11 00:00:00,1.3026499999999999,1.30398,1.3018,1.3020800000000001,4705,0,0
2022-04-11 04:00:00,1.3020800000000001,1.30321,1.30087,1.30169,9615,0,0
2022-04-11 08:00:00,1.30168,1.30355,1.29891,1.30288,15419,0,0
2022-04-11 12:00:00,1.30287,1.30568,1.30188,1.30368,12921,0,0
2022-04-11 16:00:00,1.30368,1.30468,1.30187,1.30246,16193,0,0
2022-04-11 20:00:00,1.30247,1.30386,1.30194,1.30282,7306,0,0
2022-04-12 00:00:00,1.30305,1.3038,1.30176,1.30202,4881,0,0
2022-04-12 04:00:00,1.30202,1.30316,1.30043,1.30258,7801,0,0
2022-04-12 08:00:00,1.3026,1.30347,1.30009,1.30029,13546,0,0
2022-04-12 12:00:00,1.30027,1.30502,1.29938,1.3049,14376,0,0
2022-04-12 16:00:00,1.3048600000000001,1.30538,1.30162,1.30221,22656,0,0
2022-04-12 20:00:00,1.3022,1.30254,1.29992,1.30011,9164,0,0
2022-04-13 00:00:00,1.29992,1.3006,1.2987600000000001,1.29923,3350,0,0
2022-04-13 04:00:00,1.29926,1.30145,1.29919,1.30038,7125,0,0
2022-04-13 08:00:00,1.30037,1.30258,1.29728,1.30067,13141,0,0
2022-04-13 12:00:00,1.30068,1.30246,1.29908,1.29947,13417,0,0
2022-04-13 16:00:00,1.29948,1.31029,1.29926,1.30934,18208,0,0
2022-04-13 20:00:00,1.30936,1.31173,1.3088600000000001,1.31161,7660,0,0
2022-04-14 00:00:00,1.31166,1.31308,1.30998,1.31159,4424,0,0
2022-04-14 04:00:00,1.31159,1.31415,1.31132,1.31381,6234,0,0
2022-04-14 08:00:00,1.31383,1.31474,1.31263,1.31353,10482,0,0
2022-04-14 12:00:00,1.31353,1.31464,1.30946,1.30962,14737,0,0
2022-04-14 16:00:00,1.30962,1.3096999999999999,1.3033299999999999,1.30573,21071,0,0
2022-04-14 20:00:00,1.30572,1.3082500000000001,1.30564,1.3079399999999999,6933,0,0
2022-04-15 00:00:00,1.30656,1.30777,1.30438,1.30562,5548,0,0
2022-04-15 04:00:00,1.30562,1.307,1.30446,1.30676,15311,0,0
2022-04-15 08:00:00,1.30668,1.30743,1.3045900000000001,1.3067,20516,0,0
2022-04-15 12:00:00,1.30666,1.30715,1.3056,1.30652,18642,0,0
2022-04-15 16:00:00,1.30647,1.3069,1.30573,1.30614,8101,0,0
2022-04-15 20:00:00,1.30616,1.30674,1.30532,1.30569,9501,0,0
2022-04-18 00:00:00,1.30462,1.30646,1.30353,1.30442,4577,0,0
2022-04-18 04:00:00,1.30442,1.30529,1.30185,1.30218,7652,0,0
2022-04-18 08:00:00,1.30217,1.3029,1.30063,1.3014700000000001,7098,0,0
2022-04-18 12:00:00,1.30146,1.3045,1.30099,1.30365,7565,0,0
2022-04-18 16:00:00,1.30365,1.30446,1.30048,1.30093,11585,0,0
2022-04-18 20:00:00,1.30094,1.30188,1.30049,1.30108,6592,0,0
2022-04-19 00:00:00,1.30118,1.30189,1.30012,1.30061,4562,0,0
2022-04-19 04:00:00,1.30061,1.30108,1.29893,1.2999,9777,0,0
2022-04-19 08:00:00,1.2999,1.30402,1.29878,1.30401,14943,0,0
2022-04-19 12:00:00,1.304,1.30408,1.29972,1.30011,14921,0,0
2022-04-19 16:00:00,1.30011,1.30122,1.29806,1.30071,18333,0,0
2022-04-19 20:00:00,1.3007,1.3014999999999999,1.29919,1.29989,8089,0,0
2022-04-20 00:00:00,1.29955,1.3020399999999999,1.29873,1.30188,4605,0,0
2022-04-20 04:00:00,1.30189,1.30453,1.30109,1.30362,11894,0,0
2022-04-20 08:00:00,1.30362,1.30384,1.2996400000000001,1.30293,11652,0,0
2022-04-20 12:00:00,1.30293,1.3066200000000001,1.30229,1.30551,13967,0,0
2022-04-20 16:00:00,1.30552,1.30657,1.30343,1.30506,17357,0,0
2022-04-20 20:00:00,1.30506,1.30709,1.30492,1.30679,8986,0,0
2022-04-21 00:00:00,1.30658,1.30739,1.30467,1.30527,9358,0,0
2022-04-21 04:00:00,1.30527,1.30615,1.3042099999999999,1.30514,7887,0,0
2022-04-21 08:00:00,1.3051300000000001,1.3082500000000001,1.30484,1.306,14565,0,0
2022-04-21 12:00:00,1.306,1.30903,1.30243,1.3047,11353,0,0
2022-04-21 16:00:00,1.30466,1.30761,1.30222,1.30353,16750,0,0
2022-04-21 20:00:00,1.30351,1.30478,1.3023,1.3027,11507,0,0
2022-04-22 00:00:00,1.30288,1.30353,1.30159,1.30232,5772,0,0
2022-04-22 04:00:00,1.30231,1.30313,1.30111,1.30263,11012,0,0
2022-04-22 08:00:00,1.30263,1.30329,1.28829,1.2887,15976,0,0
2022-04-22 12:00:00,1.28871,1.2916,1.28622,1.28806,13723,0,0
2022-04-22 16:00:00,1.28807,1.28946,1.28287,1.28363,18279,0,0
2022-04-22 20:00:00,1.28359,1.2845,1.2823,1.28369,9518,0,0
2022-04-25 00:00:00,1.28289,1.28388,1.28168,1.28214,5119,0,0
2022-04-25 04:00:00,1.28224,1.28257,1.2792,1.2799800000000001,10163,0,0
2022-04-25 08:00:00,1.2800500000000001,1.28077,1.27287,1.27467,19663,0,0
2022-04-25 12:00:00,1.27468,1.2755,1.2705199999999999,1.2737,18584,0,0
2022-04-25 16:00:00,1.27371,1.27379,1.26973,1.27298,21035,0,0
2022-04-25 20:00:00,1.27297,1.27444,1.27219,1.27414,12286,0,0
2022-04-26 00:00:00,1.27358,1.2747899999999999,1.2722,1.27464,9698,0,0
2022-04-26 04:00:00,1.27463,1.27725,1.2736,1.27612,11488,0,0
2022-04-26 08:00:00,1.27614,1.27618,1.27108,1.27212,15547,0,0
2022-04-26 12:00:00,1.27212,1.27268,1.26699,1.26802,14454,0,0
2022-04-26 16:00:00,1.26804,1.26977,1.26003,1.26114,21652,0,0
2022-04-26 20:00:00,1.26114,1.26142,1.25711,1.25749,10815,0,0
2022-04-27 00:00:00,1.25732,1.25874,1.25598,1.25809,4946,0,0
2022-04-27 04:00:00,1.25807,1.2591700000000001,1.25743,1.25848,9387,0,0
2022-04-27 08:00:00,1.25847,1.25976,1.25359,1.25381,16175,0,0
2022-04-27 12:00:00,1.25379,1.26019,1.25269,1.25419,15342,0,0
2022-04-27 16:00:00,1.25417,1.25788,1.25024,1.25674,19871,0,0
2022-04-27 20:00:00,1.25674,1.25691,1.25353,1.25455,10819,0,0
2022-04-28 00:00:00,1.25383,1.25468,1.25265,1.25323,5549,0,0
2022-04-28 04:00:00,1.2532,1.25454,1.25084,1.2515800000000001,11985,0,0
2022-04-28 08:00:00,1.25157,1.25699,1.24914,1.2536100000000001,19535,0,0
2022-04-28 12:00:00,1.2536,1.2539799999999999,1.24215,1.24304,18127,0,0
2022-04-28 16:00:00,1.24307,1.24698,1.24115,1.2464,22265,0,0
2022-04-28 20:00:00,1.24638,1.24738,1.2447,1.24536,9444,0,0
2022-04-29 00:00:00,1.24545,1.2487300000000001,1.24475,1.24848,4152,0,0
2022-04-29 04:00:00,1.24847,1.24973,1.2465600000000001,1.2494,8321,0,0
2022-04-29 08:00:00,1.24941,1.25752,1.24938,1.25528,14620,0,0
2022-04-29 12:00:00,1.2553,1.25858,1.25321,1.2546,14685,0,0
2022-04-29 16:00:00,1.2545899999999999,1.25784,1.2530000000000001,1.25778,19978,0,0
2022-04-29 20:00:00,1.25778,1.26146,1.25692,1.25708,10282,0,0
2022-05-02 00:00:00,1.25787,1.25973,1.2567,1.25693,7409,0,0
2022-05-02 04:00:00,1.25694,1.25769,1.25464,1.2551700000000001,10110,0,0
2022-05-02 08:00:00,1.25516,1.25877,1.25397,1.25726,13409,0,0
2022-05-02 12:00:00,1.25725,1.25807,1.25348,1.2537099999999999,10759,0,0
2022-05-02 16:00:00,1.25372,1.25496,1.2493400000000001,1.24978,16966,0,0
2022-05-02 20:00:00,1.24979,1.25006,1.24729,1.24918,9165,0,0
2022-05-03 00:00:00,1.2488299999999999,1.25211,1.24847,1.25196,4284,0,0
2022-05-03 04:00:00,1.25196,1.25414,1.25092,1.25128,6856,0,0
2022-05-03 08:00:00,1.25132,1.25556,1.25052,1.25408,16587,0,0
2022-05-03 12:00:00,1.25406,1.2567,1.24927,1.25576,14501,0,0
2022-05-03 16:00:00,1.25574,1.25662,1.24872,1.24881,18580,0,0
2022-05-03 20:00:00,1.2488,1.25146,1.24704,1.2495,12004,0,0
2022-05-04 00:00:00,1.24972,1.25058,1.24877,1.24963,4994,0,0
2022-05-04 04:00:00,1.24962,1.25006,1.24819,1.24824,5247,0,0
2022-05-04 08:00:00,1.24823,1.25247,1.24669,1.2515100000000001,10992,0,0
2022-05-04 12:00:00,1.25152,1.25362,1.25021,1.25302,11216,0,0
2022-05-04 16:00:00,1.25301,1.25373,1.24673,1.2494399999999999,17391,0,0
2022-05-04 20:00:00,1.2494399999999999,1.2638,1.24513,1.26355,25925,0,0
2022-05-05 00:00:00,1.26273,1.26342,1.26007,1.26092,9878,0,0
2022-05-05 04:00:00,1.26093,1.26331,1.25417,1.25471,9378,0,0
2022-05-05 08:00:00,1.25472,1.25682,1.25173,1.25461,15501,0,0
2022-05-05 12:00:00,1.2546,1.25782,1.23612,1.23889,20125,0,0
2022-05-05 16:00:00,1.23893,1.24125,1.23262,1.2337799999999999,22597,0,0
2022-05-05 20:00:00,1.23379,1.23693,1.23252,1.23578,15957,0,0
2022-05-06 00:00:00,1.2361,1.23804,1.23555,1.2366,7029,0,0
2022-05-06 04:00:00,1.23661,1.2374,1.23333,1.23681,12617,0,0
2022-05-06 08:00:00,1.23681,1.23681,1.2276,1.234,22229,0,0
2022-05-06 12:00:00,1.23401,1.23797,1.23181,1.2322899999999999,20951,0,0
2022-05-06 16:00:00,1.23223,1.23698,1.23011,1.23571,31622,0,0
2022-05-06 20:00:00,1.23572,1.23623,1.2322899999999999,1.23361,15324,0,0
2022-05-09 00:00:00,1.23483,1.23484,1.23021,1.23038,6125,0,0
2022-05-09 04:00:00,1.23038,1.23125,1.22811,1.22835,10475,0,0
2022-05-09 08:00:00,1.22833,1.23077,1.2261,1.22704,17108,0,0
2022-05-09 12:00:00,1.22702,1.24059,1.22686,1.23896,19719,0,0
2022-05-09 16:00:00,1.23896,1.23906,1.23008,1.23479,24541,0,0
2022-05-09 20:00:00,1.23474,1.23553,1.23259,1.23294,16674,0,0
2022-05-10 00:00:00,1.23309,1.23421,1.23175,1.23306,7458,0,0
2022-05-10 04:00:00,1.23305,1.23721,1.23235,1.2365599999999999,12973,0,0
2022-05-10 08:00:00,1.2365599999999999,1.23756,1.2316799999999999,1.2337500000000001,17796,0,0
2022-05-10 12:00:00,1.23374,1.23588,1.23045,1.23189,17147,0,0
2022-05-10 16:00:00,1.2318500000000001,1.23413,1.22918,1.2309700000000001,28001,0,0
2022-05-10 20:00:00,1.23098,1.23307,1.23029,1.23159,16250,0,0
2022-05-11 00:00:00,1.23129,1.23263,1.23047,1.23171,4948,0,0
2022-05-11 04:00:00,1.23174,1.23401,1.2312,1.23357,9102,0,0
2022-05-11 08:00:00,1.23357,1.23733,1.2322899999999999,1.2373,14507,0,0
2022-05-11 12:00:00,1.23726,1.23898,1.22772,1.22875,19472,0,0
2022-05-11 16:00:00,1.22874,1.24,1.22826,1.22898,31055,0,0
2022-05-11 20:00:00,1.22896,1.22929,1.22374,1.2247,19191,0,0
2022-05-12 00:00:00,1.22529,1.22531,1.22249,1.22448,9100,0,0
2022-05-12 04:00:00,1.22448,1.22461,1.22069,1.22079,12575,0,0
2022-05-12 08:00:00,1.22079,1.22212,1.21796,1.21797,24468,0,0
2022-05-12 12:00:00,1.21796,1.22479,1.2165300000000001,1.22278,20946,0,0
2022-05-12 16:00:00,1.22277,1.22435,1.21875,1.21914,29002,0,0
2022-05-12 20:00:00,1.21915,1.21995,1.21733,1.21948,16524,0,0
2022-05-13 00:00:00,1.21995,1.22142,1.21928,1.22074,5277,0,0
2022-05-13 04:00:00,1.22073,1.22272,1.21929,1.22226,10459,0,0
2022-05-13 08:00:00,1.22227,1.22316,1.21993,1.22055,18255,0,0
2022-05-13 12:00:00,1.22056,1.22165,1.21745,1.21994,13464,0,0
2022-05-13 16:00:00,1.21994,1.22488,1.21554,1.22361,19712,0,0
2022-05-13 20:00:00,1.22363,1.2261199999999999,1.22201,1.22606,9083,0,0
2022-05-16 00:00:00,1.22352,1.22706,1.22336,1.22695,6966,0,0
2022-05-16 04:00:00,1.22695,1.22965,1.22329,1.22405,9999,0,0
2022-05-16 08:00:00,1.22404,1.2253,1.2217500000000001,1.2235800000000001,13016,0,0
2022-05-16 12:00:00,1.22359,1.22699,1.2219,1.22539,13310,0,0
2022-05-16 16:00:00,1.22539,1.22814,1.22362,1.22757,20106,0,0
2022-05-16 20:00:00,1.22757,1.23295,1.22738,1.232,9972,0,0
2022-05-17 00:00:00,1.2311,1.23371,1.2311,1.23294,4485,0,0
2022-05-17 04:00:00,1.23293,1.2347,1.23203,1.23426,7692,0,0
2022-05-17 08:00:00,1.23427,1.24832,1.2335,1.24759,14616,0,0
2022-05-17 12:00:00,1.24759,1.2499,1.24424,1.24882,19371,0,0
2022-05-17 16:00:00,1.24888,1.24894,1.24494,1.24806,18767,0,0
2022-05-17 20:00:00,1.24805,1.2494,1.24524,1.24928,17224,0,0
2022-05-18 00:00:00,1.24854,1.25008,1.24846,1.24885,7570,0,0
2022-05-18 04:00:00,1.24885,1.24931,1.24627,1.24722,8263,0,0
2022-05-18 08:00:00,1.24721,1.24954,1.2372,1.23742,14510,0,0
2022-05-18 12:00:00,1.2374,1.2436,1.2374,1.24193,13710,0,0
2022-05-18 16:00:00,1.24192,1.24261,1.2373,1.23828,19413,0,0
2022-05-18 20:00:00,1.23828,1.23838,1.23298,1.23418,12665,0,0
2022-05-19 00:00:00,1.23379,1.23647,1.23333,1.2352400000000001,9364,0,0
2022-05-19 04:00:00,1.23525,1.2395100000000001,1.23391,1.23864,11179,0,0
2022-05-19 08:00:00,1.23859,1.24074,1.23376,1.23917,18024,0,0
2022-05-19 12:00:00,1.23917,1.24378,1.23694,1.24291,20033,0,0
2022-05-19 16:00:00,1.24289,1.25247,1.24262,1.24984,28464,0,0
2022-05-19 20:00:00,1.24986,1.25121,1.24684,1.2471,17186,0,0
2022-05-20 00:00:00,1.24655,1.24774,1.24503,1.24634,6884,0,0
2022-05-20 04:00:00,1.24634,1.24695,1.24375,1.24543,10233,0,0
2022-05-20 08:00:00,1.2454399999999999,1.24966,1.2448,1.24868,16809,0,0
2022-05-20 12:00:00,1.24868,1.24906,1.24615,1.24784,14619,0,0
2022-05-20 16:00:00,1.24783,1.2499500000000001,1.24528,1.24719,22684,0,0
2022-05-20 20:00:00,1.2472,1.24969,1.24532,1.2494,14318,0,0
2022-05-23 00:00:00,1.24744,1.25298,1.24744,1.2526,5840,0,0
2022-05-23 04:00:00,1.25259,1.25531,1.2522,1.2546,8893,0,0
2022-05-23 08:00:00,1.25462,1.25752,1.25411,1.25716,17044,0,0
2022-05-23 12:00:00,1.25717,1.2601,1.25634,1.2567300000000001,15407,0,0
2022-05-23 16:00:00,1.2567599999999999,1.25936,1.25561,1.25683,19287,0,0
2022-05-23 20:00:00,1.25684,1.25885,1.25584,1.2587,8773,0,0
2022-05-24 00:00:00,1.25865,1.25878,1.25569,1.2558500000000001,4213,0,0
2022-05-24 04:00:00,1.25584,1.25695,1.25474,1.25604,6840,0,0
2022-05-24 08:00:00,1.25606,1.25984,1.24749,1.24865,16577,0,0
2022-05-24 12:00:00,1.24864,1.25225,1.24714,1.24919,15582,0,0
2022-05-24 16:00:00,1.24913,1.25548,1.24838,1.25353,23310,0,0
2022-05-24 20:00:00,1.25348,1.25435,1.25102,1.25346,12182,0,0
2022-05-25 00:00:00,1.2530999999999999,1.25489,1.2521900000000001,1.25279,5455,0,0
2022-05-25 04:00:00,1.25281,1.25427,1.25139,1.25378,9782,0,0
2022-05-25 08:00:00,1.25378,1.25597,1.252,1.25233,16002,0,0
2022-05-25 12:00:00,1.25232,1.25236,1.24809,1.25006,16007,0,0
2022-05-25 16:00:00,1.25006,1.2558500000000001,1.24932,1.25323,19361,0,0
2022-05-25 20:00:00,1.25324,1.25909,1.25247,1.2576800000000001,15061,0,0
2022-05-26 00:00:00,1.25681,1.26123,1.25672,1.26048,4720,0,0
2022-05-26 04:00:00,1.26047,1.26088,1.2564600000000001,1.25685,10500,0,0
2022-05-26 08:00:00,1.25685,1.2597800000000001,1.25518,1.2564,14345,0,0
2022-05-26 12:00:00,1.2564,1.26207,1.25579,1.25638,17421,0,0
2022-05-26 16:00:00,1.25636,1.25875,1.25529,1.2575,17493,0,0
2022-05-26 20:00:00,1.25754,1.26091,1.25683,1.26081,7873,0,0
2022-05-27 00:00:00,1.25876,1.26263,1.25876,1.26217,5200,0,0
2022-05-27 04:00:00,1.26218,1.26666,1.26155,1.26525,11094,0,0
2022-05-27 08:00:00,1.26523,1.26523,1.26077,1.26182,14393,0,0
2022-05-27 12:00:00,1.26184,1.26441,1.2585899999999999,1.26248,16852,0,0
2022-05-27 16:00:00,1.2624900000000001,1.26542,1.25968,1.2607300000000001,17728,0,0
2022-05-27 20:00:00,1.2607,1.26323,1.26027,1.26316,7416,0,0
2022-05-30 00:00:00,1.26174,1.26355,1.26143,1.26277,4491,0,0
2022-05-30 04:00:00,1.26277,1.26576,1.26212,1.26465,9499,0,0
2022-05-30 08:00:00,1.2646600000000001,1.2651,1.26165,1.26296,14554,0,0
2022-05-30 12:00:00,1.26296,1.26553,1.2625,1.26319,12474,0,0
2022-05-30 16:00:00,1.26319,1.2659799999999999,1.26312,1.26545,11681,0,0
2022-05-30 20:00:00,1.26545,1.2658800000000001,1.2650299999999999,1.2650299999999999,4834,0,0
2022-05-31 00:00:00,1.2652999999999999,1.26553,1.26101,1.26123,11909,0,0
2022-05-31 04:00:00,1.26121,1.26292,1.25989,1.26125,13217,0,0
2022-05-31 08:00:00,1.26124,1.26312,1.2591,1.26124,15433,0,0
2022-05-31 12:00:00,1.26123,1.2618800000000001,1.25602,1.25624,16958,0,0
2022-05-31 16:00:00,1.2562,1.26304,1.2562,1.2619799999999999,22605,0,0
2022-05-31 20:00:00,1.26194,1.26238,1.25984,1.2602,11664,0,0
2022-06-01 00:00:00,1.26029,1.26166,1.25986,1.26094,4394,0,0
2022-06-01 04:00:00,1.26091,1.26094,1.25755,1.25826,10773,0,0
2022-06-01 08:00:00,1.25826,1.2612,1.2575,1.25783,16368,0,0
2022-06-01 12:00:00,1.25782,1.2605,1.25594,1.25875,14172,0,0
2022-06-01 16:00:00,1.25877,1.2594699999999999,1.24583,1.24702,22337,0,0
2022-06-01 20:00:00,1.24695,1.25021,1.24695,1.24836,12882,0,0
2022-06-02 00:00:00,1.2484,1.24916,1.24743,1.24859,4522,0,0
2022-06-02 04:00:00,1.24854,1.24878,1.24711,1.24855,8226,0,0
2022-06-02 08:00:00,1.24854,1.25446,1.24694,1.25374,12466,0,0
2022-06-02 12:00:00,1.2537,1.25713,1.25353,1.25548,13261,0,0
2022-06-02 16:00:00,1.2555100000000001,1.25818,1.25248,1.25814,18947,0,0
2022-06-02 20:00:00,1.25812,1.25866,1.25644,1.25748,8947,0,0
2022-06-03 00:00:00,1.25782,1.25897,1.25712,1.25785,4264,0,0
2022-06-03 04:00:00,1.25788,1.25848,1.25687,1.2570299999999999,9119,0,0
2022-06-03 08:00:00,1.2570299999999999,1.25838,1.25591,1.25745,11141,0,0
2022-06-03 12:00:00,1.25746,1.2576800000000001,1.2521,1.25354,13960,0,0
2022-06-03 16:00:00,1.25354,1.2573699999999999,1.24918,1.25146,20234,0,0
2022-06-03 20:00:00,1.25141,1.25156,1.24853,1.24872,8993,0,0
2022-06-06 00:00:00,1.24935,1.25023,1.2481,1.24825,5135,0,0
2022-06-06 04:00:00,1.24824,1.25009,1.24767,1.24994,8988,0,0
2022-06-06 08:00:00,1.2499500000000001,1.25776,1.2490700000000001,1.25728,14976,0,0
2022-06-06 12:00:00,1.2572999999999999,1.25732,1.25412,1.25566,12109,0,0
2022-06-06 16:00:00,1.25565,1.2561,1.25252,1.2539799999999999,18416,0,0
2022-06-06 20:00:00,1.2539799999999999,1.25482,1.25262,1.25297,9644,0,0
2022-06-07 00:00:00,1.25318,1.25336,1.25129,1.25167,7248,0,0
2022-06-07 04:00:00,1.25165,1.2523,1.24886,1.24914,12909,0,0
2022-06-07 08:00:00,1.24918,1.25346,1.24303,1.24942,20916,0,0
2022-06-07 12:00:00,1.2494399999999999,1.25193,1.24862,1.24869,16148,0,0
2022-06-07 16:00:00,1.24863,1.25995,1.2482,1.2593,19233,0,0
2022-06-07 20:00:00,1.25931,1.25994,1.25723,1.25892,8098,0,0
2022-06-08 00:00:00,1.25894,1.25976,1.25738,1.25747,5220,0,0
2022-06-08 04:00:00,1.25744,1.2587,1.25564,1.25572,13977,0,0
2022-06-08 08:00:00,1.25571,1.2584,1.2518500000000001,1.2522,18571,0,0
2022-06-08 12:00:00,1.2521900000000001,1.25598,1.25132,1.25366,18116,0,0
2022-06-08 16:00:00,1.2536800000000001,1.25645,1.25312,1.25475,20043,0,0
2022-06-08 20:00:00,1.25475,1.25485,1.25347,1.25358,11238,0,0
2022-06-09 00:00:00,1.2538,1.2546300000000001,1.25284,1.2534399999999999,11291,0,0
2022-06-09 04:00:00,1.25346,1.25485,1.252,1.25289,12570,0,0
2022-06-09 08:00:00,1.25288,1.25328,1.2492,1.25259,17052,0,0
2022-06-09 12:00:00,1.25259,1.25488,1.25132,1.25316,23142,0,0
2022-06-09 16:00:00,1.25316,1.25587,1.25071,1.25149,26016,0,0
2022-06-09 20:00:00,1.25147,1.25228,1.2487,1.24956,11543,0,0
2022-06-10 00:00:00,1.2493,1.25085,1.2482199999999999,1.2499500000000001,5285,0,0
2022-06-10 04:00:00,1.2499500000000001,1.25016,1.24791,1.24962,10236,0,0
2022-06-10 08:00:00,1.24961,1.25179,1.24693,1.24823,18896,0,0
2022-06-10 12:00:00,1.24821,1.24843,1.23826,1.23834,22075,0,0
2022-06-10 16:00:00,1.23833,1.2414399999999999,1.23094,1.23113,28886,0,0
2022-06-10 20:00:00,1.23112,1.23228,1.2301,1.23132,15691,0,0
2022-06-13 00:00:00,1.23179,1.23214,1.22709,1.22756,11635,0,0
2022-06-13 04:00:00,1.22756,1.22917,1.22621,1.22859,15691,0,0
2022-06-13 08:00:00,1.2286,1.23007,1.22122,1.22195,23152,0,0
2022-06-13 12:00:00,1.22193,1.22227,1.21615,1.21949,24603,0,0
2022-06-13 16:00:00,1.21952,1.22005,1.21235,1.21735,27848,0,0
2022-06-13 20:00:00,1.21734,1.21867,1.21069,1.21323,21283,0,0
2022-06-14 00:00:00,1.21356,1.21612,1.2124,1.21555,9066,0,0
2022-06-14 04:00:00,1.21554,1.21962,1.21342,1.21765,19814,0,0
2022-06-14 08:00:00,1.21766,1.22079,1.21494,1.21523,24003,0,0
2022-06-14 12:00:00,1.21523,1.21593,1.20624,1.20768,25525,0,0
2022-06-14 16:00:00,1.20769,1.20838,1.19892,1.1994799999999999,29933,0,0
2022-06-14 20:00:00,1.19942,1.20312,1.19339,1.1997,18572,0,0
2022-06-15 00:00:00,1.19956,1.2019199999999999,1.19871,1.20189,11105,0,0
2022-06-15 04:00:00,1.20188,1.20413,1.19985,1.20017,14367,0,0
2022-06-15 08:00:00,1.20017,1.20896,1.1989,1.20885,25736,0,0
2022-06-15 12:00:00,1.20884,1.21253,1.20581,1.20635,25282,0,0
2022-06-15 16:00:00,1.20632,1.2097,1.2046000000000001,1.20644,22203,0,0
2022-06-15 20:00:00,1.20642,1.22049,1.20282,1.21731,28916,0,0
2022-06-16 00:00:00,1.21793,1.21898,1.21583,1.21784,9452,0,0
2022-06-16 04:00:00,1.21783,1.21861,1.21417,1.21468,14508,0,0
2022-06-16 08:00:00,1.21469,1.21552,1.2058200000000001,1.21282,25530,0,0
2022-06-16 12:00:00,1.21283,1.2247,1.2041,1.22215,32055,0,0
2022-06-16 16:00:00,1.22215,1.24068,1.22212,1.23804,35234,0,0
2022-06-16 20:00:00,1.23804,1.2398,1.23447,1.23518,24202,0,0
2022-06-17 00:00:00,1.23544,1.23652,1.2319499999999999,1.23246,11859,0,0
2022-06-17 04:00:00,1.23247,1.23314,1.22854,1.2306,19270,0,0
2022-06-17 08:00:00,1.2306,1.23431,1.22522,1.23156,24869,0,0
2022-06-17 12:00:00,1.23157,1.23353,1.22527,1.22671,23402,0,0
2022-06-17 16:00:00,1.22669,1.22682,1.21727,1.21887,29647,0,0
2022-06-17 20:00:00,1.21883,1.22329,1.21872,1.22155,14761,0,0
2022-06-20 00:00:00,1.22235,1.22318,1.2207,1.22227,10731,0,0
2022-06-20 04:00:00,1.22226,1.22534,1.21989,1.22353,21470,0,0
2022-06-20 08:00:00,1.22354,1.22532,1.22179,1.22462,25260,0,0
2022-06-20 12:00:00,1.2246299999999999,1.22803,1.22334,1.22625,19329,0,0
2022-06-20 16:00:00,1.22625,1.22625,1.22257,1.22543,18108,0,0
2022-06-20 20:00:00,1.22544,1.22594,1.2231,1.22476,3900,0,0
2022-06-21 00:00:00,1.22503,1.22715,1.2236,1.2269700000000001,8690,0,0
2022-06-21 04:00:00,1.22696,1.22834,1.2262,1.22648,14116,0,0
2022-06-21 08:00:00,1.22649,1.23239,1.22448,1.23091,21087,0,0
2022-06-21 12:00:00,1.23091,1.2318,1.22511,1.22665,22002,0,0
2022-06-21 16:00:00,1.22666,1.22945,1.22482,1.22717,24496,0,0
2022-06-21 20:00:00,1.22718,1.22818,1.22614,1.22791,11714,0,0
2022-06-22 00:00:00,1.22708,1.22806,1.22432,1.2246,7509,0,0
2022-06-22 04:00:00,1.2246,1.22597,1.22285,1.22337,14760,0,0
2022-06-22 08:00:00,1.22336,1.22434,1.21608,1.2218,25131,0,0
2022-06-22 12:00:00,1.22181,1.22722,1.2214800000000001,1.22535,24391,0,0
2022-06-22 16:00:00,1.2254,1.23146,1.22477,1.22654,32282,0,0
2022-06-22 20:00:00,1.22654,1.22879,1.2257,1.22621,14527,0,0
2022-06-23 00:00:00,1.22586,1.22668,1.22417,1.22601,7862,0,0
2022-06-23 04:00:00,1.22602,1.2264,1.22313,1.22553,19739,0,0
2022-06-23 08:00:00,1.22553,1.22637,1.21698,1.21994,26617,0,0
2022-06-23 12:00:00,1.21995,1.22584,1.21942,1.22444,24567,0,0
2022-06-23 16:00:00,1.22444,1.22946,1.2220900000000001,1.22283,34364,0,0
2022-06-23 20:00:00,1.22285,1.22724,1.22198,1.2261,16834,0,0
2022-06-24 00:00:00,1.2256,1.2271,1.22407,1.225,10556,0,0
2022-06-24 04:00:00,1.22501,1.2285,1.22456,1.22795,14132,0,0
2022-06-24 08:00:00,1.2279200000000001,1.22844,1.22427,1.22756,21503,0,0
2022-06-24 12:00:00,1.22753,1.23098,1.22617,1.22833,21042,0,0
2022-06-24 16:00:00,1.22835,1.23206,1.22649,1.22684,29363,0,0
2022-06-24 20:00:00,1.22687,1.22875,1.22499,1.22733,11611,0,0
2022-06-27 00:00:00,1.22712,1.22967,1.22568,1.22705,9799,0,0
2022-06-27 04:00:00,1.22705,1.22908,1.22667,1.2284,16531,0,0
2022-06-27 08:00:00,1.22841,1.23326,1.22644,1.23169,18705,0,0
2022-06-27 12:00:00,1.2317,1.23191,1.22378,1.22553,17517,0,0
2022-06-27 16:00:00,1.22555,1.23133,1.22554,1.2291,24489,0,0
2022-06-27 20:00:00,1.2291,1.22919,1.22624,1.22664,13706,0,0
2022-06-28 00:00:00,1.2264599999999999,1.228,1.2261,1.22717,6853,0,0
2022-06-28 04:00:00,1.22716,1.22836,1.2261,1.2267299999999999,15146,0,0
2022-06-28 08:00:00,1.22682,1.2291400000000001,1.22507,1.22841,21058,0,0
2022-06-28 12:00:00,1.22839,1.22849,1.2211,1.22132,20210,0,0
2022-06-28 16:00:00,1.22133,1.22256,1.21852,1.21935,25224,0,0
2022-06-28 20:00:00,1.21937,1.22001,1.21803,1.21836,15694,0,0
2022-06-29 00:00:00,1.21838,1.22032,1.21756,1.21922,12465,0,0
2022-06-29 04:00:00,1.21923,1.22129,1.2189,1.21974,14888,0,0
2022-06-29 08:00:00,1.21973,1.22117,1.21658,1.21747,22591,0,0
2022-06-29 12:00:00,1.21747,1.21901,1.21417,1.21536,23223,0,0
2022-06-29 16:00:00,1.21536,1.21772,1.21057,1.2122,31091,0,0
2022-06-29 20:00:00,1.21221,1.21378,1.21137,1.2121,13137,0,0
2022-06-30 00:00:00,1.21222,1.21323,1.21167,1.21264,7632,0,0
2022-06-30 04:00:00,1.21264,1.21415,1.21075,1.21309,14973,0,0
2022-06-30 08:00:00,1.2131,1.21657,1.21249,1.21425,24878,0,0
2022-06-30 12:00:00,1.21424,1.21427,1.2092,1.2122600000000001,19865,0,0
2022-06-30 16:00:00,1.21219,1.21881,1.21215,1.21774,26002,0,0
2022-06-30 20:00:00,1.21773,1.21885,1.2163599999999999,1.21787,14056,0,0
2022-07-01 00:00:00,1.21742,1.2178,1.21492,1.21539,7579,0,0
2022-07-01 04:00:00,1.21537,1.21571,1.2111,1.21193,16849,0,0
2022-07-01 08:00:00,1.21194,1.21389,1.20934,1.21008,19986,0,0
2022-07-01 12:00:00,1.21008,1.21173,1.20041,1.20073,20802,0,0
2022-07-01 16:00:00,1.20073,1.20633,1.1976,1.20458,26760,0,0
2022-07-01 20:00:00,1.20454,1.21073,1.20371,1.20914,11136,0,0
2022-07-04 00:00:00,1.21064,1.2122600000000001,1.20956,1.21062,9451,0,0
2022-07-04 04:00:00,1.21063,1.21086,1.20843,1.20929,15435,0,0
2022-07-04 08:00:00,1.2093,1.21269,1.20908,1.21219,17295,0,0
2022-07-04 12:00:00,1.21214,1.2165,1.21079,1.21533,15974,0,0
2022-07-04 16:00:00,1.21533,1.21607,1.20959,1.21109,15475,0,0
2022-07-04 20:00:00,1.21108,1.21131,1.20971,1.2101899999999999,3422,0,0
2022-07-05 00:00:00,1.21081,1.21188,1.20961,1.2111,11612,0,0
2022-07-05 04:00:00,1.21107,1.2122600000000001,1.20978,1.21128,15659,0,0
2022-07-05 08:00:00,1.21124,1.21253,1.20427,1.20438,23947,0,0
2022-07-05 12:00:00,1.20436,1.20566,1.19596,1.19692,24469,0,0
2022-07-05 16:00:00,1.19686,1.19723,1.18987,1.1924,27425,0,0
2022-07-05 20:00:00,1.19241,1.19593,1.19167,1.19552,15768,0,0
2022-07-06 00:00:00,1.19377,1.19652,1.19377,1.19652,9477,0,0
2022-07-06 04:00:00,1.19654,1.19717,1.1926700000000001,1.19353,17143,0,0
2022-07-06 08:00:00,1.19352,1.19893,1.1911,1.19601,26323,0,0
2022-07-06 12:00:00,1.19601,1.19631,1.18758,1.18971,27331,0,0
2022-07-06 16:00:00,1.1897,1.19405,1.18858,1.19093,33126,0,0
2022-07-06 20:00:00,1.19092,1.19453,1.19078,1.19211,19985,0,0
2022-07-07 00:00:00,1.19158,1.1930399999999999,1.19087,1.19258,10924,0,0
2022-07-07 04:00:00,1.1926,1.19535,1.19151,1.19479,18059,0,0
2022-07-07 08:00:00,1.19481,1.19945,1.19336,1.1969,23953,0,0
2022-07-07 12:00:00,1.19687,1.20233,1.1955,1.19639,26033,0,0
2022-07-07 16:00:00,1.19637,1.20141,1.19479,1.20079,27513,0,0
2022-07-07 20:00:00,1.20079,1.20297,1.19963,1.20234,10711,0,0
2022-07-08 00:00:00,1.20219,1.20518,1.20118,1.20498,6930,0,0
2022-07-08 04:00:00,1.20499,1.20558,1.19962,1.20144,19145,0,0
2022-07-08 08:00:00,1.20144,1.20147,1.19192,1.19348,23054,0,0
2022-07-08 12:00:00,1.19348,1.20299,1.19278,1.19866,26717,0,0
2022-07-08 16:00:00,1.19872,1.20481,1.19713,1.20188,29911,0,0
2022-07-08 20:00:00,1.20189,1.20357,1.20117,1.20317,11077,0,0
2022-07-11 00:00:00,1.20146,1.20371,1.20038,1.20088,9889,0,0
2022-07-11 04:00:00,1.2009,1.20097,1.19771,1.19881,15831,0,0
2022-07-11 08:00:00,1.19881,1.19897,1.19535,1.19663,19890,0,0
2022-07-11 12:00:00,1.19663,1.19773,1.19074,1.19227,20393,0,0
2022-07-11 16:00:00,1.19228,1.1923,1.18666,1.18832,25792,0,0
2022-07-11 20:00:00,1.18832,1.19098,1.18807,1.1891,13664,0,0
2022-07-12 00:00:00,1.18889,1.19099,1.18828,1.18931,13808,0,0
2022-07-12 04:00:00,1.1893,1.18939,1.18605,1.18644,18266,0,0
2022-07-12 08:00:00,1.18645,1.18734,1.1807400000000001,1.18297,22509,0,0
2022-07-12 12:00:00,1.18296,1.18817,1.18125,1.18591,23737,0,0
2022-07-12 16:00:00,1.18589,1.19158,1.18589,1.19106,25085,0,0
2022-07-12 20:00:00,1.19108,1.19128,1.18819,1.18882,12303,0,0
2022-07-13 00:00:00,1.18827,1.18893,1.18748,1.18797,7782,0,0
2022-07-13 04:00:00,1.18799,1.19192,1.18703,1.19015,17255,0,0
2022-07-13 08:00:00,1.19017,1.19366,1.18764,1.18903,22356,0,0
2022-07-13 12:00:00,1.18902,1.19474,1.18272,1.18561,22879,0,0
2022-07-13 16:00:00,1.18554,1.19675,1.18432,1.19214,32702,0,0
2022-07-13 20:00:00,1.19214,1.1932800000000001,1.18868,1.18897,17383,0,0
2022-07-14 00:00:00,1.18891,1.18936,1.1850100000000001,1.18576,10420,0,0
2022-07-14 04:00:00,1.1858,1.18842,1.18464,1.18605,16848,0,0
2022-07-14 08:00:00,1.18606,1.18752,1.18236,1.1842,23137,0,0
2022-07-14 12:00:00,1.1841599999999999,1.18769,1.1811,1.1812,26812,0,0
2022-07-14 16:00:00,1.18114,1.18427,1.176,1.1779600000000001,32604,0,0
2022-07-14 20:00:00,1.17797,1.18385,1.17778,1.18244,20058,0,0
2022-07-15 00:00:00,1.1819600000000001,1.18414,1.18174,1.1826699999999999,8346,0,0
2022-07-15 04:00:00,1.18269,1.18517,1.1825700000000001,1.18309,15066,0,0
2022-07-15 08:00:00,1.18309,1.18452,1.18045,1.18272,22392,0,0
2022-07-15 12:00:00,1.18266,1.18529,1.18071,1.18465,23446,0,0
2022-07-15 16:00:00,1.18469,1.1874500000000001,1.18138,1.18552,27725,0,0
2022-07-15 20:00:00,1.18552,1.18705,1.18489,1.18678,10443,0,0
2022-07-18 00:00:00,1.18643,1.18908,1.18604,1.18827,8679,0,0
2022-07-18 04:00:00,1.18826,1.19067,1.18811,1.18861,14483,0,0
2022-07-18 08:00:00,1.18861,1.19658,1.18781,1.19457,20607,0,0
2022-07-18 12:00:00,1.19456,1.19914,1.19417,1.19792,20594,0,0
2022-07-18 16:00:00,1.19792,1.20334,1.19695,1.19764,22246,0,0
2022-07-18 20:00:00,1.19764,1.19804,1.19462,1.19497,11930,0,0
2022-07-19 00:00:00,1.19471,1.19578,1.1932800000000001,1.19353,7868,0,0
2022-07-19 04:00:00,1.19353,1.19566,1.19249,1.19457,10868,0,0
2022-07-19 08:00:00,1.19459,1.20242,1.19435,1.2021,20110,0,0
2022-07-19 12:00:00,1.2021,1.204,1.19998,1.20117,20860,0,0
2022-07-19 16:00:00,1.20114,1.20454,1.20046,1.20074,19607,0,0
2022-07-19 20:00:00,1.20075,1.20108,1.19858,1.19974,7970,0,0
2022-07-20 00:00:00,1.1987,1.20174,1.19796,1.20163,6356,0,0
2022-07-20 04:00:00,1.20163,1.20374,1.2009400000000001,1.20294,8147,0,0
2022-07-20 08:00:00,1.20294,1.20345,1.19886,1.20044,17833,0,0
2022-07-20 12:00:00,1.2004,1.20321,1.19555,1.19834,20029,0,0
2022-07-20 16:00:00,1.19834,1.20063,1.196,1.19721,20292,0,0
2022-07-20 20:00:00,1.19717,1.19801,1.19532,1.19788,10960,0,0
2022-07-21 00:00:00,1.19626,1.1982599999999999,1.19608,1.19668,4903,0,0
2022-07-21 04:00:00,1.19668,1.2,1.1963,1.19986,9575,0,0
2022-07-21 08:00:00,1.19986,1.20035,1.19204,1.1939,17616,0,0
2022-07-21 12:00:00,1.1939,1.19928,1.19132,1.19845,22626,0,0
2022-07-21 16:00:00,1.19842,1.19917,1.189,1.19517,27969,0,0
2022-07-21 20:00:00,1.19515,1.20038,1.19512,1.19998,11960,0,0
2022-07-22 00:00:00,1.20026,1.20032,1.19798,1.1987,8760,0,0
2022-07-22 04:00:00,1.19867,1.19902,1.19556,1.19564,9347,0,0
2022-07-22 08:00:00,1.19564,1.19895,1.19164,1.19556,18217,0,0
2022-07-22 12:00:00,1.19556,1.1976,1.19265,1.1958199999999999,21192,0,0
2022-07-22 16:00:00,1.19584,1.20639,1.1952099999999999,1.20221,24938,0,0
2022-07-22 20:00:00,1.20218,1.20243,1.19708,1.20051,13740,0,0
2022-07-25 00:00:00,1.1992,1.201,1.1960600000000001,1.1963300000000001,7135,0,0
2022-07-25 04:00:00,1.19632,1.19959,1.19616,1.19825,12019,0,0
2022-07-25 08:00:00,1.19823,1.20296,1.19629,1.20274,17864,0,0
2022-07-25 12:00:00,1.20273,1.20825,1.20223,1.20705,18752,0,0
2022-07-25 16:00:00,1.20705,1.20864,1.20249,1.2051,19859,0,0
2022-07-25 20:00:00,1.2051,1.20596,1.2045,1.20461,8613,0,0
2022-07-26 00:00:00,1.20365,1.20635,1.20356,1.20593,5567,0,0
2022-07-26 04:00:00,1.2059199999999999,1.20903,1.20574,1.20629,9058,0,0
2022-07-26 08:00:00,1.2063,1.20709,1.20303,1.2033800000000001,14927,0,0
2022-07-26 12:00:00,1.2033800000000001,1.20346,1.19639,1.20025,19409,0,0
2022-07-26 16:00:00,1.20025,1.20538,1.19895,1.2025000000000001,21571,0,0
2022-07-26 20:00:00,1.20249,1.20422,1.20208,1.20263,9686,0,0
2022-07-27 00:00:00,1.20201,1.20533,1.20184,1.20444,5838,0,0
2022-07-27 04:00:00,1.20444,1.20593,1.2037200000000001,1.20593,8755,0,0
2022-07-27 08:00:00,1.20593,1.20745,1.20363,1.20597,15789,0,0
2022-07-27 12:00:00,1.20597,1.20877,1.20428,1.20469,15855,0,0
2022-07-27 16:00:00,1.20471,1.20586,1.20206,1.20385,18335,0,0
2022-07-27 20:00:00,1.20386,1.21863,1.20298,1.21552,20093,0,0
2022-07-28 00:00:00,1.2151,1.21705,1.21423,1.21485,7478,0,0
2022-07-28 04:00:00,1.21487,1.21866,1.21461,1.21593,12703,0,0
2022-07-28 08:00:00,1.21598,1.21914,1.21539,1.21873,17660,0,0
2022-07-28 12:00:00,1.21873,1.21873,1.21033,1.21393,23161,0,0
2022-07-28 16:00:00,1.21385,1.21661,1.21088,1.21302,26333,0,0
2022-07-28 20:00:00,1.21303,1.21831,1.21296,1.21774,8690,0,0
2022-07-29 00:00:00,1.21759,1.21786,1.21619,1.21739,7828,0,0
2022-07-29 04:00:00,1.21739,1.22039,1.21629,1.21878,11306,0,0
2022-07-29 08:00:00,1.2187999999999999,1.22455,1.21552,1.21699,21650,0,0
2022-07-29 12:00:00,1.21694,1.21868,1.21059,1.2115,22512,0,0
2022-07-29 16:00:00,1.21153,1.21867,1.20631,1.21684,26164,0,0
2022-07-29 20:00:00,1.21684,1.21888,1.21517,1.21803,7217,0,0
2022-08-01 00:00:00,1.2163,1.21881,1.2157,1.21729,7534,0,0
2022-08-01 04:00:00,1.21729,1.21982,1.2168,1.21821,9122,0,0
2022-08-01 08:00:00,1.21822,1.22306,1.21742,1.22304,13141,0,0
2022-08-01 12:00:00,1.22305,1.22615,1.22186,1.22475,17603,0,0
2022-08-01 16:00:00,1.22476,1.22932,1.2235,1.22769,23898,0,0
2022-08-01 20:00:00,1.22769,1.22771,1.22412,1.22537,11189,0,0
2022-08-02 00:00:00,1.22462,1.2279,1.22401,1.22695,7401,0,0
2022-08-02 04:00:00,1.22695,1.22766,1.22442,1.22489,16112,0,0
2022-08-02 08:00:00,1.22488,1.2256,1.2186,1.21916,22887,0,0
2022-08-02 12:00:00,1.21916,1.22276,1.21911,1.2221,18452,0,0
2022-08-02 16:00:00,1.22223,1.22411,1.21799,1.22141,25672,0,0
2022-08-02 20:00:00,1.2214,1.22142,1.21582,1.21619,12772,0,0
2022-08-03 00:00:00,1.21608,1.21727,1.21346,1.21467,11134,0,0
2022-08-03 04:00:00,1.21469,1.2194099999999999,1.21455,1.21797,12566,0,0
2022-08-03 08:00:00,1.21797,1.22076,1.21571,1.21783,17025,0,0
2022-08-03 12:00:00,1.2178200000000001,1.22056,1.21665,1.21746,17828,0,0
2022-08-03 16:00:00,1.21746,1.21804,1.20998,1.21426,24440,0,0
2022-08-03 20:00:00,1.21426,1.21553,1.21377,1.21468,9843,0,0
2022-08-04 00:00:00,1.21431,1.21599,1.21333,1.21589,5129,0,0
2022-08-04 04:00:00,1.21589,1.21678,1.21442,1.21555,8130,0,0
2022-08-04 08:00:00,1.21555,1.2176,1.21285,1.21651,14031,0,0
2022-08-04 12:00:00,1.2165,1.2217,1.2065299999999999,1.21127,22414,0,0
2022-08-04 16:00:00,1.21125,1.21609,1.20898,1.21458,23832,0,0
2022-08-04 20:00:00,1.21457,1.21757,1.2144300000000001,1.21583,8833,0,0
2022-08-05 00:00:00,1.21556,1.2163599999999999,1.21347,1.21378,5713,0,0
2022-08-05 04:00:00,1.21378,1.21465,1.21303,1.21406,7637,0,0
2022-08-05 08:00:00,1.21406,1.2169,1.21354,1.2144300000000001,12506,0,0
2022-08-05 12:00:00,1.21444,1.21488,1.2025299999999999,1.20267,17120,0,0
2022-08-05 16:00:00,1.20272,1.20839,1.20032,1.2077499999999999,27532,0,0
2022-08-05 20:00:00,1.2077499999999999,1.2094,1.20608,1.2070400000000001,12241,0,0
2022-08-08 00:00:00,1.20636,1.20673,1.20473,1.20563,5232,0,0
2022-08-08 04:00:00,1.20563,1.20801,1.20552,1.20768,6489,0,0
2022-08-08 08:00:00,1.2076500000000001,1.21229,1.2068699999999999,1.20853,14025,0,0
2022-08-08 12:00:00,1.20853,1.21222,1.2071399999999999,1.21209,15046,0,0
2022-08-08 16:00:00,1.21209,1.21378,1.20759,1.20771,16631,0,0
2022-08-08 20:00:00,1.20769,1.2093099999999999,1.20686,1.20771,11089,0,0
2022-08-09 00:00:00,1.20697,1.20888,1.20697,1.2078,6931,0,0
2022-08-09 04:00:00,1.2078,1.20854,1.20701,1.20844,5961,0,0
2022-08-09 08:00:00,1.20844,1.21222,1.20655,1.21183,11246,0,0
2022-08-09 12:00:00,1.21183,1.21302,1.20947,1.21071,15004,0,0
2022-08-09 16:00:00,1.21071,1.21286,1.20759,1.2082600000000001,18787,0,0
2022-08-09 20:00:00,1.2082600000000001,1.20866,1.20629,1.20749,7609,0,0
2022-08-10 00:00:00,1.20753,1.20859,1.20645,1.20684,3824,0,0
2022-08-10 04:00:00,1.20684,1.20845,1.20659,1.2083,6310,0,0
2022-08-10 08:00:00,1.2083,1.21056,1.20676,1.20948,11506,0,0
2022-08-10 12:00:00,1.20952,1.22508,1.2081,1.22188,18102,0,0
2022-08-10 16:00:00,1.22191,1.22765,1.21911,1.22477,26154,0,0
2022-08-10 20:00:00,1.22477,1.2261,1.22103,1.22138,11138,0,0
2022-08-11 00:00:00,1.22101,1.22206,1.22009,1.22085,6467,0,0
2022-08-11 04:00:00,1.22085,1.22093,1.21822,1.21906,7160,0,0
2022-08-11 08:00:00,1.21906,1.22456,1.21834,1.22421,15154,0,0
2022-08-11 12:00:00,1.22421,1.22444,1.21942,1.22353,19554,0,0
2022-08-11 16:00:00,1.22353,1.22492,1.21964,1.22239,22564,0,0
2022-08-11 20:00:00,1.22243,1.22267,1.21853,1.22,11193,0,0
2022-08-12 00:00:00,1.21995,1.22037,1.21773,1.21844,5111,0,0
2022-08-12 04:00:00,1.2184300000000001,1.21971,1.2178499999999999,1.21895,7337,0,0
2022-08-12 08:00:00,1.21894,1.22163,1.21677,1.21786,14200,0,0
2022-08-12 12:00:00,1.2178499999999999,1.21786,1.21085,1.21102,18632,0,0
2022-08-12 16:00:00,1.2111,1.21441,1.20998,1.2129,22823,0,0
2022-08-12 20:00:00,1.2129,1.21466,1.21289,1.2136,7230,0,0
2022-08-15 00:00:00,1.21234,1.21481,1.21234,1.21426,4447,0,0
2022-08-15 04:00:00,1.21426,1.21455,1.2107999999999999,1.21153,8566,0,0
2022-08-15 08:00:00,1.21153,1.21214,1.20688,1.20746,12950,0,0
2022-08-15 12:00:00,1.20746,1.21149,1.20502,1.2089,16976,0,0
2022-08-15 16:00:00,1.20892,1.21094,1.20686,1.20846,15616,0,0
2022-08-15 20:00:00,1.20847,1.20863,1.205,1.20539,6793,0,0
2022-08-16 00:00:00,1.20498,1.2059,1.20379,1.20397,7504,0,0
2022-08-16 04:00:00,1.20397,1.20606,1.20355,1.20517,6784,0,0
2022-08-16 08:00:00,1.20516,1.20583,1.20076,1.20368,14664,0,0
2022-08-16 12:00:00,1.20373,1.20576,1.2013,1.20551,16178,0,0
2022-08-16 16:00:00,1.2055,1.21179,1.20487,1.20812,18065,0,0
2022-08-16 20:00:00,1.20812,1.21046,1.20792,1.20972,8377,0,0
2022-08-17 00:00:00,1.20915,1.21083,1.20833,1.2107700000000001,9538,0,0
2022-08-17 04:00:00,1.2107700000000001,1.21223,1.20978,1.21191,8628,0,0
2022-08-17 08:00:00,1.2119,1.21423,1.20777,1.21037,15820,0,0
2022-08-17 12:00:00,1.21037,1.21145,1.2048,1.20625,18818,0,0
2022-08-17 16:00:00,1.20625,1.20956,1.20282,1.20396,20107,0,0
2022-08-17 20:00:00,1.20398,1.20879,1.20354,1.20486,15288,0,0
2022-08-18 00:00:00,1.20418,1.20605,1.20418,1.20513,8238,0,0
2022-08-18 04:00:00,1.20512,1.2059,1.20305,1.20398,10835,0,0
2022-08-18 08:00:00,1.20396,1.2058,1.19947,1.20475,18250,0,0
2022-08-18 12:00:00,1.20475,1.20796,1.20355,1.20491,19113,0,0
2022-08-18 16:00:00,1.2049,1.20533,1.19356,1.1937,21351,0,0
2022-08-18 20:00:00,1.1937,1.19439,1.19229,1.19318,11307,0,0
2022-08-19 00:00:00,1.19246,1.19359,1.19051,1.1905999999999999,10436,0,0
2022-08-19 04:00:00,1.1905999999999999,1.19262,1.18941,1.19019,8764,0,0
2022-08-19 08:00:00,1.19018,1.19257,1.18798,1.18954,16459,0,0
2022-08-19 12:00:00,1.18954,1.18965,1.18156,1.18478,19647,0,0
2022-08-19 16:00:00,1.18478,1.18575,1.17921,1.18253,18977,0,0
2022-08-19 20:00:00,1.18254,1.18343,1.18108,1.18296,8648,0,0
2022-08-22 00:00:00,1.18214,1.18301,1.18053,1.18073,6047,0,0
2022-08-22 04:00:00,1.18069,1.18367,1.18059,1.18303,8358,0,0
2022-08-22 08:00:00,1.18303,1.18362,1.17821,1.18125,17350,0,0
2022-08-22 12:00:00,1.18124,1.18226,1.1789399999999999,1.18181,17806,0,0
2022-08-22 16:00:00,1.18184,1.18259,1.17419,1.17749,19450,0,0
2022-08-22 20:00:00,1.17749,1.17758,1.17515,1.17651,7680,0,0
2022-08-23 00:00:00,1.17636,1.17822,1.17571,1.17744,6759,0,0
2022-08-23 04:00:00,1.17743,1.1785,1.17633,1.17634,8681,0,0
2022-08-23 08:00:00,1.17634,1.17788,1.17172,1.17774,18781,0,0
2022-08-23 12:00:00,1.1777199999999999,1.17826,1.17456,1.17648,19439,0,0
2022-08-23 16:00:00,1.17648,1.1877900000000001,1.17568,1.18483,27357,0,0
2022-08-23 20:00:00,1.18483,1.18502,1.18166,1.18309,10278,0,0
2022-08-24 00:00:00,1.1831800000000001,1.18378,1.18127,1.18132,7601,0,0
2022-08-24 04:00:00,1.18131,1.18279,1.17991,1.18248,9996,0,0
2022-08-24 08:00:00,1.18249,1.18337,1.18007,1.18224,15316,0,0
2022-08-24 12:00:00,1.18224,1.18263,1.1757900000000001,1.17724,19424,0,0
2022-08-24 16:00:00,1.17723,1.18255,1.17557,1.1785,24006,0,0
2022-08-24 20:00:00,1.1785,1.18019,1.17808,1.17919,8269,0,0
2022-08-25 00:00:00,1.17929,1.18152,1.17835,1.1812,8681,0,0
2022-08-25 04:00:00,1.1812,1.18425,1.18037,1.18344,11361,0,0
2022-08-25 08:00:00,1.1834500000000001,1.18644,1.18253,1.18439,17575,0,0
2022-08-25 12:00:00,1.18439,1.18569,1.1809,1.18201,18926,0,0
2022-08-25 16:00:00,1.18201,1.18499,1.1792799999999999,1.18205,21003,0,0
2022-08-25 20:00:00,1.1820599999999999,1.1838899999999999,1.18179,1.18349,9237,0,0
2022-08-26 00:00:00,1.18298,1.18372,1.18057,1.1814,6881,0,0
2022-08-26 04:00:00,1.1814,1.18316,1.18078,1.1809,7823,0,0
2022-08-26 08:00:00,1.18088,1.181,1.17751,1.18009,15201,0,0
2022-08-26 12:00:00,1.18009,1.18541,1.18007,1.18536,17671,0,0
2022-08-26 16:00:00,1.18533,1.1901,1.17459,1.17534,31142,0,0
2022-08-26 20:00:00,1.17533,1.17578,1.17334,1.17389,12837,0,0
2022-08-29 00:00:00,1.17255,1.17314,1.16753,1.1678600000000001,8763,0,0
2022-08-29 04:00:00,1.1678600000000001,1.1686,1.1652,1.16544,11875,0,0
2022-08-29 08:00:00,1.16544,1.16826,1.1648399999999999,1.16583,16683,0,0
2022-08-29 12:00:00,1.16583,1.17344,1.16567,1.17168,18797,0,0
2022-08-29 16:00:00,1.17168,1.17441,1.1686,1.1722299999999999,20459,0,0
2022-08-29 20:00:00,1.1722299999999999,1.17294,1.16985,1.17058,9222,0,0
2022-08-30 00:00:00,1.17059,1.17259,1.16997,1.17163,9637,0,0
2022-08-30 04:00:00,1.17161,1.17269,1.16873,1.17053,11914,0,0
2022-08-30 08:00:00,1.17052,1.17524,1.16981,1.1738,19745,0,0
2022-08-30 12:00:00,1.17379,1.17605,1.1688,1.16985,20798,0,0
2022-08-30 16:00:00,1.16985,1.17218,1.16214,1.1651,29908,0,0
2022-08-30 20:00:00,1.16511,1.167,1.16466,1.1654,14053,0,0
2022-08-31 00:00:00,1.1653,1.1675,1.16408,1.16669,6869,0,0
2022-08-31 04:00:00,1.16669,1.1692,1.16595,1.16842,10187,0,0
2022-08-31 08:00:00,1.16842,1.1694,1.16358,1.16415,20231,0,0
2022-08-31 12:00:00,1.16413,1.1650800000000001,1.16017,1.16376,23203,0,0
2022-08-31 16:00:00,1.16375,1.16536,1.15993,1.16253,28429,0,0
2022-08-31 20:00:00,1.16253,1.16304,1.16069,1.16226,13718,0,0
2022-09-01 00:00:00,1.1621299999999999,1.16222,1.1574,1.15834,10864,0,0
2022-09-01 04:00:00,1.15834,1.15906,1.15683,1.1577600000000001,10982,0,0
2022-09-01 08:00:00,1.1577600000000001,1.16168,1.15723,1.15973,21134,0,0
2022-09-01 12:00:00,1.15973,1.16076,1.15497,1.15643,21237,0,0
2022-09-01 16:00:00,1.15646,1.15787,1.14993,1.15337,26977,0,0
2022-09-01 20:00:00,1.15337,1.15554,1.15324,1.15441,11703,0,0
2022-09-02 00:00:00,1.15433,1.15597,1.15309,1.15505,6944,0,0
2022-09-02 04:00:00,1.15505,1.1555900000000001,1.15397,1.15502,9949,0,0
2022-09-02 08:00:00,1.15503,1.15696,1.15322,1.15553,15843,0,0
2022-09-02 12:00:00,1.15553,1.15885,1.15317,1.15395,20140,0,0
2022-09-02 16:00:00,1.15395,1.15887,1.15155,1.15239,27882,0,0
2022-09-02 20:00:00,1.1524,1.1524,1.1496,1.15128,15678,0,0
2022-09-05 00:00:00,1.14745,1.14946,1.1466,1.14795,10194,0,0
2022-09-05 04:00:00,1.14795,1.14931,1.14567,1.14646,12353,0,0
2022-09-05 08:00:00,1.14646,1.1494,1.14434,1.14903,21296,0,0
2022-09-05 12:00:00,1.14903,1.15187,1.14806,1.1491,17194,0,0
2022-09-05 16:00:00,1.1491,1.1521,1.1491,1.1515,13450,0,0
2022-09-05 20:00:00,1.15151,1.15219,1.15134,1.15219,3001,0,0
2022-09-06 00:00:00,1.1514199999999999,1.15915,1.15097,1.15902,9171,0,0
2022-09-06 04:00:00,1.15902,1.16001,1.15598,1.15627,13610,0,0
2022-09-06 08:00:00,1.15627,1.16095,1.1549,1.15739,23933,0,0
2022-09-06 12:00:00,1.15739,1.16086,1.15468,1.15472,22487,0,0
2022-09-06 16:00:00,1.15476,1.15513,1.14941,1.15305,31064,0,0
2022-09-06 20:00:00,1.15304,1.15332,1.15128,1.15202,14875,0,0
2022-09-07 00:00:00,1.15183,1.1522000000000001,1.14792,1.14802,8076,0,0
2022-09-07 04:00:00,1.14802,1.1486,1.14518,1.14782,17413,0,0
2022-09-07 08:00:00,1.14783,1.15234,1.14696,1.14963,19778,0,0
2022-09-07 12:00:00,1.14965,1.15025,1.1414,1.1431499999999999,24618,0,0
2022-09-07 16:00:00,1.14316,1.15003,1.14053,1.1494900000000001,26930,0,0
2022-09-07 20:00:00,1.1494900000000001,1.15396,1.14938,1.15364,13194,0,0
2022-09-08 00:00:00,1.1520299999999999,1.15414,1.15011,1.15065,8643,0,0
2022-09-08 04:00:00,1.15065,1.15163,1.1491,1.15048,13159,0,0
2022-09-08 08:00:00,1.15048,1.15218,1.14781,1.14959,22441,0,0
2022-09-08 12:00:00,1.14959,1.15604,1.14761,1.15026,24849,0,0
2022-09-08 16:00:00,1.15024,1.1516,1.14606,1.14816,33670,0,0
2022-09-08 20:00:00,1.14817,1.1516899999999999,1.14792,1.15025,15637,0,0
2022-09-09 00:00:00,1.15008,1.15522,1.14972,1.15431,9053,0,0
2022-09-09 04:00:00,1.15431,1.1596,1.15407,1.1588,14938,0,0
2022-09-09 08:00:00,1.15879,1.16479,1.15785,1.16296,21339,0,0
2022-09-09 12:00:00,1.16296,1.16307,1.15512,1.15756,22775,0,0
2022-09-09 16:00:00,1.15756,1.16021,1.15675,1.16013,24215,0,0
2022-09-09 20:00:00,1.16014,1.16014,1.15805,1.15886,8487,0,0
2022-09-12 00:00:00,1.16401,1.16407,1.16026,1.16114,8718,0,0
2022-09-12 04:00:00,1.16117,1.16288,1.16005,1.16048,9969,0,0
2022-09-12 08:00:00,1.16048,1.17,1.16046,1.16915,21996,0,0
2022-09-12 12:00:00,1.16915,1.17042,1.16633,1.16921,21751,0,0
2022-09-12 16:00:00,1.1692,1.17105,1.16636,1.17089,20620,0,0
2022-09-12 20:00:00,1.17089,1.1709,1.16755,1.16825,10350,0,0
2022-09-13 00:00:00,1.16811,1.17059,1.16732,1.1695,8049,0,0
2022-09-13 04:00:00,1.1695,1.1698,1.16789,1.16818,8429,0,0
2022-09-13 08:00:00,1.16818,1.17324,1.16797,1.1714,15576,0,0
2022-09-13 12:00:00,1.17142,1.17382,1.1553200000000001,1.15554,20936,0,0
2022-09-13 16:00:00,1.15554,1.15843,1.15151,1.15241,28563,0,0
2022-09-13 20:00:00,1.15241,1.1537,1.14924,1.14924,14395,0,0
2022-09-14 00:00:00,1.14909,1.15121,1.14817,1.15019,10558,0,0
2022-09-14 04:00:00,1.15019,1.15298,1.14875,1.15208,12744,0,0
2022-09-14 08:00:00,1.15208,1.15522,1.14798,1.15381,23874,0,0
2022-09-14 12:00:00,1.15374,1.15724,1.1532499999999999,1.15567,24284,0,0
2022-09-14 16:00:00,1.15567,1.15897,1.15392,1.15653,25968,0,0
2022-09-14 20:00:00,1.15652,1.15703,1.1526399999999999,1.15402,12222,0,0
2022-09-15 00:00:00,1.15422,1.15494,1.15276,1.15336,5640,0,0
2022-09-15 04:00:00,1.15335,1.15478,1.152,1.15247,9351,0,0
2022-09-15 08:00:00,1.15247,1.15382,1.15061,1.15279,15498,0,0
2022-09-15 12:00:00,1.1528,1.1528,1.14723,1.15091,20053,0,0
2022-09-15 16:00:00,1.15091,1.15176,1.14631,1.14807,24294,0,0
2022-09-15 20:00:00,1.14809,1.14988,1.14617,1.1466,11145,0,0
2022-09-16 00:00:00,1.14617,1.14785,1.14507,1.14706,7027,0,0
2022-09-16 04:00:00,1.14706,1.14802,1.14545,1.14651,9116,0,0
2022-09-16 08:00:00,1.14651,1.14651,1.13506,1.13703,20102,0,0
2022-09-16 12:00:00,1.13707,1.14135,1.13707,1.1378300000000001,20214,0,0
2022-09-16 16:00:00,1.1378300000000001,1.14466,1.13763,1.1397,26933,0,0
2022-09-16 20:00:00,1.1397,1.14265,1.13862,1.14228,12171,0,0
2022-09-19 00:00:00,1.14123,1.14424,1.14105,1.14245,6472,0,0
2022-09-19 04:00:00,1.14245,1.14282,1.13947,1.14015,7942,0,0
2022-09-19 08:00:00,1.14016,1.14049,1.13648,1.13658,12669,0,0
2022-09-19 12:00:00,1.13657,1.1391,1.13552,1.13714,14816,0,0
2022-09-19 16:00:00,1.13717,1.1421000000000001,1.13628,1.14178,15548,0,0
2022-09-19 20:00:00,1.14178,1.14408,1.14085,1.14338,6372,0,0
2022-09-20 00:00:00,1.14288,1.14608,1.1416,1.14314,7248,0,0
2022-09-20 04:00:00,1.14308,1.14368,1.14093,1.14277,8869,0,0
2022-09-20 08:00:00,1.14277,1.14607,1.14127,1.14324,15985,0,0
2022-09-20 12:00:00,1.14323,1.14556,1.1406,1.14179,19926,0,0
2022-09-20 16:00:00,1.14176,1.14261,1.1372,1.13835,21416,0,0
2022-09-20 20:00:00,1.13835,1.13877,1.13573,1.13811,12196,0,0
2022-09-21 00:00:00,1.13769,1.13848,1.13651,1.13721,9119,0,0
2022-09-21 04:00:00,1.13721,1.13829,1.13654,1.13681,10148,0,0
2022-09-21 08:00:00,1.13684,1.13828,1.13047,1.13296,22824,0,0
2022-09-21 12:00:00,1.13297,1.13498,1.13273,1.13428,15662,0,0
2022-09-21 16:00:00,1.13428,1.13504,1.13125,1.1314,19916,0,0
2022-09-21 20:00:00,1.1314,1.13571,1.12368,1.12663,26741,0,0
2022-09-22 00:00:00,1.12621,1.12804,1.12247,1.12277,9624,0,0
2022-09-22 04:00:00,1.12279,1.1254,1.12202,1.1243,15939,0,0
2022-09-22 08:00:00,1.12427,1.13544,1.1212,1.1326,25759,0,0
2022-09-22 12:00:00,1.1326,1.13643,1.12732,1.13357,27339,0,0
2022-09-22 16:00:00,1.1334,1.13355,1.12416,1.12641,25976,0,0
2022-09-22 20:00:00,1.12641,1.12718,1.12501,1.12527,11394,0,0
2022-09-23 00:00:00,1.12551,1.1274,1.12507,1.12647,6784,0,0
2022-09-23 04:00:00,1.12647,1.12689,1.12227,1.12317,11278,0,0
2022-09-23 08:00:00,1.12316,1.12448,1.11505,1.11751,18736,0,0
2022-09-23 12:00:00,1.11746,1.12096,1.10205,1.10611,29208,0,0
2022-09-23 16:00:00,1.10609,1.10965,1.08629,1.08966,29095,0,0
2022-09-23 20:00:00,1.08966,1.09042,1.08394,1.08481,17824,0,0
2022-09-26 00:00:00,1.07965,1.08459,1.03904,1.04017,17076,0,0
2022-09-26 04:00:00,1.04012,1.06031,1.03644,1.0534,31801,0,0
2022-09-26 08:00:00,1.05335,1.07892,1.05236,1.07542,31978,0,0
2022-09-26 12:00:00,1.0754299999999999,1.09306,1.06719,1.08801,31426,0,0
2022-09-26 16:00:00,1.08801,1.08912,1.06313,1.0681,35470,0,0
2022-09-26 20:00:00,1.06807,1.07207,1.06417,1.06855,21038,0,0
2022-09-27 00:00:00,1.06847,1.07888,1.06548,1.07702,14805,0,0
2022-09-27 04:00:00,1.07701,1.0793,1.07386,1.07694,18537,0,0
2022-09-27 08:00:00,1.07696,1.08378,1.07639,1.08068,24238,0,0
2022-09-27 12:00:00,1.08067,1.08255,1.07694,1.07712,24660,0,0
2022-09-27 16:00:00,1.07714,1.07951,1.06608,1.06756,32218,0,0
2022-09-27 20:00:00,1.06755,1.07363,1.06587,1.07328,17812,0,0
2022-09-28 00:00:00,1.07296,1.07392,1.0686,1.06924,11808,0,0
2022-09-28 04:00:00,1.06922,1.06993,1.06311,1.06504,22878,0,0
2022-09-28 08:00:00,1.0648900000000001,1.07124,1.06401,1.06893,29410,0,0
2022-09-28 12:00:00,1.06896,1.08395,1.05392,1.06722,34179,0,0
2022-09-28 16:00:00,1.06706,1.08758,1.06199,1.08605,33122,0,0
2022-09-28 20:00:00,1.08606,1.09165,1.08525,1.08888,15680,0,0
2022-09-29 00:00:00,1.08797,1.08876,1.08041,1.08058,14076,0,0
2022-09-29 04:00:00,1.08056,1.08266,1.07818,1.08071,16453,0,0
2022-09-29 08:00:00,1.08078,1.08167,1.07618,1.07976,26794,0,0
2022-09-29 12:00:00,1.07966,1.08974,1.07966,1.08786,29822,0,0
2022-09-29 16:00:00,1.08788,1.11087,1.08781,1.10592,31003,0,0
2022-09-29 20:00:00,1.10591,1.11186,1.10376,1.11161,14859,0,0
2022-09-30 00:00:00,1.11144,1.12035,1.11081,1.11573,15738,0,0
2022-09-30 04:00:00,1.11568,1.11745,1.107,1.11056,18192,0,0
2022-09-30 08:00:00,1.11057,1.12346,1.10929,1.12167,26739,0,0
2022-09-30 12:00:00,1.12172,1.12211,1.1025,1.10686,26669,0,0
2022-09-30 16:00:00,1.1069,1.11769,1.105,1.11293,32313,0,0
2022-09-30 20:00:00,1.11293,1.11803,1.11184,1.11614,16465,0,0
2022-10-03 00:00:00,1.11599,1.11941,1.11102,1.11275,10661,0,0
2022-10-03 04:00:00,1.11277,1.11629,1.10857,1.10933,15133,0,0
2022-10-03 08:00:00,1.10932,1.12812,1.10908,1.12101,26333,0,0
2022-10-03 12:00:00,1.12098,1.12394,1.11694,1.12169,17850,0,0
2022-10-03 16:00:00,1.12168,1.13346,1.11998,1.12757,29224,0,0
2022-10-03 20:00:00,1.12757,1.13265,1.1265,1.13206,12811,0,0
2022-10-04 00:00:00,1.13229,1.13437,1.13096,1.13306,9755,0,0
2022-10-04 04:00:00,1.13306,1.13365,1.12803,1.13207,17138,0,0
2022-10-04 08:00:00,1.13205,1.14292,1.13184,1.1379,26491,0,0
2022-10-04 12:00:00,1.13787,1.13934,1.1299,1.1385399999999999,27489,0,0
2022-10-04 16:00:00,1.13858,1.14897,1.13514,1.14544,27589,0,0
2022-10-04 20:00:00,1.14544,1.14822,1.14272,1.14753,16392,0,0
2022-10-05 00:00:00,1.14728,1.14872,1.1421000000000001,1.14392,9571,0,0
2022-10-05 04:00:00,1.1439,1.14645,1.14139,1.14325,18983,0,0
2022-10-05 08:00:00,1.14326,1.14954,1.138,1.14224,24032,0,0
2022-10-05 12:00:00,1.14223,1.14289,1.13047,1.13214,23006,0,0
2022-10-05 16:00:00,1.13215,1.1328,1.1227,1.12908,28519,0,0
2022-10-05 20:00:00,1.12907,1.13571,1.12894,1.13296,14429,0,0
2022-10-06 00:00:00,1.1325,1.13835,1.13034,1.13634,11850,0,0
2022-10-06 04:00:00,1.13631,1.13792,1.13324,1.13662,16932,0,0
2022-10-06 08:00:00,1.1366100000000001,1.1367,1.12788,1.12884,25485,0,0
2022-10-06 12:00:00,1.12884,1.13156,1.12415,1.12663,25743,0,0
2022-10-06 16:00:00,1.12659,1.12692,1.1113,1.1144,33097,0,0
2022-10-06 20:00:00,1.1144,1.1193,1.11414,1.11575,16953,0,0
2022-10-07 00:00:00,1.11589,1.11726,1.11346,1.11485,11318,0,0
2022-10-07 04:00:00,1.11485,1.11896,1.11392,1.11536,14911,0,0
2022-10-07 08:00:00,1.11542,1.12189,1.11154,1.11926,23804,0,0
2022-10-07 12:00:00,1.11928,1.12249,1.10915,1.11324,23341,0,0
2022-10-07 16:00:00,1.11321,1.11696,1.10906,1.10977,30415,0,0
2022-10-07 20:00:00,1.1098,1.1104,1.10553,1.10929,15323,0,0
2022-10-10 00:00:00,1.10786,1.10961,1.10579,1.10879,12318,0,0
2022-10-10 04:00:00,1.10878,1.11111,1.10691,1.10804,14357,0,0
2022-10-10 08:00:00,1.10805,1.11102,1.10271,1.1054599999999999,21173,0,0
2022-10-10 12:00:00,1.10547,1.10993,1.10419,1.10737,20131,0,0
2022-10-10 16:00:00,1.10742,1.10806,1.10246,1.10266,24669,0,0
2022-10-10 20:00:00,1.10265,1.10812,1.10196,1.10553,14268,0,0
2022-10-11 00:00:00,1.1054599999999999,1.10954,1.10495,1.10875,8689,0,0
2022-10-11 04:00:00,1.10873,1.10938,1.10176,1.10226,18069,0,0
2022-10-11 08:00:00,1.10226,1.1056,1.09976,1.1044,24089,0,0
2022-10-11 12:00:00,1.10449,1.11141,1.10312,1.10877,23612,0,0
2022-10-11 16:00:00,1.1088,1.11798,1.10435,1.1161699999999999,30308,0,0
2022-10-11 20:00:00,1.11626,1.11658,1.09523,1.0967,22911,0,0
2022-10-12 00:00:00,1.09637,1.09924,1.09497,1.097,11981,0,0
2022-10-12 04:00:00,1.0969,1.10572,1.09237,1.09955,20635,0,0
2022-10-12 08:00:00,1.09957,1.10616,1.09536,1.10358,27699,0,0
2022-10-12 12:00:00,1.10359,1.10985,1.10215,1.10468,25681,0,0
2022-10-12 16:00:00,1.10471,1.10997,1.10226,1.10626,27894,0,0
2022-10-12 20:00:00,1.10626,1.11336,1.10605,1.10994,17575,0,0
2022-10-13 00:00:00,1.1096,1.11202,1.10853,1.1112,7769,0,0
2022-10-13 04:00:00,1.1112,1.11145,1.10751,1.10889,11477,0,0
2022-10-13 08:00:00,1.10888,1.11036,1.10572,1.11033,17375,0,0
2022-10-13 12:00:00,1.11028,1.12994,1.10999,1.12164,28125,0,0
2022-10-13 16:00:00,1.1215600000000001,1.13806,1.11582,1.13292,40666,0,0
2022-10-13 20:00:00,1.13276,1.13526,1.13014,1.13209,20697,0,0
2022-10-14 00:00:00,1.13172,1.13346,1.12897,1.13071,9404,0,0
2022-10-14 04:00:00,1.13072,1.13666,1.13057,1.13212,19282,0,0
2022-10-14 08:00:00,1.1320999999999999,1.13346,1.12547,1.12747,25649,0,0
2022-10-14 12:00:00,1.12754,1.13105,1.1166800000000001,1.12614,29043,0,0
2022-10-14 16:00:00,1.12613,1.12879,1.11516,1.1161699999999999,35057,0,0
2022-10-14 20:00:00,1.11608,1.11857,1.11554,1.11788,16902,0,0
2022-10-17 00:00:00,1.12334,1.12522,1.12074,1.12247,13088,0,0
2022-10-17 04:00:00,1.12253,1.12421,1.12157,1.12255,16221,0,0
2022-10-17 08:00:00,1.12253,1.13052,1.12237,1.1267,25307,0,0
2022-10-17 12:00:00,1.12671,1.13521,1.12559,1.13384,23351,0,0
2022-10-17 16:00:00,1.1338300000000001,1.14397,1.13344,1.139,28251,0,0
2022-10-17 20:00:00,1.13902,1.14026,1.13439,1.13612,15766,0,0
2022-10-18 00:00:00,1.13509,1.13692,1.13484,1.13532,11871,0,0
2022-10-18 04:00:00,1.1353,1.14105,1.13311,1.13888,17024,0,0
2022-10-18 08:00:00,1.13889,1.1402,1.12866,1.12946,26470,0,0
2022-10-18 12:00:00,1.12945,1.13468,1.12554,1.1327,26298,0,0
2022-10-18 16:00:00,1.1327099999999999,1.1339,1.12799,1.13123,28898,0,0
2022-10-18 20:00:00,1.13122,1.13345,1.12798,1.13197,19266,0,0
2022-10-19 00:00:00,1.13116,1.1357599999999999,1.13089,1.13411,11023,0,0
2022-10-19 04:00:00,1.13409,1.13506,1.13175,1.13252,15820,0,0
2022-10-19 08:00:00,1.13247,1.13304,1.12457,1.12634,24324,0,0
2022-10-19 12:00:00,1.1262699999999999,1.12862,1.12216,1.12459,24808,0,0
2022-10-19 16:00:00,1.12455,1.12779,1.11887,1.11938,26421,0,0
2022-10-19 20:00:00,1.11939,1.12271,1.11852,1.12171,15213,0,0
2022-10-20 00:00:00,1.12141,1.12238,1.11974,1.12091,12282,0,0
2022-10-20 04:00:00,1.12088,1.12402,1.11911,1.12215,19009,0,0
2022-10-20 08:00:00,1.12209,1.12402,1.11801,1.11844,27530,0,0
2022-10-20 12:00:00,1.11845,1.13062,1.11712,1.1255,28849,0,0
2022-10-20 16:00:00,1.12554,1.13366,1.12426,1.12546,32504,0,0
2022-10-20 20:00:00,1.12544,1.12554,1.12027,1.12372,21942,0,0
2022-10-21 00:00:00,1.1219999999999999,1.12374,1.11985,1.12062,9912,0,0
2022-10-21 04:00:00,1.12065,1.12199,1.11901,1.1196,18472,0,0
2022-10-21 08:00:00,1.1196,1.12224,1.11227,1.11299,24126,0,0
2022-10-21 12:00:00,1.11302,1.11539,1.1061,1.113,28349,0,0
2022-10-21 16:00:00,1.11295,1.12998,1.11166,1.126,43942,0,0
2022-10-21 20:00:00,1.12605,1.13148,1.12426,1.12946,20278,0,0
2022-10-24 00:00:00,1.13951,1.14085,1.13076,1.13278,21583,0,0
2022-10-24 04:00:00,1.13277,1.13532,1.12998,1.1347,19269,0,0
2022-10-24 08:00:00,1.13464,1.13824,1.13028,1.13257,28342,0,0
2022-10-24 12:00:00,1.13258,1.13486,1.12734,1.13246,27447,0,0
2022-10-24 16:00:00,1.13256,1.13442,1.12574,1.12754,32276,0,0
2022-10-24 20:00:00,1.12758,1.12967,1.1272199999999999,1.12794,12428,0,0
2022-10-25 00:00:00,1.12774,1.13254,1.12706,1.13185,11485,0,0
2022-10-25 04:00:00,1.13185,1.13242,1.12927,1.1299299999999999,19375,0,0
2022-10-25 08:00:00,1.12991,1.13326,1.1271,1.13201,23178,0,0
2022-10-25 12:00:00,1.13201,1.13645,1.1305399999999999,1.1363699999999999,21779,0,0
2022-10-25 16:00:00,1.13638,1.14994,1.13633,1.14697,30597,0,0
2022-10-25 20:00:00,1.14693,1.14889,1.146,1.14688,15280,0,0
2022-10-26 00:00:00,1.14656,1.14752,1.1432,1.14384,12441,0,0
2022-10-26 04:00:00,1.14382,1.14682,1.14303,1.14527,17342,0,0
2022-10-26 08:00:00,1.1452499999999999,1.16061,1.14449,1.15999,26720,0,0
2022-10-26 12:00:00,1.16,1.162,1.15455,1.15545,28097,0,0
2022-10-26 16:00:00,1.15546,1.16388,1.15444,1.16106,31922,0,0
2022-10-26 20:00:00,1.16104,1.16342,1.15974,1.163,17007,0,0
2022-10-27 00:00:00,1.16071,1.1645,1.16034,1.1625,16654,0,0
2022-10-27 04:00:00,1.1625,1.16398,1.16045,1.1623,18591,0,0
2022-10-27 08:00:00,1.1623,1.1636199999999999,1.15858,1.15901,25094,0,0
2022-10-27 12:00:00,1.15902,1.15958,1.15489,1.1578,28810,0,0
2022-10-27 16:00:00,1.15791,1.16345,1.15568,1.15734,35052,0,0
2022-10-27 20:00:00,1.15735,1.16017,1.1558,1.1561,16924,0,0
2022-10-28 00:00:00,1.15574,1.15741,1.15446,1.15524,11442,0,0
2022-10-28 04:00:00,1.15527,1.15946,1.15477,1.15719,22052,0,0
2022-10-28 08:00:00,1.1572,1.1573,1.15039,1.15273,27298,0,0
2022-10-28 12:00:00,1.15289,1.1575,1.15129,1.15389,24684,0,0
2022-10-28 16:00:00,1.15392,1.16,1.15339,1.15889,28739,0,0
2022-10-28 20:00:00,1.1589,1.16236,1.15833,1.1612,11580,0,0
2022-10-31 00:00:00,1.15714,1.16133,1.15684,1.16072,9816,0,0
2022-10-31 04:00:00,1.16072,1.16119,1.15857,1.15971,13719,0,0
2022-10-31 08:00:00,1.15971,1.16073,1.15424,1.15466,19149,0,0
2022-10-31 12:00:00,1.15466,1.15669,1.15021,1.15061,22450,0,0
2022-10-31 16:00:00,1.1506,1.15283,1.14758,1.14867,26828,0,0
2022-10-31 20:00:00,1.14863,1.14902,1.146,1.14657,13712,0,0
2022-11-01 00:00:00,1.14788,1.14938,1.14601,1.14806,7239,0,0
2022-11-01 04:00:00,1.14805,1.15157,1.14737,1.15058,17903,0,0
2022-11-01 08:00:00,1.15059,1.155,1.15015,1.1529,21537,0,0
2022-11-01 12:00:00,1.15294,1.15662,1.15128,1.15507,22223,0,0
2022-11-01 16:00:00,1.1550799999999999,1.15602,1.14371,1.1449799999999999,31040,0,0
2022-11-01 20:00:00,1.14496,1.14862,1.14408,1.14814,13665,0,0
2022-11-02 00:00:00,1.14775,1.1507,1.14746,1.15062,13313,0,0
2022-11-02 04:00:00,1.15062,1.1527,1.14965,1.15048,18557,0,0
2022-11-02 08:00:00,1.15048,1.15242,1.14846,1.15112,19151,0,0
2022-11-02 12:00:00,1.1511,1.15173,1.14846,1.15084,21455,0,0
2022-11-02 16:00:00,1.15085,1.15158,1.14495,1.14615,22545,0,0
2022-11-02 20:00:00,1.14615,1.15645,1.13878,1.13895,29154,0,0
2022-11-03 00:00:00,1.13891,1.14024,1.1375,1.13935,8948,0,0
2022-11-03 04:00:00,1.13934,1.14218,1.13906,1.14171,14563,0,0
2022-11-03 08:00:00,1.14171,1.14184,1.12511,1.12583,20961,0,0
2022-11-03 12:00:00,1.12583,1.12788,1.1161699999999999,1.11633,27865,0,0
2022-11-03 16:00:00,1.11632,1.12302,1.11566,1.11836,30625,0,0
2022-11-03 20:00:00,1.11836,1.11888,1.11515,1.11574,15176,0,0
2022-11-04 00:00:00,1.11543,1.11886,1.1149499999999999,1.11837,9801,0,0
2022-11-04 04:00:00,1.1184,1.12394,1.11764,1.12339,16914,0,0
2022-11-04 08:00:00,1.1234,1.12424,1.1191200000000001,1.12221,22701,0,0
2022-11-04 12:00:00,1.12223,1.12755,1.11467,1.12673,27088,0,0
2022-11-04 16:00:00,1.12672,1.13373,1.12326,1.1296,37169,0,0
2022-11-04 20:00:00,1.12961,1.13821,1.12936,1.13729,20327,0,0
2022-11-07 00:00:00,1.13045,1.13436,1.13033,1.1326,14324,0,0
2022-11-07 04:00:00,1.1326,1.13499,1.13182,1.13354,14457,0,0
2022-11-07 08:00:00,1.13348,1.14705,1.12902,1.14412,25488,0,0
2022-11-07 12:00:00,1.14413,1.14774,1.14264,1.147,24140,0,0
2022-11-07 16:00:00,1.14703,1.15183,1.1441,1.15176,26155,0,0
2022-11-07 20:00:00,1.15176,1.15416,1.1509800000000001,1.1513,11269,0,0
2022-11-08 00:00:00,1.1513200000000001,1.15365,1.15051,1.1515,10008,0,0
2022-11-08 04:00:00,1.1515,1.15186,1.148,1.14866,10829,0,0
2022-11-08 08:00:00,1.1486399999999999,1.1497600000000001,1.14439,1.1491500000000001,22091,0,0
2022-11-08 12:00:00,1.1491500000000001,1.14931,1.14297,1.14459,20509,0,0
2022-11-08 16:00:00,1.14456,1.15993,1.14446,1.1578,25557,0,0
2022-11-08 20:00:00,1.1578,1.15856,1.15128,1.15439,16045,0,0
2022-11-09 00:00:00,1.15361,1.15582,1.15228,1.15298,11871,0,0
2022-11-09 04:00:00,1.15304,1.15595,1.15302,1.15348,17427,0,0
2022-11-09 08:00:00,1.15357,1.15673,1.1437,1.14511,26265,0,0
2022-11-09 12:00:00,1.1452,1.14762,1.14053,1.14104,26587,0,0
2022-11-09 16:00:00,1.14103,1.14397,1.13556,1.1379,30191,0,0
2022-11-09 20:00:00,1.13792,1.13851,1.13338,1.13575,17835,0,0
2022-11-10 00:00:00,1.13569,1.13922,1.13499,1.1387,12010,0,0
2022-11-10 04:00:00,1.1387,1.14118,1.13726,1.14071,18030,0,0
2022-11-10 08:00:00,1.14075,1.14128,1.13632,1.13667,24479,0,0
2022-11-10 12:00:00,1.13666,1.16536,1.13659,1.16078,26709,0,0
2022-11-10 16:00:00,1.1609,1.16864,1.15937,1.16442,37436,0,0
2022-11-10 20:00:00,1.16458,1.17316,1.16435,1.17126,20703,0,0
2022-11-11 00:00:00,1.17154,1.17154,1.16471,1.16504,15764,0,0
2022-11-11 04:00:00,1.16503,1.17177,1.16501,1.17089,22756,0,0
2022-11-11 08:00:00,1.1709,1.17707,1.16921,1.17557,29191,0,0
2022-11-11 12:00:00,1.17558,1.17965,1.17194,1.17809,28232,0,0
2022-11-11 16:00:00,1.17809,1.18046,1.1709,1.17987,30158,0,0
2022-11-11 20:00:00,1.1799,1.18545,1.17958,1.1832799999999999,16039,0,0
2022-11-14 00:00:00,1.17917,1.18173,1.17662,1.17887,18132,0,0
2022-11-14 04:00:00,1.17886,1.17936,1.1743000000000001,1.17472,20050,0,0
2022-11-14 08:00:00,1.17482,1.18291,1.17478,1.18005,26715,0,0
2022-11-14 12:00:00,1.18006,1.18128,1.17394,1.17578,25141,0,0
2022-11-14 16:00:00,1.17582,1.17666,1.17102,1.17581,27275,0,0
2022-11-14 20:00:00,1.17584,1.18023,1.17502,1.17572,12827,0,0
2022-11-15 00:00:00,1.17498,1.17672,1.1740599999999999,1.17488,9938,0,0
2022-11-15 04:00:00,1.17488,1.1783299999999999,1.17439,1.1776200000000001,13983,0,0
2022-11-15 08:00:00,1.17757,1.18445,1.1770100000000001,1.18234,25386,0,0
2022-11-15 12:00:00,1.18247,1.20284,1.18207,1.19669,28004,0,0
2022-11-15 16:00:00,1.19674,1.19888,1.1856,1.18922,33432,0,0
2022-11-15 20:00:00,1.18926,1.18973,1.17909,1.18658,29809,0,0
2022-11-16 00:00:00,1.18542,1.18873,1.18329,1.1844000000000001,15342,0,0
2022-11-16 04:00:00,1.18442,1.18845,1.18313,1.18709,21700,0,0
2022-11-16 08:00:00,1.1871,1.19031,1.1837,1.18953,24787,0,0
2022-11-16 12:00:00,1.18954,1.1942,1.18598,1.18727,25470,0,0
2022-11-16 16:00:00,1.18731,1.19056,1.18321,1.1895,28090,0,0
2022-11-16 20:00:00,1.18952,1.19251,1.18692,1.19143,17802,0,0
2022-11-17 00:00:00,1.19122,1.19192,1.18832,1.18872,11561,0,0
2022-11-17 04:00:00,1.18872,1.19045,1.18662,1.18974,19754,0,0
2022-11-17 08:00:00,1.1897,1.19577,1.187,1.18864,24170,0,0
2022-11-17 12:00:00,1.18866,1.18889,1.17624,1.17649,28291,0,0
2022-11-17 16:00:00,1.17654,1.18441,1.17634,1.1837,27578,0,0
2022-11-17 20:00:00,1.18367,1.18682,1.18349,1.1864,14553,0,0
2022-11-18 00:00:00,1.18617,1.19012,1.1857199999999999,1.18862,12278,0,0
2022-11-18 04:00:00,1.1886,1.1931,1.18859,1.19035,16255,0,0
2022-11-18 08:00:00,1.19035,1.19508,1.18813,1.19275,23526,0,0
2022-11-18 12:00:00,1.19275,1.19413,1.18905,1.19062,20695,0,0
2022-11-18 16:00:00,1.19069,1.19377,1.18735,1.18792,24337,0,0
2022-11-18 20:00:00,1.18794,1.19006,1.18753,1.18814,14007,0,0
2022-11-21 00:00:00,1.18929,1.18967,1.1846,1.18567,12652,0,0
2022-11-21 04:00:00,1.18569,1.18569,1.18211,1.18327,17042,0,0
2022-11-21 08:00:00,1.18327,1.18401,1.17927,1.18052,23613,0,0
2022-11-21 12:00:00,1.18056,1.18306,1.17847,1.1809,23101,0,0
2022-11-21 16:00:00,1.18093,1.18275,1.17788,1.17934,24472,0,0
2022-11-21 20:00:00,1.1792799999999999,1.18244,1.17912,1.18231,14692,0,0
2022-11-22 00:00:00,1.18214,1.18592,1.18185,1.18531,12929,0,0
2022-11-22 04:00:00,1.18532,1.18638,1.18337,1.18444,15866,0,0
2022-11-22 08:00:00,1.18444,1.1884000000000001,1.18246,1.18602,23863,0,0
2022-11-22 12:00:00,1.1859899999999999,1.19029,1.18463,1.18766,19567,0,0
2022-11-22 16:00:00,1.18773,1.18912,1.18553,1.18819,22926,0,0
2022-11-22 20:00:00,1.18817,1.18937,1.18744,1.18846,13541,0,0
2022-11-23 00:00:00,1.18847,1.1909399999999999,1.18761,1.18848,10388,0,0
2022-11-23 04:00:00,1.18848,1.1893799999999999,1.18723,1.18861,10228,0,0
2022-11-23 08:00:00,1.18859,1.19364,1.18748,1.19192,19698,0,0
2022-11-23 12:00:00,1.19194,1.19818,1.1905000000000001,1.19707,20899,0,0
2022-11-23 16:00:00,1.19707,1.20808,1.1966,1.20295,26937,0,0
2022-11-23 20:00:00,1.20295,1.20721,1.20194,1.20539,19020,0,0
2022-11-24 00:00:00,1.2052,1.2092,1.20462,1.2088,16301,0,0
2022-11-24 04:00:00,1.20881,1.2113,1.20794,1.20932,15084,0,0
2022-11-24 08:00:00,1.2093,1.20974,1.20596,1.20935,20193,0,0
2022-11-24 12:00:00,1.20935,1.21324,1.20869,1.21176,20681,0,0
2022-11-24 16:00:00,1.21176,1.21534,1.21162,1.2123599999999999,16607,0,0
2022-11-24 20:00:00,1.21237,1.21238,1.21108,1.21133,7110,0,0
2022-11-25 00:00:00,1.21057,1.21178,1.20966,1.21008,8241,0,0
2022-11-25 04:00:00,1.21008,1.21277,1.20953,1.21004,14584,0,0
2022-11-25 08:00:00,1.21004,1.21249,1.20725,1.20802,20623,0,0
2022-11-25 12:00:00,1.20803,1.21203,1.2058,1.20788,19464,0,0
2022-11-25 16:00:00,1.20794,1.21113,1.20633,1.20946,19883,0,0
2022-11-25 20:00:00,1.20942,1.21051,1.20724,1.20911,21308,0,0
2022-11-28 00:00:00,1.2059,1.2075,1.20305,1.20378,14687,0,0
2022-11-28 04:00:00,1.20379,1.20598,1.20254,1.20492,15875,0,0
2022-11-28 08:00:00,1.2049400000000001,1.2118,1.20468,1.20876,24491,0,0
2022-11-28 12:00:00,1.20876,1.21099,1.20593,1.20755,23571,0,0
2022-11-28 16:00:00,1.20755,1.20758,1.2001,1.20012,26052,0,0
2022-11-28 20:00:00,1.20012,1.20077,1.19402,1.19518,15433,0,0
2022-11-29 00:00:00,1.19497,1.19922,1.19444,1.19894,16376,0,0
2022-11-29 04:00:00,1.19892,1.2022599999999999,1.19828,1.20115,17875,0,0
2022-11-29 08:00:00,1.20115,1.2064300000000001,1.1979899999999999,1.19862,25117,0,0
2022-11-29 12:00:00,1.19871,1.20352,1.19786,1.19874,25321,0,0
2022-11-29 16:00:00,1.19874,1.20177,1.19532,1.19713,27935,0,0
2022-11-29 20:00:00,1.19712,1.19767,1.1945000000000001,1.19527,15667,0,0
2022-11-30 00:00:00,1.19508,1.19906,1.19418,1.19814,11839,0,0
2022-11-30 04:00:00,1.19815,1.19933,1.19705,1.19795,14853,0,0
2022-11-30 08:00:00,1.19792,1.20159,1.19492,1.20149,19876,0,0
2022-11-30 12:00:00,1.20146,1.2029,1.19856,1.19868,20837,0,0
2022-11-30 16:00:00,1.19867,1.20243,1.19004,1.1942599999999999,27758,0,0
2022-11-30 20:00:00,1.19425,1.2086999999999999,1.19217,1.20568,27220,0,0
2022-12-01 00:00:00,1.20502,1.21049,1.20455,1.20834,13552,0,0
2022-12-01 04:00:00,1.20833,1.21076,1.20734,1.21023,16142,0,0
2022-12-01 08:00:00,1.21024,1.21511,1.20698,1.21503,22106,0,0
2022-12-01 12:00:00,1.215,1.22418,1.21349,1.22144,23020,0,0
2022-12-01 16:00:00,1.22144,1.23103,1.22094,1.22597,32126,0,0
2022-12-01 20:00:00,1.22595,1.22759,1.22346,1.22552,16758,0,0
2022-12-02 00:00:00,1.22512,1.22789,1.22312,1.2242,9610,0,0
2022-12-02 04:00:00,1.2242,1.22535,1.22244,1.22291,12718,0,0
2022-12-02 08:00:00,1.22292,1.22979,1.22271,1.22743,21114,0,0
2022-12-02 12:00:00,1.22748,1.2294,1.21344,1.21855,21297,0,0
2022-12-02 16:00:00,1.21849,1.23,1.2167,1.2277,29202,0,0
2022-12-02 20:00:00,1.22778,1.2298499999999999,1.22591,1.2291400000000001,13405,0,0
2022-12-05 00:00:00,1.22684,1.23348,1.22682,1.23237,11941,0,0
2022-12-05 04:00:00,1.23238,1.23444,1.23143,1.23345,14589,0,0
2022-12-05 08:00:00,1.23345,1.23345,1.22606,1.22838,22130,0,0
2022-12-05 12:00:00,1.22837,1.23202,1.22333,1.22625,23662,0,0
2022-12-05 16:00:00,1.22623,1.2275,1.21634,1.21822,28718,0,0
2022-12-05 20:00:00,1.21822,1.21986,1.21618,1.21946,17327,0,0
2022-12-06 00:00:00,1.21734,1.22238,1.21708,1.22079,10992,0,0
2022-12-06 04:00:00,1.22082,1.22189,1.21793,1.21928,16553,0,0
2022-12-06 08:00:00,1.2193100000000001,1.22228,1.21671,1.2178,20283,0,0
2022-12-06 12:00:00,1.21774,1.22411,1.2159,1.2201,21669,0,0
2022-12-06 16:00:00,1.22019,1.22694,1.21533,1.21755,27021,0,0
2022-12-06 20:00:00,1.21756,1.21818,1.21274,1.2133099999999999,14296,0,0
2022-12-07 00:00:00,1.21326,1.21465,1.21211,1.21437,10061,0,0
2022-12-07 04:00:00,1.21436,1.21498,1.21231,1.2129,18882,0,0
2022-12-07 08:00:00,1.2129,1.2156500000000001,1.21062,1.2129699999999999,22741,0,0
2022-12-07 12:00:00,1.21296,1.22255,1.21296,1.2217,22600,0,0
2022-12-07 16:00:00,1.2218499999999999,1.22305,1.21721,1.22241,28034,0,0
2022-12-07 20:00:00,1.2224,1.22344,1.22014,1.22094,15750,0,0
2022-12-08 00:00:00,1.21997,1.22137,1.21802,1.2184300000000001,10160,0,0
2022-12-08 04:00:00,1.21844,1.21962,1.21778,1.21879,15782,0,0
2022-12-08 08:00:00,1.21878,1.22147,1.21599,1.21717,20433,0,0
2022-12-08 12:00:00,1.21718,1.22336,1.21546,1.2212399999999999,19312,0,0
2022-12-08 16:00:00,1.22128,1.2247,1.21903,1.22332,23530,0,0
2022-12-08 20:00:00,1.22332,1.22474,1.22239,1.2236,16136,0,0
2022-12-09 00:00:00,1.22281,1.22721,1.22213,1.22686,13432,0,0
2022-12-09 04:00:00,1.22689,1.22766,1.22525,1.2259,17545,0,0
2022-12-09 08:00:00,1.22591,1.22699,1.22316,1.22473,21236,0,0
2022-12-09 12:00:00,1.2248,1.22974,1.22024,1.2269700000000001,22460,0,0
2022-12-09 16:00:00,1.22704,1.23224,1.22497,1.22867,26019,0,0
2022-12-09 20:00:00,1.22867,1.22877,1.2252,1.22634,12654,0,0
2022-12-12 00:00:00,1.22475,1.2262,1.22122,1.22223,12205,0,0
2022-12-12 04:00:00,1.22222,1.22381,1.22122,1.2227000000000001,13399,0,0
2022-12-12 08:00:00,1.2227000000000001,1.22777,1.2207,1.22742,20599,0,0
2022-12-12 12:00:00,1.22744,1.22986,1.22685,1.2293,17657,0,0
2022-12-12 16:00:00,1.2293,1.22988,1.22425,1.22823,21384,0,0
2022-12-12 20:00:00,1.2282,1.2285,1.22407,1.2265,14550,0,0
2022-12-13 00:00:00,1.2263,1.22789,1.22598,1.22759,10602,0,0
2022-12-13 04:00:00,1.2276,1.22907,1.22518,1.22812,13744,0,0
2022-12-13 08:00:00,1.22812,1.23035,1.22486,1.22741,19309,0,0
2022-12-13 12:00:00,1.22745,1.24384,1.22607,1.24108,23687,0,0
2022-12-13 16:00:00,1.24114,1.24439,1.23518,1.23667,33766,0,0
2022-12-13 20:00:00,1.23667,1.23814,1.23454,1.23651,21083,0,0
2022-12-14 00:00:00,1.23572,1.23738,1.23418,1.23515,13755,0,0
2022-12-14 04:00:00,1.23515,1.23599,1.2343,1.23548,14846,0,0
2022-12-14 08:00:00,1.23549,1.24033,1.23424,1.23933,22727,0,0
2022-12-14 12:00:00,1.23936,1.24044,1.23548,1.23715,21623,0,0
2022-12-14 16:00:00,1.23712,1.24236,1.23588,1.2419,23864,0,0
2022-12-14 20:00:00,1.2419,1.24463,1.23452,1.24274,28750,0,0
2022-12-15 00:00:00,1.24208,1.2428,1.23986,1.24003,11576,0,0
2022-12-15 04:00:00,1.24006,1.24036,1.23766,1.23926,15672,0,0
2022-12-15 08:00:00,1.23926,1.24024,1.22964,1.23393,22269,0,0
2022-12-15 12:00:00,1.23394,1.23556,1.2285,1.2317,25234,0,0
2022-12-15 16:00:00,1.23171,1.23562,1.2156500000000001,1.21585,34001,0,0
2022-12-15 20:00:00,1.216,1.2196,1.2158,1.21783,16691,0,0
2022-12-16 00:00:00,1.2177,1.2207,1.21718,1.22015,12716,0,0
2022-12-16 04:00:00,1.22016,1.22231,1.21998,1.22057,14543,0,0
2022-12-16 08:00:00,1.22057,1.22227,1.21198,1.21446,23160,0,0
2022-12-16 12:00:00,1.21447,1.22159,1.21395,1.21885,22661,0,0
2022-12-16 16:00:00,1.21886,1.22226,1.21452,1.21795,28613,0,0
2022-12-16 20:00:00,1.21795,1.21897,1.21428,1.21432,16435,0,0
2022-12-19 00:00:00,1.21488,1.21969,1.2141,1.21967,10271,0,0
2022-12-19 04:00:00,1.21966,1.2202,1.21673,1.21698,11105,0,0
2022-12-19 08:00:00,1.2169699999999999,1.22417,1.21692,1.22127,18722,0,0
2022-12-19 12:00:00,1.22118,1.22241,1.21558,1.21657,20118,0,0
2022-12-19 16:00:00,1.21659,1.21932,1.21209,1.21808,22241,0,0
2022-12-19 20:00:00,1.2181,1.21814,1.2139,1.21454,12326,0,0
2022-12-20 00:00:00,1.21469,1.21558,1.21385,1.21526,14155,0,0
2022-12-20 04:00:00,1.21527,1.22234,1.20855,1.21163,26638,0,0
2022-12-20 08:00:00,1.21161,1.21969,1.21143,1.21501,27740,0,0
2022-12-20 12:00:00,1.21493,1.21818,1.20978,1.21468,24011,0,0
2022-12-20 16:00:00,1.21471,1.21684,1.21223,1.21425,28239,0,0
2022-12-20 20:00:00,1.21425,1.21879,1.21334,1.2184300000000001,13900,0,0
2022-12-21 00:00:00,1.2175,1.21918,1.21632,1.21669,13408,0,0
2022-12-21 04:00:00,1.21668,1.21727,1.21608,1.21667,15617,0,0
2022-12-21 08:00:00,1.21668,1.21827,1.21284,1.21383,19113,0,0
2022-12-21 12:00:00,1.2138200000000001,1.2164,1.20858,1.21414,20177,0,0
2022-12-21 16:00:00,1.21412,1.21432,1.2055,1.20684,22926,0,0
2022-12-21 20:00:00,1.20678,1.20971,1.20594,1.20825,14144,0,0
2022-12-22 00:00:00,1.20759,1.21139,1.20716,1.2111,12398,0,0
2022-12-22 04:00:00,1.21106,1.21346,1.21082,1.21185,12712,0,0
2022-12-22 08:00:00,1.21185,1.21474,1.20876,1.20997,18878,0,0
2022-12-22 12:00:00,1.20997,1.2109,1.20222,1.20308,22650,0,0
2022-12-22 16:00:00,1.20308,1.2044,1.19924,1.20207,23040,0,0
2022-12-22 20:00:00,1.20207,1.20472,1.2001,1.20397,15998,0,0
2022-12-23 00:00:00,1.20259,1.2046000000000001,1.20184,1.20447,13542,0,0
2022-12-23 04:00:00,1.20447,1.20579,1.20347,1.2035,12422,0,0
2022-12-23 08:00:00,1.2035,1.20746,1.20288,1.20659,17408,0,0
2022-12-23 12:00:00,1.20659,1.20902,1.20233,1.20444,19048,0,0
2022-12-23 16:00:00,1.20444,1.2086000000000001,1.20282,1.2053,25592,0,0
2022-12-23 20:00:00,1.2053,1.20546,1.20281,1.20517,9222,0,0
2022-12-27 00:00:00,1.20516,1.21001,1.2049400000000001,1.2098200000000001,10572,0,0
2022-12-27 04:00:00,1.2098200000000001,1.21031,1.20791,1.20946,12401,0,0
2022-12-27 08:00:00,1.20945,1.21126,1.2052,1.20622,17040,0,0
2022-12-27 12:00:00,1.2062,1.20736,1.20204,1.20238,16602,0,0
2022-12-27 16:00:00,1.20235,1.20478,1.20023,1.20135,19318,0,0
2022-12-27 20:00:00,1.20136,1.20359,1.20114,1.2028699999999999,10648,0,0
2022-12-28 00:00:00,1.20261,1.2031399999999999,1.2008,1.20273,8600,0,0
2022-12-28 04:00:00,1.20275,1.20294,1.20021,1.20255,14415,0,0
2022-12-28 08:00:00,1.20255,1.20544,1.20177,1.20296,14998,0,0
2022-12-28 12:00:00,1.20296,1.21001,1.20265,1.20844,19265,0,0
2022-12-28 16:00:00,1.20844,1.21256,1.20223,1.20437,21593,0,0
2022-12-28 20:00:00,1.20441,1.20543,1.20164,1.20187,13282,0,0
2022-12-29 00:00:00,1.20141,1.20513,1.20112,1.20406,9077,0,0
2022-12-29 04:00:00,1.20405,1.20456,1.20276,1.20379,9489,0,0
2022-12-29 08:00:00,1.20379,1.20632,1.20145,1.20554,13335,0,0
2022-12-29 12:00:00,1.20553,1.20588,1.20194,1.2049400000000001,15492,0,0
2022-12-29 16:00:00,1.2049400000000001,1.20788,1.20227,1.20682,20493,0,0
2022-12-29 20:00:00,1.20683,1.2074,1.20519,1.20547,10405,0,0
2022-12-30 00:00:00,1.20512,1.20667,1.204,1.20597,8143,0,0
2022-12-30 04:00:00,1.20596,1.20596,1.20384,1.2044,10525,0,0
2022-12-30 08:00:00,1.20437,1.2074799999999999,1.20271,1.20318,13877,0,0
2022-12-30 12:00:00,1.20318,1.20655,1.20098,1.20519,17235,0,0
2022-12-30 16:00:00,1.2052,1.21076,1.20157,1.20986,26040,0,0
2022-12-30 20:00:00,1.20994,1.20994,1.20597,1.20808,16583,0,0
2023-01-02 00:00:00,1.20723,1.21054,1.2067,1.20884,1504,0,0
2023-01-02 04:00:00,1.20884,1.20896,1.20726,1.20743,1399,0,0
2023-01-02 08:00:00,1.20743,1.20762,1.20422,1.20459,7925,0,0
2023-01-02 12:00:00,1.20459,1.20542,1.20452,1.20507,2333,0,0
2023-01-02 16:00:00,1.20509,1.20528,1.20351,1.20457,4508,0,0
2023-01-02 20:00:00,1.20457,1.2049,1.20429,1.20457,596,14,0
2023-01-03 00:00:00,1.20454,1.20759,1.20349,1.20513,12236,0,0
2023-01-03 04:00:00,1.20512,1.20848,1.2049400000000001,1.20693,15560,0,0
2023-01-03 08:00:00,1.20693,1.20792,1.19002,1.1924,24236,0,0
2023-01-03 12:00:00,1.1924299999999999,1.20095,1.19048,1.19927,20876,0,0
2023-01-03 16:00:00,1.19927,1.20576,1.19528,1.19647,25323,0,0
2023-01-03 20:00:00,1.19648,1.19918,1.19623,1.19674,13678,0,0
2023-01-04 00:00:00,1.19684,1.19965,1.19577,1.19939,12278,0,0
2023-01-04 04:00:00,1.19937,1.2001,1.19786,1.19845,11396,0,0
2023-01-04 08:00:00,1.19842,1.20862,1.19711,1.20599,23577,0,0
2023-01-04 12:00:00,1.20598,1.20872,1.20291,1.20563,21711,0,0
2023-01-04 16:00:00,1.20559,1.20766,1.20138,1.20656,28039,0,0
2023-01-04 20:00:00,1.20655,1.20728,1.20408,1.2056499999999999,19254,0,0
2023-01-05 00:00:00,1.20525,1.20772,1.20482,1.20629,11658,0,0
2023-01-05 04:00:00,1.20629,1.2063,1.2031100000000001,1.2037499999999999,15367,0,0
2023-01-05 08:00:00,1.20376,1.20507,1.19998,1.20304,19107,0,0
2023-01-05 12:00:00,1.20306,1.20381,1.1917200000000001,1.19195,22412,0,0
2023-01-05 16:00:00,1.19191,1.19285,1.18736,1.1907,28132,0,0
2023-01-05 20:00:00,1.19072,1.19353,1.1897,1.1911100000000001,17382,0,0
2023-01-06 00:00:00,1.19048,1.1929,1.18964,1.19183,17466,0,0
2023-01-06 04:00:00,1.19184,1.19359,1.18988,1.19038,12795,0,0
2023-01-06 08:00:00,1.1904,1.19264,1.18537,1.18579,19675,0,0
2023-01-06 12:00:00,1.18581,1.19298,1.18411,1.19261,22053,0,0
2023-01-06 16:00:00,1.19261,1.20848,1.18787,1.20846,31724,0,0
2023-01-06 20:00:00,1.20846,1.20993,1.2070400000000001,1.2092,12678,0,0
2023-01-09 00:00:00,1.2083599999999999,1.2128700000000001,1.20832,1.2113800000000001,12288,0,0
2023-01-09 04:00:00,1.2113800000000001,1.21582,1.21122,1.21464,13776,0,0
2023-01-09 08:00:00,1.21464,1.21741,1.21256,1.21588,22946,0,0
2023-01-09 12:00:00,1.2159200000000001,1.21885,1.2112,1.21682,21343,0,0
2023-01-09 16:00:00,1.21682,1.2209699999999999,1.21605,1.21948,25303,0,0
2023-01-09 20:00:00,1.2195,1.22046,1.2176,1.2185,17622,0,0
2023-01-10 00:00:00,1.21786,1.21982,1.21637,1.21798,11003,0,0
2023-01-10 04:00:00,1.21798,1.21863,1.2157,1.21752,17306,0,0
2023-01-10 08:00:00,1.21753,1.2185,1.21396,1.2184,21579,0,0
2023-01-10 12:00:00,1.21841,1.21842,1.21098,1.21373,19433,0,0
2023-01-10 16:00:00,1.2138,1.21813,1.21349,1.21484,29434,0,0
2023-01-10 20:00:00,1.21481,1.21678,1.2142,1.2151399999999999,13011,0,0
2023-01-11 00:00:00,1.21522,1.21644,1.21416,1.21503,10123,0,0
2023-01-11 04:00:00,1.21499,1.21737,1.21459,1.2168700000000001,10967,0,0
2023-01-11 08:00:00,1.2168700000000001,1.21784,1.21261,1.21325,17792,0,0
2023-01-11 12:00:00,1.21324,1.2141,1.21035,1.2106,18303,0,0
2023-01-11 16:00:00,1.21061,1.21534,1.21004,1.21212,23275,0,0
2023-01-11 20:00:00,1.21212,1.21566,1.21142,1.21481,14815,0,0
2023-01-12 00:00:00,1.2139,1.21654,1.21383,1.2159200000000001,13338,0,0
2023-01-12 04:00:00,1.21593,1.21704,1.2153,1.21557,13201,0,0
2023-01-12 08:00:00,1.21556,1.21821,1.21335,1.21769,18362,0,0
2023-01-12 12:00:00,1.21771,1.2242,1.20853,1.22355,22860,0,0
2023-01-12 16:00:00,1.22361,1.22393,1.20888,1.22289,34797,0,0
2023-01-12 20:00:00,1.2229,1.22469,1.22056,1.22121,18117,0,0
2023-01-13 00:00:00,1.22065,1.22327,1.21998,1.2218499999999999,12747,0,0
2023-01-13 04:00:00,1.2218499999999999,1.22189,1.21759,1.21814,14546,0,0
2023-01-13 08:00:00,1.21818,1.22488,1.21807,1.22284,21364,0,0
2023-01-13 12:00:00,1.22284,1.2241,1.21587,1.21675,21545,0,0
2023-01-13 16:00:00,1.2168,1.22221,1.21505,1.22094,26009,0,0
2023-01-13 20:00:00,1.22094,1.22398,1.22038,1.22333,12801,0,0
2023-01-16 00:00:00,1.2217,1.22766,1.22152,1.22709,11126,0,0
2023-01-16 04:00:00,1.22711,1.22889,1.22552,1.22632,13765,0,0
2023-01-16 08:00:00,1.22635,1.22639,1.21713,1.22004,19051,0,0
2023-01-16 12:00:00,1.22003,1.22255,1.21804,1.21928,15159,0,0
2023-01-16 16:00:00,1.2193100000000001,1.22112,1.21891,1.21906,12970,0,0
2023-01-16 20:00:00,1.21905,1.21989,1.21828,1.21962,5237,0,0
2023-01-17 00:00:00,1.21909,1.22125,1.21783,1.21882,11072,0,0
2023-01-17 04:00:00,1.2187999999999999,1.2206299999999999,1.21722,1.22011,12843,0,0
2023-01-17 08:00:00,1.22012,1.22301,1.21689,1.22084,19863,0,0
2023-01-17 12:00:00,1.22083,1.22724,1.21919,1.2252,22154,0,0
2023-01-17 16:00:00,1.22521,1.23004,1.22462,1.22622,27063,0,0
2023-01-17 20:00:00,1.22621,1.22916,1.22584,1.22884,11601,0,0
2023-01-18 00:00:00,1.2282,1.2288000000000001,1.22682,1.22845,8781,0,0
2023-01-18 04:00:00,1.22845,1.22901,1.22544,1.22822,18358,0,0
2023-01-18 08:00:00,1.22823,1.23632,1.22816,1.23588,23187,0,0
2023-01-18 12:00:00,1.23589,1.24215,1.2337500000000001,1.2395,22738,0,0
2023-01-18 16:00:00,1.2395,1.24356,1.23308,1.23453,30204,0,0
2023-01-18 20:00:00,1.23462,1.23478,1.23274,1.23442,16070,0,0
2023-01-19 00:00:00,1.2342,1.23499,1.23181,1.23364,11192,0,0
2023-01-19 04:00:00,1.23364,1.23451,1.23196,1.23308,12157,0,0
2023-01-19 08:00:00,1.23308,1.23494,1.2313,1.23369,18778,0,0
2023-01-19 12:00:00,1.2337,1.23591,1.23149,1.23492,21562,0,0
2023-01-19 16:00:00,1.23487,1.23775,1.23361,1.23721,22917,0,0
2023-01-19 20:00:00,1.23724,1.23973,1.2366,1.23912,13993,0,0
2023-01-20 00:00:00,1.23893,1.23978,1.23766,1.23849,7362,0,0
2023-01-20 04:00:00,1.23848,1.23938,1.23648,1.23787,11405,0,0
2023-01-20 08:00:00,1.23789,1.23826,1.23384,1.23411,16979,0,0
2023-01-20 12:00:00,1.23408,1.2371,1.2335099999999999,1.2341199999999999,17900,0,0
2023-01-20 16:00:00,1.23411,1.23956,1.23363,1.23864,21204,0,0
2023-01-20 20:00:00,1.23864,1.24045,1.2373,1.2399,12292,0,0
2023-01-23 00:00:00,1.24004,1.24346,1.23974,1.24261,8310,0,0
2023-01-23 04:00:00,1.2426,1.24479,1.24136,1.24138,10117,0,0
2023-01-23 08:00:00,1.24137,1.24315,1.23942,1.24067,16273,0,0
2023-01-23 12:00:00,1.24067,1.24092,1.23352,1.23458,16404,0,0
2023-01-23 16:00:00,1.23458,1.23876,1.23234,1.23689,20540,0,0
2023-01-23 20:00:00,1.23688,1.23881,1.23559,1.23784,13400,0,0
2023-01-24 00:00:00,1.23766,1.23905,1.23714,1.23882,7422,0,0
2023-01-24 04:00:00,1.23882,1.23941,1.23748,1.23866,8432,0,0
2023-01-24 08:00:00,1.23865,1.24137,1.2308,1.23308,14682,0,0
2023-01-24 12:00:00,1.23309,1.23356,1.22815,1.22922,17098,0,0
2023-01-24 16:00:00,1.22921,1.23401,1.2263,1.23261,24373,0,0
2023-01-24 20:00:00,1.23262,1.23421,1.23226,1.23393,11234,0,0
2023-01-25 00:00:00,1.23262,1.2337,1.23119,1.2326,11382,0,0
2023-01-25 04:00:00,1.23261,1.2337,1.23161,1.23222,9225,0,0
2023-01-25 08:00:00,1.23222,1.23392,1.2304,1.23102,14605,0,0
2023-01-25 12:00:00,1.23102,1.23368,1.2283,1.23155,14883,0,0
2023-01-25 16:00:00,1.23154,1.23998,1.23103,1.23821,22631,0,0
2023-01-25 20:00:00,1.23823,1.24041,1.23808,1.2401,11453,0,0
2023-01-26 00:00:00,1.23972,1.24185,1.23901,1.24098,8254,0,0
2023-01-26 04:00:00,1.24097,1.2410700000000001,1.23892,1.24008,8201,0,0
2023-01-26 08:00:00,1.24006,1.24307,1.2374,1.23844,15281,0,0
2023-01-26 12:00:00,1.23845,1.24073,1.23605,1.23926,15431,0,0
2023-01-26 16:00:00,1.23925,1.24196,1.2345,1.2375,22911,0,0
2023-01-26 20:00:00,1.2375099999999999,1.2416,1.23743,1.24114,9828,0,0
2023-01-27 00:00:00,1.24066,1.2419,1.23957,1.24037,7352,0,0
2023-01-27 04:00:00,1.24037,1.24041,1.23771,1.23816,7112,0,0
2023-01-27 08:00:00,1.23816,1.23898,1.23594,1.2370700000000001,12335,0,0
2023-01-27 12:00:00,1.2370700000000001,1.23913,1.23555,1.23685,13947,0,0
2023-01-27 16:00:00,1.23684,1.23981,1.23454,1.23919,22290,0,0
2023-01-27 20:00:00,1.2392,1.23996,1.23815,1.23983,7991,0,0
2023-01-30 00:00:00,1.23838,1.24045,1.23781,1.23921,8462,0,0
2023-01-30 04:00:00,1.23923,1.24054,1.23833,1.23964,14089,0,0
2023-01-30 08:00:00,1.23964,1.23996,1.23683,1.23926,16801,0,0
2023-01-30 12:00:00,1.2393,1.24174,1.2373,1.23746,14592,0,0
2023-01-30 16:00:00,1.23747,1.23946,1.236,1.23628,18828,0,0
2023-01-30 20:00:00,1.23628,1.23638,1.23367,1.23505,11069,0,0
2023-01-31 00:00:00,1.23471,1.23713,1.23424,1.23666,8420,0,0
2023-01-31 04:00:00,1.23668,1.23668,1.2331,1.23385,9955,0,0
2023-01-31 08:00:00,1.23389,1.23627,1.2308,1.23254,14801,0,0
2023-01-31 12:00:00,1.23253,1.23293,1.22955,1.23217,16242,0,0
2023-01-31 16:00:00,1.23216,1.23281,1.2284,1.23259,21443,0,0
2023-01-31 20:00:00,1.23259,1.2337500000000001,1.2314,1.23182,8201,0,0
2023-02-01 00:00:00,1.23194,1.23244,1.23032,1.23103,6951,0,0
2023-02-01 04:00:00,1.23103,1.23194,1.23035,1.23147,6755,0,0
2023-02-01 08:00:00,1.23145,1.23282,1.23087,1.2316799999999999,13617,0,0
2023-02-01 12:00:00,1.23166,1.23443,1.23125,1.23395,13713,0,0
2023-02-01 16:00:00,1.23394,1.2347,1.22942,1.23024,19174,0,0
2023-02-01 20:00:00,1.23024,1.23936,1.2272,1.23724,25564,0,0
2023-02-02 00:00:00,1.2374100000000001,1.24021,1.23702,1.23779,9431,0,0
2023-02-02 04:00:00,1.2378,1.23958,1.23765,1.23904,9704,0,0
2023-02-02 08:00:00,1.23905,1.2397,1.23312,1.23445,16504,0,0
2023-02-02 12:00:00,1.23445,1.23913,1.22647,1.23011,23611,0,0
2023-02-02 16:00:00,1.23014,1.23262,1.22313,1.22439,26928,0,0
2023-02-02 20:00:00,1.22446,1.2255,1.22223,1.2223600000000001,17438,0,0
2023-02-03 00:00:00,1.22238,1.2229,1.22049,1.22179,8259,0,0
2023-02-03 04:00:00,1.22179,1.22197,1.22021,1.22136,9849,0,0
2023-02-03 08:00:00,1.22133,1.22522,1.2183,1.22462,16784,0,0
2023-02-03 12:00:00,1.22462,1.22656,1.21012,1.21277,18994,0,0
2023-02-03 16:00:00,1.21275,1.21477,1.20624,1.20746,29336,0,0
2023-02-03 20:00:00,1.20745,1.20758,1.20477,1.20532,12785,0,0
2023-02-06 00:00:00,1.2028699999999999,1.2057,1.20272,1.2042,10653,0,0
2023-02-06 04:00:00,1.20422,1.20678,1.20385,1.20678,12427,0,0
2023-02-06 08:00:00,1.20678,1.207,1.20345,1.20366,15255,0,0
2023-02-06 12:00:00,1.20366,1.20774,1.20215,1.20491,17736,0,0
2023-02-06 16:00:00,1.20488,1.20751,1.20056,1.20122,19976,0,0
2023-02-06 20:00:00,1.2012,1.2039,1.20082,1.20215,10257,0,0
2023-02-07 00:00:00,1.2015500000000001,1.20552,1.20142,1.20523,6847,0,0
2023-02-07 04:00:00,1.20524,1.2055,1.20351,1.20487,10522,0,0
2023-02-07 08:00:00,1.20485,1.20575,1.19866,1.20052,17424,0,0
2023-02-07 12:00:00,1.20052,1.20115,1.19611,1.19796,17172,0,0
2023-02-07 16:00:00,1.19795,1.20949,1.19676,1.20843,22664,0,0
2023-02-07 20:00:00,1.20842,1.20902,1.19872,1.20482,21206,0,0
2023-02-08 00:00:00,1.2046000000000001,1.20619,1.20347,1.20468,10090,0,0
2023-02-08 04:00:00,1.20469,1.20571,1.20404,1.20534,7663,0,0
2023-02-08 08:00:00,1.20534,1.21097,1.20384,1.2105299999999999,16179,0,0
2023-02-08 12:00:00,1.21054,1.21083,1.20753,1.20832,13732,0,0
2023-02-08 16:00:00,1.20832,1.20976,1.20546,1.20838,19678,0,0
2023-02-08 20:00:00,1.2084,1.2095,1.20599,1.20713,10914,0,0
2023-02-09 00:00:00,1.20701,1.20768,1.20566,1.20754,9287,0,0
2023-02-09 04:00:00,1.20753,1.20932,1.2074,1.20885,10409,0,0
2023-02-09 08:00:00,1.20884,1.21434,1.20857,1.2140900000000001,14751,0,0
2023-02-09 12:00:00,1.2141,1.21923,1.21309,1.21922,15590,0,0
2023-02-09 16:00:00,1.21922,1.2194,1.21309,1.21421,19432,0,0
2023-02-09 20:00:00,1.21418,1.21418,1.21111,1.21181,13937,0,0
2023-02-10 00:00:00,1.21174,1.21238,1.21002,1.21098,7905,0,0
2023-02-10 04:00:00,1.21098,1.21102,1.20895,1.21012,9229,0,0
2023-02-10 08:00:00,1.21012,1.21396,1.20898,1.20997,21988,0,0
2023-02-10 12:00:00,1.20996,1.21221,1.208,1.21122,17488,0,0
2023-02-10 16:00:00,1.21122,1.21305,1.20487,1.2049,19948,0,0
2023-02-10 20:00:00,1.20489,1.20634,1.20472,1.20544,9468,0,0
2023-02-13 00:00:00,1.20659,1.20659,1.20334,1.2048,7973,0,0
2023-02-13 04:00:00,1.20484,1.20527,1.20401,1.20451,10415,0,0
2023-02-13 08:00:00,1.20449,1.2067,1.20318,1.20381,13649,0,0
2023-02-13 12:00:00,1.20381,1.21152,1.20306,1.20876,14288,0,0
2023-02-13 16:00:00,1.20876,1.21448,1.20808,1.21355,18401,0,0
2023-02-13 20:00:00,1.2135799999999999,1.21519,1.21243,1.21398,9008,0,0
2023-02-14 00:00:00,1.2132100000000001,1.21527,1.21274,1.21406,9253,0,0
2023-02-14 04:00:00,1.21406,1.21515,1.21339,1.21465,9607,0,0
2023-02-14 08:00:00,1.21464,1.21882,1.21346,1.21882,15378,0,0
2023-02-14 12:00:00,1.21882,1.227,1.2151399999999999,1.22102,20403,0,0
2023-02-14 16:00:00,1.22104,1.22211,1.21169,1.21713,33666,0,0
2023-02-14 20:00:00,1.21712,1.21903,1.21544,1.21751,15582,0,0
2023-02-15 00:00:00,1.217,1.21816,1.21651,1.21662,6463,0,0
2023-02-15 04:00:00,1.21662,1.21671,1.21444,1.21497,9698,0,0
2023-02-15 08:00:00,1.21498,1.21558,1.20718,1.20963,19934,0,0
2023-02-15 12:00:00,1.20959,1.2101,1.20068,1.2014,19468,0,0
2023-02-15 16:00:00,1.2014,1.20345,1.19896,1.20048,24100,0,0
2023-02-15 20:00:00,1.2005,1.20381,1.19956,1.20339,11612,0,0
2023-02-16 00:00:00,1.20256,1.20445,1.20144,1.20395,11030,0,0
2023-02-16 04:00:00,1.20394,1.20532,1.20378,1.20458,11365,0,0
2023-02-16 08:00:00,1.20458,1.20742,1.20282,1.2055500000000001,17831,0,0
2023-02-16 12:00:00,1.20548,1.2069,1.19787,1.19878,18475,0,0
2023-02-16 16:00:00,1.19878,1.20273,1.19652,1.2017,24708,0,0
2023-02-16 20:00:00,1.20168,1.20274,1.19817,1.1988,15887,0,0
2023-02-17 00:00:00,1.19943,1.20001,1.19517,1.19538,10563,0,0
2023-02-17 04:00:00,1.19538,1.19585,1.19414,1.19481,10036,0,0
2023-02-17 08:00:00,1.1948,1.19588,1.19149,1.19425,17674,0,0
2023-02-17 12:00:00,1.19425,1.19741,1.19211,1.1970399999999999,18826,0,0
2023-02-17 16:00:00,1.19703,1.20371,1.19654,1.20199,25805,0,0
2023-02-17 20:00:00,1.20201,1.20495,1.2017,1.20406,11425,0,0
2023-02-20 00:00:00,1.2024,1.20382,1.20145,1.20188,13204,0,0
2023-02-20 04:00:00,1.20188,1.20452,1.20185,1.20422,11799,0,0
2023-02-20 08:00:00,1.20421,1.20568,1.20187,1.20218,17195,0,0
2023-02-20 12:00:00,1.20219,1.20415,1.20187,1.20378,14924,0,0
2023-02-20 16:00:00,1.20379,1.20431,1.20247,1.20359,10227,0,0
2023-02-20 20:00:00,1.20364,1.20423,1.20346,1.20407,4802,0,0
2023-02-21 00:00:00,1.20345,1.20443,1.20138,1.20261,9745,0,0
2023-02-21 04:00:00,1.20261,1.20368,1.20172,1.20304,9393,0,0
2023-02-21 08:00:00,1.20304,1.21137,1.19859,1.20915,21009,0,0
2023-02-21 12:00:00,1.20919,1.21296,1.20753,1.20994,20946,0,0
2023-02-21 16:00:00,1.2099199999999999,1.21476,1.20644,1.21276,25332,0,0
2023-02-21 20:00:00,1.2128,1.21284,1.20972,1.21111,12163,0,0
2023-02-22 00:00:00,1.21119,1.21354,1.21048,1.21208,10373,0,0
2023-02-22 04:00:00,1.21208,1.21251,1.20977,1.21063,8676,0,0
2023-02-22 08:00:00,1.21063,1.21286,1.2065299999999999,1.2077499999999999,17795,0,0
2023-02-22 12:00:00,1.20774,1.2120199999999999,1.20633,1.21049,19703,0,0
2023-02-22 16:00:00,1.21047,1.21136,1.20552,1.2073800000000001,22004,0,0
2023-02-22 20:00:00,1.20737,1.20827,1.20347,1.20454,17258,0,0
2023-02-23 00:00:00,1.20441,1.20607,1.20364,1.20574,6687,0,0
2023-02-23 04:00:00,1.20574,1.20681,1.2052,1.20605,9708,0,0
2023-02-23 08:00:00,1.20606,1.2075,1.20139,1.20306,18668,0,0
2023-02-23 12:00:00,1.20306,1.2061600000000001,1.20196,1.20345,18732,0,0
2023-02-23 16:00:00,1.20347,1.20694,1.19919,1.19988,25242,0,0
2023-02-23 20:00:00,1.19987,1.2032,1.1996,1.20156,11777,0,0
2023-02-24 00:00:00,1.20079,1.2033,1.2006999999999999,1.20163,14862,0,0
2023-02-24 04:00:00,1.20162,1.20312,1.20127,1.20229,11598,0,0
2023-02-24 08:00:00,1.20229,1.2042,1.20005,1.20239,15997,0,0
2023-02-24 12:00:00,1.20239,1.20304,1.19459,1.19648,20429,0,0
2023-02-24 16:00:00,1.19646,1.19665,1.19281,1.19456,26386,0,0
2023-02-24 20:00:00,1.19456,1.19544,1.19377,1.19394,12118,0,0
2023-02-27 00:00:00,1.19499,1.19631,1.19382,1.19629,8716,0,0
2023-02-27 04:00:00,1.19618,1.1964299999999999,1.19345,1.19379,12149,0,0
2023-02-27 08:00:00,1.19379,1.1985000000000001,1.19223,1.19737,18274,0,0
2023-02-27 12:00:00,1.19734,1.20243,1.19642,1.20191,17534,0,0
2023-02-27 16:00:00,1.20195,1.20604,1.20134,1.20595,20926,0,0
2023-02-27 20:00:00,1.20597,1.20661,1.2048,1.2062599999999999,11062,0,0
2023-02-28 00:00:00,1.20636,1.20682,1.20512,1.20529,8756,0,0
2023-02-28 04:00:00,1.2053,1.20629,1.20381,1.20401,9376,0,0
2023-02-28 08:00:00,1.20401,1.20977,1.20272,1.20743,17767,0,0
2023-02-28 12:00:00,1.20743,1.21283,1.20733,1.21229,17419,0,0
2023-02-28 16:00:00,1.21228,1.21436,1.20801,1.20999,22429,0,0
2023-02-28 20:00:00,1.20998,1.21023,1.20176,1.2022599999999999,10051,0,0
2023-03-01 00:00:00,1.20203,1.20422,1.20116,1.2034,16500,0,0
2023-03-01 04:00:00,1.2034,1.20471,1.20166,1.20407,9274,0,0
2023-03-01 08:00:00,1.20408,1.20889,1.20394,1.2068,18533,0,0
2023-03-01 12:00:00,1.2068,1.20752,1.20079,1.20087,20297,0,0
2023-03-01 16:00:00,1.2008,1.20452,1.1965,1.20228,26698,0,0
2023-03-01 20:00:00,1.20228,1.20276,1.19932,1.20268,10718,0,0
2023-03-02 00:00:00,1.20263,1.20366,1.19978,1.2009400000000001,8291,0,0
2023-03-02 04:00:00,1.20093,1.2017,1.19843,1.19881,11349,0,0
2023-03-02 08:00:00,1.19883,1.20096,1.19554,1.19732,18799,0,0
2023-03-02 12:00:00,1.19729,1.1988,1.19245,1.19287,20140,0,0
2023-03-02 16:00:00,1.19285,1.19628,1.19254,1.19336,22405,0,0
2023-03-02 20:00:00,1.19337,1.19578,1.1925,1.1948,12002,0,0
2023-03-03 00:00:00,1.19416,1.1975,1.19412,1.19627,7977,0,0
2023-03-03 04:00:00,1.19628,1.19766,1.19577,1.19649,8605,0,0
2023-03-03 08:00:00,1.19653,1.1999,1.19652,1.19854,15367,0,0
2023-03-03 12:00:00,1.19855,1.20188,1.19743,1.20082,15730,0,0
2023-03-03 16:00:00,1.2008,1.20174,1.19624,1.20099,22586,0,0
2023-03-03 20:00:00,1.20102,1.20487,1.20082,1.2043,9029,0,0
2023-03-06 00:00:00,1.20283,1.2039,1.20235,1.20353,7753,0,0
2023-03-06 04:00:00,1.20346,1.20483,1.2025000000000001,1.20358,10379,0,0
2023-03-06 08:00:00,1.20361,1.20458,1.20219,1.20281,15181,0,0
2023-03-06 12:00:00,1.20282,1.20313,1.19926,1.20109,16009,0,0
2023-03-06 16:00:00,1.20109,1.20487,1.19993,1.20408,18076,0,0
2023-03-06 20:00:00,1.20407,1.2040899999999999,1.20133,1.20262,8819,0,0
2023-03-07 00:00:00,1.20184,1.20425,1.20168,1.20381,6058,0,0
2023-03-07 04:00:00,1.20382,1.20477,1.20326,1.20364,11187,0,0
2023-03-07 08:00:00,1.20364,1.20651,1.20052,1.20119,16123,0,0
2023-03-07 12:00:00,1.20125,1.20164,1.1975500000000001,1.19808,15603,0,0
2023-03-07 16:00:00,1.19808,1.19865,1.18452,1.18495,30871,0,0
2023-03-07 20:00:00,1.18496,1.18588,1.18211,1.18264,12051,0,0
2023-03-08 00:00:00,1.1826,1.18358,1.18231,1.18285,7288,0,0
2023-03-08 04:00:00,1.18286,1.18319,1.18099,1.1821,10736,0,0
2023-03-08 08:00:00,1.18211,1.18421,1.18152,1.18327,14297,0,0
2023-03-08 12:00:00,1.18329,1.18486,1.18185,1.18234,13631,0,0
2023-03-08 16:00:00,1.18234,1.18592,1.18025,1.18312,22840,0,0
2023-03-08 20:00:00,1.18312,1.18498,1.18254,1.18439,8922,0,0
2023-03-09 00:00:00,1.18392,1.18548,1.18317,1.18371,8135,0,0
2023-03-09 04:00:00,1.18372,1.18655,1.18357,1.18543,7284,0,0
2023-03-09 08:00:00,1.18544,1.1889,1.18381,1.1869399999999999,12947,0,0
2023-03-09 12:00:00,1.18692,1.1911,1.1865700000000001,1.19099,16115,0,0
2023-03-09 16:00:00,1.19098,1.19364,1.19016,1.19249,18243,0,0
2023-03-09 20:00:00,1.19249,1.19388,1.19034,1.19234,14359,0,0
2023-03-10 00:00:00,1.19245,1.19333,1.19157,1.19247,8089,0,0
2023-03-10 04:00:00,1.19247,1.19319,1.19075,1.19237,12984,0,0
2023-03-10 08:00:00,1.19237,1.20092,1.19194,1.19878,19294,0,0
2023-03-10 12:00:00,1.1988,1.20448,1.19703,1.20185,22756,0,0
2023-03-10 16:00:00,1.20184,1.21136,1.20072,1.20596,35378,0,0
2023-03-10 20:00:00,1.2059199999999999,1.2065299999999999,1.2018,1.20315,18468,0,0
2023-03-13 00:00:00,1.20817,1.21038,1.20668,1.20734,15298,0,0
2023-03-13 04:00:00,1.20733,1.21413,1.20543,1.21162,20269,0,0
2023-03-13 08:00:00,1.21162,1.2124,1.20845,1.21,20747,0,0
2023-03-13 12:00:00,1.20998,1.21031,1.20463,1.20976,35893,0,0
2023-03-13 16:00:00,1.20975,1.21788,1.20814,1.21582,34587,0,0
2023-03-13 20:00:00,1.21581,1.21999,1.21472,1.21825,19552,0,0
2023-03-14 00:00:00,1.21814,1.21883,1.21543,1.2162,10273,0,0
2023-03-14 04:00:00,1.21619,1.21657,1.21444,1.21554,17044,0,0
2023-03-14 08:00:00,1.2155,1.21832,1.2141,1.2166299999999999,23939,0,0
2023-03-14 12:00:00,1.2166299999999999,1.22036,1.21378,1.2192,25141,0,0
2023-03-14 16:00:00,1.21916,1.22016,1.2135799999999999,1.21548,28541,0,0
2023-03-14 20:00:00,1.2155,1.21847,1.21526,1.21586,17821,0,0
2023-03-15 00:00:00,1.21567,1.2160199999999999,1.21467,1.21546,11021,0,0
2023-03-15 04:00:00,1.21545,1.2181899999999999,1.21505,1.21637,12804,0,0
2023-03-15 08:00:00,1.21633,1.21644,1.2138200000000001,1.21596,15443,0,0
2023-03-15 12:00:00,1.21597,1.21616,1.20421,1.20791,32341,0,0
2023-03-15 16:00:00,1.20783,1.20929,1.201,1.20121,34565,0,0
2023-03-15 20:00:00,1.2012,1.20853,1.2012,1.20545,24407,0,0
2023-03-16 00:00:00,1.2057,1.20812,1.20473,1.20759,10657,0,0
2023-03-16 04:00:00,1.2076,1.20819,1.20607,1.20788,16690,0,0
2023-03-16 08:00:00,1.20787,1.2113,1.20627,1.20778,19261,0,0
2023-03-16 12:00:00,1.20779,1.20831,1.20317,1.20585,21464,0,0
2023-03-16 16:00:00,1.20588,1.21204,1.20269,1.21095,34355,0,0
2023-03-16 20:00:00,1.21094,1.21278,1.21024,1.21106,16766,0,0
2023-03-17 00:00:00,1.21078,1.21145,1.20953,1.21118,8840,0,0
2023-03-17 04:00:00,1.21118,1.21486,1.21069,1.21481,12482,0,0
2023-03-17 08:00:00,1.21483,1.21765,1.2138200000000001,1.2139199999999999,17242,0,0
2023-03-17 12:00:00,1.2139199999999999,1.21473,1.21132,1.21341,19195,0,0
2023-03-17 16:00:00,1.21345,1.21796,1.2132100000000001,1.21764,24803,0,0
2023-03-17 20:00:00,1.21764,1.22008,1.21657,1.21772,14594,0,0
2023-03-20 00:00:00,1.22069,1.22069,1.2177,1.21927,10636,0,0
2023-03-20 04:00:00,1.21928,1.21956,1.21684,1.21807,16666,0,0
2023-03-20 08:00:00,1.21807,1.22145,1.21668,1.22136,21969,0,0
2023-03-20 12:00:00,1.22137,1.22414,1.2184300000000001,1.22303,19770,0,0
2023-03-20 16:00:00,1.22302,1.22753,1.22288,1.22691,19271,0,0
2023-03-20 20:00:00,1.22693,1.22848,1.22651,1.22789,10917,0,0
2023-03-21 00:00:00,1.22775,1.22827,1.22694,1.22738,8338,0,0
2023-03-21 04:00:00,1.22738,1.22767,1.22482,1.22536,6990,0,0
2023-03-21 08:00:00,1.22536,1.22624,1.22315,1.2233,12600,0,0
2023-03-21 12:00:00,1.22329,1.22589,1.22288,1.22516,12917,0,0
2023-03-21 16:00:00,1.22518,1.22549,1.21787,1.21899,16677,0,0
2023-03-21 20:00:00,1.21901,1.2220900000000001,1.21866,1.22173,8276,0,0
2023-03-22 00:00:00,1.22152,1.22276,1.22095,1.22203,6014,0,0
2023-03-22 04:00:00,1.22205,1.22367,1.22085,1.2230699999999999,10702,0,0
2023-03-22 08:00:00,1.2230699999999999,1.2285300000000001,1.22238,1.22751,12968,0,0
2023-03-22 12:00:00,1.22754,1.22973,1.22618,1.22699,12674,0,0
2023-03-22 16:00:00,1.22698,1.22719,1.22212,1.2242,12197,0,0
2023-03-22 20:00:00,1.2241900000000001,1.23348,1.22327,1.22683,24173,0,0
2023-03-23 00:00:00,1.22622,1.2292399999999999,1.22605,1.22913,8891,0,0
2023-03-23 04:00:00,1.2291400000000001,1.23246,1.22826,1.2322,11676,0,0
2023-03-23 08:00:00,1.2321900000000001,1.23432,1.2304599999999999,1.23206,16945,0,0
2023-03-23 12:00:00,1.23208,1.2337500000000001,1.22651,1.22753,17270,0,0
2023-03-23 16:00:00,1.22752,1.23304,1.22732,1.23218,17689,0,0
2023-03-23 20:00:00,1.23218,1.23218,1.22616,1.22868,18776,0,0
2023-03-24 00:00:00,1.22833,1.22923,1.22672,1.22822,7764,0,0
2023-03-24 04:00:00,1.22821,1.22865,1.2261199999999999,1.22851,11950,0,0
2023-03-24 08:00:00,1.22851,1.22884,1.22364,1.22394,15017,0,0
2023-03-24 12:00:00,1.22395,1.22552,1.21903,1.22133,21436,0,0
2023-03-24 16:00:00,1.22132,1.2232,1.21962,1.22194,20731,0,0
2023-03-24 20:00:00,1.22193,1.22342,1.22122,1.22295,8620,0,0
2023-03-27 00:00:00,1.22231,1.22501,1.22184,1.22309,7885,0,0
2023-03-27 04:00:00,1.2230699999999999,1.22511,1.22304,1.22379,10570,0,0
2023-03-27 08:00:00,1.22379,1.22659,1.22189,1.22626,15860,0,0
2023-03-27 12:00:00,1.22624,1.2273100000000001,1.2241,1.22433,13421,0,0
2023-03-27 16:00:00,1.22433,1.2293,1.22399,1.22827,15973,0,0
2023-03-27 20:00:00,1.22828,1.22932,1.22724,1.22877,7650,0,0
2023-03-28 00:00:00,1.22805,1.23152,1.22782,1.231,7504,0,0
2023-03-28 04:00:00,1.23101,1.23215,1.2307,1.23152,8853,0,0
2023-03-28 08:00:00,1.23152,1.23302,1.22892,1.2296,12816,0,0
2023-03-28 12:00:00,1.22958,1.23287,1.2281,1.23136,13011,0,0
2023-03-28 16:00:00,1.23135,1.23493,1.22996,1.23438,14850,0,0
2023-03-28 20:00:00,1.23444,1.23479,1.23292,1.23404,7197,0,0
2023-03-29 00:00:00,1.23414,1.23419,1.23279,1.23363,5201,0,0
2023-03-29 04:00:00,1.23371,1.2341,1.23205,1.2328999999999999,10037,0,0
2023-03-29 08:00:00,1.23298,1.23319,1.23048,1.2325,14008,0,0
2023-03-29 12:00:00,1.23252,1.23616,1.23179,1.23318,16469,0,0
2023-03-29 16:00:00,1.23318,1.23403,1.23026,1.23089,16933,0,0
2023-03-29 20:00:00,1.23088,1.2323,1.23048,1.23156,8379,0,0
2023-03-30 00:00:00,1.23129,1.23179,1.23013,1.23048,5653,0,0
2023-03-30 04:00:00,1.23048,1.23115,1.22936,1.23114,10382,0,0
2023-03-30 08:00:00,1.23114,1.23631,1.23084,1.23549,16276,0,0
2023-03-30 12:00:00,1.23554,1.23801,1.23285,1.2378,14661,0,0
2023-03-30 16:00:00,1.23781,1.2386300000000001,1.23573,1.23861,16531,0,0
2023-03-30 20:00:00,1.2386300000000001,1.23928,1.23764,1.23888,6847,0,0
2023-03-31 00:00:00,1.23835,1.23997,1.23811,1.23991,5275,0,0
2023-03-31 04:00:00,1.23991,1.24233,1.23896,1.2395100000000001,10241,0,0
2023-03-31 08:00:00,1.23947,1.23999,1.23535,1.23662,14470,0,0
2023-03-31 12:00:00,1.23664,1.23962,1.23599,1.2391,14240,0,0
2023-03-31 16:00:00,1.2391,1.23976,1.23411,1.23479,16368,0,0
2023-03-31 20:00:00,1.2348,1.23486,1.23241,1.2328999999999999,9906,0,0
2023-04-03 00:00:00,1.23275,1.2328000000000001,1.2281900000000001,1.23066,8391,0,0
2023-04-03 04:00:00,1.23065,1.23077,1.22759,1.2281,11631,0,0
2023-04-03 08:00:00,1.2281,1.23346,1.22744,1.23327,13036,0,0
2023-04-03 12:00:00,1.23325,1.23931,1.23315,1.23857,14218,0,0
2023-04-03 16:00:00,1.23859,1.24206,1.23779,1.23964,17841,0,0
2023-04-03 20:00:00,1.23964,1.24234,1.23875,1.2417799999999999,8136,0,0
2023-04-04 00:00:00,1.24081,1.24251,1.24052,1.24108,5349,0,0
2023-04-04 04:00:00,1.24109,1.24142,1.23987,1.2410700000000001,10133,0,0
2023-04-04 08:00:00,1.24106,1.24808,1.23949,1.24753,14432,0,0
2023-04-04 12:00:00,1.24753,1.25211,1.24661,1.24709,16111,0,0
2023-04-04 16:00:00,1.2471,1.25252,1.24705,1.24942,20359,0,0
2023-04-04 20:00:00,1.24943,1.25022,1.2489,1.2500200000000001,7173,0,0
2023-04-05 00:00:00,1.25014,1.25105,1.24834,1.24855,4548,0,0
2023-04-05 04:00:00,1.24858,1.25054,1.24836,1.2484899999999999,9445,0,0
2023-04-05 08:00:00,1.24851,1.25145,1.24699,1.24879,13489,0,0
2023-04-05 12:00:00,1.2488,1.2494399999999999,1.24556,1.24895,14392,0,0
2023-04-05 16:00:00,1.24895,1.25082,1.24326,1.24525,19272,0,0
2023-04-05 20:00:00,1.24525,1.24664,1.2447,1.24614,6925,0,0
2023-04-06 00:00:00,1.24619,1.24672,1.2448,1.2448299999999999,3674,0,0
2023-04-06 04:00:00,1.2448299999999999,1.24488,1.24373,1.2446,5163,0,0
2023-04-06 08:00:00,1.2446,1.2487,1.2442,1.24685,11469,0,0
2023-04-06 12:00:00,1.24682,1.24815,1.24278,1.24317,12628,0,0
2023-04-06 16:00:00,1.24316,1.24674,1.24124,1.24624,15088,0,0
2023-04-06 20:00:00,1.24622,1.24669,1.24374,1.24382,5606,0,0
2023-04-07 00:00:00,1.24399,1.24449,1.24331,1.24371,4851,0,0
2023-04-07 04:00:00,1.24373,1.24513,1.24364,1.24477,6581,0,0
2023-04-07 08:00:00,1.24477,1.24559,1.24289,1.24401,5078,0,0
2023-04-07 12:00:00,1.24399,1.24455,1.23891,1.24165,7776,0,0
2023-04-07 16:00:00,1.24164,1.24262,1.24,1.24188,9531,0,0
2023-04-07 20:00:00,1.2419,1.24334,1.24146,1.24163,3408,0,0
2023-04-10 00:00:00,1.24207,1.24341,1.24159,1.24167,4742,0,0
2023-04-10 04:00:00,1.24167,1.24218,1.24042,1.2405599999999999,7117,0,0
2023-04-10 08:00:00,1.24054,1.24341,1.23966,1.24286,7493,0,0
2023-04-10 12:00:00,1.24287,1.24428,1.2349700000000001,1.23516,11822,0,0
2023-04-10 16:00:00,1.23516,1.23798,1.23445,1.2375,11998,0,0
2023-04-10 20:00:00,1.2375099999999999,1.23853,1.23721,1.23824,6732,0,0
2023-04-11 00:00:00,1.23821,1.24039,1.23776,1.23986,4547,0,0
2023-04-11 04:00:00,1.2398500000000001,1.24134,1.23866,1.24035,9577,0,0
2023-04-11 08:00:00,1.24035,1.2445599999999999,1.24035,1.24352,13001,0,0
2023-04-11 12:00:00,1.24353,1.24566,1.24182,1.24316,14418,0,0
2023-04-11 16:00:00,1.24316,1.24407,1.24053,1.24088,13631,0,0
2023-04-11 20:00:00,1.24086,1.24292,1.24075,1.24255,6369,0,0
2023-04-12 00:00:00,1.2424,1.24318,1.24214,1.24296,4914,0,0
2023-04-12 04:00:00,1.24295,1.24403,1.2426599999999999,1.24375,7495,0,0
2023-04-12 08:00:00,1.24375,1.24461,1.24084,1.24184,11122,0,0
2023-04-12 12:00:00,1.2417799999999999,1.24701,1.23983,1.24462,13587,0,0
2023-04-12 16:00:00,1.24463,1.24845,1.24384,1.24842,18966,0,0
2023-04-12 20:00:00,1.24842,1.24952,1.2478,1.24836,9453,0,0
2023-04-13 00:00:00,1.24846,1.24954,1.24754,1.24927,4463,0,0
2023-04-13 04:00:00,1.24926,1.24964,1.24848,1.24894,8715,0,0
2023-04-13 08:00:00,1.24896,1.25208,1.24782,1.25206,13033,0,0
2023-04-13 12:00:00,1.25207,1.25353,1.25008,1.25316,13909,0,0
2023-04-13 16:00:00,1.25318,1.25375,1.25006,1.2529,16065,0,0
2023-04-13 20:00:00,1.25292,1.25355,1.25208,1.25231,7361,0,0
2023-04-14 00:00:00,1.25226,1.25287,1.25152,1.25206,4789,0,0
2023-04-14 04:00:00,1.25206,1.25468,1.25203,1.25404,8234,0,0
2023-04-14 08:00:00,1.25406,1.25421,1.25023,1.25041,11508,0,0
2023-04-14 12:00:00,1.2503600000000001,1.25245,1.24638,1.24861,14518,0,0
2023-04-14 16:00:00,1.24852,1.24917,1.23992,1.24052,20242,0,0
2023-04-14 20:00:00,1.2405,1.24188,1.24025,1.24138,7935,0,0
2023-04-17 00:00:00,1.24054,1.24196,1.23909,1.23912,4911,0,0
2023-04-17 04:00:00,1.23915,1.24124,1.23832,1.24122,8186,0,0
2023-04-17 08:00:00,1.24122,1.24286,1.2374100000000001,1.23772,12004,0,0
2023-04-17 12:00:00,1.23772,1.24383,1.23743,1.24099,14461,0,0
2023-04-17 16:00:00,1.24098,1.2416,1.23533,1.23561,17699,0,0
2023-04-17 20:00:00,1.23562,1.23788,1.23559,1.2377,4943,0,0
2023-04-18 00:00:00,1.23713,1.23788,1.23688,1.23732,3454,0,0
2023-04-18 04:00:00,1.23732,1.23878,1.23675,1.23841,7715,0,0
2023-04-18 08:00:00,1.23841,1.24433,1.2381199999999999,1.24383,12758,0,0
2023-04-18 12:00:00,1.24384,1.24499,1.24259,1.24293,12974,0,0
2023-04-18 16:00:00,1.24293,1.24429,1.24124,1.24289,14801,0,0
2023-04-18 20:00:00,1.2429000000000001,1.24321,1.24234,1.24247,5745,0,0
2023-04-19 00:00:00,1.24243,1.24323,1.2420200000000001,1.24316,3631,0,0
2023-04-19 04:00:00,1.24314,1.24346,1.24094,1.24186,6373,0,0
2023-04-19 08:00:00,1.24183,1.24723,1.2402199999999999,1.24358,15746,0,0
2023-04-19 12:00:00,1.24359,1.24492,1.23923,1.24403,14951,0,0
2023-04-19 16:00:00,1.24407,1.24745,1.24342,1.24521,14351,0,0
2023-04-19 20:00:00,1.24521,1.24547,1.24352,1.24395,6645,0,0
2023-04-20 00:00:00,1.24374,1.2441,1.24249,1.24271,5466,0,0
2023-04-20 04:00:00,1.24269,1.24353,1.2420499999999999,1.24296,7345,0,0
2023-04-20 08:00:00,1.24296,1.24523,1.24155,1.24435,12932,0,0
2023-04-20 12:00:00,1.24435,1.24607,1.24047,1.24543,13816,0,0
2023-04-20 16:00:00,1.24538,1.24676,1.2441200000000001,1.24487,14213,0,0
2023-04-20 20:00:00,1.24493,1.24527,1.24296,1.24432,7292,0,0
2023-04-21 00:00:00,1.2443,1.24435,1.24296,1.24415,4018,0,0
2023-04-21 04:00:00,1.24415,1.24466,1.24308,1.24326,7201,0,0
2023-04-21 08:00:00,1.2432400000000001,1.24336,1.23782,1.24003,12764,0,0
2023-04-21 12:00:00,1.24003,1.24138,1.23772,1.24138,11897,0,0
2023-04-21 16:00:00,1.24131,1.24315,1.23669,1.24303,17505,0,0
2023-04-21 20:00:00,1.24299,1.24482,1.24227,1.24418,6592,0,0
2023-04-24 00:00:00,1.24359,1.24521,1.24342,1.2448299999999999,13453,0,0
2023-04-24 04:00:00,1.2448299999999999,1.24502,1.24311,1.2435100000000001,7242,0,0
2023-04-24 08:00:00,1.24353,1.24531,1.24106,1.24518,11874,0,0
2023-04-24 12:00:00,1.24518,1.24592,1.24264,1.24538,12213,0,0
2023-04-24 16:00:00,1.24536,1.24698,1.24328,1.24673,13144,0,0
2023-04-24 20:00:00,1.24675,1.24862,1.24654,1.24861,4490,0,0
2023-04-25 00:00:00,1.24845,1.25073,1.24737,1.24974,3256,0,0
2023-04-25 04:00:00,1.2497,1.25067,1.24806,1.2482,6818,0,0
2023-04-25 08:00:00,1.24819,1.24914,1.24557,1.24742,13772,0,0
2023-04-25 12:00:00,1.24741,1.24795,1.2420200000000001,1.24245,12200,0,0
2023-04-25 16:00:00,1.24248,1.24273,1.23867,1.23993,14959,0,0
2023-04-25 20:00:00,1.23994,1.2414100000000001,1.2395100000000001,1.24102,8016,0,0
2023-04-26 00:00:00,1.24063,1.2418,1.2404,1.24115,5267,0,0
2023-04-26 04:00:00,1.24114,1.24254,1.24026,1.24246,9224,0,0
2023-04-26 08:00:00,1.24246,1.2478799999999999,1.24214,1.2478799999999999,13851,0,0
2023-04-26 12:00:00,1.2478799999999999,1.2490999999999999,1.2459500000000001,1.24729,17185,0,0
2023-04-26 16:00:00,1.24726,1.25156,1.2459500000000001,1.24677,18301,0,0
2023-04-26 20:00:00,1.24675,1.24749,1.24537,1.24676,7269,0,0
2023-04-27 00:00:00,1.24631,1.24737,1.24603,1.24709,3684,0,0
2023-04-27 04:00:00,1.2471,1.2477800000000001,1.2462900000000001,1.2475,9751,0,0
2023-04-27 08:00:00,1.24746,1.24884,1.24566,1.24724,14223,0,0
2023-04-27 12:00:00,1.24725,1.24975,1.2436,1.24484,14921,0,0
2023-04-27 16:00:00,1.24488,1.2494,1.24411,1.24657,17800,0,0
2023-04-27 20:00:00,1.24658,1.24997,1.24618,1.24978,7739,0,0
2023-04-28 00:00:00,1.24947,1.25,1.24831,1.24963,5484,0,0
2023-04-28 04:00:00,1.24963,1.25042,1.24779,1.24825,12601,0,0
2023-04-28 08:00:00,1.24824,1.24936,1.24501,1.24555,17186,0,0
2023-04-28 12:00:00,1.24555,1.24908,1.24466,1.24872,15336,0,0
2023-04-28 16:00:00,1.24876,1.25842,1.24853,1.25747,20774,0,0
2023-04-28 20:00:00,1.25746,1.25755,1.25577,1.25662,8000,0,0
2023-05-01 00:00:00,1.2555,1.2570299999999999,1.25506,1.25587,5166,0,0
2023-05-01 04:00:00,1.25591,1.25694,1.2554,1.25579,6964,0,0
2023-05-01 08:00:00,1.2557800000000001,1.25579,1.25183,1.2518500000000001,9496,0,0
2023-05-01 12:00:00,1.2518099999999999,1.25575,1.25146,1.25556,10288,0,0
2023-05-01 16:00:00,1.25556,1.25599,1.24806,1.24931,16219,0,0
2023-05-01 20:00:00,1.24932,1.24961,1.24839,1.24954,8586,0,0
2023-05-02 00:00:00,1.2494399999999999,1.24972,1.2484,1.24926,4494,0,0
2023-05-02 04:00:00,1.24926,1.25123,1.24921,1.24962,9344,0,0
2023-05-02 08:00:00,1.24961,1.25121,1.24636,1.24709,14935,0,0
2023-05-02 12:00:00,1.24711,1.24846,1.24535,1.24587,13850,0,0
2023-05-02 16:00:00,1.24589,1.24896,1.24353,1.24784,20267,0,0
2023-05-02 20:00:00,1.24784,1.2479,1.24661,1.24675,6195,0,0
2023-05-03 00:00:00,1.24648,1.2484,1.246,1.24821,4581,0,0
2023-05-03 04:00:00,1.24818,1.24937,1.24767,1.24876,7768,0,0
2023-05-03 08:00:00,1.2488,1.25338,1.24815,1.25209,10784,0,0
2023-05-03 12:00:00,1.25208,1.25285,1.24839,1.24972,13359,0,0
2023-05-03 16:00:00,1.24974,1.2555100000000001,1.24949,1.25513,15125,0,0
2023-05-03 20:00:00,1.25513,1.25902,1.2538,1.25655,18959,0,0
2023-05-04 00:00:00,1.25553,1.25922,1.25485,1.2577099999999999,7885,0,0
2023-05-04 04:00:00,1.2577099999999999,1.25907,1.25724,1.2582900000000001,8862,0,0
2023-05-04 08:00:00,1.2582900000000001,1.25936,1.25562,1.2558099999999999,14960,0,0
2023-05-04 12:00:00,1.25582,1.2586,1.2549000000000001,1.25519,18411,0,0
2023-05-04 16:00:00,1.25518,1.2599,1.25481,1.25955,24080,0,0
2023-05-04 20:00:00,1.25955,1.2597800000000001,1.25698,1.25724,8923,0,0
2023-05-05 00:00:00,1.25704,1.25878,1.25684,1.25846,4139,0,0
2023-05-05 04:00:00,1.2585,1.26143,1.2582499999999999,1.2606899999999999,8045,0,0
2023-05-05 08:00:00,1.2607,1.2634400000000001,1.25972,1.2608,11233,0,0
2023-05-05 12:00:00,1.2608,1.26178,1.25583,1.25693,12956,0,0
2023-05-05 16:00:00,1.25692,1.26524,1.25686,1.2647300000000001,18062,0,0
2023-05-05 20:00:00,1.2647599999999999,1.2647599999999999,1.2628,1.26309,7367,0,0
2023-05-08 00:00:00,1.26262,1.26371,1.2625199999999999,1.2634400000000001,4865,0,0
2023-05-08 04:00:00,1.26345,1.26539,1.26265,1.26519,6754,0,0
2023-05-08 08:00:00,1.26519,1.26576,1.26316,1.26375,8865,0,0
2023-05-08 12:00:00,1.26375,1.26689,1.26316,1.26468,9506,0,0
2023-05-08 16:00:00,1.2646899999999999,1.2655,1.26266,1.26391,11153,0,0
2023-05-08 20:00:00,1.26397,1.26444,1.2612999999999999,1.2618800000000001,6180,0,0
2023-05-09 00:00:00,1.2615,1.26206,1.2604,1.26093,5113,0,0
2023-05-09 04:00:00,1.26093,1.26185,1.26052,1.2612999999999999,5664,0,0
2023-05-09 08:00:00,1.26128,1.26397,1.25968,1.26088,12460,0,0
2023-05-09 12:00:00,1.26086,1.26251,1.2585,1.25861,11390,0,0
2023-05-09 16:00:00,1.2586300000000001,1.2623199999999999,1.25782,1.26115,13451,0,0
2023-05-09 20:00:00,1.26113,1.26292,1.26098,1.26208,6641,0,0
2023-05-10 00:00:00,1.26189,1.26319,1.26159,1.2628300000000001,3567,0,0
2023-05-10 04:00:00,1.2628599999999999,1.2634699999999999,1.26208,1.26216,5728,0,0
2023-05-10 08:00:00,1.26215,1.26446,1.26113,1.26223,10122,0,0
2023-05-10 12:00:00,1.26221,1.268,1.26024,1.26734,12208,0,0
2023-05-10 16:00:00,1.26736,1.26775,1.26075,1.26202,16087,0,0
2023-05-10 20:00:00,1.26202,1.26312,1.26064,1.26247,7804,0,0
2023-05-11 00:00:00,1.26243,1.26372,1.2617,1.26369,3909,0,0
2023-05-11 04:00:00,1.26371,1.26409,1.26135,1.26177,7411,0,0
2023-05-11 08:00:00,1.26177,1.2625,1.25655,1.25833,13724,0,0
2023-05-11 12:00:00,1.25835,1.26152,1.2568,1.25858,17162,0,0
2023-05-11 16:00:00,1.25857,1.25857,1.24965,1.25129,17118,0,0
2023-05-11 20:00:00,1.25128,1.25168,1.25051,1.25121,6332,0,0
2023-05-12 00:00:00,1.25104,1.25179,1.2507,1.25179,3483,0,0
2023-05-12 04:00:00,1.25177,1.25268,1.25085,1.2524899999999999,6943,0,0
2023-05-12 08:00:00,1.25248,1.25406,1.25061,1.25323,12019,0,0
2023-05-12 12:00:00,1.25324,1.25408,1.24919,1.2505600000000001,11245,0,0
2023-05-12 16:00:00,1.25055,1.25199,1.24488,1.24516,14674,0,0
2023-05-12 20:00:00,1.24516,1.24592,1.24447,1.2448,5939,0,0
2023-05-15 00:00:00,1.24526,1.24541,1.2443,1.24505,3559,0,0
2023-05-15 04:00:00,1.24513,1.24662,1.24505,1.24631,6498,0,0
2023-05-15 08:00:00,1.2463,1.24914,1.24621,1.24886,8801,0,0
2023-05-15 12:00:00,1.24887,1.2521,1.24766,1.25076,10821,0,0
2023-05-15 16:00:00,1.25071,1.25335,1.2503600000000001,1.2533400000000001,11348,0,0
2023-05-15 20:00:00,1.2533400000000001,1.25348,1.2524899999999999,1.2528000000000001,4374,0,0
2023-05-16 00:00:00,1.2527599999999999,1.25318,1.25173,1.2530299999999999,2688,0,0
2023-05-16 04:00:00,1.25304,1.25324,1.25148,1.25271,6323,0,0
2023-05-16 08:00:00,1.25267,1.2533,1.24654,1.2522199999999999,12176,0,0
2023-05-16 12:00:00,1.2522,1.2546599999999999,1.2495,1.25133,11410,0,0
2023-05-16 16:00:00,1.25133,1.25362,1.24768,1.24854,16635,0,0
2023-05-16 20:00:00,1.2486,1.24905,1.24773,1.24852,5766,0,0
2023-05-17 00:00:00,1.2489,1.24902,1.24796,1.24863,3549,0,0
2023-05-17 04:00:00,1.24862,1.24938,1.2477,1.24785,6707,0,0
2023-05-17 08:00:00,1.24785,1.24797,1.24217,1.24275,12251,0,0
2023-05-17 12:00:00,1.24268,1.24777,1.24224,1.24698,11276,0,0
2023-05-17 16:00:00,1.24697,1.25077,1.24442,1.25045,15047,0,0
2023-05-17 20:00:00,1.25047,1.25105,1.24832,1.24868,7471,0,0
2023-05-18 00:00:00,1.24863,1.2490700000000001,1.24784,1.24844,3434,0,0
2023-05-18 04:00:00,1.24843,1.24929,1.24726,1.24741,6667,0,0
2023-05-18 08:00:00,1.24743,1.24766,1.24321,1.24377,11127,0,0
2023-05-18 12:00:00,1.24376,1.24493,1.24145,1.24247,11935,0,0
2023-05-18 16:00:00,1.24246,1.24378,1.23949,1.23962,15024,0,0
2023-05-18 20:00:00,1.23959,1.24126,1.23917,1.24082,6531,0,0
2023-05-19 00:00:00,1.2408,1.2416800000000001,1.24021,1.24135,4135,0,0
2023-05-19 04:00:00,1.24134,1.2414399999999999,1.2392400000000001,1.23966,7896,0,0
2023-05-19 08:00:00,1.23965,1.24276,1.23954,1.24087,11795,0,0
2023-05-19 12:00:00,1.24089,1.24682,1.24088,1.24485,13038,0,0
2023-05-19 16:00:00,1.24476,1.24838,1.24217,1.24667,19631,0,0
2023-05-19 20:00:00,1.24668,1.24708,1.2436,1.24463,7274,0,0
2023-05-22 00:00:00,1.24356,1.24678,1.24355,1.2466599999999999,3965,0,0
2023-05-22 04:00:00,1.24667,1.24723,1.24558,1.24571,7539,0,0
2023-05-22 08:00:00,1.24572,1.2457799999999999,1.24137,1.24416,12044,0,0
2023-05-22 12:00:00,1.24413,1.2471,1.24409,1.246,12546,0,0
2023-05-22 16:00:00,1.24599,1.246,1.24145,1.24206,14923,0,0
2023-05-22 20:00:00,1.24204,1.24438,1.24198,1.24368,6365,0,0
2023-05-23 00:00:00,1.24366,1.24465,1.24309,1.24394,4642,0,0
2023-05-23 04:00:00,1.2439,1.24394,1.24255,1.24362,7482,0,0
2023-05-23 08:00:00,1.2436099999999999,1.24373,1.23848,1.24094,14122,0,0
2023-05-23 12:00:00,1.24093,1.24134,1.2373,1.2379,12733,0,0
2023-05-23 16:00:00,1.23792,1.24344,1.23771,1.24154,16424,0,0
2023-05-23 20:00:00,1.24156,1.24241,1.24089,1.24145,7324,0,0
2023-05-24 00:00:00,1.24106,1.24291,1.24104,1.24254,3201,0,0
2023-05-24 04:00:00,1.24254,1.24369,1.24151,1.24346,6815,0,0
2023-05-24 08:00:00,1.24346,1.24695,1.24026,1.24225,16171,0,0
2023-05-24 12:00:00,1.24225,1.24284,1.2364,1.24026,14603,0,0
2023-05-24 16:00:00,1.24027,1.24152,1.23578,1.23712,17729,0,0
2023-05-24 20:00:00,1.23712,1.23776,1.23581,1.2364600000000001,9554,0,0
2023-05-25 00:00:00,1.23644,1.23711,1.23548,1.23641,4876,0,0
2023-05-25 04:00:00,1.23633,1.23673,1.2332,1.2341199999999999,7396,0,0
2023-05-25 08:00:00,1.23411,1.23803,1.23331,1.23678,12678,0,0
2023-05-25 12:00:00,1.23677,1.23868,1.23386,1.2341,13851,0,0
2023-05-25 16:00:00,1.2341,1.23612,1.2309,1.2309,16607,0,0
2023-05-25 20:00:00,1.2309,1.23332,1.23081,1.23218,7839,0,0
2023-05-26 00:00:00,1.23215,1.23252,1.23109,1.23225,4741,0,0
2023-05-26 04:00:00,1.23227,1.23368,1.2322,1.23358,7273,0,0
2023-05-26 08:00:00,1.23363,1.23692,1.23315,1.2353399999999999,12026,0,0
2023-05-26 12:00:00,1.23532,1.23954,1.23458,1.23715,13183,0,0
2023-05-26 16:00:00,1.23712,1.23818,1.23209,1.23434,16421,0,0
2023-05-26 20:00:00,1.23434,1.23568,1.23433,1.23457,6512,0,0
2023-05-29 00:00:00,1.23362,1.23522,1.23334,1.23467,4274,0,0
2023-05-29 04:00:00,1.23466,1.23579,1.23437,1.23557,6071,0,0
2023-05-29 08:00:00,1.23556,1.2372,1.23354,1.23469,7455,0,0
2023-05-29 12:00:00,1.23468,1.2353,1.23363,1.23466,6286,0,0
2023-05-29 16:00:00,1.23466,1.23623,1.23425,1.23599,3921,0,0
2023-05-29 20:00:00,1.23599,1.2361900000000001,1.23539,1.23542,1658,0,0
2023-05-30 00:00:00,1.2349700000000001,1.23636,1.23438,1.23608,4606,0,0
2023-05-30 04:00:00,1.2361,1.23793,1.2343,1.23571,8247,0,0
2023-05-30 08:00:00,1.23572,1.23785,1.23271,1.23763,13298,0,0
2023-05-30 12:00:00,1.23764,1.24466,1.23684,1.24232,14593,0,0
2023-05-30 16:00:00,1.24233,1.24399,1.23932,1.2398,14256,0,0
2023-05-30 20:00:00,1.23983,1.2413,1.2383,1.24121,6989,0,0
2023-05-31 00:00:00,1.24101,1.2426,1.24039,1.24222,3657,0,0
2023-05-31 04:00:00,1.2422,1.24228,1.2382,1.2392400000000001,8133,0,0
2023-05-31 08:00:00,1.2392400000000001,1.2399499999999999,1.2348,1.23523,13287,0,0
2023-05-31 12:00:00,1.23526,1.23753,1.23498,1.2364,10452,0,0
2023-05-31 16:00:00,1.23639,1.24142,1.23571,1.23864,19562,0,0
2023-05-31 20:00:00,1.23866,1.2444,1.2381199999999999,1.24409,10510,0,0
2023-06-01 00:00:00,1.24395,1.24496,1.24304,1.2439,4581,0,0
2023-06-01 04:00:00,1.2439,1.24433,1.24278,1.24326,8330,0,0
2023-06-01 08:00:00,1.24325,1.24413,1.2401200000000001,1.24309,12420,0,0
2023-06-01 12:00:00,1.24309,1.24867,1.24258,1.24843,14446,0,0
2023-06-01 16:00:00,1.24843,1.25399,1.24742,1.25328,17030,0,0
2023-06-01 20:00:00,1.25328,1.25356,1.25216,1.25261,6488,0,0
2023-06-02 00:00:00,1.2524,1.25314,1.25198,1.25252,3228,0,0
2023-06-02 04:00:00,1.25252,1.25448,1.25231,1.25294,6238,0,0
2023-06-02 08:00:00,1.25295,1.25436,1.2521900000000001,1.25363,11046,0,0
2023-06-02 12:00:00,1.25362,1.25417,1.24927,1.25137,12837,0,0
2023-06-02 16:00:00,1.25141,1.25354,1.24494,1.24496,16557,0,0
2023-06-02 20:00:00,1.24497,1.24584,1.24415,1.24506,6751,0,0
2023-06-05 00:00:00,1.24489,1.24496,1.24261,1.24315,5509,0,0
2023-06-05 04:00:00,1.24319,1.24399,1.24271,1.24329,7785,0,0
2023-06-05 08:00:00,1.24329,1.24379,1.23881,1.24079,11733,0,0
2023-06-05 12:00:00,1.2408,1.24094,1.23684,1.2376,9749,0,0
2023-06-05 16:00:00,1.23761,1.24436,1.23736,1.24355,15942,0,0
2023-06-05 20:00:00,1.24355,1.24376,1.24272,1.24332,6836,0,0
2023-06-06 00:00:00,1.24283,1.24373,1.2425,1.24348,3317,0,0
2023-06-06 04:00:00,1.24349,1.24513,1.24325,1.24501,7642,0,0
2023-06-06 08:00:00,1.24502,1.24592,1.24192,1.24212,13429,0,0
2023-06-06 12:00:00,1.24214,1.24242,1.23918,1.24009,11109,0,0
2023-06-06 16:00:00,1.24007,1.24289,1.23948,1.2427,12691,0,0
2023-06-06 20:00:00,1.24271,1.24313,1.24185,1.24234,5642,0,0
2023-06-07 00:00:00,1.24223,1.24383,1.24201,1.24316,3428,0,0
2023-06-07 04:00:00,1.24316,1.24334,1.24174,1.24233,6207,0,0
2023-06-07 08:00:00,1.24233,1.24398,1.23952,1.24394,9762,0,0
2023-06-07 12:00:00,1.24401,1.24721,1.24309,1.24644,11025,0,0
2023-06-07 16:00:00,1.24644,1.25,1.2432,1.24338,16160,0,0
2023-06-07 20:00:00,1.2434,1.24467,1.24271,1.24382,7375,0,0
2023-06-08 00:00:00,1.2435100000000001,1.2451,1.24309,1.24493,3815,0,0
2023-06-08 04:00:00,1.24494,1.24545,1.24423,1.24536,6860,0,0
2023-06-08 08:00:00,1.24536,1.2479,1.24416,1.24779,10558,0,0
2023-06-08 12:00:00,1.2478,1.24976,1.24535,1.24832,12725,0,0
2023-06-08 16:00:00,1.2483,1.2558,1.24808,1.25542,16078,0,0
2023-06-08 20:00:00,1.25539,1.2561,1.25478,1.25601,6872,0,0
2023-06-09 00:00:00,1.25579,1.25635,1.25528,1.25548,3816,0,0
2023-06-09 04:00:00,1.25549,1.25572,1.2545,1.25455,6671,0,0
2023-06-09 08:00:00,1.25455,1.25681,1.2534100000000001,1.25421,10034,0,0
2023-06-09 12:00:00,1.2542499999999999,1.25785,1.25362,1.25685,11847,0,0
2023-06-09 16:00:00,1.25683,1.25905,1.25627,1.25821,13711,0,0
2023-06-09 20:00:00,1.2582,1.2583199999999999,1.25722,1.2579500000000001,4171,0,0
2023-06-12 00:00:00,1.25586,1.25819,1.25582,1.25762,2729,0,0
2023-06-12 04:00:00,1.25757,1.25767,1.2565,1.2570000000000001,4689,0,0
2023-06-12 08:00:00,1.25695,1.25967,1.25691,1.25912,9155,0,0
2023-06-12 12:00:00,1.25912,1.25997,1.25511,1.25513,10401,0,0
2023-06-12 16:00:00,1.25514,1.25557,1.24869,1.24945,13229,0,0
2023-06-12 20:00:00,1.24947,1.25137,1.24926,1.25121,6463,0,0
2023-06-13 00:00:00,1.2509700000000001,1.25209,1.25076,1.25176,3877,0,0
2023-06-13 04:00:00,1.25176,1.25353,1.25143,1.25316,6722,0,0
2023-06-13 08:00:00,1.25317,1.25769,1.2528000000000001,1.25656,13155,0,0
2023-06-13 12:00:00,1.25656,1.26057,1.25561,1.25946,13212,0,0
2023-06-13 16:00:00,1.25945,1.2625,1.25724,1.2623,17959,0,0
2023-06-13 20:00:00,1.2622499999999999,1.26244,1.2593,1.26114,7317,0,0
2023-06-14 00:00:00,1.26118,1.26122,1.26013,1.26087,4138,0,0
2023-06-14 04:00:00,1.26087,1.26172,1.26053,1.26122,6483,0,0
2023-06-14 08:00:00,1.26122,1.2637800000000001,1.2600799999999999,1.26345,11228,0,0
2023-06-14 12:00:00,1.26343,1.26786,1.26323,1.26748,10570,0,0
2023-06-14 16:00:00,1.26745,1.2699099999999999,1.26712,1.26949,11050,0,0
2023-06-14 20:00:00,1.26953,1.26953,1.26267,1.26619,19124,0,0
2023-06-15 00:00:00,1.26614,1.26742,1.2655699999999999,1.26592,3243,0,0
2023-06-15 04:00:00,1.26592,1.26597,1.26295,1.26375,8141,0,0
2023-06-15 08:00:00,1.26376,1.26726,1.26315,1.26609,12135,0,0
2023-06-15 12:00:00,1.2661,1.26698,1.26401,1.26684,13014,0,0
2023-06-15 16:00:00,1.26675,1.27763,1.2663,1.27743,14956,0,0
2023-06-15 20:00:00,1.27742,1.27857,1.27676,1.27847,6702,0,0
2023-06-16 00:00:00,1.27812,1.27931,1.27759,1.2781500000000001,4020,0,0
2023-06-16 04:00:00,1.27816,1.27885,1.27681,1.27795,6885,0,0
2023-06-16 08:00:00,1.27793,1.28182,1.27776,1.27962,12674,0,0
2023-06-16 12:00:00,1.2796,1.28482,1.27839,1.28156,11416,0,0
2023-06-16 16:00:00,1.28156,1.28475,1.2803499999999999,1.28274,17570,0,0
2023-06-16 20:00:00,1.28272,1.28356,1.28199,1.28228,9461,0,0
2023-06-19 00:00:00,1.28125,1.2837100000000001,1.28125,1.28209,3873,0,0
2023-06-19 04:00:00,1.2821,1.28253,1.28104,1.28134,6606,0,0
2023-06-19 08:00:00,1.28133,1.2830599999999999,1.28082,1.28178,10987,0,0
2023-06-19 12:00:00,1.28175,1.28201,1.28027,1.28088,10742,0,0
2023-06-19 16:00:00,1.28088,1.28129,1.27705,1.27737,8604,0,0
2023-06-19 20:00:00,1.27737,1.27934,1.27732,1.2793,2415,0,0
2023-06-20 00:00:00,1.27894,1.28065,1.27789,1.28018,5547,0,0
2023-06-20 04:00:00,1.28017,1.2805,1.27782,1.2778800000000001,10182,0,0
2023-06-20 08:00:00,1.27786,1.2806600000000001,1.27625,1.27838,14312,0,0
2023-06-20 12:00:00,1.27838,1.2787899999999999,1.27261,1.2739500000000001,13982,0,0
2023-06-20 16:00:00,1.27396,1.27568,1.27136,1.27554,18325,0,0
2023-06-20 20:00:00,1.27554,1.2769,1.27473,1.27646,7724,0,0
2023-06-21 00:00:00,1.2763,1.27665,1.27496,1.2759,4435,0,0
2023-06-21 04:00:00,1.27591,1.27681,1.27542,1.2765,8722,0,0
2023-06-21 08:00:00,1.2765,1.28023,1.27153,1.27203,16830,0,0
2023-06-21 12:00:00,1.27202,1.27352,1.26912,1.27309,15427,0,0
2023-06-21 16:00:00,1.27305,1.27607,1.27021,1.27563,19458,0,0
2023-06-21 20:00:00,1.27562,1.27855,1.27532,1.27674,9429,0,0
2023-06-22 00:00:00,1.2765,1.27738,1.27622,1.27688,5127,0,0
2023-06-22 04:00:00,1.27686,1.27738,1.27579,1.27588,7284,0,0
2023-06-22 08:00:00,1.27588,1.2787899999999999,1.27392,1.2775699999999999,14832,0,0
2023-06-22 12:00:00,1.2775699999999999,1.28418,1.27376,1.27491,17774,0,0
2023-06-22 16:00:00,1.27487,1.2764,1.27277,1.27329,18128,0,0
2023-06-22 20:00:00,1.27329,1.27484,1.27259,1.27478,8555,0,0
2023-06-23 00:00:00,1.27475,1.27497,1.27362,1.27468,5211,0,0
2023-06-23 04:00:00,1.27468,1.2748599999999999,1.26966,1.27078,9433,0,0
2023-06-23 08:00:00,1.2707899999999999,1.27305,1.26852,1.27013,16460,0,0
2023-06-23 12:00:00,1.27013,1.27366,1.26907,1.27116,14723,0,0
2023-06-23 16:00:00,1.2711999999999999,1.2728,1.26888,1.26986,17062,0,0
2023-06-23 20:00:00,1.2698800000000001,1.2722,1.2698800000000001,1.27159,7659,0,0
2023-06-26 00:00:00,1.27072,1.2735400000000001,1.27039,1.27336,6502,0,0
2023-06-26 04:00:00,1.27336,1.2738800000000001,1.2726899999999999,1.27324,7493,0,0
2023-06-26 08:00:00,1.27322,1.2748599999999999,1.27104,1.27372,13384,0,0
2023-06-26 12:00:00,1.2737,1.27448,1.2688,1.27168,12678,0,0
2023-06-26 16:00:00,1.27107,1.27278,1.26947,1.27219,13636,0,0
2023-06-26 20:00:00,1.27219,1.2726,1.27099,1.27109,5808,0,0
2023-06-27 00:00:00,1.27089,1.27158,1.2703,1.2705,5192,0,0
2023-06-27 04:00:00,1.2705199999999999,1.27369,1.27045,1.27292,9045,0,0
2023-06-27 08:00:00,1.27292,1.2758099999999999,1.27261,1.27373,12359,0,0
2023-06-27 12:00:00,1.27371,1.27443,1.27119,1.27374,13215,0,0
2023-06-27 16:00:00,1.2736399999999999,1.27593,1.27333,1.27497,16834,0,0
2023-06-27 20:00:00,1.27497,1.27575,1.27432,1.2748,8294,0,0
2023-06-28 00:00:00,1.27484,1.27522,1.2742,1.27438,5614,0,0
2023-06-28 04:00:00,1.2744,1.27462,1.2723900000000001,1.27256,9331,0,0
2023-06-28 08:00:00,1.27257,1.27371,1.2702,1.27112,12002,0,0
2023-06-28 12:00:00,1.27112,1.27149,1.26325,1.26403,14150,0,0
2023-06-28 16:00:00,1.26403,1.2650299999999999,1.26065,1.26482,17451,0,0
2023-06-28 20:00:00,1.26482,1.26535,1.26349,1.26353,6700,0,0
2023-06-29 00:00:00,1.26349,1.26458,1.26255,1.26345,4052,0,0
2023-06-29 04:00:00,1.26345,1.2647,1.26172,1.26203,8609,0,0
2023-06-29 08:00:00,1.26203,1.26535,1.26148,1.26461,12842,0,0
2023-06-29 12:00:00,1.26462,1.26668,1.26001,1.26063,12373,0,0
2023-06-29 16:00:00,1.26065,1.26314,1.25909,1.26233,17105,0,0
2023-06-29 20:00:00,1.26233,1.26245,1.26087,1.26121,6459,0,0
2023-06-30 00:00:00,1.26128,1.26197,1.2607599999999999,1.2617,4073,0,0
2023-06-30 04:00:00,1.26172,1.26258,1.26104,1.26233,8123,0,0
2023-06-30 08:00:00,1.26235,1.26506,1.25991,1.26147,11796,0,0
2023-06-30 12:00:00,1.26142,1.26909,1.26106,1.26847,12909,0,0
2023-06-30 16:00:00,1.2684,1.27276,1.2681499999999999,1.2716,18121,0,0
2023-06-30 20:00:00,1.27161,1.27222,1.26919,1.26979,6890,0,0
2023-07-03 00:00:00,1.26899,1.27035,1.26875,1.26902,3564,0,0
2023-07-03 04:00:00,1.26902,1.27073,1.26882,1.27054,8516,0,0
2023-07-03 08:00:00,1.27054,1.27054,1.26585,1.26707,11983,0,0
2023-07-03 12:00:00,1.26706,1.2695400000000001,1.26617,1.26939,11586,0,0
2023-07-03 16:00:00,1.26941,1.2723200000000001,1.26739,1.26976,14518,0,0
2023-07-03 20:00:00,1.26976,1.27006,1.2680799999999999,1.26907,3758,0,0
2023-07-04 00:00:00,1.26922,1.27003,1.26824,1.26974,2612,0,0
2023-07-04 04:00:00,1.26974,1.2701799999999999,1.26848,1.26865,6405,0,0
2023-07-04 08:00:00,1.26865,1.27111,1.2683499999999999,1.26952,9049,0,0
2023-07-04 12:00:00,1.26963,1.2739500000000001,1.26936,1.27365,7671,0,0
2023-07-04 16:00:00,1.2736100000000001,1.27372,1.27169,1.27185,7237,0,0
2023-07-04 20:00:00,1.27188,1.27241,1.27122,1.2713,3378,0,0
2023-07-05 00:00:00,1.27105,1.27212,1.27081,1.27138,3113,0,0
2023-07-05 04:00:00,1.2713700000000001,1.27163,1.27001,1.27057,6352,0,0
2023-07-05 08:00:00,1.2705600000000001,1.27223,1.2695400000000001,1.27123,11293,0,0
2023-07-05 12:00:00,1.27123,1.27264,1.26881,1.27151,11060,0,0
2023-07-05 16:00:00,1.27151,1.27355,1.27014,1.27075,13715,0,0
2023-07-05 20:00:00,1.27075,1.27123,1.26918,1.2704,6741,0,0
2023-07-06 00:00:00,1.27032,1.27075,1.26925,1.26974,3606,0,0
2023-07-06 04:00:00,1.26974,1.2711999999999999,1.26897,1.27038,9092,0,0
2023-07-06 08:00:00,1.27038,1.27311,1.26986,1.27108,13883,0,0
2023-07-06 12:00:00,1.27108,1.27812,1.2706,1.27463,16935,0,0
2023-07-06 16:00:00,1.27466,1.276,1.26738,1.27274,19270,0,0
2023-07-06 20:00:00,1.27275,1.27439,1.2724199999999999,1.27392,6354,0,0
2023-07-07 00:00:00,1.2739500000000001,1.2745,1.2729,1.27319,3163,0,0
2023-07-07 04:00:00,1.2732,1.27447,1.27273,1.27403,6178,0,0
2023-07-07 08:00:00,1.27405,1.27499,1.27258,1.27346,11517,0,0
2023-07-07 12:00:00,1.27346,1.2808,1.2733400000000001,1.27806,14970,0,0
2023-07-07 16:00:00,1.27801,1.2849599999999999,1.27539,1.28494,19277,0,0
2023-07-07 20:00:00,1.2849300000000001,1.2849300000000001,1.28301,1.2839800000000001,6876,0,0
2023-07-10 00:00:00,1.28315,1.28413,1.28217,1.28253,4331,0,0
2023-07-10 04:00:00,1.28254,1.28343,1.2808899999999999,1.28101,10020,0,0
2023-07-10 08:00:00,1.2810000000000001,1.28255,1.27983,1.28183,10910,0,0
2023-07-10 12:00:00,1.28182,1.28244,1.27506,1.27538,11260,0,0
2023-07-10 16:00:00,1.27538,1.2846600000000001,1.27538,1.28461,13521,0,0
2023-07-10 20:00:00,1.2846,1.28684,1.2843,1.28607,6092,0,0
2023-07-11 00:00:00,1.28606,1.28693,1.2851,1.28689,3412,0,0
2023-07-11 04:00:00,1.28688,1.28836,1.2864499999999999,1.28785,7766,0,0
2023-07-11 08:00:00,1.28788,1.2913299999999999,1.28673,1.28857,13822,0,0
2023-07-11 12:00:00,1.28864,1.2934700000000001,1.28846,1.28968,12558,0,0
2023-07-11 16:00:00,1.28966,1.29223,1.28861,1.29222,12989,0,0
2023-07-11 20:00:00,1.29223,1.29337,1.29148,1.2931599999999999,6347,0,0
2023-07-12 00:00:00,1.29324,1.29531,1.29271,1.29468,4445,0,0
2023-07-12 04:00:00,1.29465,1.2969300000000001,1.29454,1.2966199999999999,9440,0,0
2023-07-12 08:00:00,1.2966199999999999,1.29668,1.2932000000000001,1.29321,10203,0,0
2023-07-12 12:00:00,1.29322,1.29756,1.2904,1.2947899999999999,13638,0,0
2023-07-12 16:00:00,1.2948,1.30006,1.29464,1.29963,19820,0,0
2023-07-12 20:00:00,1.29963,1.29966,1.29765,1.29884,7904,0,0
2023-07-13 00:00:00,1.29874,1.3000099999999999,1.29804,1.29914,4604,0,0
2023-07-13 04:00:00,1.29914,1.30188,1.29886,1.30061,10030,0,0
2023-07-13 08:00:00,1.3006,1.30614,1.29839,1.3042500000000001,15388,0,0
2023-07-13 12:00:00,1.3042500000000001,1.30833,1.3035999999999999,1.30832,14496,0,0
2023-07-13 16:00:00,1.30832,1.31161,1.30786,1.31136,15539,0,0
2023-07-13 20:00:00,1.31135,1.3141,1.3109,1.31352,7423,0,0
2023-07-14 00:00:00,1.31336,1.31388,1.31168,1.31202,6013,0,0
2023-07-14 04:00:00,1.31203,1.31421,1.3119100000000001,1.3131,8983,0,0
2023-07-14 08:00:00,1.3130899999999999,1.31325,1.3093,1.31206,11717,0,0
2023-07-14 12:00:00,1.31206,1.31421,1.3100399999999999,1.31132,13056,0,0
2023-07-14 16:00:00,1.3113000000000001,1.31303,1.30936,1.31128,18137,0,0
2023-07-14 20:00:00,1.31136,1.31147,1.30896,1.30923,7814,0,0
2023-07-17 00:00:00,1.3092,1.3098,1.30786,1.3093,4649,0,0
2023-07-17 04:00:00,1.30931,1.30966,1.30816,1.3088,8255,0,0
2023-07-17 08:00:00,1.3088,1.3109199999999999,1.30649,1.30937,11985,0,0
2023-07-17 12:00:00,1.30937,1.3106900000000001,1.30536,1.30676,13014,0,0
2023-07-17 16:00:00,1.30677,1.30926,1.3050899999999999,1.30752,12569,0,0
2023-07-17 20:00:00,1.30752,1.30873,1.30705,1.30731,5761,0,0
2023-07-18 00:00:00,1.30727,1.30826,1.30678,1.30783,4271,0,0
2023-07-18 04:00:00,1.30782,1.31,1.30741,1.30946,10212,0,0
2023-07-18 08:00:00,1.30946,1.31068,1.30719,1.3078699999999999,13444,0,0
2023-07-18 12:00:00,1.30788,1.31256,1.3072300000000001,1.30888,14976,0,0
2023-07-18 16:00:00,1.3089,1.30987,1.3028,1.30347,17880,0,0
2023-07-18 20:00:00,1.30347,1.30496,1.30298,1.30345,7166,0,0
2023-07-19 00:00:00,1.30353,1.3041,1.30302,1.3035999999999999,4588,0,0
2023-07-19 04:00:00,1.30362,1.3038699999999999,1.30127,1.30164,9081,0,0
2023-07-19 08:00:00,1.30164,1.30348,1.2923,1.29327,18645,0,0
2023-07-19 12:00:00,1.29327,1.29568,1.28972,1.29159,15452,0,0
2023-07-19 16:00:00,1.2916,1.29202,1.28675,1.29086,18281,0,0
2023-07-19 20:00:00,1.29086,1.29404,1.2906,1.29397,7146,0,0
2023-07-20 00:00:00,1.2935699999999999,1.29477,1.29264,1.29466,4439,0,0
2023-07-20 04:00:00,1.29466,1.29648,1.2941099999999999,1.2944,9744,0,0
2023-07-20 08:00:00,1.2944,1.2945,1.29053,1.29241,11858,0,0
2023-07-20 12:00:00,1.2924,1.2924,1.2854999999999999,1.28712,13462,0,0
2023-07-20 16:00:00,1.28712,1.2883,1.28396,1.2852999999999999,15767,0,0
2023-07-20 20:00:00,1.28533,1.28691,1.28511,1.28675,6187,0,0
2023-07-21 00:00:00,1.28665,1.28776,1.2861500000000001,1.28763,3944,0,0
2023-07-21 04:00:00,1.2876400000000001,1.2886,1.28665,1.28796,8014,0,0
2023-07-21 08:00:00,1.28796,1.29041,1.28403,1.28582,14140,0,0
2023-07-21 12:00:00,1.28583,1.28698,1.2816100000000001,1.2830300000000001,13554,0,0
2023-07-21 16:00:00,1.28298,1.28616,1.2829,1.28587,13148,0,0
2023-07-21 20:00:00,1.28586,1.28662,1.28484,1.28518,5681,0,0
2023-07-24 00:00:00,1.28455,1.2866900000000001,1.28434,1.2864200000000001,5061,0,0
2023-07-24 04:00:00,1.2864200000000001,1.28701,1.28492,1.28641,8527,0,0
2023-07-24 08:00:00,1.2864200000000001,1.28839,1.2807,1.2816,16054,0,0
2023-07-24 12:00:00,1.2816,1.28592,1.2815400000000001,1.28368,13146,0,0
2023-07-24 16:00:00,1.2836699999999999,1.2844,1.27978,1.2832,17034,0,0
2023-07-24 20:00:00,1.2832,1.28409,1.28151,1.28238,6700,0,0
2023-07-25 00:00:00,1.28257,1.28368,1.28095,1.28156,5318,0,0
2023-07-25 04:00:00,1.28156,1.2843200000000001,1.28153,1.28301,9463,0,0
2023-07-25 08:00:00,1.28301,1.28646,1.28289,1.2851,13478,0,0
2023-07-25 12:00:00,1.2851,1.2854,1.282,1.28348,10988,0,0
2023-07-25 16:00:00,1.28352,1.28796,1.28125,1.28779,13470,0,0
2023-07-25 20:00:00,1.2877399999999999,1.2904499999999999,1.28711,1.29025,8253,0,0
2023-07-26 00:00:00,1.29022,1.29037,1.28823,1.28844,4273,0,0
2023-07-26 04:00:00,1.28843,1.28924,1.28753,1.2888,8241,0,0
2023-07-26 08:00:00,1.28879,1.29123,1.28813,1.29102,12934,0,0
2023-07-26 12:00:00,1.29102,1.29248,1.2894700000000001,1.29084,11580,0,0
2023-07-26 16:00:00,1.29084,1.29367,1.29033,1.29151,13154,0,0
2023-07-26 20:00:00,1.29144,1.29603,1.28953,1.29419,18033,0,0
2023-07-27 00:00:00,1.2938100000000001,1.29446,1.29241,1.29407,4643,0,0
2023-07-27 04:00:00,1.29406,1.2977,1.29406,1.29622,9891,0,0
2023-07-27 08:00:00,1.2962099999999999,1.29956,1.29389,1.29923,14317,0,0
2023-07-27 12:00:00,1.29924,1.29954,1.28815,1.28956,16028,0,0
2023-07-27 16:00:00,1.2895699999999999,1.2903,1.28256,1.28407,21477,0,0
2023-07-27 20:00:00,1.28414,1.28524,1.2781799999999999,1.27953,13370,0,0
2023-07-28 00:00:00,1.27932,1.27999,1.27872,1.27909,5823,0,0
2023-07-28 04:00:00,1.27909,1.28076,1.27628,1.27794,14820,0,0
2023-07-28 08:00:00,1.27793,1.28156,1.2772000000000001,1.28052,19027,0,0
2023-07-28 12:00:00,1.28052,1.2887,1.28014,1.28694,13747,0,0
2023-07-28 16:00:00,1.28692,1.28843,1.28377,1.28724,16441,0,0
2023-07-28 20:00:00,1.28724,1.28724,1.28457,1.2846600000000001,8241,0,0
2023-07-31 00:00:00,1.28399,1.28599,1.28399,1.28578,6050,0,0
2023-07-31 04:00:00,1.28576,1.28595,1.2844,1.28484,9411,0,0
2023-07-31 08:00:00,1.28484,1.2867600000000001,1.28353,1.28512,14543,0,0
2023-07-31 12:00:00,1.28514,1.28728,1.28453,1.28537,11135,0,0
2023-07-31 16:00:00,1.28538,1.28704,1.2828300000000001,1.2858,14221,0,0
2023-07-31 20:00:00,1.28582,1.2867199999999999,1.28315,1.2834699999999999,6494,0,0
2023-08-01 00:00:00,1.28346,1.28415,1.28275,1.28291,3786,0,0
2023-08-01 04:00:00,1.28291,1.2836,1.28152,1.28315,9521,0,0
2023-08-01 08:00:00,1.28314,1.28386,1.28128,1.28256,12804,0,0
2023-08-01 12:00:00,1.28256,1.2833,1.27561,1.27651,12931,0,0
2023-08-01 16:00:00,1.27652,1.2794699999999999,1.27412,1.27606,15095,0,0
2023-08-01 20:00:00,1.27606,1.27807,1.2749,1.2776100000000001,5382,0,0
2023-08-02 00:00:00,1.2777,1.28049,1.27661,1.27808,7853,0,0
2023-08-02 04:00:00,1.27808,1.2795,1.2763,1.27776,11390,0,0
2023-08-02 08:00:00,1.27777,1.27986,1.27603,1.27872,14255,0,0
2023-08-02 12:00:00,1.2787,1.27923,1.27229,1.27236,14717,0,0
2023-08-02 16:00:00,1.27236,1.27302,1.26804,1.27257,16951,0,0
2023-08-02 20:00:00,1.27257,1.27387,1.27087,1.27102,7329,0,0
2023-08-03 00:00:00,1.27106,1.27222,1.27028,1.27136,4268,0,0
2023-08-03 04:00:00,1.27136,1.27283,1.2699500000000001,1.27001,8251,0,0
2023-08-03 08:00:00,1.27002,1.2709,1.26726,1.26757,15496,0,0
2023-08-03 12:00:00,1.26757,1.2692700000000001,1.26204,1.26727,18760,0,0
2023-08-03 16:00:00,1.26726,1.27243,1.2650000000000001,1.27191,16521,0,0
2023-08-03 20:00:00,1.2719,1.27195,1.26969,1.2708599999999999,7279,0,0
2023-08-04 00:00:00,1.27081,1.27253,1.26983,1.27252,4370,0,0
2023-08-04 04:00:00,1.27253,1.2741,1.2724199999999999,1.27278,10757,0,0
2023-08-04 08:00:00,1.27278,1.27345,1.26942,1.2699500000000001,11210,0,0
2023-08-04 12:00:00,1.26992,1.2754699999999999,1.26836,1.27454,13824,0,0
2023-08-04 16:00:00,1.2745,1.27835,1.27426,1.2781500000000001,17973,0,0
2023-08-04 20:00:00,1.27814,1.2792,1.27408,1.27501,8559,0,0
2023-08-07 00:00:00,1.2747600000000001,1.2760799999999999,1.27398,1.27585,6634,0,0
2023-08-07 04:00:00,1.27585,1.27586,1.27319,1.27347,8128,0,0
2023-08-07 08:00:00,1.27347,1.27447,1.27128,1.2728,11263,0,0
2023-08-07 12:00:00,1.27277,1.27721,1.27169,1.27718,10751,0,0
2023-08-07 16:00:00,1.27722,1.2787,1.27545,1.27747,11846,0,0
2023-08-07 20:00:00,1.27747,1.27892,1.27678,1.27839,4944,0,0
2023-08-08 00:00:00,1.27832,1.27854,1.27714,1.27736,4288,0,0
2023-08-08 04:00:00,1.27735,1.27736,1.27512,1.2762,8495,0,0
2023-08-08 08:00:00,1.27621,1.2772299999999999,1.2738,1.27528,12916,0,0
2023-08-08 12:00:00,1.27528,1.27545,1.2684199999999999,1.26976,13478,0,0
2023-08-08 16:00:00,1.26974,1.27431,1.2686899999999999,1.27329,13909,0,0
2023-08-08 20:00:00,1.27328,1.27514,1.2731,1.2748300000000001,6670,0,0
2023-08-09 00:00:00,1.27467,1.275,1.27328,1.27409,4761,0,0
2023-08-09 04:00:00,1.27409,1.27595,1.27394,1.2757100000000001,7701,0,0
2023-08-09 08:00:00,1.27572,1.2782200000000001,1.27487,1.27542,11032,0,0
2023-08-09 12:00:00,1.27542,1.27553,1.2711999999999999,1.27295,10887,0,0
2023-08-09 16:00:00,1.27294,1.27514,1.2711999999999999,1.2723,12732,0,0
2023-08-09 20:00:00,1.27231,1.27378,1.27169,1.27173,6361,0,0
2023-08-10 00:00:00,1.27185,1.27207,1.27104,1.27132,3712,0,0
2023-08-10 04:00:00,1.27131,1.27234,1.27075,1.27121,6973,0,0
2023-08-10 08:00:00,1.27123,1.2769599999999999,1.27119,1.27566,10585,0,0
2023-08-10 12:00:00,1.27566,1.28186,1.27539,1.27814,12387,0,0
2023-08-10 16:00:00,1.27809,1.27857,1.27054,1.27154,19514,0,0
2023-08-10 20:00:00,1.27153,1.27167,1.26696,1.26749,11984,0,0
2023-08-11 00:00:00,1.26737,1.26816,1.26657,1.26814,3828,0,0
2023-08-11 04:00:00,1.26816,1.26907,1.2677800000000001,1.26819,6198,0,0
2023-08-11 08:00:00,1.26819,1.2723,1.26795,1.2705899999999999,12570,0,0
2023-08-11 12:00:00,1.2705899999999999,1.27386,1.26818,1.2686,14000,0,0
2023-08-11 16:00:00,1.26858,1.27286,1.26818,1.26909,16641,0,0
2023-08-11 20:00:00,1.26908,1.27026,1.26855,1.26978,6704,0,0
2023-08-14 00:00:00,1.26913,1.27011,1.26794,1.26824,6000,0,0
2023-08-14 04:00:00,1.26823,1.26864,1.26664,1.26715,9825,0,0
2023-08-14 08:00:00,1.26715,1.27077,1.26699,1.26978,13152,0,0
2023-08-14 12:00:00,1.26979,1.27149,1.26452,1.2656800000000001,12421,0,0
2023-08-14 16:00:00,1.2656800000000001,1.27065,1.26166,1.26969,16356,0,0
2023-08-14 20:00:00,1.26969,1.27016,1.26731,1.26867,6951,0,0
2023-08-15 00:00:00,1.26748,1.2689,1.26748,1.26836,3643,0,0
2023-08-15 04:00:00,1.26838,1.2693400000000001,1.2675,1.2685,8467,0,0
2023-08-15 08:00:00,1.26851,1.27202,1.2679,1.2711999999999999,13245,0,0
2023-08-15 12:00:00,1.27119,1.27298,1.2681,1.27158,15784,0,0
2023-08-15 16:00:00,1.2716,1.27525,1.27078,1.27237,19474,0,0
2023-08-15 20:00:00,1.27237,1.27254,1.26943,1.27037,8187,0,0
2023-08-16 00:00:00,1.27032,1.27037,1.26922,1.2696100000000001,4163,0,0
2023-08-16 04:00:00,1.2696100000000001,1.27072,1.26868,1.27071,10282,0,0
2023-08-16 08:00:00,1.27071,1.2766199999999999,1.26993,1.2758,12123,0,0
2023-08-16 12:00:00,1.2757800000000001,1.27665,1.27211,1.27211,10252,0,0
2023-08-16 16:00:00,1.27213,1.27606,1.27183,1.27331,14027,0,0
2023-08-16 20:00:00,1.27331,1.275,1.27114,1.27318,10983,0,0
2023-08-17 00:00:00,1.27295,1.27328,1.27159,1.2720799999999999,4620,0,0
2023-08-17 04:00:00,1.27209,1.27233,1.27114,1.2723200000000001,9801,0,0
2023-08-17 08:00:00,1.2723200000000001,1.27437,1.27094,1.27123,12209,0,0
2023-08-17 12:00:00,1.2711999999999999,1.27836,1.27029,1.27708,15907,0,0
2023-08-17 16:00:00,1.27706,1.27874,1.27374,1.276,17095,0,0
2023-08-17 20:00:00,1.276,1.27606,1.27271,1.27472,9567,0,0
2023-08-18 00:00:00,1.2745600000000001,1.2759,1.27399,1.27519,4833,0,0
2023-08-18 04:00:00,1.27518,1.2766199999999999,1.2742499999999999,1.2745,10566,0,0
2023-08-18 08:00:00,1.2745,1.27521,1.27072,1.27188,13004,0,0
2023-08-18 12:00:00,1.2719,1.2742200000000001,1.26892,1.27108,12959,0,0
2023-08-18 16:00:00,1.27108,1.27492,1.27077,1.2745,15006,0,0
2023-08-18 20:00:00,1.2745,1.27562,1.27276,1.27315,6488,0,0
2023-08-21 00:00:00,1.2727,1.27505,1.27244,1.27464,5020,0,0
2023-08-21 04:00:00,1.27463,1.27463,1.27299,1.27385,10444,0,0
2023-08-21 08:00:00,1.27386,1.27453,1.27105,1.27209,12801,0,0
2023-08-21 12:00:00,1.27209,1.27648,1.27204,1.2751700000000001,11629,0,0
2023-08-21 16:00:00,1.27518,1.27573,1.27226,1.27568,15091,0,0
2023-08-21 20:00:00,1.27568,1.27668,1.27509,1.27569,7025,0,0
2023-08-22 00:00:00,1.27539,1.27655,1.27462,1.2763,4572,0,0
2023-08-22 04:00:00,1.2763,1.27775,1.27576,1.2769599999999999,9649,0,0
2023-08-22 08:00:00,1.2770000000000001,1.28003,1.27691,1.27817,11162,0,0
2023-08-22 12:00:00,1.27817,1.27919,1.27414,1.27424,11430,0,0
2023-08-22 16:00:00,1.2742200000000001,1.27533,1.27186,1.27352,14617,0,0
2023-08-22 20:00:00,1.27352,1.27434,1.2728,1.27316,4652,0,0
2023-08-23 00:00:00,1.27321,1.27412,1.2723499999999999,1.27343,3693,0,0
2023-08-23 04:00:00,1.27343,1.27508,1.27333,1.27508,7395,0,0
2023-08-23 08:00:00,1.27508,1.27646,1.26715,1.26785,14968,0,0
2023-08-23 12:00:00,1.26787,1.26798,1.26145,1.26308,14850,0,0
2023-08-23 16:00:00,1.26308,1.27259,1.26307,1.2721,16287,0,0
2023-08-23 20:00:00,1.2721,1.27329,1.27085,1.27243,6719,0,0
2023-08-24 00:00:00,1.27206,1.27284,1.27099,1.27193,5421,0,0
2023-08-24 04:00:00,1.27193,1.27217,1.27058,1.272,9377,0,0
2023-08-24 08:00:00,1.27202,1.2728,1.26915,1.26986,10927,0,0
2023-08-24 12:00:00,1.26986,1.27036,1.26265,1.26359,12476,0,0
2023-08-24 16:00:00,1.2636,1.26628,1.2621,1.26235,14964,0,0
2023-08-24 20:00:00,1.2623199999999999,1.26242,1.25912,1.2601,5228,0,0
2023-08-25 00:00:00,1.2598500000000001,1.26044,1.25858,1.25901,4840,0,0
2023-08-25 04:00:00,1.25901,1.25912,1.25598,1.2564600000000001,8259,0,0
2023-08-25 08:00:00,1.2564600000000001,1.25922,1.25607,1.25865,10921,0,0
2023-08-25 12:00:00,1.25862,1.26236,1.25816,1.26199,9554,0,0
2023-08-25 16:00:00,1.26199,1.26541,1.25479,1.25816,21074,0,0
2023-08-25 20:00:00,1.25818,1.26013,1.2575,1.25773,7704,0,0
2023-08-28 00:00:00,1.2578,1.25993,1.25688,1.25941,5474,0,0
2023-08-28 04:00:00,1.25941,1.26043,1.25925,1.25997,7637,0,0
2023-08-28 08:00:00,1.25997,1.26108,1.25689,1.25763,8752,0,0
2023-08-28 12:00:00,1.25763,1.2594699999999999,1.25654,1.25943,9205,0,0
2023-08-28 16:00:00,1.25932,1.25997,1.25727,1.2595100000000001,12644,0,0
2023-08-28 20:00:00,1.2595,1.26077,1.25926,1.26026,6713,0,0
2023-08-29 00:00:00,1.26013,1.26189,1.25927,1.2614,4066,0,0
2023-08-29 04:00:00,1.2614,1.26324,1.26136,1.2622900000000001,7155,0,0
2023-08-29 08:00:00,1.2622900000000001,1.26358,1.26055,1.26118,11483,0,0
2023-08-29 12:00:00,1.26116,1.26172,1.25627,1.2574,13237,0,0
2023-08-29 16:00:00,1.25735,1.26339,1.2563,1.26205,19545,0,0
2023-08-29 20:00:00,1.26207,1.26551,1.26205,1.2643499999999999,9038,0,0
2023-08-30 00:00:00,1.26427,1.26502,1.26326,1.26407,4223,0,0
2023-08-30 04:00:00,1.26406,1.26424,1.26221,1.26227,7059,0,0
2023-08-30 08:00:00,1.26228,1.26477,1.2618800000000001,1.2638099999999999,12488,0,0
2023-08-30 12:00:00,1.2638099999999999,1.2721,1.26356,1.2713700000000001,14854,0,0
2023-08-30 16:00:00,1.27132,1.27461,1.2702200000000001,1.27163,16984,0,0
2023-08-30 20:00:00,1.27163,1.27292,1.27067,1.27211,7574,0,0
2023-08-31 00:00:00,1.27207,1.2723,1.27092,1.27202,5180,0,0
2023-08-31 04:00:00,1.27203,1.27346,1.27191,1.27234,5817,0,0
2023-08-31 08:00:00,1.27234,1.27244,1.26945,1.2695400000000001,11520,0,0
2023-08-31 12:00:00,1.2695,1.26973,1.26636,1.26852,14986,0,0
2023-08-31 16:00:00,1.2685,1.26875,1.2652700000000001,1.2663,16963,0,0
2023-08-31 20:00:00,1.26636,1.2674400000000001,1.26607,1.26725,7266,0,0
2023-09-01 00:00:00,1.2673,1.2676,1.26584,1.26631,3585,0,0
2023-09-01 04:00:00,1.26631,1.26833,1.2659099999999999,1.26685,7547,0,0
2023-09-01 08:00:00,1.26685,1.26897,1.264,1.2675100000000001,10557,0,0
2023-09-01 12:00:00,1.26749,1.27129,1.2669000000000001,1.26921,12969,0,0
2023-09-01 16:00:00,1.2692700000000001,1.2703,1.25772,1.25888,21427,0,0
2023-09-01 20:00:00,1.25887,1.25991,1.25848,1.25869,6005,0,0
2023-09-04 00:00:00,1.2586,1.25987,1.25844,1.25958,3110,0,0
2023-09-04 04:00:00,1.25958,1.26077,1.2588599999999999,1.26074,6565,0,0
2023-09-04 08:00:00,1.2607599999999999,1.2634,1.26056,1.26324,8639,0,0
2023-09-04 12:00:00,1.26324,1.26428,1.26216,1.26255,7470,0,0
2023-09-04 16:00:00,1.26257,1.26394,1.26152,1.26288,6346,0,0
2023-09-04 20:00:00,1.26288,1.26331,1.26271,1.2628599999999999,2416,0,0
2023-09-05 00:00:00,1.26183,1.26307,1.26165,1.26297,2768,0,0
2023-09-05 04:00:00,1.26301,1.26321,1.26125,1.26262,6901,0,0
2023-09-05 08:00:00,1.26262,1.26282,1.25279,1.25349,13670,0,0
2023-09-05 12:00:00,1.25347,1.25786,1.2533400000000001,1.25756,12922,0,0
2023-09-05 16:00:00,1.25762,1.25871,1.25471,1.25769,17354,0,0
2023-09-05 20:00:00,1.25769,1.25804,1.2558500000000001,1.25659,6275,0,0
2023-09-06 00:00:00,1.25634,1.2572999999999999,1.25535,1.25574,2634,0,0
2023-09-06 04:00:00,1.25574,1.25744,1.25496,1.25744,6599,0,0
2023-09-06 08:00:00,1.2575,1.2588,1.2546599999999999,1.25598,12746,0,0
2023-09-06 12:00:00,1.25598,1.2567300000000001,1.2541,1.25549,12780,0,0
2023-09-06 16:00:00,1.25548,1.25589,1.24817,1.2502,18309,0,0
2023-09-06 20:00:00,1.2502,1.25111,1.24997,1.25064,5925,0,0
2023-09-07 00:00:00,1.25034,1.2506599999999999,1.24925,1.2496,3623,0,0
2023-09-07 04:00:00,1.24959,1.2506300000000001,1.24911,1.24977,6834,0,0
2023-09-07 08:00:00,1.24979,1.25083,1.24577,1.2478,13216,0,0
2023-09-07 12:00:00,1.24782,1.24878,1.24458,1.24622,12723,0,0
2023-09-07 16:00:00,1.24622,1.24899,1.24475,1.2475100000000001,14561,0,0
2023-09-07 20:00:00,1.24748,1.24872,1.24676,1.2471,6842,0,0
2023-09-08 00:00:00,1.24716,1.24933,1.24645,1.24911,3979,0,0
2023-09-08 04:00:00,1.24911,1.25015,1.24738,1.24902,6889,0,0
2023-09-08 08:00:00,1.24904,1.251,1.24784,1.24867,11104,0,0
2023-09-08 12:00:00,1.24859,1.24984,1.24669,1.24798,12176,0,0
2023-09-08 16:00:00,1.24798,1.25143,1.24593,1.24621,14312,0,0
2023-09-08 20:00:00,1.2462,1.24702,1.24512,1.24619,7346,0,0
2023-09-11 00:00:00,1.24923,1.24941,1.24628,1.24868,5906,0,0
2023-09-11 04:00:00,1.24868,1.252,1.24824,1.25186,7639,0,0
2023-09-11 08:00:00,1.25187,1.25304,1.25101,1.25196,11009,0,0
2023-09-11 12:00:00,1.25196,1.25372,1.25009,1.25272,11137,0,0
2023-09-11 16:00:00,1.25272,1.2548,1.25208,1.25218,13943,0,0
2023-09-11 20:00:00,1.25217,1.2522,1.25075,1.25086,6631,0,0
2023-09-12 00:00:00,1.25089,1.2514,1.25035,1.2506,3331,0,0
2023-09-12 04:00:00,1.2505899999999999,1.25229,1.25009,1.25108,7040,0,0
2023-09-12 08:00:00,1.25102,1.25299,1.2462900000000001,1.2467,12212,0,0
2023-09-12 12:00:00,1.24671,1.24838,1.24596,1.24682,10635,0,0
2023-09-12 16:00:00,1.24676,1.24918,1.24611,1.24779,11519,0,0
2023-09-12 20:00:00,1.24782,1.24987,1.24759,1.24927,7288,0,0
2023-09-13 00:00:00,1.24863,1.25006,1.2479,1.24939,3877,0,0
2023-09-13 04:00:00,1.2494,1.25021,1.24808,1.24943,7827,0,0
2023-09-13 08:00:00,1.24952,1.2498,1.24414,1.24774,13130,0,0
2023-09-13 12:00:00,1.24773,1.24992,1.24343,1.24859,14866,0,0
2023-09-13 16:00:00,1.24856,1.25119,1.24718,1.24952,17156,0,0
2023-09-13 20:00:00,1.24951,1.2506300000000001,1.2481,1.249,6525,0,0
2023-09-14 00:00:00,1.24871,1.25035,1.24799,1.25021,3523,0,0
2023-09-14 04:00:00,1.25021,1.25042,1.24854,1.2501,6326,0,0
2023-09-14 08:00:00,1.25012,1.25062,1.24794,1.24867,8912,0,0
2023-09-14 12:00:00,1.24866,1.24866,1.24149,1.24394,15308,0,0
2023-09-14 16:00:00,1.24398,1.2460499999999999,1.2401,1.24145,18778,0,0
2023-09-14 20:00:00,1.24142,1.24173,1.23963,1.24098,7081,0,0
2023-09-15 00:00:00,1.2408299999999999,1.24114,1.23994,1.24114,3257,0,0
2023-09-15 04:00:00,1.24114,1.2429999999999999,1.24014,1.24286,7344,0,0
2023-09-15 08:00:00,1.24286,1.24459,1.24161,1.24396,10609,0,0
2023-09-15 12:00:00,1.24397,1.24403,1.23902,1.23906,10218,0,0
2023-09-15 16:00:00,1.23907,1.24254,1.2385,1.23994,16485,0,0
2023-09-15 20:00:00,1.23994,1.2399499999999999,1.23787,1.23833,6729,0,0
2023-09-18 00:00:00,1.23762,1.2402199999999999,1.2374,1.23999,3142,0,0
2023-09-18 04:00:00,1.23999,1.24041,1.23864,1.2396,6031,0,0
2023-09-18 08:00:00,1.2396099999999999,1.24048,1.23702,1.23806,8192,0,0
2023-09-18 12:00:00,1.23806,1.24105,1.23774,1.2381,7876,0,0
2023-09-18 16:00:00,1.2381,1.2405,1.2373,1.23952,10793,0,0
2023-09-18 20:00:00,1.23952,1.23993,1.23746,1.23852,4783,0,0
2023-09-19 00:00:00,1.23798,1.23915,1.23774,1.23821,3012,0,0
2023-09-19 04:00:00,1.2382,1.23835,1.23752,1.23784,3881,0,0
2023-09-19 08:00:00,1.23784,1.23927,1.23699,1.23761,8224,0,0
2023-09-19 12:00:00,1.23761,1.24247,1.23713,1.24054,10103,0,0
2023-09-19 16:00:00,1.24054,1.2407,1.23823,1.2387,12315,0,0
2023-09-19 20:00:00,1.2387,1.23968,1.23861,1.23915,6114,0,0
2023-09-20 00:00:00,1.23916,1.2397,1.23826,1.2389999999999999,2707,0,0
2023-09-20 04:00:00,1.2389999999999999,1.23936,1.23825,1.23884,6245,0,0
2023-09-20 08:00:00,1.23886,1.23957,1.23339,1.23688,11646,0,0
2023-09-20 12:00:00,1.23688,1.23805,1.23576,1.23766,8162,0,0
2023-09-20 16:00:00,1.23766,1.24216,1.23756,1.2417,11896,0,0
2023-09-20 20:00:00,1.2417,1.2417,1.2332,1.23442,15789,0,0
2023-09-21 00:00:00,1.23411,1.23464,1.23106,1.2313399999999999,4656,0,0
2023-09-21 04:00:00,1.23135,1.23252,1.23044,1.23201,5355,0,0
2023-09-21 08:00:00,1.23204,1.23316,1.22949,1.23043,10316,0,0
2023-09-21 12:00:00,1.23043,1.2308,1.22316,1.22674,14171,0,0
2023-09-21 16:00:00,1.22675,1.23068,1.22576,1.22967,14042,0,0
2023-09-21 20:00:00,1.22967,1.23076,1.22882,1.22944,6303,0,0
2023-09-22 00:00:00,1.22946,1.2296,1.22813,1.2286299999999999,3122,0,0
2023-09-22 04:00:00,1.22862,1.2286299999999999,1.22728,1.22845,6684,0,0
2023-09-22 08:00:00,1.22845,1.22884,1.2236799999999999,1.22529,13174,0,0
2023-09-22 12:00:00,1.22531,1.2267000000000001,1.2233,1.22571,9856,0,0
2023-09-22 16:00:00,1.22571,1.22848,1.22504,1.22517,12565,0,0
2023-09-22 20:00:00,1.22516,1.22591,1.22305,1.22359,5446,0,0
2023-09-25 00:00:00,1.22472,1.22494,1.2234099999999999,1.22488,6502,0,0
2023-09-25 04:00:00,1.22487,1.22495,1.22366,1.22418,5501,0,0
2023-09-25 08:00:00,1.22418,1.22502,1.2218,1.22202,9386,0,0
2023-09-25 12:00:00,1.22202,1.22434,1.22125,1.2217,9729,0,0
2023-09-25 16:00:00,1.2217,1.22206,1.21936,1.22115,13207,0,0
2023-09-25 20:00:00,1.22116,1.2222,1.22054,1.22101,5766,0,0
2023-09-26 00:00:00,1.22116,1.22155,1.2201,1.22057,3383,0,0
2023-09-26 04:00:00,1.22057,1.22089,1.21935,1.2205300000000001,6999,0,0
2023-09-26 08:00:00,1.2205300000000001,1.22072,1.21672,1.21847,11512,0,0
2023-09-26 12:00:00,1.2184599999999999,1.21942,1.21699,1.21911,10704,0,0
2023-09-26 16:00:00,1.21911,1.2192,1.2159200000000001,1.21711,13089,0,0
2023-09-26 20:00:00,1.2171,1.2176,1.21522,1.2156500000000001,5425,0,0
2023-09-27 00:00:00,1.21588,1.21604,1.2140900000000001,1.21425,3156,0,0
2023-09-27 04:00:00,1.21425,1.21574,1.21399,1.21469,6040,0,0
2023-09-27 08:00:00,1.21467,1.21642,1.2136,1.21496,9207,0,0
2023-09-27 12:00:00,1.21494,1.2156,1.2131,1.21448,10904,0,0
2023-09-27 16:00:00,1.21442,1.21591,1.21168,1.21244,14300,0,0
2023-09-27 20:00:00,1.21244,1.2153100000000001,1.21103,1.2135,9933,0,0
2023-09-28 00:00:00,1.21343,1.21445,1.21261,1.21441,4480,0,0
2023-09-28 04:00:00,1.21441,1.21452,1.213,1.21406,6915,0,0
2023-09-28 08:00:00,1.21406,1.21744,1.212,1.21714,11230,0,0
2023-09-28 12:00:00,1.21715,1.22234,1.21709,1.21778,12568,0,0
2023-09-28 16:00:00,1.21776,1.22244,1.21753,1.21995,17145,0,0
2023-09-28 20:00:00,1.21996,1.22052,1.21879,1.22036,8670,0,0
2023-09-29 00:00:00,1.21981,1.22109,1.21914,1.22014,2460,0,0
2023-09-29 04:00:00,1.22014,1.22283,1.2199200000000001,1.22222,5347,0,0
2023-09-29 08:00:00,1.22222,1.22544,1.22197,1.22352,11129,0,0
2023-09-29 12:00:00,1.22351,1.22717,1.22316,1.22596,12382,0,0
2023-09-29 16:00:00,1.22593,1.2263,1.21804,1.22055,17606,0,0
2023-09-29 20:00:00,1.22051,1.22079,1.2186,1.22029,9007,0,0
2023-10-02 00:00:00,1.21791,1.22061,1.21791,1.21882,4216,0,0
2023-10-02 04:00:00,1.21882,1.21955,1.21862,1.21867,5471,0,0
2023-10-02 08:00:00,1.21863,1.222,1.21756,1.21873,9965,0,0
2023-10-02 12:00:00,1.21871,1.21879,1.21482,1.21513,10340,0,0
2023-10-02 16:00:00,1.21511,1.21522,1.2107700000000001,1.21079,16633,0,0
2023-10-02 20:00:00,1.21079,1.21272,1.20861,1.20866,8569,0,0
2023-10-03 00:00:00,1.20871,1.2093,1.20777,1.20862,4180,0,0
2023-10-03 04:00:00,1.20862,1.20878,1.20611,1.20641,6392,0,0
2023-10-03 08:00:00,1.20641,1.20968,1.20613,1.20874,9563,0,0
2023-10-03 12:00:00,1.20874,1.20888,1.20524,1.2073800000000001,11284,0,0
2023-10-03 16:00:00,1.20742,1.2101600000000001,1.2053099999999999,1.2075,21262,0,0
2023-10-03 20:00:00,1.2075,1.20915,1.20693,1.20767,8862,0,0
2023-10-04 00:00:00,1.20684,1.20842,1.20682,1.20803,3467,0,0
2023-10-04 04:00:00,1.208,1.2082,1.20603,1.20818,5732,0,0
2023-10-04 08:00:00,1.20819,1.21158,1.20373,1.2113800000000001,10253,0,0
2023-10-04 12:00:00,1.21139,1.21769,1.21129,1.21698,13346,0,0
2023-10-04 16:00:00,1.21699,1.21737,1.21066,1.21518,16859,0,0
2023-10-04 20:00:00,1.21513,1.21567,1.21304,1.21353,8204,0,0
2023-10-05 00:00:00,1.21342,1.2151399999999999,1.21312,1.21498,3382,0,0
2023-10-05 04:00:00,1.21495,1.21632,1.21491,1.21562,6208,0,0
2023-10-05 08:00:00,1.21559,1.2162,1.21159,1.21223,9364,0,0
2023-10-05 12:00:00,1.21224,1.21562,1.21075,1.21309,12152,0,0
2023-10-05 16:00:00,1.21309,1.21877,1.2126000000000001,1.21796,16502,0,0
2023-10-05 20:00:00,1.21797,1.2196,1.21698,1.21925,7328,0,0
2023-10-06 00:00:00,1.2191,1.21934,1.21808,1.21811,3106,0,0
2023-10-06 04:00:00,1.2181,1.2189,1.21762,1.2177,5206,0,0
2023-10-06 08:00:00,1.21769,1.22068,1.21642,1.21987,9606,0,0
2023-10-06 12:00:00,1.21988,1.22199,1.2106,1.21227,13805,0,0
2023-10-06 16:00:00,1.21228,1.22613,1.21169,1.2234099999999999,23157,0,0
2023-10-06 20:00:00,1.2234099999999999,1.22553,1.22308,1.22376,7206,0,0
2023-10-09 00:00:00,1.22011,1.22245,1.21946,1.22226,5714,0,0
2023-10-09 04:00:00,1.22226,1.22237,1.21919,1.21937,6214,0,0
2023-10-09 08:00:00,1.21942,1.2217,1.21638,1.21779,11768,0,0
2023-10-09 12:00:00,1.2178,1.21909,1.21628,1.21837,9857,0,0
2023-10-09 16:00:00,1.21837,1.22205,1.21836,1.21974,11972,0,0
2023-10-09 20:00:00,1.21976,1.22442,1.21974,1.22372,6827,0,0
2023-10-10 00:00:00,1.22364,1.2255,1.22303,1.22473,4704,0,0
2023-10-10 04:00:00,1.22475,1.22567,1.22244,1.22265,5741,0,0
2023-10-10 08:00:00,1.22265,1.22756,1.22116,1.22708,12884,0,0
2023-10-10 12:00:00,1.22711,1.2275800000000001,1.22349,1.22496,13798,0,0
2023-10-10 16:00:00,1.22488,1.22916,1.22384,1.2291,15419,0,0
2023-10-10 20:00:00,1.2291,1.22915,1.22637,1.22854,7902,0,0
2023-10-11 00:00:00,1.22859,1.23037,1.22711,1.2298499999999999,3484,0,0
2023-10-11 04:00:00,1.2298499999999999,1.2301199999999999,1.22872,1.22926,5523,0,0
2023-10-11 08:00:00,1.22926,1.23039,1.22696,1.22806,12320,0,0
2023-10-11 12:00:00,1.22806,1.23157,1.22678,1.2312400000000001,14406,0,0
2023-10-11 16:00:00,1.23125,1.23374,1.22886,1.22966,17370,0,0
2023-10-11 20:00:00,1.22964,1.23144,1.22751,1.23127,9356,0,0
2023-10-12 00:00:00,1.23131,1.23196,1.22991,1.23131,3434,0,0
2023-10-12 04:00:00,1.2313,1.2322899999999999,1.2310699999999999,1.23191,5353,0,0
2023-10-12 08:00:00,1.23191,1.23316,1.22927,1.2296,10924,0,0
2023-10-12 12:00:00,1.22963,1.23146,1.22516,1.22625,12507,0,0
2023-10-12 16:00:00,1.22626,1.22702,1.21988,1.22012,16867,0,0
2023-10-12 20:00:00,1.22007,1.22022,1.21718,1.21749,9811,0,0
2023-10-13 00:00:00,1.21725,1.21895,1.21712,1.21876,3235,0,0
2023-10-13 04:00:00,1.21875,1.2208,1.21863,1.22031,5093,0,0
2023-10-13 08:00:00,1.22032,1.22251,1.2185,1.22138,10753,0,0
2023-10-13 12:00:00,1.22138,1.22142,1.21598,1.21888,14565,0,0
2023-10-13 16:00:00,1.21886,1.21939,1.21314,1.21366,15956,0,0
2023-10-13 20:00:00,1.2137,1.21418,1.21227,1.21386,7472,0,0
2023-10-16 00:00:00,1.21302,1.2157499999999999,1.21253,1.21469,4379,0,0
2023-10-16 04:00:00,1.21469,1.21618,1.21469,1.2160199999999999,4478,0,0
2023-10-16 08:00:00,1.2160199999999999,1.2178200000000001,1.21517,1.21596,11048,0,0
2023-10-16 12:00:00,1.21586,1.21845,1.21428,1.21764,12090,0,0
2023-10-16 16:00:00,1.21764,1.22052,1.21534,1.21999,13542,0,0
2023-10-16 20:00:00,1.21999,1.22195,1.21987,1.2217,6402,0,0
2023-10-17 00:00:00,1.22049,1.22164,1.22024,1.22095,3416,0,0
2023-10-17 04:00:00,1.22095,1.22096,1.2193100000000001,1.2196799999999999,5326,0,0
2023-10-17 08:00:00,1.21972,1.22008,1.21498,1.2155,11304,0,0
2023-10-17 12:00:00,1.2155,1.21912,1.21332,1.2141,14753,0,0
2023-10-17 16:00:00,1.21407,1.22122,1.21368,1.21918,17601,0,0
2023-10-17 20:00:00,1.21917,1.21934,1.21711,1.21829,7977,0,0
2023-10-18 00:00:00,1.21813,1.2184,1.21583,1.21628,3734,0,0
2023-10-18 04:00:00,1.21628,1.2184,1.21589,1.21806,6830,0,0
2023-10-18 08:00:00,1.21806,1.22111,1.21777,1.21996,12142,0,0
2023-10-18 12:00:00,1.21996,1.22105,1.21715,1.21765,13506,0,0
2023-10-18 16:00:00,1.21766,1.21866,1.21378,1.2153,17423,0,0
2023-10-18 20:00:00,1.2153,1.21765,1.21372,1.21407,10936,0,0
2023-10-19 00:00:00,1.21397,1.21465,1.21365,1.21416,3891,0,0
2023-10-19 04:00:00,1.21418,1.21452,1.2124,1.21257,6976,0,0
2023-10-19 08:00:00,1.21257,1.21451,1.21022,1.21068,11979,0,0
2023-10-19 12:00:00,1.21068,1.21448,1.20899,1.21415,12810,0,0
2023-10-19 16:00:00,1.2142,1.2192,1.21256,1.21744,22186,0,0
2023-10-19 20:00:00,1.21744,1.21831,1.2138200000000001,1.21429,15831,0,0
2023-10-20 00:00:00,1.21431,1.2145299999999999,1.21225,1.21259,4388,0,0
2023-10-20 04:00:00,1.21258,1.21448,1.2118,1.21343,6950,0,0
2023-10-20 08:00:00,1.21344,1.21384,1.20933,1.2124,13563,0,0
2023-10-20 12:00:00,1.2124,1.21496,1.21137,1.21408,12557,0,0
2023-10-20 16:00:00,1.21404,1.21612,1.21314,1.21543,16143,0,0
2023-10-20 20:00:00,1.21543,1.21705,1.21494,1.21638,10137,0,0
2023-10-23 00:00:00,1.21502,1.21665,1.2147999999999999,1.21623,4106,0,0
2023-10-23 04:00:00,1.21623,1.21623,1.21442,1.21494,5421,0,0
2023-10-23 08:00:00,1.21494,1.2185,1.21456,1.2162,11046,0,0
2023-10-23 12:00:00,1.21619,1.21827,1.21434,1.21644,12310,0,0
2023-10-23 16:00:00,1.21643,1.2237,1.2150400000000001,1.22338,15510,0,0
2023-10-23 20:00:00,1.22338,1.22588,1.22278,1.22468,8225,0,0
2023-10-24 00:00:00,1.22455,1.2257,1.22352,1.22552,3753,0,0
2023-10-24 04:00:00,1.22552,1.2274,1.22486,1.22653,8050,0,0
2023-10-24 08:00:00,1.22654,1.22888,1.22434,1.22638,12591,0,0
2023-10-24 12:00:00,1.22632,1.22634,1.21977,1.22034,12228,0,0
2023-10-24 16:00:00,1.22034,1.22072,1.21534,1.21585,16090,0,0
2023-10-24 20:00:00,1.21582,1.21678,1.21558,1.21606,7709,0,0
2023-10-25 00:00:00,1.21593,1.2169,1.21562,1.21662,4344,0,0
2023-10-25 04:00:00,1.21662,1.21754,1.21638,1.21751,5933,0,0
2023-10-25 08:00:00,1.21751,1.21761,1.21335,1.21384,10138,0,0
2023-10-25 12:00:00,1.2138200000000001,1.21388,1.2113800000000001,1.21306,10011,0,0
2023-10-25 16:00:00,1.21306,1.21561,1.21221,1.21274,16040,0,0
2023-10-25 20:00:00,1.21274,1.21304,1.21062,1.21113,9100,0,0
2023-10-26 00:00:00,1.2110400000000001,1.2112,1.20878,1.20906,4362,0,0
2023-10-26 04:00:00,1.20906,1.20994,1.20769,1.20798,6938,0,0
2023-10-26 08:00:00,1.20798,1.20962,1.20695,1.20794,10635,0,0
2023-10-26 12:00:00,1.20794,1.21245,1.20744,1.21245,12127,0,0
2023-10-26 16:00:00,1.21254,1.21334,1.20979,1.21045,17256,0,0
2023-10-26 20:00:00,1.21045,1.21396,1.21042,1.21273,9636,0,0
2023-10-27 00:00:00,1.21283,1.2139199999999999,1.21193,1.21274,3533,0,0
2023-10-27 04:00:00,1.21272,1.21393,1.21224,1.21378,5451,0,0
2023-10-27 08:00:00,1.21378,1.21416,1.21118,1.2128,9931,0,0
2023-10-27 12:00:00,1.2128,1.21475,1.21055,1.21311,11250,0,0
2023-10-27 16:00:00,1.2131,1.2162600000000001,1.21242,1.21318,16779,0,0
2023-10-27 20:00:00,1.21316,1.2132,1.21106,1.2116500000000001,11516,0,0
2023-10-30 00:00:00,1.21269,1.21269,1.21065,1.21105,4403,0,0
2023-10-30 04:00:00,1.2110400000000001,1.21218,1.21068,1.21163,5482,0,0
2023-10-30 08:00:00,1.21162,1.21334,1.20902,1.21048,8476,0,0
2023-10-30 12:00:00,1.21048,1.21449,1.21048,1.21428,10759,0,0
2023-10-30 16:00:00,1.21432,1.2165,1.2120199999999999,1.21494,15470,0,0
2023-10-30 20:00:00,1.21496,1.2174800000000001,1.2142,1.21692,6719,0,0
2023-10-31 00:00:00,1.21655,1.21691,1.21571,1.216,3502,0,0
2023-10-31 04:00:00,1.216,1.21608,1.2137,1.21406,7808,0,0
2023-10-31 08:00:00,1.21404,1.2174,1.21389,1.21722,9483,0,0
2023-10-31 12:00:00,1.2172399999999999,1.22007,1.2156,1.2159200000000001,12198,0,0
2023-10-31 16:00:00,1.21585,1.21594,1.21196,1.21341,17495,0,0
2023-10-31 20:00:00,1.21341,1.21556,1.21333,1.21472,8322,0,0
2023-11-01 00:00:00,1.21537,1.21546,1.21344,1.21393,4024,0,0
2023-11-01 04:00:00,1.21393,1.21486,1.21342,1.21378,6794,0,0
2023-11-01 08:00:00,1.21378,1.21614,1.21318,1.2144300000000001,8681,0,0
2023-11-01 12:00:00,1.21442,1.21545,1.21197,1.21222,13111,0,0
2023-11-01 16:00:00,1.21216,1.21646,1.20959,1.21218,19357,0,0
2023-11-01 20:00:00,1.21217,1.21568,1.20975,1.21518,17224,0,0
2023-11-02 00:00:00,1.21499,1.2194,1.21339,1.21938,5466,0,0
2023-11-02 04:00:00,1.21942,1.21966,1.21779,1.2178200000000001,6498,0,0
2023-11-02 08:00:00,1.2178200000000001,1.21856,1.21556,1.2164,9522,0,0
2023-11-02 12:00:00,1.21639,1.22258,1.2157499999999999,1.22153,15174,0,0
2023-11-02 16:00:00,1.22155,1.22256,1.21676,1.21794,17632,0,0
2023-11-02 20:00:00,1.21794,1.22096,1.21778,1.2204,8481,0,0
2023-11-03 00:00:00,1.22013,1.2206299999999999,1.2185,1.21894,3693,0,0
2023-11-03 04:00:00,1.21891,1.22046,1.21848,1.22006,6184,0,0
2023-11-03 08:00:00,1.22006,1.22138,1.21861,1.2194,8086,0,0
2023-11-03 12:00:00,1.2194,1.23176,1.21908,1.23131,14090,0,0
2023-11-03 16:00:00,1.2313,1.23867,1.22981,1.23826,21621,0,0
2023-11-03 20:00:00,1.23825,1.23898,1.23721,1.23792,8892,0,0
2023-11-06 00:00:00,1.23623,1.23774,1.236,1.23694,5135,0,0
2023-11-06 04:00:00,1.23694,1.23817,1.23691,1.23784,5463,0,0
2023-11-06 08:00:00,1.23784,1.2423899999999999,1.2376800000000001,1.2398500000000001,10553,0,0
2023-11-06 12:00:00,1.23986,1.24286,1.2383,1.2385,11011,0,0
2023-11-06 16:00:00,1.23851,1.24011,1.23702,1.23714,11970,0,0
2023-11-06 20:00:00,1.23712,1.23728,1.23382,1.23441,7291,0,0
2023-11-07 00:00:00,1.23442,1.2347299999999999,1.23343,1.23386,4536,0,0
2023-11-07 04:00:00,1.23386,1.23416,1.23268,1.23339,6529,0,0
2023-11-07 08:00:00,1.23339,1.23371,1.23018,1.23037,10316,0,0
2023-11-07 12:00:00,1.23037,1.23128,1.22756,1.23007,11463,0,0
2023-11-07 16:00:00,1.23008,1.2312,1.22625,1.2272,13579,0,0
2023-11-07 20:00:00,1.2272,1.2307,1.22696,1.22992,7943,0,0
2023-11-08 00:00:00,1.22998,1.23017,1.22782,1.22852,4959,0,0
2023-11-08 04:00:00,1.22854,1.22963,1.22742,1.22754,6361,0,0
2023-11-08 08:00:00,1.22754,1.22787,1.2241900000000001,1.22483,10814,0,0
2023-11-08 12:00:00,1.22484,1.22688,1.2243,1.22644,10393,0,0
2023-11-08 16:00:00,1.22642,1.2301199999999999,1.2262,1.2292399999999999,14744,0,0
2023-11-08 20:00:00,1.2292399999999999,1.23017,1.22814,1.2285,9765,0,0
2023-11-09 00:00:00,1.22815,1.22926,1.22748,1.22882,5197,0,0
2023-11-09 04:00:00,1.22882,1.2294,1.2278,1.22783,5674,0,0
2023-11-09 08:00:00,1.22782,1.23089,1.22698,1.2300200000000001,11233,0,0
2023-11-09 12:00:00,1.22999,1.2305,1.22522,1.2272,12215,0,0
2023-11-09 16:00:00,1.22723,1.22953,1.22642,1.22666,15541,0,0
2023-11-09 20:00:00,1.22667,1.22688,1.22128,1.22227,16626,0,0
2023-11-10 00:00:00,1.22211,1.22283,1.22118,1.22244,5067,0,0
2023-11-10 04:00:00,1.22242,1.22292,1.22194,1.22264,5109,0,0
2023-11-10 08:00:00,1.22265,1.2238,1.22065,1.22173,11131,0,0
2023-11-10 12:00:00,1.22172,1.22304,1.22003,1.22242,11858,0,0
2023-11-10 16:00:00,1.22242,1.2225,1.21873,1.2217,14842,0,0
2023-11-10 20:00:00,1.2217,1.22314,1.22128,1.22262,7113,0,0
2023-11-13 00:00:00,1.2205300000000001,1.2235800000000001,1.2205300000000001,1.22355,4160,0,0
2023-11-13 04:00:00,1.22356,1.2236,1.22232,1.22302,4515,0,0
2023-11-13 08:00:00,1.22302,1.22534,1.22282,1.22436,8842,0,0
2023-11-13 12:00:00,1.22436,1.22555,1.22354,1.22465,8795,0,0
2023-11-13 16:00:00,1.22467,1.22771,1.22296,1.22683,12048,0,0
2023-11-13 20:00:00,1.22684,1.22802,1.22618,1.22782,6003,0,0
2023-11-14 00:00:00,1.22783,1.22808,1.22642,1.22732,4315,0,0
2023-11-14 04:00:00,1.22732,1.22762,1.22655,1.2269,3743,0,0
2023-11-14 08:00:00,1.22689,1.23032,1.22683,1.2302,9372,0,0
2023-11-14 12:00:00,1.23023,1.24072,1.22733,1.24013,12238,0,0
2023-11-14 16:00:00,1.2401,1.24929,1.24007,1.24926,19623,0,0
2023-11-14 20:00:00,1.24926,1.2506,1.24838,1.24981,6107,0,0
2023-11-15 00:00:00,1.24976,1.24996,1.24792,1.24846,4980,0,0
2023-11-15 04:00:00,1.24847,1.24977,1.24803,1.24888,5260,0,0
2023-11-15 08:00:00,1.2489,1.24939,1.24535,1.24628,11807,0,0
2023-11-15 12:00:00,1.24628,1.24797,1.24255,1.24426,12747,0,0
2023-11-15 16:00:00,1.24426,1.24541,1.24038,1.2422900000000001,16575,0,0
2023-11-15 20:00:00,1.2422900000000001,1.2423,1.24068,1.24163,7542,0,0
2023-11-16 00:00:00,1.24161,1.24243,1.24004,1.24036,4379,0,0
2023-11-16 04:00:00,1.24036,1.24043,1.2380200000000001,1.2395,4979,0,0
2023-11-16 08:00:00,1.2395,1.24136,1.23764,1.2401,10154,0,0
2023-11-16 12:00:00,1.24006,1.24414,1.2382,1.2441200000000001,11561,0,0
2023-11-16 16:00:00,1.24413,1.2456,1.24109,1.24254,16394,0,0
2023-11-16 20:00:00,1.24254,1.24315,1.24059,1.2414399999999999,6373,0,0
2023-11-17 00:00:00,1.24132,1.24224,1.23997,1.24132,3835,0,0
2023-11-17 04:00:00,1.24132,1.24164,1.2404,1.24142,5264,0,0
2023-11-17 08:00:00,1.2414399999999999,1.24186,1.2374,1.24099,11958,0,0
2023-11-17 12:00:00,1.24098,1.24401,1.24082,1.24214,12507,0,0
2023-11-17 16:00:00,1.24214,1.24374,1.24051,1.24358,15773,0,0
2023-11-17 20:00:00,1.24358,1.2465,1.24333,1.24622,6884,0,0
2023-11-20 00:00:00,1.24432,1.24696,1.24395,1.24684,5834,0,0
2023-11-20 04:00:00,1.24684,1.24957,1.24667,1.24804,7551,0,0
2023-11-20 08:00:00,1.24806,1.25102,1.24713,1.25102,12179,0,0
2023-11-20 12:00:00,1.25102,1.25102,1.24614,1.24733,10235,0,0
2023-11-20 16:00:00,1.24734,1.25177,1.24622,1.25006,12088,0,0
2023-11-20 20:00:00,1.25006,1.25174,1.24984,1.2505,7314,0,0
2023-11-21 00:00:00,1.25042,1.2525,1.24956,1.25173,5767,0,0
2023-11-21 04:00:00,1.25164,1.254,1.2512699999999999,1.25264,7427,0,0
2023-11-21 08:00:00,1.25265,1.2541,1.25199,1.2530999999999999,11897,0,0
2023-11-21 12:00:00,1.25311,1.25594,1.25272,1.25396,10732,0,0
2023-11-21 16:00:00,1.2539799999999999,1.25543,1.25268,1.25469,14719,0,0
2023-11-21 20:00:00,1.25469,1.25472,1.25174,1.25381,8312,0,0
2023-11-22 00:00:00,1.25365,1.25497,1.25248,1.25355,5228,0,0
2023-11-22 04:00:00,1.25356,1.2544,1.2524,1.25256,5217,0,0
2023-11-22 08:00:00,1.25258,1.25372,1.25069,1.25294,11535,0,0
2023-11-22 12:00:00,1.25294,1.25488,1.25094,1.2515100000000001,14320,0,0
2023-11-22 16:00:00,1.25157,1.25165,1.24493,1.24791,16208,0,0
2023-11-22 20:00:00,1.2478799999999999,1.2497099999999999,1.24784,1.24941,7056,0,0
2023-11-23 00:00:00,1.24913,1.2497,1.2483,1.24961,3994,0,0
2023-11-23 04:00:00,1.24961,1.2513,1.24954,1.25118,5212,0,0
2023-11-23 08:00:00,1.25118,1.25617,1.25014,1.25583,11877,0,0
2023-11-23 12:00:00,1.25582,1.2563,1.25329,1.25373,9265,0,0
2023-11-23 16:00:00,1.25373,1.25435,1.25252,1.25316,7086,0,0
2023-11-23 20:00:00,1.25316,1.25383,1.25308,1.25335,1865,0,0
2023-11-24 00:00:00,1.25309,1.2545,1.25244,1.25327,4410,0,0
2023-11-24 04:00:00,1.25328,1.2546,1.2524600000000001,1.2545600000000001,4774,0,0
2023-11-24 08:00:00,1.2545600000000001,1.2566,1.25264,1.25496,9553,0,0
2023-11-24 12:00:00,1.25495,1.258,1.25462,1.25774,9792,0,0
2023-11-24 16:00:00,1.25774,1.26154,1.25758,1.2607599999999999,11087,0,0
2023-11-24 20:00:00,1.26074,1.26122,1.25977,1.26027,7421,0,0
2023-11-27 00:00:00,1.2598500000000001,1.26102,1.25913,1.26035,4809,0,0
2023-11-27 04:00:00,1.26035,1.26128,1.25911,1.26108,6011,0,0
2023-11-27 08:00:00,1.26108,1.26272,1.2604,1.26084,10341,0,0
2023-11-27 12:00:00,1.26086,1.26441,1.26021,1.26253,10968,0,0
2023-11-27 16:00:00,1.26254,1.26288,1.2600799999999999,1.26035,13915,0,0
2023-11-27 20:00:00,1.26035,1.26339,1.26017,1.26273,6311,0,0
2023-11-28 00:00:00,1.26255,1.26421,1.26199,1.2634400000000001,4988,0,0
2023-11-28 04:00:00,1.2634400000000001,1.2641499999999999,1.26218,1.26255,5635,0,0
2023-11-28 08:00:00,1.26255,1.26332,1.26067,1.26285,10606,0,0
2023-11-28 12:00:00,1.26291,1.26484,1.26082,1.26424,10847,0,0
2023-11-28 16:00:00,1.26424,1.2715,1.26356,1.26924,19620,0,0
2023-11-28 20:00:00,1.26923,1.27016,1.2673,1.26962,9108,0,0
2023-11-29 00:00:00,1.26925,1.2733400000000001,1.26885,1.27188,7108,0,0
2023-11-29 04:00:00,1.27187,1.27228,1.27061,1.27132,7370,0,0
2023-11-29 08:00:00,1.27131,1.27219,1.2674,1.26806,12527,0,0
2023-11-29 12:00:00,1.26804,1.27089,1.26741,1.26862,14001,0,0
2023-11-29 16:00:00,1.26861,1.2711000000000001,1.26648,1.26977,15811,0,0
2023-11-29 20:00:00,1.26978,1.27275,1.26904,1.26941,7679,0,0
2023-11-30 00:00:00,1.2694,1.2705199999999999,1.26874,1.26929,5294,0,0
2023-11-30 04:00:00,1.26928,1.2706,1.26908,1.2698800000000001,6262,0,0
2023-11-30 08:00:00,1.2698800000000001,1.27108,1.26483,1.2649,12410,0,0
2023-11-30 12:00:00,1.26486,1.26792,1.26227,1.2625,13916,0,0
2023-11-30 16:00:00,1.26254,1.26641,1.26033,1.262,21091,0,0
2023-11-30 20:00:00,1.262,1.2637399999999999,1.26122,1.26234,9004,0,0
2023-12-01 00:00:00,1.26211,1.26554,1.26111,1.2652999999999999,6894,0,0
2023-12-01 04:00:00,1.2652999999999999,1.2656399999999999,1.26332,1.26443,6299,0,0
2023-12-01 08:00:00,1.2644199999999999,1.26749,1.26291,1.26679,10895,0,0
2023-12-01 12:00:00,1.26679,1.26682,1.26274,1.26297,11417,0,0
2023-12-01 16:00:00,1.26294,1.26962,1.26138,1.26947,21990,0,0
2023-12-01 20:00:00,1.26948,1.27161,1.26922,1.27119,9401,0,0
2023-12-04 00:00:00,1.26848,1.27246,1.26675,1.26768,9428,0,0
2023-12-04 04:00:00,1.26768,1.2687,1.26718,1.26777,7378,0,0
2023-12-04 08:00:00,1.26777,1.26855,1.26567,1.26743,13374,0,0
2023-12-04 12:00:00,1.2674400000000001,1.2687599999999999,1.2652999999999999,1.2656800000000001,13346,0,0
2023-12-04 16:00:00,1.2656800000000001,1.26574,1.2603900000000001,1.26223,18643,0,0
2023-12-04 20:00:00,1.26224,1.26346,1.26054,1.2631999999999999,8022,0,0
2023-12-05 00:00:00,1.2628599999999999,1.26447,1.26241,1.26364,6032,0,0
2023-12-05 04:00:00,1.26364,1.2641499999999999,1.2628,1.26392,6257,0,0
2023-12-05 08:00:00,1.26392,1.26396,1.26063,1.26316,13925,0,0
2023-12-05 12:00:00,1.2631299999999999,1.26455,1.26166,1.26362,12846,0,0
2023-12-05 16:00:00,1.26362,1.26518,1.25824,1.25952,20371,0,0
2023-12-05 20:00:00,1.25953,1.25968,1.25775,1.2595100000000001,7380,0,0
2023-12-06 00:00:00,1.25899,1.26086,1.25851,1.26026,5501,0,0
2023-12-06 04:00:00,1.26026,1.26138,1.26,1.26112,5766,0,0
2023-12-06 08:00:00,1.26112,1.26115,1.25912,1.26,10910,0,0
2023-12-06 12:00:00,1.26,1.26096,1.25818,1.2598799999999999,14290,0,0
2023-12-06 16:00:00,1.2598799999999999,1.26048,1.25766,1.2581,15428,0,0
2023-12-06 20:00:00,1.25806,1.25836,1.25519,1.25594,6745,0,0
2023-12-07 00:00:00,1.25583,1.2565,1.25534,1.25594,5245,0,0
2023-12-07 04:00:00,1.25594,1.25621,1.25446,1.25502,6438,0,0
2023-12-07 08:00:00,1.25502,1.25894,1.25465,1.25864,13469,0,0
2023-12-07 12:00:00,1.25864,1.2594,1.25491,1.25834,15347,0,0
2023-12-07 16:00:00,1.25836,1.26128,1.2545600000000001,1.2603,18978,0,0
2023-12-07 20:00:00,1.2603,1.2603,1.25834,1.2593,8729,0,0
2023-12-08 00:00:00,1.25875,1.26016,1.2574100000000001,1.25904,7873,0,0
2023-12-08 04:00:00,1.25906,1.25984,1.25865,1.25877,8515,0,0
2023-12-08 08:00:00,1.25877,1.25899,1.25546,1.25572,12896,0,0
2023-12-08 12:00:00,1.25572,1.2587,1.2511700000000001,1.2545600000000001,14646,0,0
2023-12-08 16:00:00,1.25458,1.25623,1.25024,1.2545600000000001,19478,0,0
2023-12-08 20:00:00,1.2545600000000001,1.25559,1.2542499999999999,1.2545899999999999,8093,0,0
2023-12-11 00:00:00,1.25266,1.25584,1.2523900000000001,1.25458,6961,0,0
2023-12-11 04:00:00,1.25458,1.2547,1.25348,1.2542,6695,0,0
2023-12-11 08:00:00,1.25419,1.25607,1.2535,1.25538,10517,0,0
2023-12-11 12:00:00,1.25539,1.25908,1.25538,1.2581,10242,0,0
2023-12-11 16:00:00,1.25812,1.2582,1.254,1.2540200000000001,12420,0,0
2023-12-11 20:00:00,1.2540200000000001,1.2567599999999999,1.25382,1.25556,6228,0,0
2023-12-12 00:00:00,1.25536,1.25696,1.25471,1.2565,4389,0,0
2023-12-12 04:00:00,1.2565,1.25839,1.25633,1.25758,5818,0,0
2023-12-12 08:00:00,1.25758,1.25844,1.25428,1.25654,10401,0,0
2023-12-12 12:00:00,1.25655,1.26152,1.25396,1.25434,12999,0,0
2023-12-12 16:00:00,1.2543,1.25716,1.25141,1.25452,16132,0,0
2023-12-12 20:00:00,1.25452,1.25718,1.2543,1.25622,7410,0,0
2023-12-13 00:00:00,1.25624,1.25714,1.2539799999999999,1.25592,5062,0,0
2023-12-13 04:00:00,1.25592,1.25606,1.2548300000000001,1.25572,5539,0,0
2023-12-13 08:00:00,1.25572,1.25586,1.25174,1.25264,10468,0,0
2023-12-13 12:00:00,1.25261,1.2548300000000001,1.25094,1.25394,10586,0,0
2023-12-13 16:00:00,1.25397,1.25476,1.25054,1.2508,12567,0,0
2023-12-13 20:00:00,1.25079,1.2634699999999999,1.2500200000000001,1.26186,20374,0,0
2023-12-14 00:00:00,1.26143,1.2642,1.26119,1.26406,7879,0,0
2023-12-14 04:00:00,1.26409,1.26528,1.26294,1.26356,11294,0,0
2023-12-14 08:00:00,1.26359,1.26711,1.26122,1.26676,16662,0,0
2023-12-14 12:00:00,1.26674,1.27328,1.26521,1.27273,19441,0,0
2023-12-14 16:00:00,1.27268,1.27942,1.27027,1.2784200000000001,21603,0,0
2023-12-14 20:00:00,1.2784,1.2784200000000001,1.27482,1.27651,9563,0,0
2023-12-15 00:00:00,1.27656,1.27719,1.27472,1.27548,6224,0,0
2023-12-15 04:00:00,1.27548,1.27742,1.27548,1.27592,9181,0,0
2023-12-15 08:00:00,1.2759,1.2776,1.274,1.27746,13986,0,0
2023-12-15 12:00:00,1.27747,1.2790300000000001,1.2699099999999999,1.2711000000000001,14541,0,0
2023-12-15 16:00:00,1.27107,1.2730000000000001,1.2685,1.2705199999999999,18015,0,0
2023-12-15 20:00:00,1.2705199999999999,1.27053,1.2668599999999999,1.26702,10603,0,0
2023-12-18 00:00:00,1.2681499999999999,1.2684,1.26572,1.26816,6868,0,0
2023-12-18 04:00:00,1.26816,1.2699799999999999,1.2681499999999999,1.2693400000000001,8194,0,0
2023-12-18 08:00:00,1.2693400000000001,1.27042,1.2665600000000001,1.2667,11142,0,0
2023-12-18 12:00:00,1.26672,1.26788,1.26459,1.2667,12542,0,0
2023-12-18 16:00:00,1.26672,1.26706,1.2629000000000001,1.2652999999999999,13859,0,0
2023-12-18 20:00:00,1.2652999999999999,1.26532,1.26338,1.2646600000000001,7698,0,0
2023-12-19 00:00:00,1.26437,1.26632,1.26295,1.26529,5021,0,0
2023-12-19 04:00:00,1.26528,1.26646,1.26501,1.26582,8106,0,0
2023-12-19 08:00:00,1.26581,1.2701500000000001,1.26513,1.26992,12124,0,0
2023-12-19 12:00:00,1.2699099999999999,1.27465,1.26935,1.27432,12158,0,0
2023-12-19 16:00:00,1.27432,1.2762,1.27257,1.27356,15111,0,0
2023-12-19 20:00:00,1.27356,1.2738800000000001,1.27161,1.27319,8214,0,0
2023-12-20 00:00:00,1.27308,1.27342,1.27161,1.27196,5489,0,0
2023-12-20 04:00:00,1.27196,1.27257,1.27176,1.27222,5874,0,0
2023-12-20 08:00:00,1.27221,1.27222,1.2647599999999999,1.26784,13503,0,0
2023-12-20 12:00:00,1.26785,1.26795,1.26299,1.26612,12314,0,0
2023-12-20 16:00:00,1.26614,1.26826,1.2652700000000001,1.26703,14046,0,0
2023-12-20 20:00:00,1.26703,1.2674,1.2625199999999999,1.26391,11611,0,0
2023-12-21 00:00:00,1.26364,1.26533,1.26242,1.26422,5604,0,0
2023-12-21 04:00:00,1.26423,1.26514,1.26305,1.2650000000000001,7041,0,0
2023-12-21 08:00:00,1.26499,1.26499,1.26123,1.26314,10356,0,0
2023-12-21 12:00:00,1.26314,1.2696100000000001,1.26218,1.2681200000000001,13130,0,0
2023-12-21 16:00:00,1.26814,1.26908,1.26432,1.26644,21506,0,0
2023-12-21 20:00:00,1.26644,1.26928,1.2658800000000001,1.26902,10783,0,0
2023-12-22 00:00:00,1.26882,1.26925,1.26707,1.2681200000000001,6471,0,0
2023-12-22 04:00:00,1.2681200000000001,1.26918,1.26802,1.2686,8148,0,0
2023-12-22 08:00:00,1.26858,1.27138,1.26806,1.26868,11856,0,0
2023-12-22 12:00:00,1.26864,1.27438,1.26864,1.27352,15316,0,0
2023-12-22 16:00:00,1.27351,1.27444,1.26982,1.27093,18504,0,0
2023-12-22 20:00:00,1.27091,1.27103,1.26902,1.26972,10577,0,0
2023-12-26 00:00:00,1.26888,1.2711999999999999,1.26845,1.27062,3555,0,0
2023-12-26 04:00:00,1.27062,1.27132,1.2702200000000001,1.27058,4657,0,0
2023-12-26 08:00:00,1.2705600000000001,1.27082,1.2686600000000001,1.26912,7452,0,0
2023-12-26 12:00:00,1.26912,1.27121,1.26846,1.27042,9844,0,0
2023-12-26 16:00:00,1.27042,1.2720099999999999,1.27016,1.27066,10657,0,0
2023-12-26 20:00:00,1.27068,1.27304,1.2705199999999999,1.2723900000000001,7834,0,0
2023-12-27 00:00:00,1.2713,1.27304,1.27118,1.2725,4796,0,0
2023-12-27 04:00:00,1.27251,1.2732700000000001,1.272,1.2732299999999999,5461,0,0
2023-12-27 08:00:00,1.2732299999999999,1.2735400000000001,1.26986,1.27204,8825,0,0
2023-12-27 12:00:00,1.27204,1.27592,1.27104,1.27546,8963,0,0
2023-12-27 16:00:00,1.27548,1.28025,1.27441,1.27897,13196,0,0
2023-12-27 20:00:00,1.27896,1.28019,1.27835,1.27986,9027,0,0
2023-12-28 00:00:00,1.2798,1.28138,1.27892,1.28129,4511,0,0
2023-12-28 04:00:00,1.28129,1.28165,1.28015,1.28092,6107,0,0
2023-12-28 08:00:00,1.28092,1.28277,1.2791000000000001,1.2794400000000001,11319,0,0
2023-12-28 12:00:00,1.2794400000000001,1.28054,1.27382,1.27417,11947,0,0
2023-12-28 16:00:00,1.2741500000000001,1.27752,1.27286,1.27393,14819,0,0
2023-12-28 20:00:00,1.27394,1.27398,1.27124,1.27304,8119,0,0
2023-12-29 00:00:00,1.2726199999999999,1.27471,1.27207,1.27369,5628,0,0
2023-12-29 04:00:00,1.27368,1.27637,1.27326,1.27628,6025,0,0
2023-12-29 08:00:00,1.27628,1.27728,1.27004,1.27058,9895,0,0
2023-12-29 12:00:00,1.27057,1.27494,1.27042,1.2720799999999999,12120,0,0
2023-12-29 16:00:00,1.2720799999999999,1.27671,1.27009,1.27626,17455,0,0
2023-12-29 20:00:00,1.27626,1.27626,1.27267,1.27306,9931,0,0
2024-01-02 00:00:00,1.2720500000000001,1.27355,1.27173,1.2721,5322,0,0
2024-01-02 04:00:00,1.2721,1.27414,1.271,1.2737,6882,0,0
2024-01-02 08:00:00,1.2737,1.27602,1.2717399999999999,1.27176,13265,0,0
2024-01-02 12:00:00,1.27176,1.27188,1.26217,1.263,16548,0,0
2024-01-02 16:00:00,1.26291,1.26448,1.26108,1.2633,18457,0,0
2024-01-02 20:00:00,1.2633,1.2635,1.2616,1.2619,8328,0,0
2024-01-03 00:00:00,1.26144,1.2634,1.2610999999999999,1.26291,4983,0,0
2024-01-03 04:00:00,1.2629000000000001,1.26418,1.26265,1.26309,7127,0,0
2024-01-03 08:00:00,1.26308,1.26528,1.26246,1.26282,12590,0,0
2024-01-03 12:00:00,1.2628,1.26432,1.26184,1.263,13510,0,0
2024-01-03 16:00:00,1.263,1.26565,1.26163,1.26452,20876,0,0
2024-01-03 20:00:00,1.2645,1.26766,1.26308,1.26639,15360,0,0
2024-01-04 00:00:00,1.26618,1.2674,1.26572,1.26624,6469,0,0
2024-01-04 04:00:00,1.26623,1.26762,1.26572,1.26654,7757,0,0
2024-01-04 08:00:00,1.26653,1.27245,1.2665199999999999,1.27204,14706,0,0
2024-01-04 12:00:00,1.27203,1.2730000000000001,1.26705,1.26733,13800,0,0
2024-01-04 16:00:00,1.2673,1.27109,1.26648,1.2683499999999999,17099,0,0
2024-01-04 20:00:00,1.26834,1.2687599999999999,1.26741,1.26825,7090,0,0
2024-01-05 00:00:00,1.26801,1.2695699999999999,1.2675100000000001,1.26936,5985,0,0
2024-01-05 04:00:00,1.26936,1.26966,1.26741,1.2674400000000001,8073,0,0
2024-01-05 08:00:00,1.2674400000000001,1.26892,1.26574,1.26596,12550,0,0
2024-01-05 12:00:00,1.26601,1.26714,1.26114,1.2658,14461,0,0
2024-01-05 16:00:00,1.2658,1.27712,1.26551,1.27237,25481,0,0
2024-01-05 20:00:00,1.27237,1.2739500000000001,1.27103,1.27175,11789,0,0
2024-01-08 00:00:00,1.2698,1.27302,1.2698,1.27211,5056,0,0
2024-01-08 04:00:00,1.27211,1.27211,1.26983,1.27039,6919,0,0
2024-01-08 08:00:00,1.27039,1.27202,1.26736,1.26952,13437,0,0
2024-01-08 12:00:00,1.26958,1.27212,1.2693400000000001,1.2711999999999999,13663,0,0
2024-01-08 16:00:00,1.2711999999999999,1.27672,1.27094,1.2755,17531,0,0
2024-01-08 20:00:00,1.2755,1.27606,1.27401,1.2747899999999999,8493,0,0
2024-01-09 00:00:00,1.27403,1.2761,1.27367,1.27606,6617,0,0
2024-01-09 04:00:00,1.27606,1.27652,1.27378,1.27438,7237,0,0
2024-01-09 08:00:00,1.27438,1.2751000000000001,1.27244,1.27345,11886,0,0
2024-01-09 12:00:00,1.27345,1.27386,1.27073,1.27255,14095,0,0
2024-01-09 16:00:00,1.27255,1.27316,1.2689599999999999,1.27106,17141,0,0
2024-01-09 20:00:00,1.27106,1.27176,1.2692,1.27096,9905,0,0
2024-01-10 00:00:00,1.27089,1.2718099999999999,1.26983,1.2711000000000001,5551,0,0
2024-01-10 04:00:00,1.27111,1.2713,1.26973,1.2701799999999999,6617,0,0
2024-01-10 08:00:00,1.2701799999999999,1.27288,1.26863,1.27258,12673,0,0
2024-01-10 12:00:00,1.27257,1.2736399999999999,1.2718099999999999,1.27244,11711,0,0
2024-01-10 16:00:00,1.27244,1.27408,1.27134,1.27338,14854,0,0
2024-01-10 20:00:00,1.27338,1.27442,1.27278,1.2742,9584,0,0
2024-01-11 00:00:00,1.27261,1.27618,1.2717800000000001,1.27606,5227,0,0
2024-01-11 04:00:00,1.27606,1.27712,1.27582,1.2763499999999999,8164,0,0
2024-01-11 08:00:00,1.27636,1.27742,1.27387,1.27398,11261,0,0
2024-01-11 12:00:00,1.27396,1.27708,1.27029,1.27109,16748,0,0
2024-01-11 16:00:00,1.27111,1.27541,1.2690299999999999,1.27207,31172,0,0
2024-01-11 20:00:00,1.27207,1.2766600000000001,1.27192,1.27624,16026,0,0
2024-01-12 00:00:00,1.27482,1.27817,1.2741500000000001,1.27803,7725,0,0
2024-01-12 04:00:00,1.27804,1.27848,1.27685,1.27729,8676,0,0
2024-01-12 08:00:00,1.2772999999999999,1.27795,1.27498,1.27526,12875,0,0
2024-01-12 12:00:00,1.27526,1.27684,1.27196,1.27554,16668,0,0
2024-01-12 16:00:00,1.27554,1.27858,1.27325,1.27396,23835,0,0
2024-01-12 20:00:00,1.27396,1.27566,1.27355,1.27503,10443,0,0
2024-01-15 00:00:00,1.27252,1.27504,1.27187,1.2742,7058,0,0
2024-01-15 04:00:00,1.2742200000000001,1.27654,1.2742200000000001,1.27528,7570,0,0
2024-01-15 08:00:00,1.27528,1.27603,1.27187,1.27261,12849,0,0
2024-01-15 12:00:00,1.2726199999999999,1.2739500000000001,1.2713,1.27278,13550,0,0
2024-01-15 16:00:00,1.27282,1.27385,1.2713,1.27294,10148,0,0
2024-01-15 20:00:00,1.27294,1.27319,1.27236,1.27255,1868,0,0
2024-01-16 00:00:00,1.2726,1.27287,1.26793,1.26952,8012,0,0
2024-01-16 04:00:00,1.26951,1.26952,1.26767,1.26807,8740,0,0
2024-01-16 08:00:00,1.26804,1.2687,1.26353,1.2640799999999999,17353,0,0
2024-01-16 12:00:00,1.26403,1.26727,1.26205,1.26425,17974,0,0
2024-01-16 16:00:00,1.26423,1.26794,1.26246,1.2624900000000001,27877,0,0
2024-01-16 20:00:00,1.2624900000000001,1.26406,1.26194,1.26356,10474,0,0
2024-01-17 00:00:00,1.26279,1.26434,1.26214,1.26357,6394,0,0
2024-01-17 04:00:00,1.26357,1.2644,1.26061,1.26101,8930,0,0
2024-01-17 08:00:00,1.26101,1.26837,1.25966,1.2680799999999999,19711,0,0
2024-01-17 12:00:00,1.26803,1.2696399999999999,1.26422,1.26508,17609,0,0
2024-01-17 16:00:00,1.26508,1.26823,1.26387,1.26785,22834,0,0
2024-01-17 20:00:00,1.26785,1.2686899999999999,1.26626,1.2676,11889,0,0
2024-01-18 00:00:00,1.2671999999999999,1.26919,1.26602,1.2689300000000001,7850,0,0
2024-01-18 04:00:00,1.26894,1.2695699999999999,1.2678,1.26871,10235,0,0
2024-01-18 08:00:00,1.26872,1.27041,1.26739,1.2674,14845,0,0
2024-01-18 12:00:00,1.2674,1.26958,1.26505,1.26525,15807,0,0
2024-01-18 16:00:00,1.26524,1.2692,1.26484,1.26813,22289,0,0
2024-01-18 20:00:00,1.26814,1.27082,1.26769,1.27058,10553,0,0
2024-01-19 00:00:00,1.27043,1.27124,1.27003,1.27074,5765,0,0
2024-01-19 04:00:00,1.27072,1.27148,1.2696399999999999,1.2699099999999999,6257,0,0
2024-01-19 08:00:00,1.2698800000000001,1.27011,1.26657,1.2684,13886,0,0
2024-01-19 12:00:00,1.2684,1.26908,1.26701,1.26743,13845,0,0
2024-01-19 16:00:00,1.26743,1.26885,1.26613,1.26881,19249,0,0
2024-01-19 20:00:00,1.26884,1.27051,1.26824,1.27013,8405,0,0
2024-01-22 00:00:00,1.26776,1.27132,1.26776,1.27092,6170,0,0
2024-01-22 04:00:00,1.27092,1.27193,1.27072,1.2719,6556,0,0
2024-01-22 08:00:00,1.27191,1.27247,1.2687,1.27048,12581,0,0
2024-01-22 12:00:00,1.27046,1.27319,1.26984,1.2727,11861,0,0
2024-01-22 16:00:00,1.2727,1.2732999999999999,1.27089,1.27213,13302,0,0
2024-01-22 20:00:00,1.27214,1.27217,1.2698,1.27088,8353,0,0
2024-01-23 00:00:00,1.27004,1.27216,1.2699099999999999,1.2720799999999999,4489,0,0
2024-01-23 04:00:00,1.2720799999999999,1.2738800000000001,1.27155,1.27374,9685,0,0
2024-01-23 08:00:00,1.27374,1.27472,1.27203,1.27284,13369,0,0
2024-01-23 12:00:00,1.27284,1.27289,1.27001,1.2708300000000001,11770,0,0
2024-01-23 16:00:00,1.27081,1.27081,1.26494,1.26578,15025,0,0
2024-01-23 20:00:00,1.26578,1.26918,1.2657,1.26864,7036,0,0
2024-01-24 00:00:00,1.26701,1.26979,1.26701,1.26926,6487,0,0
2024-01-24 04:00:00,1.26926,1.27044,1.26859,1.27023,5966,0,0
2024-01-24 08:00:00,1.27024,1.27734,1.26999,1.27647,14094,0,0
2024-01-24 12:00:00,1.27647,1.27712,1.27283,1.2766899999999999,13729,0,0
2024-01-24 16:00:00,1.27668,1.2775,1.27341,1.27482,18865,0,0
2024-01-24 20:00:00,1.27481,1.27506,1.2713700000000001,1.27245,10244,0,0
2024-01-25 00:00:00,1.2716,1.2726199999999999,1.27037,1.2711999999999999,6084,0,0
2024-01-25 04:00:00,1.2711999999999999,1.27175,1.27074,1.27106,6418,0,0
2024-01-25 08:00:00,1.27106,1.27371,1.27089,1.27265,11648,0,0
2024-01-25 12:00:00,1.2726600000000001,1.27428,1.26979,1.2736399999999999,14122,0,0
2024-01-25 16:00:00,1.27365,1.27365,1.26817,1.26905,21022,0,0
2024-01-25 20:00:00,1.26905,1.27118,1.26862,1.27078,9657,0,0
2024-01-26 00:00:00,1.26972,1.27122,1.26951,1.27088,5363,0,0
2024-01-26 04:00:00,1.27087,1.27162,1.2702200000000001,1.2706,4592,0,0
2024-01-26 08:00:00,1.27061,1.27218,1.26757,1.27145,12468,0,0
2024-01-26 12:00:00,1.27145,1.27586,1.27145,1.27489,13626,0,0
2024-01-26 16:00:00,1.2748599999999999,1.2754699999999999,1.27064,1.27134,15581,0,0
2024-01-26 20:00:00,1.2713,1.27152,1.2699,1.27027,7468,0,0
2024-01-29 00:00:00,1.2695699999999999,1.27061,1.26906,1.27004,7781,0,0
2024-01-29 04:00:00,1.27004,1.2707899999999999,1.2695,1.27021,6265,0,0
2024-01-29 08:00:00,1.27021,1.2719,1.26986,1.27037,10858,0,0
2024-01-29 12:00:00,1.27037,1.27131,1.26833,1.26935,11879,0,0
2024-01-29 16:00:00,1.26936,1.2696,1.2662200000000001,1.26833,13102,0,0
2024-01-29 20:00:00,1.26834,1.27175,1.26767,1.27093,8918,0,0
2024-01-30 00:00:00,1.27031,1.27212,1.2690000000000001,1.27108,5041,0,0
2024-01-30 04:00:00,1.27108,1.27138,1.27039,1.27058,5617,0,0
2024-01-30 08:00:00,1.2705899999999999,1.27089,1.26714,1.2681,12627,0,0
2024-01-30 12:00:00,1.2681,1.2683900000000001,1.26628,1.26749,11288,0,0
2024-01-30 16:00:00,1.2675100000000001,1.26891,1.26403,1.26809,17705,0,0
2024-01-30 20:00:00,1.26809,1.27002,1.26737,1.26999,7709,0,0
2024-01-31 00:00:00,1.26947,1.27007,1.2677800000000001,1.26846,6218,0,0
2024-01-31 04:00:00,1.26844,1.26845,1.2673,1.26777,6329,0,0
2024-01-31 08:00:00,1.2677800000000001,1.26973,1.26669,1.26698,12236,0,0
2024-01-31 12:00:00,1.26699,1.27126,1.26673,1.27055,14555,0,0
2024-01-31 16:00:00,1.27055,1.27508,1.27005,1.27184,22988,0,0
2024-01-31 20:00:00,1.27184,1.27393,1.26582,1.26863,25931,0,0
2024-02-01 00:00:00,1.2663,1.26881,1.2663,1.26797,7485,0,0
2024-02-01 04:00:00,1.26795,1.26981,1.26679,1.26679,8033,0,0
2024-02-01 08:00:00,1.2668,1.26742,1.26424,1.26559,14929,0,0
2024-02-01 12:00:00,1.26559,1.26858,1.26253,1.2659099999999999,17791,0,0
2024-02-01 16:00:00,1.2659099999999999,1.27398,1.26409,1.2736399999999999,25340,0,0
2024-02-01 20:00:00,1.2736399999999999,1.27558,1.27283,1.27437,12202,0,0
2024-02-02 00:00:00,1.27392,1.27549,1.27315,1.27459,5285,0,0
2024-02-02 04:00:00,1.27462,1.2754699999999999,1.27433,1.27496,5802,0,0
2024-02-02 08:00:00,1.27496,1.27676,1.27424,1.27575,11803,0,0
2024-02-02 12:00:00,1.27576,1.2772299999999999,1.26687,1.2671700000000001,14956,0,0
2024-02-02 16:00:00,1.26714,1.26736,1.26142,1.26186,24258,0,0
2024-02-02 20:00:00,1.26185,1.2644,1.26158,1.26333,11393,0,0
2024-02-05 00:00:00,1.26228,1.26326,1.25989,1.26114,9500,0,0
2024-02-05 04:00:00,1.2610999999999999,1.2613699999999999,1.25992,1.26114,9375,0,0
2024-02-05 08:00:00,1.26114,1.26296,1.26004,1.2601200000000001,13385,0,0
2024-02-05 12:00:00,1.2600799999999999,1.26034,1.25499,1.25526,12573,0,0
2024-02-05 16:00:00,1.2552699999999999,1.2562,1.2518500000000001,1.25358,15897,0,0
2024-02-05 20:00:00,1.25359,1.2544,1.25263,1.25353,8236,0,0
2024-02-06 00:00:00,1.25275,1.2548300000000001,1.25256,1.25468,4725,0,0
2024-02-06 04:00:00,1.25468,1.25569,1.2539500000000001,1.25525,8315,0,0
2024-02-06 08:00:00,1.25525,1.25654,1.25403,1.25424,12012,0,0
2024-02-06 12:00:00,1.25421,1.25721,1.25365,1.2564,13553,0,0
2024-02-06 16:00:00,1.2563900000000001,1.25998,1.25583,1.25953,17907,0,0
2024-02-06 20:00:00,1.25953,1.26031,1.25874,1.25976,9816,0,0
2024-02-07 00:00:00,1.25922,1.2612999999999999,1.25854,1.2610700000000001,5693,0,0
2024-02-07 04:00:00,1.2610700000000001,1.26122,1.25983,1.26057,7676,0,0
2024-02-07 08:00:00,1.26057,1.26375,1.25993,1.26332,12006,0,0
2024-02-07 12:00:00,1.26332,1.26399,1.26205,1.26254,10592,0,0
2024-02-07 16:00:00,1.26254,1.26418,1.26166,1.26233,17794,0,0
2024-02-07 20:00:00,1.26231,1.26343,1.26202,1.26279,8533,0,0
2024-02-08 00:00:00,1.26193,1.26363,1.26126,1.26335,5587,0,0
2024-02-08 04:00:00,1.26334,1.26388,1.2627,1.26305,6838,0,0
2024-02-08 08:00:00,1.2631000000000001,1.26368,1.26129,1.26306,12228,0,0
2024-02-08 12:00:00,1.26306,1.26345,1.25718,1.25811,13363,0,0
2024-02-08 16:00:00,1.25811,1.2622900000000001,1.25784,1.26174,15075,0,0
2024-02-08 20:00:00,1.26173,1.26296,1.26117,1.26166,8618,0,0
2024-02-09 00:00:00,1.2616399999999999,1.26216,1.2607599999999999,1.2618800000000001,4097,0,0
2024-02-09 04:00:00,1.2618800000000001,1.26226,1.26116,1.26146,5347,0,0
2024-02-09 08:00:00,1.26148,1.26349,1.26065,1.2610999999999999,10945,0,0
2024-02-09 12:00:00,1.2610700000000001,1.2635399999999999,1.25993,1.26205,14381,0,0
2024-02-09 16:00:00,1.26201,1.26429,1.2616100000000001,1.263,15851,0,0
2024-02-09 20:00:00,1.26299,1.26377,1.2625199999999999,1.26306,5470,0,0
2024-02-12 00:00:00,1.2618800000000001,1.26441,1.26169,1.26361,4848,0,0
2024-02-12 04:00:00,1.26362,1.2638099999999999,1.26268,1.26296,3373,0,0
2024-02-12 08:00:00,1.26296,1.26548,1.26179,1.26214,10452,0,0
2024-02-12 12:00:00,1.26215,1.26258,1.26062,1.26096,9737,0,0
2024-02-12 16:00:00,1.26096,1.26399,1.26095,1.26396,11183,0,0
2024-02-12 20:00:00,1.26397,1.2640500000000001,1.26213,1.26275,6853,0,0
2024-02-13 00:00:00,1.2622,1.2628599999999999,1.26186,1.26209,3976,0,0
2024-02-13 04:00:00,1.26209,1.26209,1.26091,1.2615,3921,0,0
2024-02-13 08:00:00,1.2615,1.26559,1.26147,1.26547,11466,0,0
2024-02-13 12:00:00,1.26546,1.26864,1.259,1.2593,15266,0,0
2024-02-13 16:00:00,1.2593,1.26084,1.25758,1.26,20116,0,0
2024-02-13 20:00:00,1.26002,1.26033,1.25733,1.25926,8676,0,0
2024-02-14 00:00:00,1.25827,1.25993,1.25781,1.25971,6299,0,0
2024-02-14 04:00:00,1.25972,1.26053,1.25926,1.26029,7071,0,0
2024-02-14 08:00:00,1.2603,1.26112,1.25359,1.25394,14795,0,0
2024-02-14 12:00:00,1.25394,1.25681,1.25355,1.25574,12919,0,0
2024-02-14 16:00:00,1.25574,1.25655,1.2539799999999999,1.25645,15632,0,0
2024-02-14 20:00:00,1.2564600000000001,1.25706,1.25571,1.2566,7850,0,0
2024-02-15 00:00:00,1.2557,1.2573699999999999,1.25467,1.25627,4923,0,0
2024-02-15 04:00:00,1.25626,1.25696,1.2558799999999999,1.25652,4592,0,0
2024-02-15 08:00:00,1.2564899999999999,1.25735,1.25421,1.2554400000000001,11313,0,0
2024-02-15 12:00:00,1.25543,1.25766,1.25419,1.25699,12839,0,0
2024-02-15 16:00:00,1.25693,1.25967,1.2561,1.25865,17016,0,0
2024-02-15 20:00:00,1.25865,1.26022,1.25844,1.26,8184,0,0
2024-02-16 00:00:00,1.25874,1.26051,1.258,1.2588300000000001,5214,0,0
2024-02-16 04:00:00,1.25884,1.25887,1.25774,1.2582499999999999,5997,0,0
2024-02-16 08:00:00,1.25826,1.26056,1.25747,1.25858,12119,0,0
2024-02-16 12:00:00,1.2585899999999999,1.2601,1.25508,1.2566899999999999,12515,0,0
2024-02-16 16:00:00,1.25672,1.26085,1.25535,1.26078,16945,0,0
2024-02-16 20:00:00,1.26078,1.26245,1.25976,1.26004,8333,0,0
2024-02-19 00:00:00,1.25956,1.26273,1.2595399999999999,1.26142,6598,0,0
2024-02-19 04:00:00,1.26142,1.26215,1.26116,1.2619099999999999,6820,0,0
2024-02-19 08:00:00,1.2619099999999999,1.26296,1.2607300000000001,1.26146,10494,0,0
2024-02-19 12:00:00,1.26148,1.26217,1.2598099999999999,1.25995,9988,0,0
2024-02-19 16:00:00,1.25995,1.26004,1.25836,1.25913,6640,0,0
2024-02-19 20:00:00,1.25912,1.2600799999999999,1.25899,1.25962,1879,0,0
2024-02-20 00:00:00,1.25841,1.25971,1.25812,1.25844,6953,0,0
2024-02-20 04:00:00,1.25845,1.25891,1.25793,1.2582,6227,0,0
2024-02-20 08:00:00,1.25817,1.26068,1.25807,1.26033,12089,0,0
2024-02-20 12:00:00,1.26032,1.2646,1.25872,1.2643,15211,0,0
2024-02-20 16:00:00,1.26432,1.2668599999999999,1.26295,1.26352,16571,0,0
2024-02-20 20:00:00,1.26352,1.26352,1.2616800000000001,1.26221,8110,0,0
2024-02-21 00:00:00,1.26163,1.26281,1.2616100000000001,1.26278,5972,0,0
2024-02-21 04:00:00,1.26277,1.26375,1.26277,1.26337,6984,0,0
2024-02-21 08:00:00,1.26337,1.2635,1.26026,1.2612,12809,0,0
2024-02-21 12:00:00,1.26119,1.26306,1.26083,1.2624,12544,0,0
2024-02-21 16:00:00,1.26239,1.26346,1.26054,1.26159,14351,0,0
2024-02-21 20:00:00,1.26159,1.26419,1.26059,1.2637800000000001,13868,0,0
2024-02-22 00:00:00,1.26325,1.2646899999999999,1.26278,1.26396,5074,0,0
2024-02-22 04:00:00,1.26396,1.26487,1.2631299999999999,1.26452,6185,0,0
2024-02-22 08:00:00,1.26452,1.27097,1.26449,1.26761,15453,0,0
2024-02-22 12:00:00,1.26759,1.26901,1.26263,1.26284,14312,0,0
2024-02-22 16:00:00,1.26282,1.266,1.26116,1.26567,18952,0,0
2024-02-22 20:00:00,1.26567,1.26648,1.26446,1.26608,8587,0,0
2024-02-23 00:00:00,1.26549,1.26665,1.26484,1.26626,6071,0,0
2024-02-23 04:00:00,1.2662900000000001,1.26661,1.26576,1.26618,7076,0,0
2024-02-23 08:00:00,1.26617,1.2677100000000001,1.2649,1.26562,12998,0,0
2024-02-23 12:00:00,1.26563,1.2701500000000001,1.26562,1.2693699999999999,14666,0,0
2024-02-23 16:00:00,1.2693699999999999,1.27003,1.2665600000000001,1.26782,16694,0,0
2024-02-23 20:00:00,1.26783,1.2686,1.26666,1.2671299999999999,8370,0,0
2024-02-26 00:00:00,1.26719,1.2676,1.2661,1.2662,5639,0,0
2024-02-26 04:00:00,1.26621,1.26703,1.2656800000000001,1.26668,5452,0,0
2024-02-26 08:00:00,1.26668,1.26813,1.2663,1.26795,11419,0,0
2024-02-26 12:00:00,1.26796,1.26997,1.26735,1.26971,11729,0,0
2024-02-26 16:00:00,1.26972,1.26986,1.26721,1.26766,13500,0,0
2024-02-26 20:00:00,1.26765,1.26884,1.2671000000000001,1.26855,6415,0,0
2024-02-27 00:00:00,1.2674400000000001,1.26867,1.26714,1.2679,5125,0,0
2024-02-27 04:00:00,1.2679,1.26872,1.26743,1.26804,8527,0,0
2024-02-27 08:00:00,1.26807,1.2697,1.26782,1.2689300000000001,12182,0,0
2024-02-27 12:00:00,1.2689300000000001,1.26952,1.26714,1.2682,13053,0,0
2024-02-27 16:00:00,1.2682,1.26952,1.26604,1.26857,15600,0,0
2024-02-27 20:00:00,1.26856,1.26942,1.2678,1.26859,8858,0,0
2024-02-28 00:00:00,1.26849,1.26868,1.26726,1.26766,5232,0,0
2024-02-28 04:00:00,1.26765,1.2678099999999999,1.26575,1.26596,5875,0,0
2024-02-28 08:00:00,1.2659500000000001,1.26626,1.26236,1.26251,11725,0,0
2024-02-28 12:00:00,1.26251,1.2658,1.26218,1.26438,15196,0,0
2024-02-28 16:00:00,1.26438,1.26737,1.26363,1.26599,16554,0,0
2024-02-28 20:00:00,1.26599,1.26639,1.26513,1.26611,7581,0,0
2024-02-29 00:00:00,1.2650299999999999,1.26669,1.2644199999999999,1.2659099999999999,6151,0,0
2024-02-29 04:00:00,1.2659099999999999,1.26712,1.26584,1.26666,9029,0,0
2024-02-29 08:00:00,1.26666,1.26746,1.26526,1.26665,16215,0,0
2024-02-29 12:00:00,1.26665,1.26746,1.2635100000000001,1.26524,18660,0,0
2024-02-29 16:00:00,1.26524,1.2682,1.26151,1.26175,20192,0,0
2024-02-29 20:00:00,1.26175,1.26277,1.2612700000000001,1.26243,9797,0,0
2024-03-01 00:00:00,1.2612700000000001,1.2634699999999999,1.26095,1.26343,5961,0,0
2024-03-01 04:00:00,1.2634400000000001,1.26357,1.26246,1.26264,6479,0,0
2024-03-01 08:00:00,1.26264,1.26417,1.26253,1.26305,12878,0,0
2024-03-01 12:00:00,1.26308,1.26472,1.26176,1.26304,16464,0,0
2024-03-01 16:00:00,1.26304,1.2659799999999999,1.25999,1.2656100000000001,21594,0,0
2024-03-01 20:00:00,1.2656,1.2664,1.26486,1.2653400000000001,9613,0,0
2024-03-04 00:00:00,1.26523,1.26665,1.26436,1.2659799999999999,6152,0,0
2024-03-04 04:00:00,1.2659799999999999,1.26668,1.2656100000000001,1.2662499999999999,4973,0,0
2024-03-04 08:00:00,1.2662499999999999,1.268,1.26611,1.26777,15922,0,0
2024-03-04 12:00:00,1.26777,1.26838,1.2666,1.26775,14009,0,0
2024-03-04 16:00:00,1.26776,1.27065,1.26728,1.2696399999999999,15712,0,0
2024-03-04 20:00:00,1.2696399999999999,1.26978,1.26857,1.26914,6879,0,0
2024-03-05 00:00:00,1.26861,1.26949,1.26855,1.2690299999999999,5109,0,0
2024-03-05 04:00:00,1.2690299999999999,1.26911,1.26813,1.26834,6201,0,0
2024-03-05 08:00:00,1.26834,1.26885,1.2671299999999999,1.26857,13885,0,0
2024-03-05 12:00:00,1.26857,1.2692700000000001,1.26745,1.26913,13463,0,0
2024-03-05 16:00:00,1.26915,1.2735,1.26868,1.2711299999999999,20012,0,0
2024-03-05 20:00:00,1.27112,1.27114,1.2696,1.2705199999999999,10152,0,0
2024-03-06 00:00:00,1.2698,1.2708,1.2690299999999999,1.26929,5786,0,0
2024-03-06 04:00:00,1.26929,1.27068,1.26918,1.27037,6035,0,0
2024-03-06 08:00:00,1.27038,1.27315,1.27028,1.27308,12852,0,0
2024-03-06 12:00:00,1.27308,1.27308,1.27055,1.2724199999999999,14671,0,0
2024-03-06 16:00:00,1.27241,1.27615,1.27172,1.27443,19884,0,0
2024-03-06 20:00:00,1.27446,1.2753700000000001,1.27254,1.27317,13270,0,0
2024-03-07 00:00:00,1.2729,1.27399,1.27218,1.27302,7294,0,0
2024-03-07 04:00:00,1.27302,1.27406,1.27233,1.27337,8465,0,0
2024-03-07 08:00:00,1.27335,1.27514,1.27294,1.27502,14178,0,0
2024-03-07 12:00:00,1.275,1.27626,1.2744900000000001,1.27521,15495,0,0
2024-03-07 16:00:00,1.27522,1.27984,1.27491,1.27922,19726,0,0
2024-03-07 20:00:00,1.27922,1.28111,1.2792,1.28082,9510,0,0
2024-03-08 00:00:00,1.28025,1.282,1.28015,1.2809300000000001,5610,0,0
2024-03-08 04:00:00,1.2809300000000001,1.28125,1.28043,1.28099,6574,0,0
2024-03-08 08:00:00,1.28099,1.28295,1.28011,1.28278,13233,0,0
2024-03-08 12:00:00,1.28278,1.28939,1.28232,1.2864,17427,0,0
2024-03-08 16:00:00,1.28639,1.28865,1.28434,1.28491,26061,0,0
2024-03-08 20:00:00,1.28491,1.2858800000000001,1.2840099999999999,1.2858100000000001,11607,0,0
2024-03-11 00:00:00,1.2852700000000001,1.28607,1.28463,1.28564,7195,0,0
2024-03-11 04:00:00,1.28564,1.2862,1.28456,1.28513,8656,0,0
2024-03-11 08:00:00,1.28513,1.2858100000000001,1.28317,1.28366,15765,0,0
2024-03-11 12:00:00,1.28366,1.28539,1.2824499999999999,1.2824499999999999,17913,0,0
2024-03-11 16:00:00,1.28243,1.28301,1.27952,1.2806899999999999,22477,0,0
2024-03-11 20:00:00,1.2806899999999999,1.28137,1.2799800000000001,1.28133,13889,0,0
2024-03-12 00:00:00,1.28,1.28221,1.27965,1.28166,6124,0,0
2024-03-12 04:00:00,1.28166,1.28228,1.28139,1.28194,9605,0,0
2024-03-12 08:00:00,1.28194,1.28237,1.2776399999999999,1.27862,15691,0,0
2024-03-12 12:00:00,1.27862,1.28082,1.2755,1.27716,19943,0,0
2024-03-12 16:00:00,1.27717,1.27894,1.27461,1.27783,29487,0,0
2024-03-12 20:00:00,1.27785,1.27952,1.27707,1.27935,11695,0,0
2024-03-13 00:00:00,1.27823,1.27983,1.27823,1.27943,5216,0,0
2024-03-13 04:00:00,1.27943,1.27992,1.27898,1.2790599999999999,8513,0,0
2024-03-13 08:00:00,1.2790599999999999,1.2800799999999999,1.27758,1.27929,15532,0,0
2024-03-13 12:00:00,1.2793,1.28092,1.27746,1.28002,17595,0,0
2024-03-13 16:00:00,1.28002,1.2806199999999999,1.27872,1.27973,22514,0,0
2024-03-13 20:00:00,1.27973,1.28114,1.2790599999999999,1.27969,12633,0,0
2024-03-14 00:00:00,1.2793,1.28046,1.27846,1.27999,5958,0,0
2024-03-14 04:00:00,1.27999,1.28046,1.27869,1.27918,7922,0,0
2024-03-14 08:00:00,1.27918,1.28169,1.27885,1.28073,13073,0,0
2024-03-14 12:00:00,1.28072,1.2823,1.27821,1.27953,18545,0,0
2024-03-14 16:00:00,1.27953,1.2796699999999999,1.27307,1.27487,29463,0,0
2024-03-14 20:00:00,1.27487,1.27577,1.27429,1.2753,13127,0,0
2024-03-15 00:00:00,1.27496,1.27548,1.27342,1.27366,6946,0,0
2024-03-15 04:00:00,1.27366,1.27424,1.27301,1.2738800000000001,9846,0,0
2024-03-15 08:00:00,1.27389,1.2745600000000001,1.27331,1.27385,13649,0,0
2024-03-15 12:00:00,1.27385,1.27588,1.27367,1.27484,17799,0,0
2024-03-15 16:00:00,1.27484,1.27576,1.27297,1.27304,23022,0,0
2024-03-15 20:00:00,1.27304,1.27409,1.27253,1.27348,10480,0,0
2024-03-18 00:00:00,1.27243,1.27377,1.27204,1.27314,4505,0,0
2024-03-18 04:00:00,1.27314,1.27382,1.27263,1.27316,6325,0,0
2024-03-18 08:00:00,1.27316,1.27469,1.2729,1.27454,9224,0,0
2024-03-18 12:00:00,1.27454,1.27468,1.27275,1.2735699999999999,12873,0,0
2024-03-18 16:00:00,1.2735699999999999,1.27382,1.27192,1.2726199999999999,17956,0,0
2024-03-18 20:00:00,1.27263,1.27318,1.2718099999999999,1.27286,8219,0,0
2024-03-19 00:00:00,1.27267,1.27294,1.27194,1.2720099999999999,5263,0,0
2024-03-19 04:00:00,1.2720099999999999,1.27288,1.27127,1.2717800000000001,13879,0,0
2024-03-19 08:00:00,1.2717800000000001,1.27191,1.26841,1.26897,17520,0,0
2024-03-19 12:00:00,1.26897,1.27089,1.26678,1.26994,18382,0,0
2024-03-19 16:00:00,1.26994,1.2726199999999999,1.26941,1.27256,15556,0,0
2024-03-19 20:00:00,1.27255,1.27329,1.27188,1.27213,9769,0,0
2024-03-20 00:00:00,1.2717,1.27227,1.27106,1.2717399999999999,5112,0,0
2024-03-20 04:00:00,1.2717399999999999,1.2725,1.27141,1.27191,7512,0,0
2024-03-20 08:00:00,1.2719,1.2730000000000001,1.2696,1.27036,12818,0,0
2024-03-20 12:00:00,1.27036,1.27045,1.26844,1.26938,14001,0,0
2024-03-20 16:00:00,1.26938,1.27193,1.26867,1.27182,15077,0,0
2024-03-20 20:00:00,1.27182,1.27872,1.27129,1.27865,28762,0,0
2024-03-21 00:00:00,1.27806,1.27983,1.27806,1.27945,8493,0,0
2024-03-21 04:00:00,1.27945,1.28027,1.27895,1.27896,11919,0,0
2024-03-21 08:00:00,1.27897,1.28036,1.27622,1.27654,18266,0,0
2024-03-21 12:00:00,1.27654,1.2785,1.27255,1.27355,22459,0,0
2024-03-21 16:00:00,1.27355,1.2736399999999999,1.26585,1.26647,26118,0,0
2024-03-21 20:00:00,1.26647,1.26708,1.26506,1.26575,10246,0,0
2024-03-22 00:00:00,1.26542,1.26749,1.26523,1.26735,5082,0,0
2024-03-22 04:00:00,1.26734,1.26753,1.26346,1.2642,13033,0,0
2024-03-22 08:00:00,1.2642,1.26456,1.2585,1.25976,16479,0,0
2024-03-22 12:00:00,1.2597800000000001,1.2621,1.25753,1.2619799999999999,17436,0,0
2024-03-22 16:00:00,1.2619799999999999,1.26241,1.25937,1.2595,20760,0,0
2024-03-22 20:00:00,1.2595,1.26009,1.25858,1.26003,8398,0,0
2024-03-25 00:00:00,1.25907,1.26019,1.25899,1.25949,6898,0,0
2024-03-25 04:00:00,1.25949,1.26174,1.25949,1.26057,10554,0,0
2024-03-25 08:00:00,1.26057,1.2617,1.25952,1.26085,11679,0,0
2024-03-25 12:00:00,1.26085,1.2646899999999999,1.25998,1.26385,13277,0,0
2024-03-25 16:00:00,1.26385,1.26525,1.26366,1.2639,14545,0,0
2024-03-25 20:00:00,1.26389,1.26423,1.2635,1.26363,7037,0,0
2024-03-26 00:00:00,1.26333,1.26432,1.26332,1.26423,5564,0,0
2024-03-26 04:00:00,1.26423,1.26474,1.26362,1.2642,8983,0,0
2024-03-26 08:00:00,1.2642,1.2659099999999999,1.26404,1.26495,9437,0,0
2024-03-26 12:00:00,1.26494,1.2668,1.2638099999999999,1.26399,15306,0,0
2024-03-26 16:00:00,1.26399,1.26495,1.26221,1.26296,18138,0,0
2024-03-26 20:00:00,1.26296,1.26357,1.26231,1.26277,7558,0,0
2024-03-27 00:00:00,1.2623,1.26304,1.26182,1.26218,5330,0,0
2024-03-27 04:00:00,1.26217,1.2623,1.2609,1.26177,10479,0,0
2024-03-27 08:00:00,1.26177,1.2631999999999999,1.26128,1.26219,13903,0,0
2024-03-27 12:00:00,1.2622,1.26387,1.26079,1.2616800000000001,16803,0,0
2024-03-27 16:00:00,1.2616800000000001,1.26334,1.26055,1.2631000000000001,16403,0,0
2024-03-27 20:00:00,1.2631000000000001,1.26411,1.26246,1.26403,9200,0,0
2024-03-28 00:00:00,1.26403,1.26403,1.26111,1.2626,5573,0,0
2024-03-28 04:00:00,1.2625899999999999,1.26349,1.26206,1.26311,8117,0,0
2024-03-28 08:00:00,1.26311,1.26373,1.26033,1.26065,9883,0,0
2024-03-28 12:00:00,1.26063,1.26428,1.2585899999999999,1.26407,15505,0,0
2024-03-28 16:00:00,1.2640799999999999,1.26545,1.26215,1.26345,21685,0,0
2024-03-28 20:00:00,1.26345,1.2637399999999999,1.26156,1.26234,9949,0,0
2024-03-29 00:00:00,1.26181,1.26289,1.26162,1.26255,5921,0,0
2024-03-29 04:00:00,1.26255,1.26309,1.26151,1.26221,5187,0,0
2024-03-29 08:00:00,1.26221,1.26257,1.2616,1.26255,4534,2,0
2024-03-29 12:00:00,1.26255,1.26361,1.26092,1.26318,5156,0,0
2024-03-29 16:00:00,1.26318,1.26445,1.26281,1.2628599999999999,3878,1,0
2024-03-29 20:00:00,1.2628599999999999,1.26287,1.26142,1.26217,2043,6,0
2024-04-01 00:00:00,1.25715,1.26421,1.25715,1.2635100000000001,8115,0,0
2024-04-01 04:00:00,1.2635100000000001,1.26391,1.26257,1.26297,9803,0,0
2024-04-01 08:00:00,1.26297,1.26319,1.2616399999999999,1.26224,10107,0,0
2024-04-01 12:00:00,1.26224,1.26244,1.26028,1.26123,10546,0,0
2024-04-01 16:00:00,1.26123,1.26136,1.25397,1.25453,18137,0,0
2024-04-01 20:00:00,1.25453,1.25513,1.2542200000000001,1.25509,9563,0,0
2024-04-02 00:00:00,1.25482,1.25546,1.25414,1.25471,6287,0,0
2024-04-02 04:00:00,1.25471,1.25495,1.25407,1.25446,7048,0,0
2024-04-02 08:00:00,1.25446,1.25648,1.25396,1.25622,13580,0,0
2024-04-02 12:00:00,1.25622,1.25766,1.25545,1.25568,14717,0,0
2024-04-02 16:00:00,1.25568,1.25778,1.2552400000000001,1.25716,19867,0,0
2024-04-02 20:00:00,1.25716,1.25786,1.25665,1.25773,6569,0,0
2024-04-03 00:00:00,1.25708,1.25813,1.25698,1.25728,4776,0,0
2024-04-03 04:00:00,1.25728,1.25831,1.2567300000000001,1.25786,7105,0,0
2024-04-03 08:00:00,1.25787,1.25827,1.25627,1.2577099999999999,11342,0,0
2024-04-03 12:00:00,1.25772,1.25885,1.25675,1.25728,15029,0,0
2024-04-03 16:00:00,1.2572999999999999,1.26511,1.25675,1.26458,24994,0,0
2024-04-03 20:00:00,1.26459,1.26559,1.26401,1.26519,9319,0,0
2024-04-04 00:00:00,1.26452,1.2656399999999999,1.26446,1.26526,5643,0,0
2024-04-04 04:00:00,1.26526,1.26555,1.2646899999999999,1.26525,6137,0,0
2024-04-04 08:00:00,1.26525,1.26698,1.26509,1.26635,12812,0,0
2024-04-04 12:00:00,1.26634,1.26697,1.26478,1.26687,13203,0,0
2024-04-04 16:00:00,1.26687,1.26836,1.26617,1.2665899999999999,15032,0,0
2024-04-04 20:00:00,1.2665899999999999,1.26701,1.2635399999999999,1.26425,15255,0,0
2024-04-05 00:00:00,1.26329,1.26486,1.26292,1.26472,6073,0,0
2024-04-05 04:00:00,1.26472,1.26475,1.26214,1.2625600000000001,10222,0,0
2024-04-05 08:00:00,1.2625600000000001,1.2640500000000001,1.26143,1.26369,12128,0,0
2024-04-05 12:00:00,1.2637,1.26451,1.25826,1.25949,16927,0,0
2024-04-05 16:00:00,1.25949,1.26356,1.25744,1.2635,24959,0,0
2024-04-05 20:00:00,1.26349,1.2640799999999999,1.26315,1.2637,11234,0,0
2024-04-08 00:00:00,1.26217,1.26342,1.26148,1.26166,5290,0,0
2024-04-08 04:00:00,1.26165,1.26397,1.2616100000000001,1.26294,11702,0,0
2024-04-08 08:00:00,1.26294,1.26348,1.26186,1.26219,13698,0,0
2024-04-08 12:00:00,1.26219,1.26364,1.26136,1.26264,12378,0,0
2024-04-08 16:00:00,1.26264,1.2656100000000001,1.26264,1.26486,18084,0,0
2024-04-08 20:00:00,1.26486,1.26641,1.26472,1.26548,8506,0,0
2024-04-09 00:00:00,1.26547,1.2659799999999999,1.26394,1.2654,4158,0,0
2024-04-09 04:00:00,1.2654,1.26618,1.26525,1.2656800000000001,11083,0,0
2024-04-09 08:00:00,1.2656800000000001,1.26644,1.26489,1.26606,10691,0,0
2024-04-09 12:00:00,1.26606,1.27036,1.26571,1.26968,13690,0,0
2024-04-09 16:00:00,1.26968,1.27095,1.26668,1.26698,20280,0,0
2024-04-09 20:00:00,1.26698,1.26799,1.26631,1.2677,10292,0,0
2024-04-10 00:00:00,1.2666,1.2677800000000001,1.26616,1.2675100000000001,3888,0,0
2024-04-10 04:00:00,1.2675100000000001,1.26789,1.26691,1.2677399999999999,7555,0,0
2024-04-10 08:00:00,1.2677399999999999,1.26948,1.26731,1.26945,9686,0,0
2024-04-10 12:00:00,1.26945,1.27082,1.25952,1.26118,17033,0,0
2024-04-10 16:00:00,1.26118,1.26124,1.25203,1.2534,32502,0,0
2024-04-10 20:00:00,1.2534100000000001,1.25542,1.2521900000000001,1.254,19754,0,0
2024-04-11 00:00:00,1.25207,1.25418,1.25207,1.25374,7326,0,0
2024-04-11 04:00:00,1.25375,1.25497,1.25362,1.25474,9647,0,0
2024-04-11 08:00:00,1.25474,1.25698,1.25328,1.25506,16106,0,0
2024-04-11 12:00:00,1.25506,1.25725,1.2530299999999999,1.25672,20505,0,0
2024-04-11 16:00:00,1.25671,1.25788,1.25109,1.2537,29081,0,0
2024-04-11 20:00:00,1.2537,1.25641,1.25332,1.25531,12277,0,0
2024-04-12 00:00:00,1.25477,1.25572,1.25477,1.2555399999999999,4391,0,0
2024-04-12 04:00:00,1.2555399999999999,1.25589,1.2537,1.25378,7494,0,0
2024-04-12 08:00:00,1.25378,1.25444,1.25057,1.2508,15562,0,0
2024-04-12 12:00:00,1.2508,1.2511700000000001,1.24513,1.2454399999999999,19300,0,0
2024-04-12 16:00:00,1.24545,1.24663,1.24268,1.24491,31512,0,0
2024-04-12 20:00:00,1.24491,1.24624,1.24428,1.24492,15235,0,0
2024-04-15 00:00:00,1.2435100000000001,1.2463,1.24299,1.24523,10947,0,0
2024-04-15 04:00:00,1.24523,1.2465,1.2441,1.24607,16540,0,0
2024-04-15 08:00:00,1.24607,1.24876,1.24582,1.24819,18470,0,0
2024-04-15 12:00:00,1.24819,1.24987,1.2451,1.24794,18994,0,0
2024-04-15 16:00:00,1.24795,1.24964,1.24451,1.24574,26576,0,0
2024-04-15 20:00:00,1.24575,1.24625,1.2436,1.24449,15960,0,0
2024-04-16 00:00:00,1.24251,1.24494,1.24251,1.24376,6101,0,0
2024-04-16 04:00:00,1.24376,1.24391,1.2420499999999999,1.24331,12844,0,0
2024-04-16 08:00:00,1.24331,1.24488,1.24087,1.24368,17289,0,0
2024-04-16 12:00:00,1.24368,1.2472,1.24367,1.24606,18346,0,0
2024-04-16 16:00:00,1.24606,1.24676,1.24273,1.24356,28420,0,0
2024-04-16 20:00:00,1.24356,1.24511,1.2405599999999999,1.24265,23165,0,0
2024-04-17 00:00:00,1.24158,1.24329,1.24158,1.24294,6493,0,0
2024-04-17 04:00:00,1.24294,1.244,1.24251,1.24295,9785,0,0
2024-04-17 08:00:00,1.24295,1.24818,1.24172,1.24716,19754,0,0
2024-04-17 12:00:00,1.24715,1.24769,1.2446,1.24506,16495,0,0
2024-04-17 16:00:00,1.24506,1.24694,1.24243,1.24289,27053,0,0
2024-04-17 20:00:00,1.2429000000000001,1.24655,1.24268,1.24546,18721,0,0
2024-04-18 00:00:00,1.24415,1.24584,1.24414,1.24532,5843,0,0
2024-04-18 04:00:00,1.24532,1.24715,1.24493,1.24707,9963,0,0
2024-04-18 08:00:00,1.24707,1.24847,1.24625,1.24741,14093,0,0
2024-04-18 12:00:00,1.24743,1.24821,1.24474,1.24589,16234,0,0
2024-04-18 16:00:00,1.24589,1.24685,1.24365,1.24487,25168,0,0
2024-04-18 20:00:00,1.24487,1.24502,1.24337,1.24365,15075,0,0
2024-04-19 00:00:00,1.24258,1.24388,1.24258,1.24276,6276,0,0
2024-04-19 04:00:00,1.24276,1.24297,1.2389000000000001,1.24198,28980,0,0
2024-04-19 08:00:00,1.24198,1.24518,1.24035,1.24404,22951,0,0
2024-04-19 12:00:00,1.24404,1.24638,1.24296,1.24487,18464,0,0
2024-04-19 16:00:00,1.24487,1.24683,1.23726,1.2389999999999999,25428,0,0
2024-04-19 20:00:00,1.2389999999999999,1.23935,1.23669,1.23692,14955,0,0
2024-04-22 00:00:00,1.23728,1.2385,1.23648,1.23727,7057,0,0
2024-04-22 04:00:00,1.23727,1.2392400000000001,1.23726,1.2386300000000001,9502,0,0
2024-04-22 08:00:00,1.2386300000000001,1.23874,1.2351,1.23658,14902,0,0
2024-04-22 12:00:00,1.23658,1.23674,1.23092,1.23113,17495,0,0
2024-04-22 16:00:00,1.23113,1.23471,1.22997,1.23471,17391,0,0
2024-04-22 20:00:00,1.23471,1.23618,1.23453,1.23499,9617,0,0
2024-04-23 00:00:00,1.23282,1.2356,1.23282,1.23546,3926,0,0
2024-04-23 04:00:00,1.23546,1.23589,1.23477,1.23516,10571,0,0
2024-04-23 08:00:00,1.23515,1.23886,1.23319,1.23702,16931,0,0
2024-04-23 12:00:00,1.23702,1.24066,1.23458,1.23915,16554,0,0
2024-04-23 16:00:00,1.23915,1.24586,1.2381199999999999,1.24449,24781,0,0
2024-04-23 20:00:00,1.24449,1.24585,1.2444600000000001,1.245,10272,0,0
2024-04-24 00:00:00,1.24321,1.24602,1.24321,1.24585,4553,0,0
2024-04-24 04:00:00,1.24585,1.24649,1.2453,1.2455,7957,0,0
2024-04-24 08:00:00,1.2455,1.24572,1.24227,1.2426300000000001,12460,0,0
2024-04-24 12:00:00,1.24264,1.24478,1.24253,1.24419,14413,0,0
2024-04-24 16:00:00,1.24419,1.24554,1.2426599999999999,1.24465,21256,0,0
2024-04-24 20:00:00,1.24465,1.24701,1.24459,1.24638,11292,0,0
2024-04-25 00:00:00,1.2461,1.24648,1.24396,1.2462,3984,0,0
2024-04-25 04:00:00,1.2462,1.24686,1.24545,1.24673,9683,0,0
2024-04-25 08:00:00,1.24673,1.25232,1.24665,1.25214,14380,0,0
2024-04-25 12:00:00,1.25214,1.25264,1.24668,1.24782,18330,0,0
2024-04-25 16:00:00,1.24784,1.25173,1.2457,1.25148,30241,0,0
2024-04-25 20:00:00,1.25149,1.25229,1.25039,1.2513,14674,0,0
2024-04-26 00:00:00,1.25084,1.25132,1.25,1.25049,5533,0,0
2024-04-26 04:00:00,1.25049,1.25086,1.24941,1.25009,9790,0,0
2024-04-26 08:00:00,1.25009,1.25411,1.2497,1.25272,17921,0,0
2024-04-26 12:00:00,1.25272,1.2541,1.2497,1.25083,19810,0,0
2024-04-26 16:00:00,1.25083,1.25182,1.24493,1.24875,24998,0,0
2024-04-26 20:00:00,1.24875,1.25041,1.24855,1.24922,8927,0,0
2024-04-29 00:00:00,1.2476,1.25171,1.24736,1.25155,6479,0,0
2024-04-29 04:00:00,1.25155,1.25485,1.25125,1.25423,15977,0,0
2024-04-29 08:00:00,1.25423,1.25477,1.25123,1.25186,22476,0,0
2024-04-29 12:00:00,1.25186,1.25439,1.25075,1.2530000000000001,15749,0,0
2024-04-29 16:00:00,1.25299,1.25696,1.25147,1.2563,20304,0,0
2024-04-29 20:00:00,1.25634,1.25696,1.25519,1.25614,10698,0,0
2024-04-30 00:00:00,1.25625,1.2564199999999999,1.25515,1.25552,5311,0,0
2024-04-30 04:00:00,1.25552,1.25583,1.25423,1.2545600000000001,8248,0,0
2024-04-30 08:00:00,1.2545600000000001,1.25464,1.25243,1.25396,14162,0,0
2024-04-30 12:00:00,1.2539500000000001,1.25549,1.25026,1.25187,19637,0,0
2024-04-30 16:00:00,1.25187,1.25404,1.25014,1.25073,29088,0,0
2024-04-30 20:00:00,1.25074,1.25121,1.249,1.24912,12981,0,0
2024-05-01 00:00:00,1.24917,1.24962,1.24815,1.24858,6448,0,0
2024-05-01 04:00:00,1.24858,1.24894,1.24722,1.24774,5016,0,0
2024-05-01 08:00:00,1.24774,1.24981,1.24664,1.24979,10953,0,0
2024-05-01 12:00:00,1.24979,1.24982,1.24763,1.24878,13907,0,0
2024-05-01 16:00:00,1.24878,1.24996,1.24772,1.2481,20486,0,0
2024-05-01 20:00:00,1.2481,1.25503,1.24787,1.25292,34564,0,0
2024-05-02 00:00:00,1.25261,1.25403,1.25122,1.2527599999999999,9056,0,0
2024-05-02 04:00:00,1.25275,1.25397,1.25204,1.25342,10220,0,0
2024-05-02 08:00:00,1.25343,1.25446,1.25119,1.2521,19726,0,0
2024-05-02 12:00:00,1.25209,1.25329,1.25052,1.2515100000000001,19454,0,0
2024-05-02 16:00:00,1.2515100000000001,1.2521900000000001,1.24719,1.25164,28428,0,0
2024-05-02 20:00:00,1.25163,1.2539,1.25142,1.25347,13415,0,0
2024-05-03 00:00:00,1.25338,1.25454,1.2522,1.25439,6278,0,0
2024-05-03 04:00:00,1.25439,1.25571,1.25423,1.25477,10296,0,0
2024-05-03 08:00:00,1.25478,1.2563,1.25393,1.25595,14669,0,0
2024-05-03 12:00:00,1.25595,1.2634699999999999,1.25515,1.26063,20355,0,0
2024-05-03 16:00:00,1.26063,1.26105,1.25295,1.25428,36002,0,0
2024-05-03 20:00:00,1.2542900000000001,1.25549,1.2539500000000001,1.25473,10403,0,0
2024-05-06 00:00:00,1.25365,1.25534,1.25345,1.25509,6647,0,0
2024-05-06 04:00:00,1.25509,1.2557,1.25435,1.25436,11212,0,0
2024-05-06 08:00:00,1.25437,1.2582,1.2542200000000001,1.25812,13705,0,0
2024-05-06 12:00:00,1.25812,1.25945,1.25722,1.25912,12869,0,0
2024-05-06 16:00:00,1.25912,1.25919,1.25583,1.25637,14566,0,0
2024-05-06 20:00:00,1.25637,1.25694,1.2558,1.2562,8832,0,0
2024-05-07 00:00:00,1.2559,1.25694,1.25545,1.25686,5930,0,0
2024-05-07 04:00:00,1.25686,1.25709,1.25492,1.25532,10620,0,0
2024-05-07 08:00:00,1.25532,1.25563,1.2532,1.2539799999999999,14804,0,0
2024-05-07 12:00:00,1.2539799999999999,1.25548,1.25296,1.25537,13682,0,0
2024-05-07 16:00:00,1.25536,1.2565,1.25257,1.25267,17032,0,0
2024-05-07 20:00:00,1.25267,1.2527300000000001,1.2501,1.25079,9917,0,0
2024-05-08 00:00:00,1.2508,1.25122,1.24951,1.24957,5707,0,0
2024-05-08 04:00:00,1.24959,1.24973,1.24841,1.2487,10490,0,0
2024-05-08 08:00:00,1.2487,1.24931,1.24678,1.24753,12904,0,0
2024-05-08 12:00:00,1.24753,1.2501,1.2474,1.24799,13363,0,0
2024-05-08 16:00:00,1.24799,1.25049,1.24731,1.24978,15683,0,0
2024-05-08 20:00:00,1.24979,1.25018,1.24928,1.24973,7194,0,0
2024-05-09 00:00:00,1.24973,1.25007,1.24858,1.24901,4753,0,0
2024-05-09 04:00:00,1.24901,1.25019,1.24881,1.24919,8378,0,0
2024-05-09 08:00:00,1.24919,1.24933,1.24703,1.24732,10538,0,0
2024-05-09 12:00:00,1.24732,1.25116,1.24459,1.25026,21343,0,0
2024-05-09 16:00:00,1.25026,1.25226,1.24882,1.25143,19631,0,0
2024-05-09 20:00:00,1.25143,1.25268,1.2511700000000001,1.25235,8607,0,0
2024-05-10 00:00:00,1.25232,1.25298,1.25116,1.25201,5109,0,0
2024-05-10 04:00:00,1.25201,1.25248,1.25122,1.25153,7356,0,0
2024-05-10 08:00:00,1.25153,1.25416,1.25147,1.25324,15538,0,0
2024-05-10 12:00:00,1.25327,1.25362,1.25161,1.2522199999999999,14365,0,0
2024-05-10 16:00:00,1.2522199999999999,1.25375,1.25027,1.25346,17960,0,0
2024-05-10 20:00:00,1.25346,1.25358,1.25228,1.25234,6972,0,0
2024-05-13 00:00:00,1.25135,1.2527599999999999,1.25084,1.25214,5219,0,0
2024-05-13 04:00:00,1.2521499999999999,1.25289,1.25175,1.25247,10353,0,0
2024-05-13 08:00:00,1.25247,1.25357,1.25179,1.25331,14093,0,0
2024-05-13 12:00:00,1.25331,1.25575,1.2526,1.25559,12026,0,0
2024-05-13 16:00:00,1.25559,1.25689,1.25468,1.25613,15074,0,0
2024-05-13 20:00:00,1.25613,1.25637,1.2553,1.2559,8397,0,0
2024-05-14 00:00:00,1.25587,1.25624,1.25533,1.25575,5461,0,0
2024-05-14 04:00:00,1.25575,1.25599,1.2553,1.25542,10378,0,0
2024-05-14 08:00:00,1.25542,1.25636,1.25095,1.25285,14083,0,0
2024-05-14 12:00:00,1.25286,1.2564899999999999,1.25199,1.25533,16982,0,0
2024-05-14 16:00:00,1.25532,1.2593,1.2549000000000001,1.25853,19860,0,0
2024-05-14 20:00:00,1.25853,1.25926,1.25814,1.25918,7262,0,0
2024-05-15 00:00:00,1.25889,1.2591,1.25826,1.25884,4438,0,0
2024-05-15 04:00:00,1.25884,1.25996,1.25876,1.25934,6858,0,0
2024-05-15 08:00:00,1.25933,1.2614,1.25869,1.26125,12052,0,0
2024-05-15 12:00:00,1.26125,1.26702,1.26032,1.26451,18551,0,0
2024-05-15 16:00:00,1.26451,1.26772,1.2614,1.2674400000000001,24292,0,0
2024-05-15 20:00:00,1.2674400000000001,1.26864,1.26719,1.26863,8507,0,0
2024-05-16 00:00:00,1.26852,1.27009,1.26739,1.26994,6251,0,0
2024-05-16 04:00:00,1.26994,1.2699500000000001,1.26833,1.26877,10990,0,0
2024-05-16 08:00:00,1.26877,1.26887,1.26693,1.26746,13015,0,0
2024-05-16 12:00:00,1.26746,1.26756,1.26524,1.26546,13982,0,0
2024-05-16 16:00:00,1.26546,1.26802,1.26434,1.26732,16509,0,0
2024-05-16 20:00:00,1.26733,1.2677,1.26674,1.26705,7464,0,0
2024-05-17 00:00:00,1.26689,1.26726,1.26614,1.26648,4921,0,0
2024-05-17 04:00:00,1.26648,1.26654,1.26524,1.26553,8539,0,0
2024-05-17 08:00:00,1.26553,1.26699,1.2645,1.26493,11430,0,0
2024-05-17 12:00:00,1.26492,1.26617,1.26455,1.2659799999999999,10947,0,0
2024-05-17 16:00:00,1.2659799999999999,1.27089,1.2659799999999999,1.27012,16072,0,0
2024-05-17 20:00:00,1.27012,1.27119,1.26999,1.27006,7464,0,0
2024-05-20 00:00:00,1.2682,1.27085,1.2682,1.27051,4971,0,0
2024-05-20 04:00:00,1.27051,1.27111,1.27004,1.27081,8486,0,0
2024-05-20 08:00:00,1.2708,1.27093,1.26894,1.27051,10685,0,0
2024-05-20 12:00:00,1.27051,1.2705899999999999,1.26925,1.2696399999999999,11790,0,0
2024-05-20 16:00:00,1.26963,1.27185,1.26959,1.2718,13017,0,0
2024-05-20 20:00:00,1.2718,1.27257,1.27044,1.2705199999999999,6560,0,0
2024-05-21 00:00:00,1.27058,1.2711700000000001,1.2695,1.27094,3236,0,0
2024-05-21 04:00:00,1.27094,1.27121,1.26973,1.27102,9501,0,0
2024-05-21 08:00:00,1.27102,1.27207,1.2704,1.27109,12793,0,0
2024-05-21 12:00:00,1.27109,1.2723900000000001,1.27061,1.27078,11328,0,0
2024-05-21 16:00:00,1.27078,1.2726899999999999,1.26863,1.2707600000000001,19186,0,0
2024-05-21 20:00:00,1.2707600000000001,1.2716,1.27019,1.27088,7350,0,0
2024-05-22 00:00:00,1.2708300000000001,1.27164,1.2703,1.27135,3814,0,0
2024-05-22 04:00:00,1.27135,1.2723,1.27091,1.27099,8619,0,0
2024-05-22 08:00:00,1.27099,1.27615,1.27081,1.27286,15189,0,0
2024-05-22 12:00:00,1.27286,1.27342,1.27003,1.2726600000000001,14697,0,0
2024-05-22 16:00:00,1.27265,1.2747899999999999,1.27212,1.2744,17032,0,0
2024-05-22 20:00:00,1.2744,1.27505,1.27104,1.27169,13372,0,0
2024-05-23 00:00:00,1.27165,1.27244,1.27105,1.2720099999999999,5687,0,0
2024-05-23 04:00:00,1.2720099999999999,1.2732,1.2717,1.27259,8101,0,0
2024-05-23 08:00:00,1.27259,1.2738800000000001,1.27162,1.2720799999999999,15493,0,0
2024-05-23 12:00:00,1.2720799999999999,1.27447,1.27051,1.27322,15337,0,0
2024-05-23 16:00:00,1.27322,1.27467,1.27026,1.27125,24623,0,0
2024-05-23 20:00:00,1.27125,1.27126,1.26855,1.26985,15309,0,0
2024-05-24 00:00:00,1.26969,1.26996,1.2687599999999999,1.26945,6276,0,0
2024-05-24 04:00:00,1.26945,1.2698,1.26874,1.26919,7652,0,0
2024-05-24 08:00:00,1.26919,1.27073,1.26753,1.27046,14841,0,0
2024-05-24 12:00:00,1.2704900000000001,1.27252,1.27033,1.27207,14835,0,0
2024-05-24 16:00:00,1.27207,1.2751000000000001,1.27175,1.2734,20548,0,0
2024-05-24 20:00:00,1.2734,1.27462,1.27322,1.27367,7949,0,0
2024-05-27 00:00:00,1.27317,1.27433,1.27288,1.27385,4239,0,0
2024-05-27 04:00:00,1.27385,1.27435,1.2738,1.2742499999999999,5314,0,0
2024-05-27 08:00:00,1.2742499999999999,1.27474,1.27341,1.27419,8706,0,0
2024-05-27 12:00:00,1.27419,1.27586,1.2741799999999999,1.27569,10463,0,0
2024-05-27 16:00:00,1.27569,1.27778,1.27548,1.27697,9792,0,0
2024-05-27 20:00:00,1.27697,1.27719,1.27675,1.27683,3807,0,0
2024-05-28 00:00:00,1.2768,1.27763,1.2764199999999999,1.27713,5470,0,0
2024-05-28 04:00:00,1.27713,1.27834,1.27705,1.27749,11143,0,0
2024-05-28 08:00:00,1.2775,1.27813,1.27626,1.27689,12238,0,0
2024-05-28 12:00:00,1.27689,1.27946,1.2763900000000001,1.27922,13156,0,0
2024-05-28 16:00:00,1.27923,1.2800799999999999,1.27709,1.27765,19120,0,0
2024-05-28 20:00:00,1.27765,1.2778100000000001,1.27542,1.27615,12388,0,0
2024-05-29 00:00:00,1.27613,1.27643,1.27522,1.27541,6403,0,0
2024-05-29 04:00:00,1.27541,1.27597,1.27466,1.27521,9385,0,0
2024-05-29 08:00:00,1.27521,1.27719,1.27488,1.27559,17212,0,0
2024-05-29 12:00:00,1.27559,1.27649,1.2735699999999999,1.27446,16606,0,0
2024-05-29 16:00:00,1.27447,1.27461,1.27051,1.2717,22574,0,0
2024-05-29 20:00:00,1.2717,1.27173,1.2699,1.27001,11304,0,0
2024-05-30 00:00:00,1.26986,1.27065,1.26905,1.26938,7604,0,0
2024-05-30 04:00:00,1.26938,1.27031,1.26901,1.2695400000000001,11090,0,0
2024-05-30 08:00:00,1.2695400000000001,1.27151,1.2681,1.27123,17104,0,0
2024-05-30 12:00:00,1.27124,1.27281,1.27033,1.27246,16821,0,0
2024-05-30 16:00:00,1.27245,1.27472,1.27179,1.27414,21094,0,0
2024-05-30 20:00:00,1.27414,1.27441,1.27263,1.27319,8762,0,0
2024-05-31 00:00:00,1.2731,1.27338,1.2725,1.27304,6910,0,0
2024-05-31 04:00:00,1.27305,1.2732299999999999,1.27153,1.27213,10768,0,0
2024-05-31 08:00:00,1.27213,1.27237,1.27003,1.27097,15328,0,0
2024-05-31 12:00:00,1.27097,1.27509,1.27073,1.27466,19519,0,0
2024-05-31 16:00:00,1.27466,1.2766199999999999,1.27177,1.27298,27050,0,0
2024-05-31 20:00:00,1.27298,1.27469,1.27245,1.27426,10831,0,0
2024-06-03 00:00:00,1.27314,1.27559,1.27256,1.27538,6909,0,0
2024-06-03 04:00:00,1.27538,1.2756,1.2738,1.27433,9859,0,0
2024-06-03 08:00:00,1.27433,1.27437,1.27042,1.27048,17840,0,0
2024-06-03 12:00:00,1.27048,1.2736,1.26946,1.27312,18550,0,0
2024-06-03 16:00:00,1.27312,1.27943,1.2730000000000001,1.2779099999999999,23651,0,0
2024-06-03 20:00:00,1.2779099999999999,1.28087,1.27755,1.28074,10737,0,0
2024-06-04 00:00:00,1.28072,1.28176,1.27987,1.28121,6110,0,0
2024-06-04 04:00:00,1.28121,1.28129,1.28039,1.2809599999999999,7249,0,0
2024-06-04 08:00:00,1.2809599999999999,1.28128,1.27739,1.27766,18658,0,0
2024-06-04 12:00:00,1.27767,1.27789,1.27429,1.2765,22653,0,0
2024-06-04 16:00:00,1.2765,1.27919,1.27589,1.27867,26490,0,0
2024-06-04 20:00:00,1.27866,1.27973,1.27673,1.2769300000000001,12594,0,0
2024-06-05 00:00:00,1.27699,1.27775,1.2759800000000001,1.27755,6054,0,0
2024-06-05 04:00:00,1.27755,1.2781,1.27701,1.2774,8404,0,0
2024-06-05 08:00:00,1.2774,1.27829,1.27647,1.2775,13995,0,0
2024-06-05 12:00:00,1.27749,1.2794699999999999,1.27668,1.27925,14636,0,0
2024-06-05 16:00:00,1.27925,1.27954,1.27554,1.27779,24141,0,0
2024-06-05 20:00:00,1.27779,1.27945,1.27748,1.2787,8697,0,0
2024-06-06 00:00:00,1.27861,1.2803499999999999,1.27794,1.28023,4545,0,0
2024-06-06 04:00:00,1.28023,1.28092,1.27945,1.27954,8208,0,0
2024-06-06 08:00:00,1.27954,1.28004,1.2775699999999999,1.27871,12623,0,0
2024-06-06 12:00:00,1.27872,1.27916,1.27663,1.27787,16383,0,0
2024-06-06 16:00:00,1.27787,1.27893,1.27626,1.27786,20498,0,0
2024-06-06 20:00:00,1.27786,1.27959,1.2778,1.27909,10364,0,0
2024-06-07 00:00:00,1.2788300000000001,1.27945,1.27836,1.2788300000000001,5091,0,0
2024-06-07 04:00:00,1.2788300000000001,1.27921,1.27836,1.27907,9664,0,0
2024-06-07 08:00:00,1.27907,1.28024,1.27819,1.27887,16258,0,0
2024-06-07 12:00:00,1.27887,1.28119,1.2725,1.2738,19433,0,0
2024-06-07 16:00:00,1.2738,1.2741,1.2716,1.27245,27150,0,0
2024-06-07 20:00:00,1.27241,1.27273,1.2718,1.2721,10187,0,0
2024-06-10 00:00:00,1.27277,1.27308,1.27097,1.27244,7072,0,0
2024-06-10 04:00:00,1.27244,1.27267,1.27106,1.27164,8365,0,0
2024-06-10 08:00:00,1.27164,1.2725,1.27058,1.27078,16193,0,0
2024-06-10 12:00:00,1.27078,1.27297,1.26881,1.27127,16684,0,0
2024-06-10 16:00:00,1.27127,1.27374,1.2704,1.27289,16240,0,0
2024-06-10 20:00:00,1.27289,1.27373,1.27244,1.27306,10604,0,0
2024-06-11 00:00:00,1.27301,1.27338,1.27185,1.27281,6399,0,0
2024-06-11 04:00:00,1.27281,1.27393,1.27247,1.27349,9553,0,0
2024-06-11 08:00:00,1.27349,1.27404,1.27138,1.27247,13849,0,0
2024-06-11 12:00:00,1.27248,1.27495,1.2723,1.27444,18976,0,0
2024-06-11 16:00:00,1.27444,1.2748,1.2705899999999999,1.27291,19135,0,0
2024-06-11 20:00:00,1.27291,1.27518,1.2727,1.2739099999999999,8526,0,0
2024-06-12 00:00:00,1.27398,1.2741799999999999,1.27308,1.27338,3457,0,0
2024-06-12 04:00:00,1.27338,1.2745199999999999,1.27331,1.27394,6505,0,0
2024-06-12 08:00:00,1.27394,1.2760099999999999,1.2737,1.27577,14370,0,0
2024-06-12 12:00:00,1.27577,1.28582,1.27489,1.28531,19483,0,0
2024-06-12 16:00:00,1.28531,1.28606,1.28259,1.28461,25414,0,0
2024-06-12 20:00:00,1.28461,1.2848899999999999,1.2791299999999999,1.27977,26899,0,0
2024-06-13 00:00:00,1.27975,1.28011,1.27904,1.27954,6473,0,0
2024-06-13 04:00:00,1.27954,1.27994,1.27802,1.27805,9725,0,0
2024-06-13 08:00:00,1.27805,1.27992,1.27726,1.27987,13165,0,0
2024-06-13 12:00:00,1.27986,1.28077,1.27618,1.27847,18292,0,0
2024-06-13 16:00:00,1.27848,1.27932,1.2738399999999999,1.2745600000000001,26028,0,0
2024-06-13 20:00:00,1.27455,1.27664,1.27453,1.2763200000000001,9827,0,0
2024-06-14 00:00:00,1.27622,1.27622,1.27505,1.27509,4463,0,0
2024-06-14 04:00:00,1.27509,1.27636,1.27491,1.27494,9097,0,0
2024-06-14 08:00:00,1.27494,1.27531,1.2720099999999999,1.27219,21350,0,0
2024-06-14 12:00:00,1.2722,1.2723,1.26702,1.26905,29128,0,0
2024-06-14 16:00:00,1.26904,1.2696100000000001,1.2657,1.2686600000000001,23616,0,0
2024-06-14 20:00:00,1.2686600000000001,1.26929,1.26787,1.2687,9572,0,0
2024-06-17 00:00:00,1.26841,1.26886,1.26728,1.26843,6229,0,0
2024-06-17 04:00:00,1.26843,1.2686899999999999,1.26767,1.26836,8154,0,0
2024-06-17 08:00:00,1.26836,1.26844,1.26612,1.26745,15310,0,0
2024-06-17 12:00:00,1.2674400000000001,1.2678,1.2659099999999999,1.26671,13832,0,0
2024-06-17 16:00:00,1.26672,1.26983,1.26643,1.2696399999999999,15645,0,0
2024-06-17 20:00:00,1.2696399999999999,1.27098,1.2695400000000001,1.27042,7422,0,0
2024-06-18 00:00:00,1.27044,1.27152,1.26942,1.27099,4359,0,0
2024-06-18 04:00:00,1.27099,1.2711299999999999,1.26932,1.26943,8473,0,0
2024-06-18 08:00:00,1.26942,1.2702,1.2673,1.26802,20383,0,0
2024-06-18 12:00:00,1.26801,1.26942,1.26692,1.26914,21418,0,0
2024-06-18 16:00:00,1.26913,1.27211,1.26856,1.27024,20759,0,0
2024-06-18 20:00:00,1.27024,1.27105,1.26984,1.27082,11662,0,0
2024-06-19 00:00:00,1.2708300000000001,1.27122,1.26973,1.27041,5436,0,0
2024-06-19 04:00:00,1.27041,1.2713700000000001,1.27034,1.27061,7223,0,0
2024-06-19 08:00:00,1.27061,1.27329,1.27002,1.27326,16172,0,0
2024-06-19 12:00:00,1.27326,1.27401,1.27156,1.27198,13889,0,0
2024-06-19 16:00:00,1.27198,1.27341,1.27169,1.2720799999999999,9793,0,0
2024-06-19 20:00:00,1.27207,1.2722,1.27142,1.27183,2142,0,0
2024-06-20 00:00:00,1.27159,1.2724,1.27093,1.27157,5475,0,0
2024-06-20 04:00:00,1.27157,1.27192,1.27101,1.2713700000000001,5909,0,0
2024-06-20 08:00:00,1.2713700000000001,1.27152,1.26959,1.26971,13084,0,0
2024-06-20 12:00:00,1.26971,1.27077,1.26752,1.26779,19297,0,0
2024-06-20 16:00:00,1.2678099999999999,1.26879,1.2659500000000001,1.26637,20083,0,0
2024-06-20 20:00:00,1.26636,1.26826,1.26547,1.26567,12445,0,0
2024-06-21 00:00:00,1.26567,1.26618,1.26514,1.26562,5871,0,0
2024-06-21 04:00:00,1.26562,1.26653,1.26549,1.2662200000000001,5688,0,0
2024-06-21 08:00:00,1.2662200000000001,1.26743,1.26303,1.26544,15331,0,0
2024-06-21 12:00:00,1.26544,1.2661,1.2631299999999999,1.26489,14695,0,0
2024-06-21 16:00:00,1.26488,1.26513,1.2622200000000001,1.2639,20489,0,0
2024-06-21 20:00:00,1.26391,1.26516,1.26357,1.26386,7210,0,0
2024-06-24 00:00:00,1.26385,1.26453,1.26328,1.2640500000000001,5946,0,0
2024-06-24 04:00:00,1.2640500000000001,1.26452,1.26329,1.26452,10310,0,0
2024-06-24 08:00:00,1.26452,1.26661,1.26447,1.26577,15646,0,0
2024-06-24 12:00:00,1.26577,1.26719,1.26571,1.26653,16546,0,0
2024-06-24 16:00:00,1.26655,1.2698,1.26654,1.26798,17930,0,0
2024-06-24 20:00:00,1.26798,1.26939,1.26731,1.26862,9525,0,0
2024-06-25 00:00:00,1.26816,1.26894,1.26796,1.26867,7137,0,0
2024-06-25 04:00:00,1.26867,1.26968,1.26836,1.26945,9382,0,0
2024-06-25 08:00:00,1.26945,1.27023,1.2683,1.27011,13802,0,0
2024-06-25 12:00:00,1.27011,1.2702499999999999,1.26753,1.268,15835,0,0
2024-06-25 16:00:00,1.268,1.26877,1.26704,1.26788,20449,0,0
2024-06-25 20:00:00,1.26787,1.2696100000000001,1.2677100000000001,1.2686,8361,0,0
2024-06-26 00:00:00,1.26844,1.26883,1.26772,1.2685,5969,0,0
2024-06-26 04:00:00,1.2685,1.26936,1.2684,1.26858,10241,0,0
2024-06-26 08:00:00,1.26858,1.26883,1.2662,1.2666,15221,0,0
2024-06-26 12:00:00,1.26658,1.26742,1.26398,1.2645,18996,0,0
2024-06-26 16:00:00,1.2645,1.26513,1.26182,1.26261,23876,0,0
2024-06-26 20:00:00,1.26261,1.26382,1.26157,1.26218,11038,0,0
2024-06-27 00:00:00,1.26214,1.26254,1.2612999999999999,1.26148,7682,0,0
2024-06-27 04:00:00,1.26148,1.26364,1.26145,1.26363,7753,0,0
2024-06-27 08:00:00,1.26363,1.26475,1.26266,1.26352,14472,0,0
2024-06-27 12:00:00,1.26352,1.26613,1.26345,1.26553,18113,0,0
2024-06-27 16:00:00,1.26553,1.26708,1.26438,1.26511,21821,0,0
2024-06-27 20:00:00,1.26512,1.2653699999999999,1.2637800000000001,1.26399,9774,0,0
2024-06-28 00:00:00,1.26391,1.26467,1.26287,1.26291,6018,0,0
2024-06-28 04:00:00,1.26291,1.26383,1.2622,1.26233,11485,0,0
2024-06-28 08:00:00,1.26233,1.26499,1.26228,1.26356,15193,0,0
2024-06-28 12:00:00,1.26356,1.26634,1.26312,1.26506,18009,0,0
2024-06-28 16:00:00,1.26504,1.26518,1.26197,1.26422,28335,0,0
2024-06-28 20:00:00,1.26422,1.26545,1.26311,1.26438,11424,0,0
2024-07-01 00:00:00,1.2647599999999999,1.26566,1.26309,1.26529,6928,0,0
2024-07-01 04:00:00,1.26528,1.2665899999999999,1.2650299999999999,1.26572,8423,0,0
2024-07-01 08:00:00,1.26572,1.2689599999999999,1.26567,1.2674,17904,0,0
2024-07-01 12:00:00,1.2674,1.26804,1.26582,1.26655,16572,0,0
2024-07-01 16:00:00,1.26655,1.27093,1.26365,1.26483,22695,0,0
2024-07-01 20:00:00,1.26483,1.26518,1.26336,1.26499,8487,0,0
2024-07-02 00:00:00,1.26498,1.26526,1.2639,1.2641200000000001,4735,0,0
2024-07-02 04:00:00,1.2641200000000001,1.26423,1.26321,1.26331,7367,0,0
2024-07-02 08:00:00,1.26331,1.26397,1.26157,1.26292,15222,0,0
2024-07-02 12:00:00,1.26291,1.26692,1.26272,1.26646,15350,0,0
2024-07-02 16:00:00,1.26646,1.26855,1.26617,1.2668599999999999,22510,0,0
2024-07-02 20:00:00,1.26685,1.2688,1.26671,1.26852,9893,0,0
2024-07-03 00:00:00,1.26848,1.26933,1.26752,1.26887,4279,0,0
2024-07-03 04:00:00,1.26887,1.26887,1.26817,1.26868,5484,0,0
2024-07-03 08:00:00,1.26868,1.27017,1.26783,1.2695699999999999,12188,0,0
2024-07-03 12:00:00,1.2695699999999999,1.27226,1.2692,1.27189,14416,0,0
2024-07-03 16:00:00,1.27188,1.27773,1.27185,1.27542,22033,0,0
2024-07-03 20:00:00,1.27541,1.27541,1.27339,1.27424,6876,0,0
2024-07-04 00:00:00,1.27408,1.27515,1.2737,1.27507,3415,0,0
2024-07-04 04:00:00,1.27507,1.2753700000000001,1.27412,1.27436,5386,0,0
2024-07-04 08:00:00,1.27436,1.27628,1.27411,1.27557,13045,0,0
2024-07-04 12:00:00,1.27556,1.27637,1.27472,1.27494,12156,0,0
2024-07-04 16:00:00,1.27494,1.27677,1.27472,1.27613,9487,0,0
2024-07-04 20:00:00,1.27613,1.27631,1.2757800000000001,1.27584,1398,0,0
2024-07-05 00:00:00,1.27584,1.27674,1.27538,1.27644,6292,0,0
2024-07-05 04:00:00,1.27644,1.2772700000000001,1.27617,1.27704,9388,0,0
2024-07-05 08:00:00,1.27704,1.2781500000000001,1.27633,1.27796,11069,0,0
2024-07-05 12:00:00,1.27795,1.28113,1.2763900000000001,1.28031,15874,0,0
2024-07-05 16:00:00,1.28031,1.28143,1.27872,1.27985,24208,0,0
2024-07-05 20:00:00,1.27985,1.28172,1.27981,1.28147,6590,0,0
2024-07-08 00:00:00,1.27953,1.28159,1.27872,1.28051,6793,0,0
2024-07-08 04:00:00,1.28051,1.2819,1.2802799999999999,1.28144,6534,0,0
2024-07-08 08:00:00,1.28145,1.2821500000000001,1.28,1.28193,15553,0,0
2024-07-08 12:00:00,1.28193,1.2840099999999999,1.28133,1.28384,14494,0,0
2024-07-08 16:00:00,1.28384,1.28458,1.282,1.28214,13774,0,0
2024-07-08 20:00:00,1.28214,1.28226,1.28058,1.28065,6287,0,0
2024-07-09 00:00:00,1.28054,1.28167,1.2801,1.28083,3927,0,0
2024-07-09 04:00:00,1.28083,1.2809300000000001,1.27987,1.28083,7895,0,0
2024-07-09 08:00:00,1.28083,1.28125,1.27962,1.28057,10888,0,0
2024-07-09 12:00:00,1.28057,1.2825199999999999,1.2793700000000001,1.28064,14635,0,0
2024-07-09 16:00:00,1.28064,1.2821500000000001,1.27779,1.27834,21472,0,0
2024-07-09 20:00:00,1.27834,1.27907,1.27817,1.27864,8017,0,0
2024-07-10 00:00:00,1.27858,1.27919,1.2778800000000001,1.27861,4907,0,0
2024-07-10 04:00:00,1.2786,1.27948,1.2784499999999999,1.2794400000000001,10158,0,0
2024-07-10 08:00:00,1.2794400000000001,1.28022,1.27888,1.27969,11402,0,0
2024-07-10 12:00:00,1.27969,1.28128,1.27968,1.28085,12888,0,0
2024-07-10 16:00:00,1.28085,1.2846899999999999,1.28064,1.28463,15222,0,0
2024-07-10 20:00:00,1.28463,1.28488,1.2834699999999999,1.2848,7341,0,0
2024-07-11 00:00:00,1.28479,1.28585,1.28465,1.28551,4285,0,0
2024-07-11 04:00:00,1.28551,1.28641,1.28495,1.28577,6968,0,0
2024-07-11 08:00:00,1.28577,1.28755,1.2855400000000001,1.28754,11468,0,0
2024-07-11 12:00:00,1.28754,1.29495,1.28691,1.29322,16957,0,0
2024-07-11 16:00:00,1.29319,1.29487,1.29041,1.29109,27566,0,0
2024-07-11 20:00:00,1.29109,1.2915,1.2899,1.2913700000000001,11185,0,0
2024-07-12 00:00:00,1.29143,1.29243,1.29033,1.29093,8732,0,0
2024-07-12 04:00:00,1.29093,1.29127,1.29022,1.2911299999999999,10970,0,0
2024-07-12 08:00:00,1.2911299999999999,1.29461,1.29028,1.29461,14955,0,0
2024-07-12 12:00:00,1.29461,1.29688,1.29304,1.29654,19124,0,0
2024-07-12 16:00:00,1.29654,1.29909,1.2958,1.29873,23108,0,0
2024-07-12 20:00:00,1.29873,1.29905,1.2980800000000001,1.29882,7382,0,0
2024-07-15 00:00:00,1.29626,1.29804,1.2962099999999999,1.2966199999999999,8337,0,0
2024-07-15 04:00:00,1.2966199999999999,1.29752,1.2962,1.29752,7216,0,0
2024-07-15 08:00:00,1.29752,1.29897,1.29637,1.29891,14764,0,0
2024-07-15 12:00:00,1.29891,1.29912,1.29675,1.29772,17340,0,0
2024-07-15 16:00:00,1.29772,1.29949,1.29678,1.29775,21246,0,0
2024-07-15 20:00:00,1.29775,1.29775,1.2962099999999999,1.29677,13372,0,0
2024-07-16 00:00:00,1.2967,1.29709,1.29614,1.29651,5990,0,0
2024-07-16 04:00:00,1.29651,1.29669,1.29616,1.29633,9005,0,0
2024-07-16 08:00:00,1.29633,1.29729,1.29515,1.29635,14010,0,0
2024-07-16 12:00:00,1.29634,1.298,1.29382,1.2947,18872,0,0
2024-07-16 16:00:00,1.2947,1.29585,1.2941099999999999,1.29546,18644,0,0
2024-07-16 20:00:00,1.29546,1.29771,1.29532,1.2973,8681,0,0
2024-07-17 00:00:00,1.29736,1.29783,1.29609,1.29696,6291,0,0
2024-07-17 04:00:00,1.29696,1.29787,1.29667,1.29684,7290,0,0
2024-07-17 08:00:00,1.29684,1.30307,1.2966199999999999,1.30287,20160,0,0
2024-07-17 12:00:00,1.30287,1.30446,1.30223,1.30324,18523,0,0
2024-07-17 16:00:00,1.30324,1.3036400000000001,1.2999100000000001,1.30041,22622,0,0
2024-07-17 20:00:00,1.30041,1.30121,1.30007,1.30081,12190,0,0
2024-07-18 00:00:00,1.30084,1.3011,1.30022,1.30037,7915,0,0
2024-07-18 04:00:00,1.30037,1.30074,1.29993,1.3001800000000001,10150,0,0
2024-07-18 08:00:00,1.3001800000000001,1.3013,1.29831,1.29861,18080,0,0
2024-07-18 12:00:00,1.29861,1.29966,1.29745,1.29816,15302,0,0
2024-07-18 16:00:00,1.29816,1.29852,1.29685,1.2972000000000001,24088,0,0
2024-07-18 20:00:00,1.2972000000000001,1.29724,1.29404,1.2943,14960,0,0
2024-07-19 00:00:00,1.2941500000000001,1.29516,1.29386,1.29448,7033,0,0
2024-07-19 04:00:00,1.29448,1.2946900000000001,1.29342,1.29387,9328,0,0
2024-07-19 08:00:00,1.29387,1.2941799999999999,1.29146,1.29173,16829,0,0
2024-07-19 12:00:00,1.2917399999999999,1.2929,1.29012,1.29203,16927,0,0
2024-07-19 16:00:00,1.29203,1.29266,1.2912,1.29144,19476,0,0
2024-07-19 20:00:00,1.29144,1.29186,1.29067,1.29122,10026,0,0
2024-07-22 00:00:00,1.2916,1.29396,1.2906,1.29287,10298,0,0
2024-07-22 04:00:00,1.29287,1.293,1.29123,1.2918,9966,0,0
2024-07-22 08:00:00,1.29179,1.29324,1.291,1.29277,15925,0,0
2024-07-22 12:00:00,1.29278,1.29425,1.29139,1.29166,17711,0,0
2024-07-22 16:00:00,1.29166,1.2919800000000001,1.29055,1.2918,18913,0,0
2024-07-22 20:00:00,1.2918,1.29336,1.2918,1.29336,10264,0,0
2024-07-23 00:00:00,1.2932299999999999,1.29351,1.29249,1.29285,7744,0,0
2024-07-23 04:00:00,1.29285,1.29339,1.29247,1.29281,8285,0,0
2024-07-23 08:00:00,1.29281,1.29288,1.29095,1.2923499999999999,16097,0,0
2024-07-23 12:00:00,1.2923499999999999,1.29258,1.28879,1.29058,18024,0,0
2024-07-23 16:00:00,1.29058,1.29178,1.2904499999999999,1.29102,18351,0,0
2024-07-23 20:00:00,1.29102,1.2913299999999999,1.29004,1.2906900000000001,9123,0,0
2024-07-24 00:00:00,1.2907,1.29088,1.28958,1.28971,6071,0,0
2024-07-24 04:00:00,1.28971,1.29,1.28841,1.28875,10172,0,0
2024-07-24 08:00:00,1.28875,1.2901799999999999,1.28775,1.28968,17330,0,0
2024-07-24 12:00:00,1.28968,1.293,1.28887,1.29284,18394,0,0
2024-07-24 16:00:00,1.29284,1.29375,1.29147,1.2926199999999999,21589,0,0
2024-07-24 20:00:00,1.2926199999999999,1.29275,1.28996,1.29065,12513,0,0
2024-07-25 00:00:00,1.29062,1.29092,1.28921,1.28961,11030,0,0
2024-07-25 04:00:00,1.28961,1.28986,1.2886199999999999,1.2889,13057,0,0
2024-07-25 08:00:00,1.2889,1.29136,1.28744,1.2886,22542,0,0
2024-07-25 12:00:00,1.2886,1.28942,1.28597,1.2875,21698,0,0
2024-07-25 16:00:00,1.2875,1.28921,1.28634,1.28831,28985,0,0
2024-07-25 20:00:00,1.2883200000000001,1.289,1.28495,1.2849599999999999,13921,0,0
2024-07-26 00:00:00,1.28504,1.28609,1.28479,1.2857,8123,0,0
2024-07-26 04:00:00,1.28569,1.2866,1.2854,1.28639,10911,0,0
2024-07-26 08:00:00,1.28639,1.28731,1.28571,1.28658,15899,0,0
2024-07-26 12:00:00,1.28658,1.28741,1.28552,1.28668,14867,0,0
2024-07-26 16:00:00,1.28667,1.28754,1.28499,1.28744,19383,0,0
2024-07-26 20:00:00,1.28744,1.28781,1.28643,1.2865,9694,0,0
2024-07-29 00:00:00,1.28556,1.28883,1.2854999999999999,1.28849,9457,0,0
2024-07-29 04:00:00,1.2885,1.28881,1.2873999999999999,1.28751,11913,0,0
2024-07-29 08:00:00,1.28751,1.28781,1.28083,1.28131,15877,0,0
2024-07-29 12:00:00,1.28131,1.28468,1.2807,1.28383,16118,0,0
2024-07-29 16:00:00,1.28383,1.28599,1.28234,1.28544,18465,0,0
2024-07-29 20:00:00,1.28544,1.2867899999999999,1.2854,1.2861,10046,0,0
2024-07-30 00:00:00,1.28616,1.28663,1.28512,1.28539,7306,0,0
2024-07-30 04:00:00,1.28539,1.28595,1.28453,1.2858,11317,0,0
2024-07-30 08:00:00,1.2858,1.2864200000000001,1.28437,1.28593,15357,0,0
2024-07-30 12:00:00,1.28594,1.28646,1.28288,1.2829,14289,0,0
2024-07-30 16:00:00,1.2829,1.28442,1.28201,1.28338,22044,0,0
2024-07-30 20:00:00,1.28338,1.28393,1.28271,1.28356,12458,0,0
2024-07-31 00:00:00,1.28352,1.2842799999999999,1.28268,1.2840799999999999,9914,0,0
2024-07-31 04:00:00,1.2840799999999999,1.28529,1.28354,1.2845900000000001,15409,0,0
2024-07-31 08:00:00,1.2845900000000001,1.28473,1.28212,1.28301,19820,0,0
2024-07-31 12:00:00,1.283,1.28541,1.28211,1.28479,20118,0,0
2024-07-31 16:00:00,1.28478,1.28543,1.28224,1.28365,23583,0,0
2024-07-31 20:00:00,1.28365,1.28644,1.28213,1.2855400000000001,22670,0,0
2024-08-01 00:00:00,1.28541,1.2863,1.28484,1.28536,10812,0,0
2024-08-01 04:00:00,1.28536,1.28609,1.28481,1.28505,12840,0,0
2024-08-01 08:00:00,1.28505,1.28536,1.27765,1.27792,20986,0,0
2024-08-01 12:00:00,1.27793,1.28237,1.2753,1.28104,22559,0,0
2024-08-01 16:00:00,1.28104,1.28396,1.27518,1.27542,27097,0,0
2024-08-01 20:00:00,1.27543,1.27584,1.2727,1.27386,16061,0,0
2024-08-02 00:00:00,1.27371,1.2743,1.2720799999999999,1.27237,12598,0,0
2024-08-02 04:00:00,1.27237,1.2729599999999999,1.2713,1.2725,13450,0,0
2024-08-02 08:00:00,1.2725,1.27398,1.27073,1.27355,21426,0,0
2024-08-02 12:00:00,1.27355,1.28086,1.27332,1.28025,21993,0,0
2024-08-02 16:00:00,1.28023,1.2840500000000001,1.27839,1.27888,35846,0,0
2024-08-02 20:00:00,1.27888,1.28128,1.27885,1.28049,14454,0,0
2024-08-05 00:00:00,1.28007,1.28153,1.278,1.2784,15741,0,0
2024-08-05 04:00:00,1.27841,1.28052,1.27782,1.2800799999999999,22888,0,0
2024-08-05 08:00:00,1.28009,1.28171,1.27102,1.27625,46300,0,0
2024-08-05 12:00:00,1.27624,1.27779,1.27273,1.27523,33636,0,0
2024-08-05 16:00:00,1.27524,1.27962,1.27484,1.27665,49706,0,0
2024-08-05 20:00:00,1.27664,1.2779,1.27443,1.27762,23968,0,0
2024-08-06 00:00:00,1.27733,1.28029,1.27625,1.2802799999999999,17930,0,0
2024-08-06 04:00:00,1.2802799999999999,1.2803200000000001,1.27722,1.2772999999999999,22275,0,0
2024-08-06 08:00:00,1.2772999999999999,1.27787,1.27299,1.27325,32685,0,0
2024-08-06 12:00:00,1.27324,1.27324,1.26727,1.26794,28481,0,0
2024-08-06 16:00:00,1.26793,1.27265,1.26787,1.2705,33412,0,0
2024-08-06 20:00:00,1.2705,1.27097,1.26848,1.26917,17747,0,0
2024-08-07 00:00:00,1.26908,1.27035,1.26809,1.27026,11407,0,0
2024-08-07 04:00:00,1.27027,1.27183,1.2693400000000001,1.27045,20244,0,0
2024-08-07 08:00:00,1.27045,1.27164,1.26875,1.2702,24493,0,0
2024-08-07 12:00:00,1.2702,1.2736,1.26974,1.27227,20613,0,0
2024-08-07 16:00:00,1.27227,1.2726,1.27047,1.2707600000000001,24922,0,0
2024-08-07 20:00:00,1.2707600000000001,1.27098,1.26834,1.26924,18845,0,0
2024-08-08 00:00:00,1.26908,1.2694,1.26784,1.2681200000000001,10492,0,0
2024-08-08 04:00:00,1.2681200000000001,1.27026,1.2681,1.26956,14272,0,0
2024-08-08 08:00:00,1.2695699999999999,1.27138,1.26902,1.27005,24086,0,0
2024-08-08 12:00:00,1.27005,1.27044,1.26651,1.26757,25645,0,0
2024-08-08 16:00:00,1.26757,1.27437,1.26757,1.2742499999999999,31289,0,0
2024-08-08 20:00:00,1.2742499999999999,1.27524,1.27346,1.27484,14145,0,0
2024-08-09 00:00:00,1.27434,1.27493,1.27381,1.27408,8792,0,0
2024-08-09 04:00:00,1.27408,1.2760500000000001,1.27407,1.27498,11386,0,0
2024-08-09 08:00:00,1.27498,1.2772299999999999,1.27478,1.27653,18548,0,0
2024-08-09 12:00:00,1.27652,1.27684,1.27263,1.27372,18967,0,0
2024-08-09 16:00:00,1.27372,1.27739,1.27315,1.2758,22932,0,0
2024-08-09 20:00:00,1.2758,1.27701,1.2753999999999999,1.27579,11764,0,0
2024-08-12 00:00:00,1.27624,1.27624,1.27469,1.27569,6308,0,0
2024-08-12 04:00:00,1.27569,1.27636,1.27562,1.2763200000000001,8921,0,0
2024-08-12 08:00:00,1.2763200000000001,1.27823,1.276,1.2764,16603,0,0
2024-08-12 12:00:00,1.27638,1.27756,1.27529,1.2763900000000001,15741,0,0
2024-08-12 16:00:00,1.2763900000000001,1.27941,1.27572,1.2758099999999999,25200,0,0
2024-08-12 20:00:00,1.2758099999999999,1.27713,1.27556,1.27652,13415,0,0
2024-08-13 00:00:00,1.27612,1.27709,1.27594,1.27665,5926,0,0
2024-08-13 04:00:00,1.27665,1.27792,1.27644,1.27789,10724,0,0
2024-08-13 08:00:00,1.27789,1.28131,1.27763,1.2798,18757,0,0
2024-08-13 12:00:00,1.2798,1.28129,1.27795,1.28074,21566,0,0
2024-08-13 16:00:00,1.28073,1.28472,1.27999,1.28452,20756,0,0
2024-08-13 20:00:00,1.28452,1.28731,1.28438,1.28629,13755,0,0
2024-08-14 00:00:00,1.28594,1.28677,1.28522,1.28633,6031,0,0
2024-08-14 04:00:00,1.28635,1.28685,1.28541,1.2858800000000001,9655,0,0
2024-08-14 08:00:00,1.2858800000000001,1.28626,1.28164,1.28413,18434,0,0
2024-08-14 12:00:00,1.28413,1.286,1.28267,1.2840099999999999,19628,0,0
2024-08-14 16:00:00,1.28397,1.2864,1.28333,1.28381,23195,0,0
2024-08-14 20:00:00,1.2838,1.2838,1.28211,1.28254,12987,0,0
2024-08-15 00:00:00,1.28257,1.28319,1.2821500000000001,1.28273,5108,0,0
2024-08-15 04:00:00,1.28273,1.2840799999999999,1.28197,1.2840099999999999,8758,0,0
2024-08-15 08:00:00,1.2840099999999999,1.28582,1.28382,1.28438,14319,0,0
2024-08-15 12:00:00,1.28438,1.28697,1.28102,1.28179,16017,0,0
2024-08-15 16:00:00,1.28179,1.28718,1.27987,1.28517,25224,0,0
2024-08-15 20:00:00,1.28517,1.28646,1.28483,1.28533,12264,0,0
2024-08-16 00:00:00,1.28505,1.28638,1.2848600000000001,1.28627,6790,0,0
2024-08-16 04:00:00,1.28627,1.28753,1.28604,1.28729,7201,0,0
2024-08-16 08:00:00,1.28729,1.28914,1.28705,1.2885499999999999,12822,0,0
2024-08-16 12:00:00,1.2885499999999999,1.2913999999999999,1.28849,1.28974,11084,0,0
2024-08-16 16:00:00,1.28974,1.29217,1.28817,1.29209,15234,0,0
2024-08-16 20:00:00,1.29208,1.2946,1.29208,1.2945,9256,0,0
2024-08-19 00:00:00,1.29346,1.2953299999999999,1.29304,1.29452,6126,0,0
2024-08-19 04:00:00,1.29452,1.29603,1.2943799999999999,1.29534,8150,0,0
2024-08-19 08:00:00,1.29534,1.29758,1.29527,1.29719,18097,0,0
2024-08-19 12:00:00,1.29719,1.29724,1.29426,1.29508,15960,0,0
2024-08-19 16:00:00,1.29508,1.29974,1.29406,1.29818,18468,0,0
2024-08-19 20:00:00,1.29818,1.29963,1.29791,1.29907,10910,0,0
2024-08-20 00:00:00,1.2986900000000001,1.2993999999999999,1.298,1.2986,5107,0,0
2024-08-20 04:00:00,1.2986,1.29932,1.2977,1.29798,9422,0,0
2024-08-20 08:00:00,1.29797,1.30131,1.29744,1.30009,17192,0,0
2024-08-20 12:00:00,1.30008,1.3029899999999999,1.29917,1.3027199999999999,16674,0,0
2024-08-20 16:00:00,1.30271,1.30525,1.30128,1.30252,22461,0,0
2024-08-20 20:00:00,1.30252,1.30362,1.30178,1.30337,11529,0,0
2024-08-21 00:00:00,1.30332,1.30385,1.30252,1.30346,6856,0,0
2024-08-21 04:00:00,1.30346,1.30362,1.30229,1.30266,9117,0,0
2024-08-21 08:00:00,1.3026499999999999,1.30315,1.30111,1.30132,18183,0,0
2024-08-21 12:00:00,1.30132,1.30483,1.30127,1.30451,15075,0,0
2024-08-21 16:00:00,1.30451,1.30914,1.30346,1.30893,30371,0,0
2024-08-21 20:00:00,1.30893,1.31196,1.30847,1.3090899999999999,14984,0,0
2024-08-22 00:00:00,1.30839,1.30969,1.30839,1.30901,6260,0,0
2024-08-22 04:00:00,1.30902,1.30915,1.30816,1.30839,8702,0,0
2024-08-22 08:00:00,1.30839,1.31289,1.30813,1.31139,15957,0,0
2024-08-22 12:00:00,1.31139,1.3127900000000001,1.30956,1.3118699999999999,18885,0,0
2024-08-22 16:00:00,1.31188,1.31294,1.30816,1.30863,24278,0,0
2024-08-22 20:00:00,1.30863,1.30948,1.30768,1.30917,14606,0,0
2024-08-23 00:00:00,1.30865,1.31014,1.30815,1.30986,5722,0,0
2024-08-23 04:00:00,1.30986,1.31097,1.30968,1.3109600000000001,8542,0,0
2024-08-23 08:00:00,1.3109600000000001,1.31314,1.31071,1.3131300000000001,14537,0,0
2024-08-23 12:00:00,1.31312,1.3136700000000001,1.31109,1.31197,15963,0,0
2024-08-23 16:00:00,1.31193,1.32303,1.31086,1.31909,33704,0,0
2024-08-23 20:00:00,1.31909,1.32211,1.3189199999999999,1.32164,15398,0,0
2024-08-26 00:00:00,1.3199,1.32199,1.3199,1.32147,7922,0,0
2024-08-26 04:00:00,1.32146,1.32224,1.3199,1.32009,8301,0,0
2024-08-26 08:00:00,1.32009,1.32101,1.319,1.31979,14638,0,0
2024-08-26 12:00:00,1.31979,1.32057,1.3180100000000001,1.32016,15797,0,0
2024-08-26 16:00:00,1.32015,1.32096,1.31806,1.3198699999999999,21825,0,0
2024-08-26 20:00:00,1.3198699999999999,1.32074,1.31819,1.3187,11809,0,0
2024-08-27 00:00:00,1.31854,1.31931,1.3180100000000001,1.31817,5802,0,0
2024-08-27 04:00:00,1.31817,1.3195299999999999,1.31813,1.31931,8033,0,0
2024-08-27 08:00:00,1.31931,1.32233,1.31915,1.32178,17292,0,0
2024-08-27 12:00:00,1.32178,1.32469,1.32038,1.3213,19435,0,0
2024-08-27 16:00:00,1.3213,1.32425,1.32128,1.32328,22941,0,0
2024-08-27 20:00:00,1.32329,1.3266499999999999,1.3232,1.32609,12798,0,0
2024-08-28 00:00:00,1.32593,1.32622,1.3248199999999999,1.3259699999999999,5785,0,0
2024-08-28 04:00:00,1.3259699999999999,1.32607,1.32403,1.32416,8511,0,0
2024-08-28 08:00:00,1.32417,1.32443,1.32172,1.32301,17637,0,0
2024-08-28 12:00:00,1.32302,1.32397,1.3199100000000001,1.32103,19753,0,0
2024-08-28 16:00:00,1.32103,1.32308,1.31742,1.31857,25437,0,0
2024-08-28 20:00:00,1.31857,1.31914,1.31677,1.31904,13466,0,0
2024-08-29 00:00:00,1.31903,1.32081,1.31874,1.32064,5368,0,0
2024-08-29 04:00:00,1.32064,1.32124,1.3197,1.32122,7743,0,0
2024-08-29 08:00:00,1.32122,1.3227,1.31684,1.31884,19762,0,0
2024-08-29 12:00:00,1.31884,1.32025,1.31538,1.3161,20896,0,0
2024-08-29 16:00:00,1.3161,1.31906,1.31456,1.3182800000000001,27235,0,0
2024-08-29 20:00:00,1.31827,1.31895,1.31635,1.3168199999999999,14499,0,0
2024-08-30 00:00:00,1.31659,1.31714,1.31556,1.3168,6099,0,0
2024-08-30 04:00:00,1.3168,1.31715,1.31603,1.31644,8106,0,0
2024-08-30 08:00:00,1.31644,1.32,1.31643,1.31832,14571,0,0
2024-08-30 12:00:00,1.3183,1.31895,1.31436,1.3155299999999999,17932,0,0
2024-08-30 16:00:00,1.3155299999999999,1.31643,1.31098,1.31192,29894,0,0
2024-08-30 20:00:00,1.31192,1.31365,1.31124,1.31297,12970,0,0
2024-09-02 00:00:00,1.3128600000000001,1.3138,1.31197,1.31338,4686,0,0
2024-09-02 04:00:00,1.31338,1.31375,1.31202,1.31258,6540,0,0
2024-09-02 08:00:00,1.31258,1.31461,1.31227,1.31349,13913,0,0
2024-09-02 12:00:00,1.31349,1.31479,1.31274,1.31427,12677,0,0
2024-09-02 16:00:00,1.3142800000000001,1.31551,1.31359,1.31419,10382,0,0
2024-09-02 20:00:00,1.31419,1.31477,1.31418,1.3146200000000001,1523,0,0
2024-09-03 00:00:00,1.3141,1.3149600000000001,1.31341,1.31372,6594,0,0
2024-09-03 04:00:00,1.31372,1.31471,1.3123,1.31249,10251,0,0
2024-09-03 08:00:00,1.31249,1.31399,1.31089,1.31224,17638,0,0
2024-09-03 12:00:00,1.31224,1.31394,1.31098,1.31307,18957,0,0
2024-09-03 16:00:00,1.3130600000000001,1.31464,1.3088600000000001,1.31034,27130,0,0
2024-09-03 20:00:00,1.31033,1.31168,1.30877,1.31148,12252,0,0
2024-09-04 00:00:00,1.31128,1.31154,1.3102,1.31042,7033,0,0
2024-09-04 04:00:00,1.31042,1.3118699999999999,1.31016,1.31176,9282,0,0
2024-09-04 08:00:00,1.31176,1.31278,1.3101099999999999,1.31209,17473,0,0
2024-09-04 12:00:00,1.31209,1.31271,1.31066,1.31235,16633,0,0
2024-09-04 16:00:00,1.31236,1.31754,1.31212,1.31506,24428,0,0
2024-09-04 20:00:00,1.31504,1.31531,1.31274,1.3148,13323,0,0
2024-09-05 00:00:00,1.31449,1.3149199999999999,1.31365,1.31437,8980,0,0
2024-09-05 04:00:00,1.31437,1.31565,1.31437,1.31476,7699,0,0
2024-09-05 08:00:00,1.31476,1.3171599999999999,1.31371,1.31695,14052,0,0
2024-09-05 12:00:00,1.31695,1.3180100000000001,1.31536,1.31612,18683,0,0
2024-09-05 16:00:00,1.31612,1.31787,1.31513,1.31734,23848,0,0
2024-09-05 20:00:00,1.31734,1.31855,1.31643,1.31803,13572,0,0
2024-09-06 00:00:00,1.3177400000000001,1.31817,1.31717,1.31784,5076,0,0
2024-09-06 04:00:00,1.31784,1.31799,1.3173,1.31787,7757,0,0
2024-09-06 08:00:00,1.31787,1.31932,1.31662,1.31676,15611,0,0
2024-09-06 12:00:00,1.3167499999999999,1.32388,1.31494,1.32101,21062,0,0
2024-09-06 16:00:00,1.32101,1.32169,1.31101,1.31204,43801,0,0
2024-09-06 20:00:00,1.31203,1.31394,1.31132,1.31312,18150,0,0
2024-09-09 00:00:00,1.31167,1.31415,1.31122,1.31303,6854,0,0
2024-09-09 04:00:00,1.31303,1.31434,1.31195,1.31196,8136,0,0
2024-09-09 08:00:00,1.31196,1.31199,1.3082799999999999,1.30883,14672,0,0
2024-09-09 12:00:00,1.30883,1.3100100000000001,1.30731,1.30834,14806,0,0
2024-09-09 16:00:00,1.30834,1.31009,1.30678,1.30973,18593,0,0
2024-09-09 20:00:00,1.30973,1.31022,1.307,1.30727,13008,0,0
2024-09-10 00:00:00,1.30736,1.30769,1.3058,1.30628,5792,0,0
2024-09-10 04:00:00,1.30628,1.30775,1.30618,1.3077,5568,0,0
2024-09-10 08:00:00,1.3077,1.31077,1.30735,1.3085499999999999,15908,0,0
2024-09-10 12:00:00,1.3085499999999999,1.31048,1.30687,1.30704,17491,0,0
2024-09-10 16:00:00,1.30704,1.30758,1.30496,1.30685,21493,0,0
2024-09-10 20:00:00,1.30685,1.30869,1.30661,1.30792,14196,0,0
2024-09-11 00:00:00,1.30798,1.30847,1.30675,1.30722,6230,0,0
2024-09-11 04:00:00,1.30722,1.31025,1.30704,1.31022,9672,0,0
2024-09-11 08:00:00,1.31022,1.31112,1.30777,1.30831,16924,0,0
2024-09-11 12:00:00,1.30831,1.30982,1.30469,1.30617,20872,0,0
2024-09-11 16:00:00,1.30617,1.3073299999999999,1.3002,1.3036699999999999,30911,0,0
2024-09-11 20:00:00,1.3036699999999999,1.30502,1.30356,1.30431,15902,0,0
2024-09-12 00:00:00,1.30426,1.30461,1.30341,1.30345,4699,0,0
2024-09-12 04:00:00,1.30345,1.3049,1.30322,1.30488,7841,0,0
2024-09-12 08:00:00,1.30487,1.30567,1.30327,1.30474,14248,0,0
2024-09-12 12:00:00,1.30474,1.30623,1.30377,1.3054000000000001,18707,0,0
2024-09-12 16:00:00,1.3054000000000001,1.3094999999999999,1.30503,1.30921,25051,0,0
2024-09-12 20:00:00,1.30921,1.31271,1.30857,1.31256,19384,0,0
2024-09-13 00:00:00,1.31237,1.3146,1.31193,1.31453,4844,0,0
2024-09-13 04:00:00,1.31453,1.3151,1.3137699999999999,1.31474,10482,0,0
2024-09-13 08:00:00,1.31473,1.31497,1.3124500000000001,1.3143500000000001,15313,0,0
2024-09-13 12:00:00,1.3143500000000001,1.3152300000000001,1.3115,1.31375,20014,0,0
2024-09-13 16:00:00,1.31375,1.31579,1.31233,1.31312,24232,0,0
2024-09-13 20:00:00,1.31312,1.31345,1.3118,1.3123,11323,0,0
2024-09-16 00:00:00,1.31212,1.3143500000000001,1.31182,1.31414,5026,0,0
2024-09-16 04:00:00,1.31414,1.31634,1.31384,1.3153299999999999,8237,0,0
2024-09-16 08:00:00,1.31532,1.31931,1.31528,1.31882,14534,0,0
2024-09-16 12:00:00,1.31884,1.32093,1.31829,1.3198400000000001,17210,0,0
2024-09-16 16:00:00,1.31983,1.3214299999999999,1.31914,1.32073,20699,0,0
2024-09-16 20:00:00,1.32073,1.32183,1.31975,1.32153,11505,0,0
2024-09-17 00:00:00,1.32158,1.32172,1.32003,1.3202,5156,0,0
2024-09-17 04:00:00,1.3202,1.32119,1.32003,1.32032,8837,0,0
2024-09-17 08:00:00,1.32032,1.32298,1.3198699999999999,1.32282,14163,0,0
2024-09-17 12:00:00,1.32281,1.32291,1.31996,1.3210600000000001,18910,0,0
2024-09-17 16:00:00,1.32107,1.32131,1.31524,1.3158,25378,0,0
2024-09-17 20:00:00,1.3158,1.31694,1.3146200000000001,1.31593,16711,0,0
2024-09-18 00:00:00,1.31606,1.3171300000000001,1.31508,1.31688,5304,0,0
2024-09-18 04:00:00,1.31688,1.31724,1.31581,1.3159100000000001,7383,0,0
2024-09-18 08:00:00,1.3159100000000001,1.3212,1.31565,1.32058,16029,0,0
2024-09-18 12:00:00,1.32058,1.32276,1.3204799999999999,1.32184,15364,0,0
2024-09-18 16:00:00,1.32185,1.32541,1.3195299999999999,1.3210600000000001,20101,0,0
2024-09-18 20:00:00,1.3210600000000001,1.32979,1.31754,1.32123,48273,0,0
2024-09-19 00:00:00,1.32134,1.32182,1.31686,1.31712,11387,0,0
2024-09-19 04:00:00,1.31712,1.32139,1.31537,1.32092,15486,0,0
2024-09-19 08:00:00,1.32092,1.32651,1.32086,1.32635,22541,0,0
2024-09-19 12:00:00,1.32636,1.33142,1.324,1.32401,27541,0,0
2024-09-19 16:00:00,1.32402,1.32895,1.32199,1.3281399999999999,29436,0,0
2024-09-19 20:00:00,1.32815,1.32894,1.32739,1.3284500000000001,18753,0,0
2024-09-20 00:00:00,1.32828,1.32842,1.3271899999999999,1.3277700000000001,6703,0,0
2024-09-20 04:00:00,1.3277700000000001,1.33017,1.3274599999999999,1.3293,10683,0,0
2024-09-20 08:00:00,1.3293,1.33404,1.32871,1.3301,22768,0,0
2024-09-20 12:00:00,1.3301,1.33233,1.3281,1.33208,17482,0,0
2024-09-20 16:00:00,1.33208,1.33318,1.3268499999999999,1.33264,28831,0,0
2024-09-20 20:00:00,1.33264,1.3327499999999999,1.33067,1.33205,17902,0,0
2024-09-23 00:00:00,1.3311,1.33231,1.3305500000000001,1.3311,5526,0,0
2024-09-23 04:00:00,1.3311,1.332,1.33072,1.33164,6881,0,0
2024-09-23 08:00:00,1.33164,1.3320400000000001,1.32485,1.32717,21216,0,0
2024-09-23 12:00:00,1.32717,1.33295,1.32714,1.3327499999999999,19160,0,0
2024-09-23 16:00:00,1.33274,1.33594,1.33128,1.33434,26072,0,0
2024-09-23 20:00:00,1.33435,1.33544,1.33373,1.33479,14339,0,0
2024-09-24 00:00:00,1.33464,1.3354300000000001,1.3336299999999999,1.33445,6096,0,0
2024-09-24 04:00:00,1.33446,1.33583,1.33403,1.33581,12423,0,0
2024-09-24 08:00:00,1.33581,1.33813,1.33319,1.33772,22164,0,0
2024-09-24 12:00:00,1.33772,1.33898,1.33591,1.3387,18380,0,0
2024-09-24 16:00:00,1.33871,1.3399,1.33678,1.33905,25864,0,0
2024-09-24 20:00:00,1.33905,1.34158,1.3388,1.3413,14082,0,0
2024-09-25 00:00:00,1.34124,1.34298,1.3407,1.34236,6158,0,0
2024-09-25 04:00:00,1.34236,1.34249,1.34107,1.34176,10681,0,0
2024-09-25 08:00:00,1.34176,1.34186,1.33757,1.3379400000000001,20619,0,0
2024-09-25 12:00:00,1.3379400000000001,1.33964,1.3364099999999999,1.33957,20849,0,0
2024-09-25 16:00:00,1.33956,1.34127,1.33277,1.33328,27706,0,0
2024-09-25 20:00:00,1.33328,1.3333,1.3312599999999999,1.33226,19601,0,0
2024-09-26 00:00:00,1.33217,1.33288,1.33127,1.33279,6217,0,0
2024-09-26 04:00:00,1.33279,1.3342800000000001,1.3321100000000001,1.33396,8427,0,0
2024-09-26 08:00:00,1.33396,1.3357999999999999,1.33344,1.3351199999999999,19254,0,0
2024-09-26 12:00:00,1.3351199999999999,1.3389199999999999,1.33494,1.33724,23527,0,0
2024-09-26 16:00:00,1.33724,1.3434300000000001,1.33511,1.34097,32639,0,0
2024-09-26 20:00:00,1.34097,1.34256,1.34087,1.34152,20251,0,0
2024-09-27 00:00:00,1.34149,1.3416000000000001,1.33976,1.33986,6542,0,0
2024-09-27 04:00:00,1.33986,1.34017,1.33805,1.3385500000000001,11172,0,0
2024-09-27 08:00:00,1.3385500000000001,1.33968,1.336,1.33741,23243,0,0
2024-09-27 12:00:00,1.33741,1.34265,1.3370600000000001,1.34246,21453,0,0
2024-09-27 16:00:00,1.34246,1.34277,1.33799,1.33834,28418,0,0
2024-09-27 20:00:00,1.33834,1.3388499999999999,1.33695,1.33712,17824,0,0
2024-09-30 00:00:00,1.33686,1.33847,1.3366,1.33827,5849,0,0
2024-09-30 04:00:00,1.3382800000000001,1.33897,1.33738,1.3388200000000001,10458,0,0
2024-09-30 08:00:00,1.3388200000000001,1.34233,1.33744,1.34181,19618,0,0
2024-09-30 12:00:00,1.34181,1.34182,1.33814,1.33866,16472,0,0
2024-09-30 16:00:00,1.33866,1.34172,1.33601,1.34022,28170,0,0
2024-09-30 20:00:00,1.34022,1.34084,1.33501,1.33761,22634,0,0
2024-10-01 00:00:00,1.33742,1.33825,1.33626,1.33752,9258,0,0
2024-10-01 04:00:00,1.33752,1.33894,1.33685,1.33807,13742,0,0
2024-10-01 08:00:00,1.33807,1.3385099999999999,1.33262,1.33316,23098,0,0
2024-10-01 12:00:00,1.33317,1.33389,1.33111,1.33185,22186,0,0
2024-10-01 16:00:00,1.33185,1.33276,1.32459,1.32547,35059,0,0
2024-10-01 20:00:00,1.32549,1.32904,1.32373,1.3284500000000001,25106,0,0
2024-10-02 00:00:00,1.32855,1.32863,1.32722,1.32769,6002,0,0
2024-10-02 04:00:00,1.32769,1.3296000000000001,1.32679,1.32697,12234,0,0
2024-10-02 08:00:00,1.32697,1.33056,1.32607,1.32969,20160,0,0
2024-10-02 12:00:00,1.32968,1.32977,1.32734,1.32736,20309,0,0
2024-10-02 16:00:00,1.32743,1.32834,1.32459,1.32712,25992,0,0
2024-10-02 20:00:00,1.32712,1.3275299999999999,1.32584,1.32666,15709,0,0
2024-10-03 00:00:00,1.32666,1.32724,1.32538,1.32616,9499,0,0
2024-10-03 04:00:00,1.32616,1.32632,1.32434,1.32442,14888,0,0
2024-10-03 08:00:00,1.32442,1.32463,1.31056,1.31165,29056,0,0
2024-10-03 12:00:00,1.31165,1.31287,1.30929,1.31139,24436,0,0
2024-10-03 16:00:00,1.31139,1.31318,1.30922,1.31254,33220,0,0
2024-10-03 20:00:00,1.31254,1.3132,1.31125,1.31231,16508,0,0
2024-10-04 00:00:00,1.31237,1.31341,1.3115,1.3130899999999999,5996,0,0
2024-10-04 04:00:00,1.3131,1.3136,1.31234,1.3127499999999999,13081,0,0
2024-10-04 08:00:00,1.31276,1.3167499999999999,1.31269,1.31566,19903,0,0
2024-10-04 12:00:00,1.31566,1.3175,1.30755,1.3079,24187,0,0
2024-10-04 16:00:00,1.3079,1.3119399999999999,1.30698,1.3115299999999999,33406,0,0
2024-10-04 20:00:00,1.3115299999999999,1.31296,1.31145,1.31198,16607,0,0
2024-10-07 00:00:00,1.31171,1.3128199999999999,1.30788,1.31224,9509,0,0
2024-10-07 04:00:00,1.31224,1.31346,1.31172,1.31173,10873,0,0
2024-10-07 08:00:00,1.31169,1.31228,1.30865,1.30888,19820,0,0
2024-10-07 12:00:00,1.30888,1.30899,1.30594,1.3079,21071,0,0
2024-10-07 16:00:00,1.30786,1.30942,1.30687,1.30898,23461,0,0
2024-10-07 20:00:00,1.30897,1.3096700000000001,1.30691,1.3082500000000001,13240,0,0
2024-10-08 00:00:00,1.30826,1.3100399999999999,1.30738,1.31003,6025,0,0
2024-10-08 04:00:00,1.31003,1.3103799999999999,1.3084799999999999,1.309,15876,0,0
2024-10-08 08:00:00,1.309,1.31042,1.30643,1.30998,19408,0,0
2024-10-08 12:00:00,1.30997,1.31135,1.30902,1.3101,16121,0,0
2024-10-08 16:00:00,1.3101,1.3112300000000001,1.3081,1.30883,20190,0,0
2024-10-08 20:00:00,1.30883,1.31052,1.30761,1.31049,15363,0,0
2024-10-09 00:00:00,1.31022,1.31047,1.3090600000000001,1.3100100000000001,4376,0,0
2024-10-09 04:00:00,1.3100100000000001,1.31024,1.30815,1.30842,14397,0,0
2024-10-09 08:00:00,1.30842,1.31018,1.30559,1.30777,20810,0,0
2024-10-09 12:00:00,1.30777,1.30957,1.3076400000000001,1.3082799999999999,14040,0,0
2024-10-09 16:00:00,1.3082799999999999,1.3089,1.30657,1.30684,18172,0,0
2024-10-09 20:00:00,1.30684,1.30761,1.306,1.30722,10568,0,0
2024-10-10 00:00:00,1.30695,1.30727,1.30625,1.30689,5912,0,0
2024-10-10 04:00:00,1.30689,1.30781,1.30671,1.30724,12785,0,0
2024-10-10 08:00:00,1.30724,1.3089,1.30677,1.30742,14595,0,0
2024-10-10 12:00:00,1.30742,1.30939,1.3023,1.3075999999999999,19467,0,0
2024-10-10 16:00:00,1.3075999999999999,1.3085,1.30253,1.30353,28603,0,0
2024-10-10 20:00:00,1.30353,1.30645,1.3022,1.30587,13113,0,0
2024-10-11 00:00:00,1.3057699999999999,1.3064,1.3047,1.3064,6827,0,0
2024-10-11 04:00:00,1.3064,1.3066900000000001,1.30485,1.30496,6933,0,0
2024-10-11 08:00:00,1.30496,1.30812,1.3041800000000001,1.30735,12023,0,0
2024-10-11 12:00:00,1.30735,1.3081800000000001,1.30519,1.30651,14132,0,0
2024-10-11 16:00:00,1.30651,1.30832,1.3057,1.30724,17813,0,0
2024-10-11 20:00:00,1.30724,1.30782,1.3063,1.30692,7697,0,0
2024-10-14 00:00:00,1.30566,1.30668,1.30408,1.30512,5644,0,0
2024-10-14 04:00:00,1.30512,1.30628,1.3042500000000001,1.30591,10158,0,0
2024-10-14 08:00:00,1.30591,1.3072,1.30561,1.30668,12231,0,0
2024-10-14 12:00:00,1.3066499999999999,1.30678,1.3031,1.30345,12878,0,0
2024-10-14 16:00:00,1.30342,1.30602,1.30302,1.30518,16333,0,0
2024-10-14 20:00:00,1.30518,1.30616,1.30416,1.30597,9062,0,0
2024-10-15 00:00:00,1.30587,1.30677,1.30491,1.30659,4885,0,0
2024-10-15 04:00:00,1.30659,1.30692,1.30478,1.30502,8938,0,0
2024-10-15 08:00:00,1.30502,1.30866,1.30355,1.30765,16998,0,0
2024-10-15 12:00:00,1.30765,1.30969,1.30686,1.30884,13924,0,0
2024-10-15 16:00:00,1.30884,1.31029,1.30686,1.3069600000000001,20875,0,0
2024-10-15 20:00:00,1.3069600000000001,1.30748,1.30607,1.30741,10449,0,0
2024-10-16 00:00:00,1.30731,1.30741,1.30599,1.30647,6260,0,0
2024-10-16 04:00:00,1.30647,1.30774,1.30636,1.30741,9171,0,0
2024-10-16 08:00:00,1.30741,1.3076699999999999,1.29826,1.30037,21367,0,0
2024-10-16 12:00:00,1.30038,1.30379,1.30009,1.30151,14887,0,0
2024-10-16 16:00:00,1.30151,1.30313,1.2995,1.30043,16911,0,0
2024-10-16 20:00:00,1.30044,1.30056,1.2977,1.29891,8702,0,0
2024-10-17 00:00:00,1.29892,1.29972,1.29814,1.29877,6657,0,0
2024-10-17 04:00:00,1.2987600000000001,1.30014,1.29805,1.29839,10799,0,0
2024-10-17 08:00:00,1.29839,1.29963,1.2974,1.29779,13118,0,0
2024-10-17 12:00:00,1.2978100000000001,1.30232,1.29761,1.3008899999999999,16708,0,0
2024-10-17 16:00:00,1.3008899999999999,1.30189,1.29798,1.30106,25182,0,0
2024-10-17 20:00:00,1.30106,1.30154,1.30047,1.30107,10063,0,0
2024-10-18 00:00:00,1.30105,1.30196,1.3,1.3014000000000001,5042,0,0
2024-10-18 04:00:00,1.3014000000000001,1.30266,1.30139,1.30219,9724,0,0
2024-10-18 08:00:00,1.30219,1.30713,1.30203,1.30414,15951,0,0
2024-10-18 12:00:00,1.30414,1.30549,1.30343,1.30491,13943,0,0
2024-10-18 16:00:00,1.30491,1.3066900000000001,1.3020100000000001,1.30443,16196,0,0
2024-10-18 20:00:00,1.30442,1.30504,1.30383,1.30493,10372,0,0
2024-10-21 00:00:00,1.30415,1.30582,1.30402,1.30432,6359,0,0
2024-10-21 04:00:00,1.30432,1.3053,1.3038699999999999,1.30405,9265,0,0
2024-10-21 08:00:00,1.30405,1.30449,1.30121,1.3026499999999999,12235,0,0
2024-10-21 12:00:00,1.3026499999999999,1.30337,1.30134,1.30294,12503,0,0
2024-10-21 16:00:00,1.30294,1.3032,1.29786,1.2987,15003,0,0
2024-10-21 20:00:00,1.2987,1.29916,1.2977,1.2984,8888,0,0
2024-10-22 00:00:00,1.2984499999999999,1.29879,1.29766,1.2980800000000001,5872,0,0
2024-10-22 04:00:00,1.2980800000000001,1.3,1.29805,1.2999800000000001,11068,0,0
2024-10-22 08:00:00,1.2999800000000001,1.30154,1.29866,1.29892,13303,0,0
2024-10-22 12:00:00,1.29892,1.29923,1.29559,1.29561,14390,0,0
2024-10-22 16:00:00,1.29561,1.29832,1.29446,1.29748,17798,0,0
2024-10-22 20:00:00,1.2974700000000001,1.29858,1.29731,1.29849,9148,0,0
2024-10-23 00:00:00,1.29833,1.29892,1.2968600000000001,1.29768,5275,0,0
2024-10-23 04:00:00,1.29768,1.29917,1.29714,1.29888,11018,0,0
2024-10-23 08:00:00,1.29888,1.29951,1.29622,1.29843,12909,0,0
2024-10-23 12:00:00,1.2984200000000001,1.29873,1.29456,1.29531,13289,0,0
2024-10-23 16:00:00,1.29531,1.29619,1.29226,1.29285,16899,0,0
2024-10-23 20:00:00,1.2928600000000001,1.29341,1.29075,1.29205,11132,0,0
2024-10-24 00:00:00,1.29213,1.29272,1.29093,1.2926,5910,0,0
2024-10-24 04:00:00,1.2926,1.29307,1.29181,1.29307,11174,0,0
2024-10-24 08:00:00,1.29307,1.29727,1.2925900000000001,1.29613,16316,0,0
2024-10-24 12:00:00,1.29613,1.29825,1.29548,1.29743,15346,0,0
2024-10-24 16:00:00,1.29743,1.29882,1.29481,1.29596,18820,0,0
2024-10-24 20:00:00,1.29595,1.29779,1.29589,1.29771,10502,0,0
2024-10-25 00:00:00,1.29731,1.29765,1.2959,1.29687,5843,0,0
2024-10-25 04:00:00,1.29687,1.29731,1.2960099999999999,1.29645,7946,0,0
2024-10-25 08:00:00,1.29645,1.29799,1.2955999999999999,1.29757,12965,0,0
2024-10-25 12:00:00,1.29757,1.2996699999999999,1.29744,1.29923,10504,0,0
2024-10-25 16:00:00,1.29923,1.29987,1.29718,1.29766,15750,0,0
2024-10-25 20:00:00,1.29766,1.29775,1.29585,1.29614,11309,0,0
2024-10-28 00:00:00,1.29708,1.29708,1.29494,1.2953299999999999,7629,0,0
2024-10-28 04:00:00,1.2953299999999999,1.29592,1.2941799999999999,1.29467,10075,0,0
2024-10-28 08:00:00,1.29467,1.29782,1.29399,1.2976,11774,0,0
2024-10-28 12:00:00,1.2976,1.29973,1.2966199999999999,1.2988,13039,0,0
2024-10-28 16:00:00,1.29881,1.30015,1.29783,1.29797,16074,0,0
2024-10-28 20:00:00,1.29797,1.29827,1.29679,1.29697,10079,0,0
2024-10-29 00:00:00,1.29721,1.29772,1.2965,1.29726,4423,0,0
2024-10-29 04:00:00,1.29726,1.2974999999999999,1.29582,1.29616,10705,0,0
2024-10-29 08:00:00,1.29616,1.2989899999999999,1.29607,1.2984200000000001,12668,0,0
2024-10-29 12:00:00,1.2984200000000001,1.29927,1.29695,1.29776,14057,0,0
2024-10-29 16:00:00,1.2977699999999999,1.30118,1.29673,1.29993,24036,0,0
2024-10-29 20:00:00,1.29993,1.30148,1.29927,1.3014299999999999,11404,0,0
2024-10-30 00:00:00,1.30145,1.30171,1.30037,1.30133,6144,0,0
2024-10-30 04:00:00,1.30133,1.30203,1.2996400000000001,1.29986,10339,0,0
2024-10-30 08:00:00,1.29986,1.30249,1.2995999999999999,1.3017699999999999,13118,0,0
2024-10-30 12:00:00,1.30178,1.3027,1.29371,1.29494,20058,0,0
2024-10-30 16:00:00,1.29494,1.30434,1.29467,1.29986,27399,0,0
2024-10-30 20:00:00,1.29987,1.3000099999999999,1.29597,1.29623,14945,0,0
2024-10-31 00:00:00,1.29613,1.29672,1.29492,1.29495,6896,0,0
2024-10-31 04:00:00,1.29495,1.29593,1.29428,1.29502,9635,0,0
2024-10-31 08:00:00,1.29502,1.2999399999999999,1.2948,1.29802,13965,0,0
2024-10-31 12:00:00,1.29802,1.2999800000000001,1.29582,1.29782,18651,0,0
2024-10-31 16:00:00,1.29782,1.29981,1.28438,1.28639,32492,0,0
2024-10-31 20:00:00,1.2864,1.28997,1.28556,1.28992,15692,0,0
2024-11-01 00:00:00,1.28985,1.29032,1.28891,1.28952,4932,0,0
2024-11-01 04:00:00,1.28952,1.29025,1.2888899999999999,1.28979,10202,0,0
2024-11-01 08:00:00,1.28979,1.29183,1.28846,1.29041,12185,0,0
2024-11-01 12:00:00,1.29044,1.29672,1.2904200000000001,1.2953700000000001,17185,0,0
2024-11-01 16:00:00,1.29538,1.29805,1.29439,1.29566,25642,0,0
2024-11-01 20:00:00,1.29565,1.29578,1.29161,1.29195,13435,0,0
2024-11-04 00:00:00,1.2966,1.29794,1.29496,1.29752,10757,0,0
2024-11-04 04:00:00,1.29752,1.2999,1.2972000000000001,1.29927,11759,0,0
2024-11-04 08:00:00,1.29927,1.2996400000000001,1.29454,1.29717,16000,0,0
2024-11-04 12:00:00,1.29717,1.29829,1.29516,1.29698,16020,0,0
2024-11-04 16:00:00,1.29699,1.29934,1.29343,1.2956400000000001,22379,0,0
2024-11-04 20:00:00,1.2956400000000001,1.29616,1.29419,1.29563,12085,0,0
2024-11-05 00:00:00,1.29566,1.29593,1.29477,1.29557,6463,0,0
2024-11-05 04:00:00,1.29557,1.29637,1.2953000000000001,1.296,7658,0,0
2024-11-05 08:00:00,1.296,1.29847,1.29578,1.29821,10463,0,0
2024-11-05 12:00:00,1.29821,1.29944,1.29789,1.29828,12108,0,0
2024-11-05 16:00:00,1.29829,1.30347,1.2981099999999999,1.30334,24517,0,0
2024-11-05 20:00:00,1.30335,1.30424,1.30162,1.30416,11388,0,0
2024-11-06 00:00:00,1.30412,1.3048,1.2949,1.29669,30798,0,0
2024-11-06 04:00:00,1.29668,1.29697,1.28631,1.2888600000000001,54556,0,0
2024-11-06 08:00:00,1.2888600000000001,1.29238,1.28465,1.2901099999999999,49198,0,0
2024-11-06 12:00:00,1.29009,1.29095,1.2841,1.28646,40218,0,0
2024-11-06 16:00:00,1.28646,1.29088,1.28342,1.28898,43598,0,0
2024-11-06 20:00:00,1.28898,1.29196,1.28789,1.2879,20641,0,0
2024-11-07 00:00:00,1.28788,1.2892000000000001,1.28717,1.28894,9138,0,0
2024-11-07 04:00:00,1.28895,1.29344,1.2888899999999999,1.29308,10274,0,0
2024-11-07 08:00:00,1.29307,1.29474,1.2907199999999999,1.29075,23752,0,0
2024-11-07 12:00:00,1.29075,1.2974999999999999,1.28973,1.29721,29933,0,0
2024-11-07 16:00:00,1.29721,1.30093,1.29643,1.2989899999999999,31230,0,0
2024-11-07 20:00:00,1.299,1.29917,1.29483,1.29871,30661,0,0
2024-11-08 00:00:00,1.29855,1.2989,1.29645,1.29733,8339,0,0
2024-11-08 04:00:00,1.29733,1.29766,1.29619,1.29698,10955,0,0
2024-11-08 08:00:00,1.29698,1.29744,1.2935400000000001,1.2960099999999999,25054,0,0
2024-11-08 12:00:00,1.29602,1.29766,1.29278,1.29414,21128,0,0
2024-11-08 16:00:00,1.29414,1.29483,1.2883499999999999,1.28972,31508,0,0
2024-11-08 20:00:00,1.28972,1.29253,1.28962,1.29196,13940,0,0
2024-11-11 00:00:00,1.2908,1.29258,1.28891,1.29181,9639,1,0
2024-11-11 04:00:00,1.2918,1.29234,1.2901099999999999,1.29153,8449,1,0
2024-11-11 08:00:00,1.29152,1.29223,1.28831,1.29004,19119,0,0
2024-11-11 12:00:00,1.29002,1.2906900000000001,1.2856,1.28668,19300,0,0
2024-11-11 16:00:00,1.2866900000000001,1.2878,1.28577,1.2864200000000001,20118,1,0
2024-11-11 20:00:00,1.28641,1.28702,1.28571,1.28693,8127,1,0
2024-11-12 00:00:00,1.2868,1.28735,1.28577,1.28613,8276,1,0
2024-11-12 04:00:00,1.28613,1.28613,1.2830300000000001,1.2833,14364,0,0
2024-11-12 08:00:00,1.28329,1.28329,1.27923,1.28237,25756,0,0
2024-11-12 12:00:00,1.28239,1.28316,1.28046,1.2810000000000001,22547,0,0
2024-11-12 16:00:00,1.28101,1.28111,1.27191,1.2733400000000001,30952,0,0
2024-11-12 20:00:00,1.2733400000000001,1.2751000000000001,1.27325,1.27472,14082,0,0
2024-11-13 00:00:00,1.2747600000000001,1.27535,1.2731,1.27502,9515,0,0
2024-11-13 04:00:00,1.27502,1.2754699999999999,1.27374,1.27433,10501,1,0
2024-11-13 08:00:00,1.27433,1.27557,1.27298,1.2751299999999999,18359,1,0
2024-11-13 12:00:00,1.2751299999999999,1.27694,1.27365,1.2754400000000001,24212,1,0
2024-11-13 16:00:00,1.27543,1.27568,1.26864,1.27101,42869,1,0
2024-11-13 20:00:00,1.27102,1.27203,1.26999,1.2708,15358,1,0
2024-11-14 00:00:00,1.27075,1.2711299999999999,1.2692,1.2694,9034,1,0
2024-11-14 04:00:00,1.26941,1.26942,1.2673,1.26874,11521,1,0
2024-11-14 08:00:00,1.2687300000000001,1.2695400000000001,1.26553,1.26569,20190,1,0
2024-11-14 12:00:00,1.26569,1.26798,1.26299,1.26571,28983,1,0
2024-11-14 16:00:00,1.26571,1.2720099999999999,1.26558,1.27034,34702,1,0
2024-11-14 20:00:00,1.27036,1.2704900000000001,1.26474,1.26663,23741,1,0
2024-11-15 00:00:00,1.2665600000000001,1.26722,1.2656399999999999,1.2665199999999999,10688,1,0
2024-11-15 04:00:00,1.26653,1.26824,1.2665199999999999,1.2675,12420,1,0
2024-11-15 08:00:00,1.2675,1.26906,1.26488,1.26523,21411,1,0
2024-11-15 12:00:00,1.26524,1.26971,1.2640500000000001,1.26502,24670,1,0
2024-11-15 16:00:00,1.26502,1.26545,1.26144,1.26271,39769,1,0
2024-11-15 20:00:00,1.26271,1.2631999999999999,1.25972,1.26184,19737,1,0
2024-11-18 00:00:00,1.26163,1.26424,1.26048,1.2635399999999999,13439,1,0
2024-11-18 04:00:00,1.2635399999999999,1.26403,1.26205,1.26301,11606,1,0
2024-11-18 08:00:00,1.263,1.2640799999999999,1.2612999999999999,1.26298,20481,1,0
2024-11-18 12:00:00,1.26297,1.26321,1.2613699999999999,1.26251,19353,1,0
2024-11-18 16:00:00,1.2625,1.26687,1.26186,1.26657,23677,1,0
2024-11-18 20:00:00,1.2665600000000001,1.2686600000000001,1.26645,1.26772,12474,1,0
2024-11-19 00:00:00,1.26776,1.26801,1.26657,1.26772,7767,1,0
2024-11-19 04:00:00,1.26772,1.26894,1.26672,1.26692,10153,1,0
2024-11-19 08:00:00,1.26693,1.26797,1.26133,1.26274,27859,1,0
2024-11-19 12:00:00,1.26274,1.2653400000000001,1.2625,1.26357,25545,1,0
2024-11-19 16:00:00,1.26356,1.26823,1.26275,1.26712,30400,1,0
2024-11-19 20:00:00,1.26711,1.26854,1.26616,1.26827,12275,1,0
2024-11-20 00:00:00,1.26817,1.2695400000000001,1.2671700000000001,1.2689599999999999,7645,1,0
2024-11-20 04:00:00,1.26897,1.26936,1.26796,1.26838,8238,1,0
2024-11-20 08:00:00,1.26838,1.2714699999999999,1.26641,1.26693,21835,1,0
2024-11-20 12:00:00,1.26693,1.26754,1.26488,1.26738,20066,1,0
2024-11-20 16:00:00,1.26739,1.26749,1.26309,1.26542,27550,1,0
2024-11-20 20:00:00,1.26542,1.2655,1.26414,1.26528,12605,1,0
2024-11-21 00:00:00,1.26509,1.2659,1.2648,1.26549,6599,1,0
2024-11-21 04:00:00,1.2655,1.26603,1.26495,1.26501,8000,1,0
2024-11-21 08:00:00,1.26502,1.26579,1.26231,1.26323,23956,1,0
2024-11-21 12:00:00,1.26323,1.26577,1.2625600000000001,1.26475,21419,1,0
2024-11-21 16:00:00,1.26475,1.2652700000000001,1.25763,1.26001,35216,1,0
2024-11-21 20:00:00,1.26001,1.26054,1.25867,1.25892,13002,1,0
2024-11-22 00:00:00,1.25892,1.25942,1.25821,1.25881,9119,1,0
2024-11-22 04:00:00,1.25881,1.25942,1.25665,1.25687,11023,1,0
2024-11-22 08:00:00,1.25685,1.25817,1.24913,1.2511999999999999,34419,1,0
2024-11-22 12:00:00,1.2511999999999999,1.2540499999999999,1.24872,1.25203,28724,1,0
2024-11-22 16:00:00,1.25204,1.25378,1.25072,1.25302,32094,1,0
2024-11-22 20:00:00,1.25302,1.25353,1.2521900000000001,1.2533,13692,1,0
2024-11-25 00:00:00,1.2591999999999999,1.2604899999999999,1.2564,1.2594,13553,1,0
2024-11-25 04:00:00,1.25939,1.2607,1.2588599999999999,1.25946,11211,1,0
2024-11-25 08:00:00,1.25943,1.26051,1.2548300000000001,1.2573699999999999,23741,1,0
2024-11-25 12:00:00,1.25739,1.26135,1.25516,1.26114,23561,1,0
2024-11-25 16:00:00,1.26114,1.26132,1.25416,1.25545,31544,1,0
2024-11-25 20:00:00,1.2554400000000001,1.25786,1.25539,1.25682,14020,1,0
2024-11-26 00:00:00,1.25677,1.25733,1.2507,1.25267,23718,1,0
2024-11-26 04:00:00,1.25268,1.25627,1.25243,1.25482,15458,1,0
2024-11-26 08:00:00,1.2548300000000001,1.25786,1.25378,1.25718,25570,1,0
2024-11-26 12:00:00,1.25715,1.26165,1.2570999999999999,1.25824,26311,1,0
2024-11-26 16:00:00,1.2582499999999999,1.25882,1.25312,1.25372,33196,1,0
2024-11-26 20:00:00,1.25372,1.25692,1.25248,1.25689,16953,1,0
2024-11-27 00:00:00,1.25688,1.25801,1.25665,1.25747,12136,1,0
2024-11-27 04:00:00,1.25747,1.25757,1.25665,1.25681,11061,1,0
2024-11-27 08:00:00,1.2568,1.2616399999999999,1.25671,1.2604,24845,1,0
2024-11-27 12:00:00,1.26041,1.2662900000000001,1.2597800000000001,1.26626,23363,1,0
2024-11-27 16:00:00,1.26626,1.26945,1.26332,1.2674699999999999,35254,1,0
2024-11-27 20:00:00,1.26746,1.26825,1.26697,1.26791,13093,1,0
2024-11-28 00:00:00,1.26787,1.26831,1.2665,1.26728,9889,1,0
2024-11-28 04:00:00,1.26729,1.26754,1.2659,1.26642,11804,1,0
2024-11-28 08:00:00,1.26641,1.26685,1.26451,1.2651,21909,1,0
2024-11-28 12:00:00,1.26511,1.26742,1.26475,1.26638,15257,1,0
2024-11-28 16:00:00,1.26639,1.2690000000000001,1.2661,1.26875,13419,1,0
2024-11-28 20:00:00,1.2687599999999999,1.26911,1.2684199999999999,1.26863,1976,3,0
2024-11-29 00:00:00,1.26846,1.2711700000000001,1.26754,1.2702,10689,1,0
2024-11-29 04:00:00,1.2702,1.27169,1.27014,1.27066,12087,1,0
2024-11-29 08:00:00,1.27066,1.27497,1.26902,1.26929,22048,1,0
2024-11-29 12:00:00,1.26928,1.27029,1.26772,1.26853,21126,1,0
2024-11-29 16:00:00,1.26852,1.27245,1.2671700000000001,1.2724199999999999,28666,1,0
2024-11-29 20:00:00,1.27243,1.2746,1.2723499999999999,1.27328,21066,3,0
2024-12-02 00:00:00,1.27189,1.27339,1.26862,1.26907,15655,1,0
2024-12-02 04:00:00,1.26906,1.26947,1.26801,1.26863,14219,1,0
2024-12-02 08:00:00,1.26863,1.27088,1.26788,1.27034,27191,1,0
2024-12-02 12:00:00,1.27033,1.27226,1.2662200000000001,1.26848,26105,1,0
2024-12-02 16:00:00,1.26848,1.26923,1.2617099999999999,1.26443,35383,1,0
2024-12-02 20:00:00,1.26443,1.26707,1.26407,1.26539,16374,1,0
2024-12-03 00:00:00,1.2649599999999999,1.26602,1.26426,1.26464,9189,1,0
2024-12-03 04:00:00,1.26464,1.2650299999999999,1.26382,1.2647300000000001,11298,1,0
2024-12-03 08:00:00,1.26472,1.26971,1.26429,1.2677399999999999,21855,1,0
2024-12-03 12:00:00,1.2677399999999999,1.26833,1.26434,1.26696,19775,1,0
2024-12-03 16:00:00,1.26696,1.26925,1.26365,1.26916,31710,1,0
2024-12-03 20:00:00,1.26914,1.26997,1.26655,1.26725,13923,1,0
2024-12-04 00:00:00,1.26727,1.26782,1.26599,1.26672,7920,1,0
2024-12-04 04:00:00,1.26673,1.2695,1.26518,1.26909,13001,1,0
2024-12-04 08:00:00,1.26909,1.27017,1.26298,1.26763,25020,1,0
2024-12-04 12:00:00,1.26765,1.26858,1.26607,1.26704,23127,1,0
2024-12-04 16:00:00,1.26704,1.27214,1.26626,1.27165,32000,1,0
2024-12-04 20:00:00,1.27165,1.27196,1.26865,1.26999,15842,1,0
2024-12-05 00:00:00,1.2701799999999999,1.2707899999999999,1.26928,1.26966,6583,1,0
2024-12-05 04:00:00,1.26966,1.27168,1.26942,1.2714400000000001,9056,1,0
2024-12-05 08:00:00,1.27143,1.27404,1.27122,1.27218,15869,1,0
2024-12-05 12:00:00,1.27218,1.27518,1.2713700000000001,1.27514,21015,1,0
2024-12-05 16:00:00,1.27515,1.27709,1.27333,1.27465,26652,1,0
2024-12-05 20:00:00,1.27464,1.27612,1.27318,1.2760500000000001,11772,1,0
2024-12-06 00:00:00,1.27582,1.27617,1.27397,1.27441,8601,1,0
2024-12-06 04:00:00,1.27442,1.27539,1.2742200000000001,1.2745,8486,1,0
2024-12-06 08:00:00,1.2744900000000001,1.27741,1.2741,1.27593,15411,1,0
2024-12-06 12:00:00,1.27595,1.28111,1.27497,1.2794699999999999,21829,1,0
2024-12-06 16:00:00,1.27948,1.27987,1.27211,1.27276,37153,1,0
2024-12-06 20:00:00,1.27277,1.27429,1.27236,1.27416,10989,1,0
2024-12-09 00:00:00,1.27306,1.27505,1.27286,1.27389,8190,1,0
2024-12-09 04:00:00,1.27389,1.27438,1.2717100000000001,1.272,9499,1,0
2024-12-09 08:00:00,1.272,1.27789,1.272,1.27685,18730,1,0
2024-12-09 12:00:00,1.27686,1.2784499999999999,1.27511,1.27786,17950,1,0
2024-12-09 16:00:00,1.27786,1.27989,1.27636,1.27705,21803,1,0
2024-12-09 20:00:00,1.27705,1.27716,1.27431,1.2751000000000001,10863,1,0
2024-12-10 00:00:00,1.27501,1.27524,1.2739099999999999,1.27473,7688,1,0
2024-12-10 04:00:00,1.27474,1.2754699999999999,1.2735400000000001,1.27541,11568,1,0
2024-12-10 08:00:00,1.27541,1.27633,1.27367,1.27545,16815,1,0
2024-12-10 12:00:00,1.2754400000000001,1.27658,1.27438,1.27506,18582,1,0
2024-12-10 16:00:00,1.27506,1.27627,1.2723900000000001,1.2745600000000001,24118,1,0
2024-12-10 20:00:00,1.27458,1.2778,1.27445,1.27719,11293,1,0
2024-12-11 00:00:00,1.27673,1.278,1.27624,1.27783,7789,1,0
2024-12-11 04:00:00,1.2778399999999999,1.27817,1.27628,1.27658,8674,1,0
2024-12-11 08:00:00,1.27658,1.27718,1.27273,1.27297,21363,1,0
2024-12-11 12:00:00,1.27297,1.2781500000000001,1.27131,1.2770299999999999,24820,1,0
2024-12-11 16:00:00,1.27698,1.2776,1.27339,1.27433,31397,1,0
2024-12-11 20:00:00,1.27434,1.27575,1.27328,1.27505,13189,1,0
2024-12-12 00:00:00,1.27497,1.27717,1.2745,1.27683,9002,1,0
2024-12-12 04:00:00,1.27683,1.27707,1.27607,1.27644,8748,1,0
2024-12-12 08:00:00,1.27645,1.2787899999999999,1.27546,1.2759,18268,1,0
2024-12-12 12:00:00,1.27589,1.27644,1.27193,1.2729,23953,1,0
2024-12-12 16:00:00,1.2729,1.27367,1.2671000000000001,1.27032,37509,1,0
2024-12-12 20:00:00,1.27032,1.27039,1.26667,1.26735,15438,1,0
2024-12-13 00:00:00,1.26724,1.26793,1.26641,1.26661,9007,1,0
2024-12-13 04:00:00,1.26662,1.26695,1.2657,1.2664,8249,1,0
2024-12-13 08:00:00,1.26639,1.2665199999999999,1.2618800000000001,1.26398,18992,1,0
2024-12-13 12:00:00,1.264,1.26685,1.26335,1.26648,19171,1,0
2024-12-13 16:00:00,1.2664900000000001,1.2665600000000001,1.26082,1.26209,23682,1,0
2024-12-13 20:00:00,1.26209,1.2628300000000001,1.26132,1.2619500000000001,10640,1,0
2024-12-16 00:00:00,1.26112,1.26361,1.26081,1.26357,8269,1,0
2024-12-16 04:00:00,1.2635399999999999,1.26394,1.26285,1.26364,7256,1,0
2024-12-16 08:00:00,1.26363,1.26716,1.26294,1.2653699999999999,15901,1,0
2024-12-16 12:00:00,1.26538,1.26644,1.26417,1.26639,14413,1,0
2024-12-16 16:00:00,1.26638,1.26983,1.2635,1.26824,25305,1,0
2024-12-16 20:00:00,1.26825,1.26989,1.26776,1.2683,9694,1,0
2024-12-17 00:00:00,1.26818,1.26983,1.26754,1.26895,7111,1,0
2024-12-17 04:00:00,1.26895,1.26978,1.26724,1.2674400000000001,7519,1,0
2024-12-17 08:00:00,1.2674400000000001,1.27067,1.2666,1.2686600000000001,18590,1,0
2024-12-17 12:00:00,1.26867,1.27082,1.26707,1.27023,19028,1,0
2024-12-17 16:00:00,1.27023,1.27286,1.26843,1.27199,23944,1,0
2024-12-17 20:00:00,1.27197,1.27283,1.27028,1.27126,10444,1,0
2024-12-18 00:00:00,1.27088,1.2722,1.27012,1.27106,6330,1,0
2024-12-18 04:00:00,1.27107,1.27121,1.2695,1.27021,7642,1,0
2024-12-18 08:00:00,1.27021,1.27241,1.26797,1.26877,16314,1,0
2024-12-18 12:00:00,1.26877,1.27224,1.26868,1.26911,18796,1,0
2024-12-18 16:00:00,1.2691,1.27096,1.2683499999999999,1.2705,21419,1,0
2024-12-18 20:00:00,1.27051,1.27184,1.25622,1.25723,42900,1,0
2024-12-19 00:00:00,1.25731,1.25904,1.25632,1.25898,15604,1,0
2024-12-19 04:00:00,1.25899,1.25968,1.25813,1.25853,12757,1,0
2024-12-19 08:00:00,1.25852,1.26668,1.25831,1.2661,26904,1,0
2024-12-19 12:00:00,1.2661,1.2661,1.25838,1.25921,29094,1,0
2024-12-19 16:00:00,1.2591999999999999,1.26026,1.25078,1.25104,36121,1,0
2024-12-19 20:00:00,1.25103,1.25312,1.24951,1.25006,16903,1,0
2024-12-20 00:00:00,1.25008,1.2507,1.24864,1.24897,8927,1,0
2024-12-20 04:00:00,1.24897,1.24908,1.24753,1.24868,10088,1,0
2024-12-20 08:00:00,1.24868,1.25177,1.24776,1.25033,23719,1,0
2024-12-20 12:00:00,1.2503199999999999,1.25596,1.24955,1.25542,21681,1,0
2024-12-20 16:00:00,1.25543,1.26141,1.25376,1.26034,34335,1,0
2024-12-20 20:00:00,1.26034,1.26084,1.25652,1.25672,14314,1,0
2024-12-23 00:00:00,1.25607,1.2583199999999999,1.25556,1.25811,8515,1,0
2024-12-23 04:00:00,1.25811,1.2588300000000001,1.25759,1.25776,7145,1,0
2024-12-23 08:00:00,1.25776,1.25834,1.25555,1.25693,13598,1,0
2024-12-23 12:00:00,1.25692,1.25722,1.2512400000000001,1.25254,15553,1,0
2024-12-23 16:00:00,1.25255,1.25386,1.25099,1.25209,20946,1,0
2024-12-23 20:00:00,1.2521,1.2539,1.25209,1.25356,12346,1,0
2024-12-24 00:00:00,1.25306,1.25385,1.2525,1.25317,6004,1,0
2024-12-24 04:00:00,1.25318,1.25419,1.25277,1.25379,7198,1,0
2024-12-24 08:00:00,1.25379,1.25449,1.25282,1.25339,9346,1,0
2024-12-24 12:00:00,1.25338,1.2568,1.25264,1.25657,12933,1,0
2024-12-24 16:00:00,1.25657,1.25747,1.25187,1.25193,16558,1,0
2024-12-24 20:00:00,1.25193,1.25497,1.2519,1.2539,5108,1,0
2024-12-26 00:00:00,1.25488,1.2551999999999999,1.2533400000000001,1.25417,6227,1,0
2024-12-26 04:00:00,1.25417,1.25484,1.25379,1.25446,5800,1,0
2024-12-26 08:00:00,1.25446,1.25454,1.2521900000000001,1.25309,7622,1,0
2024-12-26 12:00:00,1.2530999999999999,1.25348,1.25143,1.25238,9528,1,0
2024-12-26 16:00:00,1.25237,1.25251,1.25011,1.2516,16310,1,0
2024-12-26 20:00:00,1.25157,1.25365,1.25157,1.25267,11869,1,0
2024-12-27 00:00:00,1.25183,1.25321,1.2515800000000001,1.25231,7223,1,0
2024-12-27 04:00:00,1.2523,1.25288,1.25183,1.25203,7499,1,0
2024-12-27 08:00:00,1.25203,1.25345,1.2505,1.25088,11337,1,0
2024-12-27 12:00:00,1.25087,1.25744,1.25087,1.25742,14853,1,0
2024-12-27 16:00:00,1.25743,1.25926,1.25534,1.25602,24790,1,0
2024-12-27 20:00:00,1.25603,1.25835,1.256,1.25721,11843,1,0
2024-12-30 00:00:00,1.25722,1.25879,1.25609,1.25804,4287,1,0
2024-12-30 04:00:00,1.25803,1.25853,1.25754,1.25818,5693,1,0
2024-12-30 08:00:00,1.25818,1.2589000000000001,1.25616,1.25773,11802,1,0
2024-12-30 12:00:00,1.25772,1.26071,1.2553,1.25541,15930,1,0
2024-12-30 16:00:00,1.25542,1.25682,1.2506300000000001,1.25445,28552,1,0
2024-12-30 20:00:00,1.25446,1.25589,1.25411,1.25515,11893,1,0
2024-12-31 00:00:00,1.25411,1.25598,1.25366,1.25583,5825,1,0
2024-12-31 04:00:00,1.25583,1.25601,1.25444,1.25509,4716,1,0
2024-12-31 08:00:00,1.25509,1.25692,1.25417,1.25546,12738,1,0
2024-12-31 12:00:00,1.2554699999999999,1.25548,1.25201,1.25292,17692,1,0
2024-12-31 16:00:00,1.25293,1.25545,1.25054,1.25193,29689,1,0
2024-12-31 20:00:00,1.25186,1.25275,1.25057,1.25119,11433,1,0
2025-01-02 00:00:00,1.25125,1.25225,1.25075,1.25201,8589,1,0
2025-01-02 04:00:00,1.25201,1.2540499999999999,1.25201,1.25326,5153,1,0
2025-01-02 08:00:00,1.25325,1.2534399999999999,1.24801,1.24824,15132,1,0
2025-01-02 12:00:00,1.24824,1.24921,1.23963,1.24042,24662,1,0
2025-01-02 16:00:00,1.24042,1.24115,1.23521,1.23722,33981,1,0
2025-01-02 20:00:00,1.23723,1.23852,1.23639,1.23805,13727,1,0
2025-01-03 00:00:00,1.23713,1.23902,1.23658,1.23853,6879,1,0
2025-01-03 04:00:00,1.23852,1.23975,1.23841,1.23954,5791,1,0
2025-01-03 08:00:00,1.23954,1.2416800000000001,1.23872,1.2406,15407,1,0
2025-01-03 12:00:00,1.2406,1.24166,1.23865,1.24014,15312,1,0
2025-01-03 16:00:00,1.24015,1.24294,1.23879,1.24185,24060,1,0
2025-01-03 20:00:00,1.24185,1.24341,1.24154,1.24219,9346,1,0
2025-01-06 00:00:00,1.2418,1.24388,1.2410700000000001,1.2435100000000001,9863,1,0
2025-01-06 04:00:00,1.2435100000000001,1.24441,1.24315,1.24362,7464,1,0
2025-01-06 08:00:00,1.24362,1.24918,1.24355,1.24755,16814,1,0
2025-01-06 12:00:00,1.24756,1.25511,1.24551,1.25342,34466,1,0
2025-01-06 16:00:00,1.25343,1.25373,1.24685,1.2518099999999999,35799,1,0
2025-01-06 20:00:00,1.2518,1.25236,1.25024,1.25199,10018,1,0
2025-01-07 00:00:00,1.25144,1.25235,1.25042,1.25193,8167,1,0
2025-01-07 04:00:00,1.25192,1.2542499999999999,1.25166,1.25378,7084,1,0
2025-01-07 08:00:00,1.25378,1.25759,1.25317,1.25633,18680,1,0
2025-01-07 12:00:00,1.25634,1.25689,1.2524,1.25421,18888,1,0
2025-01-07 16:00:00,1.2542200000000001,1.25442,1.24801,1.2500200000000001,36768,1,0
2025-01-07 20:00:00,1.25001,1.25038,1.2477,1.2477,11930,1,0
2025-01-08 00:00:00,1.24767,1.24854,1.24714,1.24852,6660,1,0
2025-01-08 04:00:00,1.24852,1.24892,1.2478,1.24882,6439,1,0
2025-01-08 08:00:00,1.24881,1.24942,1.24402,1.24504,18612,1,0
2025-01-08 12:00:00,1.24504,1.24523,1.23207,1.23562,36582,1,0
2025-01-08 16:00:00,1.23563,1.23687,1.23242,1.23459,28612,1,0
2025-01-08 20:00:00,1.23459,1.23771,1.23457,1.23631,14705,1,0
2025-01-09 00:00:00,1.23605,1.23662,1.23479,1.23592,6942,1,0
2025-01-09 04:00:00,1.23592,1.23654,1.23289,1.23316,8575,1,0
2025-01-09 08:00:00,1.23316,1.23321,1.22383,1.22818,29865,1,0
2025-01-09 12:00:00,1.22818,1.23232,1.22515,1.23006,24632,1,0
2025-01-09 16:00:00,1.23006,1.23169,1.22873,1.23013,19062,1,0
2025-01-09 20:00:00,1.2301199999999999,1.23152,1.22967,1.23071,6759,1,0
2025-01-10 00:00:00,1.23035,1.23108,1.2294,1.23037,7424,1,0
2025-01-10 04:00:00,1.23038,1.23078,1.22743,1.22759,8391,1,0
2025-01-10 08:00:00,1.2276,1.23083,1.22668,1.23023,16793,1,0
2025-01-10 12:00:00,1.23024,1.2322,1.21912,1.22316,25326,1,0
2025-01-10 16:00:00,1.22317,1.22628,1.21952,1.2221899999999999,49289,1,0
2025-01-10 20:00:00,1.22218,1.22231,1.2202,1.22064,16796,1,0
2025-01-13 00:00:00,1.22016,1.22103,1.21888,1.21912,9661,1,0
2025-01-13 04:00:00,1.21912,1.21933,1.21259,1.21472,11220,1,0
2025-01-13 08:00:00,1.2147000000000001,1.21713,1.2101600000000001,1.21066,27761,1,0
2025-01-13 12:00:00,1.21063,1.21536,1.20995,1.21418,27230,1,0
2025-01-13 16:00:00,1.21413,1.21746,1.21324,1.21739,30759,1,0
2025-01-13 20:00:00,1.2174,1.2204,1.21634,1.2203,13643,1,0
2025-01-14 00:00:00,1.21981,1.22504,1.21893,1.2211400000000001,14499,1,0
2025-01-14 04:00:00,1.2211400000000001,1.22178,1.21919,1.2202600000000001,10889,1,0
2025-01-14 08:00:00,1.2202600000000001,1.22459,1.21761,1.21781,25480,1,0
2025-01-14 12:00:00,1.2178200000000001,1.2193100000000001,1.21371,1.21533,25242,1,0
2025-01-14 16:00:00,1.21533,1.22127,1.21408,1.21855,35374,1,0
2025-01-14 20:00:00,1.21856,1.22167,1.21836,1.22155,12422,1,0
2025-01-15 00:00:00,1.22102,1.22145,1.21993,1.21998,6638,1,0
2025-01-15 04:00:00,1.21999,1.22078,1.21923,1.21995,7375,1,0
2025-01-15 08:00:00,1.21995,1.22411,1.21596,1.22184,23810,1,0
2025-01-15 12:00:00,1.22183,1.23062,1.22014,1.2298,23209,1,0
2025-01-15 16:00:00,1.22979,1.23057,1.21935,1.22149,36947,1,0
2025-01-15 20:00:00,1.22149,1.2245,1.22129,1.22434,10199,1,0
2025-01-16 00:00:00,1.22343,1.22481,1.22269,1.22287,11410,1,0
2025-01-16 04:00:00,1.22292,1.22338,1.22068,1.2209,9335,1,0
2025-01-16 08:00:00,1.22089,1.22266,1.21895,1.21976,20360,1,0
2025-01-16 12:00:00,1.21975,1.22126,1.21747,1.21973,23237,1,0
2025-01-16 16:00:00,1.21973,1.22604,1.21766,1.22367,40564,1,0
2025-01-16 20:00:00,1.22366,1.2246299999999999,1.22271,1.22378,13382,1,0
2025-01-17 00:00:00,1.22362,1.22404,1.22295,1.22327,5595,1,0
2025-01-17 04:00:00,1.22327,1.22442,1.22123,1.22173,7364,1,0
2025-01-17 08:00:00,1.22173,1.22178,1.21605,1.21961,20741,1,0
2025-01-17 12:00:00,1.21962,1.22169,1.21756,1.2182,19899,1,0
2025-01-17 16:00:00,1.2182,1.22279,1.21607,1.21731,33344,1,0
2025-01-17 20:00:00,1.21731,1.21867,1.21648,1.21695,11687,1,0
2025-01-20 00:00:00,1.21656,1.21949,1.21607,1.21923,8382,1,0
2025-01-20 04:00:00,1.21923,1.2215,1.21857,1.22104,7396,1,0
2025-01-20 08:00:00,1.22105,1.22218,1.21657,1.21779,19115,1,0
2025-01-20 12:00:00,1.2178,1.22991,1.2178,1.22988,23868,1,0
2025-01-20 16:00:00,1.22988,1.23266,1.2256,1.22824,36033,1,0
2025-01-20 20:00:00,1.22824,1.23445,1.22789,1.2327,13783,1,0
2025-01-21 00:00:00,1.23203,1.23451,1.22479,1.22752,26792,1,0
2025-01-21 04:00:00,1.22752,1.23116,1.22726,1.22762,15255,1,0
2025-01-21 08:00:00,1.22761,1.22864,1.22347,1.22486,22281,1,0
2025-01-21 12:00:00,1.22485,1.22812,1.22292,1.22787,24922,1,0
2025-01-21 16:00:00,1.22787,1.23355,1.22699,1.23259,33338,1,0
2025-01-21 20:00:00,1.23259,1.23601,1.23232,1.23537,12348,1,0
2025-01-22 00:00:00,1.23468,1.23539,1.23227,1.23325,13152,1,0
2025-01-22 04:00:00,1.23326,1.2348,1.23285,1.2343600000000001,7393,1,0
2025-01-22 08:00:00,1.23435,1.23651,1.23116,1.23644,23927,1,0
2025-01-22 12:00:00,1.23643,1.23762,1.23359,1.23454,21760,1,0
2025-01-22 16:00:00,1.23452,1.23484,1.2307299999999999,1.23217,27686,1,0
2025-01-22 20:00:00,1.23217,1.23312,1.23136,1.23159,10797,1,0
2025-01-23 00:00:00,1.23104,1.23236,1.23074,1.23105,7540,1,0
2025-01-23 04:00:00,1.23106,1.23213,1.23019,1.23117,8537,1,0
2025-01-23 08:00:00,1.23116,1.23213,1.22934,1.2317,18460,1,0
2025-01-23 12:00:00,1.23169,1.23308,1.23,1.2323,16281,1,0
2025-01-23 16:00:00,1.23231,1.23757,1.23001,1.23723,25507,1,0
2025-01-23 20:00:00,1.23723,1.23727,1.2347,1.23521,10921,1,0
2025-01-24 00:00:00,1.23513,1.23587,1.23467,1.23547,5188,1,0
2025-01-24 04:00:00,1.23547,1.24042,1.23544,1.2399499999999999,13270,1,0
2025-01-24 08:00:00,1.23996,1.24477,1.23766,1.24278,21062,1,0
2025-01-24 12:00:00,1.24278,1.24362,1.24005,1.24146,14115,1,0
2025-01-24 16:00:00,1.24145,1.25019,1.24093,1.24879,21208,1,0
2025-01-24 20:00:00,1.24879,1.24956,1.2477800000000001,1.24815,9925,1,0
2025-01-27 00:00:00,1.24664,1.24728,1.24478,1.2449,9043,1,0
2025-01-27 04:00:00,1.2449,1.24632,1.24423,1.2447,10188,1,0
2025-01-27 08:00:00,1.2447,1.24865,1.24259,1.24863,19365,1,0
2025-01-27 12:00:00,1.24861,1.25233,1.24858,1.25028,20384,1,0
2025-01-27 16:00:00,1.25028,1.25116,1.24672,1.24749,22612,1,0
2025-01-27 20:00:00,1.24749,1.2500200000000001,1.24697,1.24993,12950,1,0
2025-01-28 00:00:00,1.24951,1.24978,1.24367,1.24506,14279,1,0
2025-01-28 04:00:00,1.24506,1.24549,1.24345,1.24451,10832,1,0
2025-01-28 08:00:00,1.24451,1.24559,1.2426300000000001,1.24484,16190,1,0
2025-01-28 12:00:00,1.24484,1.2452,1.24145,1.24241,14314,1,0
2025-01-28 16:00:00,1.2424,1.24471,1.2422,1.24286,18513,1,0
2025-01-28 20:00:00,1.24287,1.24454,1.24222,1.24421,10312,1,0
2025-01-29 00:00:00,1.24399,1.24476,1.2435100000000001,1.2436,6171,1,0
2025-01-29 04:00:00,1.2436,1.24553,1.24345,1.2454,6959,1,0
2025-01-29 08:00:00,1.2454,1.24633,1.24159,1.2420499999999999,14939,1,0
2025-01-29 12:00:00,1.24206,1.24284,1.23932,1.23978,16467,1,0
2025-01-29 16:00:00,1.23977,1.24493,1.23965,1.2442199999999999,22859,1,0
2025-01-29 20:00:00,1.2442199999999999,1.24579,1.2412,1.24491,24767,1,0
2025-01-30 00:00:00,1.24462,1.24602,1.24337,1.24498,6851,1,0
2025-01-30 04:00:00,1.24498,1.24557,1.24419,1.24481,8269,1,0
2025-01-30 08:00:00,1.24481,1.24627,1.24319,1.24433,13275,1,0
2025-01-30 12:00:00,1.24433,1.24714,1.24247,1.24673,17298,1,0
2025-01-30 16:00:00,1.2467,1.24769,1.24353,1.2444600000000001,22980,1,0
2025-01-30 20:00:00,1.24447,1.24643,1.24077,1.2416800000000001,15245,1,0
2025-01-31 00:00:00,1.2413,1.24315,1.24071,1.24188,8244,1,0
2025-01-31 04:00:00,1.24192,1.24278,1.2414,1.24208,8041,1,0
2025-01-31 08:00:00,1.24208,1.24398,1.24009,1.24215,14479,1,0
2025-01-31 12:00:00,1.24215,1.24316,1.24058,1.24134,14580,1,0
2025-01-31 16:00:00,1.24137,1.24718,1.23877,1.2454,25350,1,0
2025-01-31 20:00:00,1.2454,1.24614,1.23861,1.23879,25605,1,0
2025-02-03 00:00:00,1.2282,1.23239,1.22648,1.22882,21775,1,0
2025-02-03 04:00:00,1.22882,1.22885,1.22496,1.22774,18382,1,0
2025-02-03 08:00:00,1.22774,1.23233,1.2273,1.22927,22480,1,0
2025-02-03 12:00:00,1.22927,1.2375099999999999,1.22921,1.23651,20210,1,0
2025-02-03 16:00:00,1.23651,1.24365,1.23359,1.23939,39096,1,0
2025-02-03 20:00:00,1.23939,1.24546,1.23818,1.24494,19764,1,0
2025-02-04 00:00:00,1.24497,1.24538,1.24093,1.24215,9469,1,0
2025-02-04 04:00:00,1.24214,1.24275,1.23793,1.23978,12717,1,0
2025-02-04 08:00:00,1.23978,1.2437,1.2393399999999999,1.24251,17750,1,0
2025-02-04 12:00:00,1.2425,1.24348,1.2396099999999999,1.24285,14999,1,0
2025-02-04 16:00:00,1.24286,1.24932,1.24284,1.24826,23559,1,0
2025-02-04 20:00:00,1.24825,1.24905,1.24747,1.24809,10895,1,0
2025-02-05 00:00:00,1.2478,1.24899,1.24703,1.24704,7816,1,0
2025-02-05 04:00:00,1.24704,1.24826,1.24633,1.24676,9945,1,0
2025-02-05 08:00:00,1.24676,1.25288,1.24659,1.25175,15722,1,0
2025-02-05 12:00:00,1.25175,1.255,1.25122,1.25149,15487,1,0
2025-02-05 16:00:00,1.25149,1.2537099999999999,1.25016,1.25091,20147,1,0
2025-02-05 20:00:00,1.25091,1.25141,1.2498,1.25039,8947,1,0
2025-02-06 00:00:00,1.25047,1.25098,1.24984,1.25078,7169,1,0
2025-02-06 04:00:00,1.25075,1.25089,1.2483,1.2484,7541,1,0
2025-02-06 08:00:00,1.2484,1.24913,1.24179,1.24255,12400,1,0
2025-02-06 12:00:00,1.24255,1.24316,1.23604,1.23836,20427,1,0
2025-02-06 16:00:00,1.23835,1.24454,1.23818,1.24417,18791,1,0
2025-02-06 20:00:00,1.24419,1.24557,1.2433,1.24345,9858,1,0
2025-02-07 00:00:00,1.24322,1.24432,1.24227,1.24316,6834,1,0
2025-02-07 04:00:00,1.24316,1.244,1.24199,1.24217,7535,1,0
2025-02-07 08:00:00,1.24216,1.24686,1.24193,1.24594,10715,1,0
2025-02-07 12:00:00,1.24594,1.24921,1.24203,1.24304,15244,1,0
2025-02-07 16:00:00,1.24304,1.24668,1.23759,1.24027,31789,1,0
2025-02-07 20:00:00,1.24027,1.24219,1.23977,1.24005,11474,1,0
2025-02-10 00:00:00,1.23663,1.24006,1.23648,1.23832,11662,1,0
2025-02-10 04:00:00,1.23832,1.24089,1.2380200000000001,1.24007,8396,1,0
2025-02-10 08:00:00,1.24007,1.24209,1.23911,1.24088,14187,1,0
2025-02-10 12:00:00,1.24089,1.24224,1.23795,1.23906,12531,1,0
2025-02-10 16:00:00,1.23906,1.23943,1.23713,1.23805,14325,1,0
2025-02-10 20:00:00,1.23805,1.23813,1.23631,1.23663,6659,1,0
2025-02-11 00:00:00,1.23665,1.23694,1.23539,1.23598,7317,1,0
2025-02-11 04:00:00,1.23598,1.23632,1.23452,1.23617,8224,1,0
2025-02-11 08:00:00,1.23617,1.23783,1.23326,1.23653,11262,1,0
2025-02-11 12:00:00,1.23655,1.23991,1.23561,1.23981,11883,1,0
2025-02-11 16:00:00,1.23981,1.24261,1.23967,1.24236,14519,1,0
2025-02-11 20:00:00,1.24236,1.24548,1.2421,1.24466,10041,1,0
2025-02-12 00:00:00,1.24455,1.24537,1.2433,1.24503,7601,1,0
2025-02-12 04:00:00,1.24503,1.24587,1.24409,1.24454,9441,1,0
2025-02-12 08:00:00,1.24454,1.24658,1.2435,1.24464,12118,1,0
2025-02-12 12:00:00,1.24464,1.24619,1.23754,1.2389000000000001,16640,1,0
2025-02-12 16:00:00,1.23891,1.24838,1.2378,1.24776,28034,1,0
2025-02-12 20:00:00,1.24777,1.2483,1.2435,1.24432,12225,1,0
2025-02-13 00:00:00,1.24433,1.2457799999999999,1.2436,1.24566,9090,1,0
2025-02-13 04:00:00,1.24566,1.24959,1.24522,1.24911,10793,1,0
2025-02-13 08:00:00,1.24911,1.25175,1.24718,1.24913,16584,1,0
2025-02-13 12:00:00,1.24913,1.25053,1.24527,1.24711,17215,1,0
2025-02-13 16:00:00,1.2471,1.2543199999999999,1.24616,1.25216,21675,1,0
2025-02-13 20:00:00,1.25218,1.2568,1.24771,1.25659,17425,1,0
2025-02-14 00:00:00,1.25653,1.25719,1.25487,1.25638,8696,1,0
2025-02-14 04:00:00,1.25638,1.25655,1.25499,1.25538,7950,1,0
2025-02-14 08:00:00,1.25539,1.25962,1.2551999999999999,1.25879,15407,1,0
2025-02-14 12:00:00,1.25878,1.26092,1.25721,1.26032,14718,1,0
2025-02-14 16:00:00,1.26032,1.26305,1.26009,1.26092,17490,1,0
2025-02-14 20:00:00,1.26093,1.26105,1.25838,1.2585600000000001,7684,1,0
2025-02-17 00:00:00,1.25698,1.26007,1.25698,1.25996,9297,1,0
2025-02-17 04:00:00,1.25995,1.25997,1.25833,1.2588599999999999,11298,1,0
2025-02-17 08:00:00,1.2588599999999999,1.2604600000000001,1.25836,1.25913,13544,1,0
2025-02-17 12:00:00,1.25913,1.2608,1.25879,1.25932,10355,1,0
2025-02-17 16:00:00,1.25932,1.26266,1.25853,1.26228,8604,1,0
2025-02-17 20:00:00,1.26228,1.26349,1.26189,1.26254,3557,1,0
2025-02-18 00:00:00,1.26241,1.26244,1.25998,1.26058,7333,1,0
2025-02-18 04:00:00,1.26058,1.26128,1.2593,1.25983,9937,1,0
2025-02-18 08:00:00,1.25983,1.26231,1.25929,1.26074,14562,1,0
2025-02-18 12:00:00,1.26074,1.26099,1.25824,1.25925,13389,1,0
2025-02-18 16:00:00,1.25926,1.26205,1.25892,1.26003,15336,1,0
2025-02-18 20:00:00,1.26002,1.26135,1.25928,1.26135,8309,1,0
2025-02-19 00:00:00,1.26122,1.26387,1.26052,1.2613699999999999,10483,1,0
2025-02-19 04:00:00,1.2613699999999999,1.26248,1.26087,1.26246,10854,1,0
2025-02-19 08:00:00,1.26246,1.26348,1.26033,1.2604600000000001,15171,1,0
2025-02-19 12:00:00,1.26045,1.26057,1.25753,1.25909,14592,1,0
2025-02-19 16:00:00,1.25909,1.26068,1.25631,1.25729,17527,1,0
2025-02-19 20:00:00,1.25729,1.25904,1.25666,1.25852,10072,1,0
2025-02-20 00:00:00,1.2585600000000001,1.2594400000000001,1.25762,1.25831,9392,1,0
2025-02-20 04:00:00,1.25831,1.25995,1.2581,1.25938,13308,1,0
2025-02-20 08:00:00,1.25938,1.2616,1.2589000000000001,1.26141,14661,1,0
2025-02-20 12:00:00,1.26141,1.2623,1.25971,1.26131,15101,1,0
2025-02-20 16:00:00,1.26131,1.26604,1.26057,1.26526,19979,1,0
2025-02-20 20:00:00,1.26525,1.26715,1.2649,1.2669000000000001,8680,1,0
2025-02-21 00:00:00,1.26684,1.2674400000000001,1.2653699999999999,1.26559,10360,1,0
2025-02-21 04:00:00,1.2656,1.2674400000000001,1.26558,1.26601,12849,1,0
2025-02-21 08:00:00,1.26601,1.26787,1.26422,1.26504,17085,1,0
2025-02-21 12:00:00,1.26504,1.2656800000000001,1.26369,1.2646,12424,1,0
2025-02-21 16:00:00,1.2646,1.26681,1.26302,1.26449,18761,1,0
2025-02-21 20:00:00,1.26449,1.26453,1.2625,1.26314,12104,1,0
2025-02-24 00:00:00,1.26244,1.268,1.26244,1.26783,12698,1,0
2025-02-24 04:00:00,1.26783,1.26908,1.26709,1.26745,13354,1,0
2025-02-24 08:00:00,1.26745,1.26746,1.26258,1.26382,18532,1,0
2025-02-24 12:00:00,1.2638,1.26508,1.26263,1.2645,13809,1,0
2025-02-24 16:00:00,1.2645,1.2650000000000001,1.2612,1.26401,19619,1,0
2025-02-24 20:00:00,1.26401,1.26507,1.26182,1.26244,11093,1,0
2025-02-25 00:00:00,1.26239,1.26288,1.26158,1.2623199999999999,8748,1,0
2025-02-25 04:00:00,1.2623199999999999,1.26384,1.26213,1.2637399999999999,13079,1,0
2025-02-25 08:00:00,1.2637399999999999,1.2639,1.26059,1.2624,18223,1,0
2025-02-25 12:00:00,1.26241,1.26776,1.26154,1.26707,17137,1,0
2025-02-25 16:00:00,1.26708,1.26775,1.2640500000000001,1.26633,21486,1,0
2025-02-25 20:00:00,1.26634,1.26775,1.2659799999999999,1.26662,13082,1,0
2025-02-26 00:00:00,1.26627,1.26779,1.2659500000000001,1.26645,8767,1,0
2025-02-26 04:00:00,1.26645,1.2667,1.2635399999999999,1.26386,10492,1,0
2025-02-26 08:00:00,1.26386,1.26645,1.26358,1.26536,15341,1,0
2025-02-26 12:00:00,1.26536,1.26645,1.26397,1.26538,14425,1,0
2025-02-26 16:00:00,1.26539,1.27159,1.26517,1.26846,22999,1,0
2025-02-26 20:00:00,1.26846,1.26965,1.26697,1.26767,13841,1,0
2025-02-27 00:00:00,1.26726,1.26843,1.26608,1.26646,9087,1,0
2025-02-27 04:00:00,1.26646,1.26667,1.26502,1.26546,13946,1,0
2025-02-27 08:00:00,1.26546,1.26787,1.26539,1.26786,15560,1,0
2025-02-27 12:00:00,1.26786,1.26887,1.2628599999999999,1.26324,18029,1,0
2025-02-27 16:00:00,1.26325,1.26452,1.26089,1.26126,22435,1,0
2025-02-27 20:00:00,1.26126,1.26295,1.2597800000000001,1.26006,12160,1,0
2025-02-28 00:00:00,1.25996,1.26105,1.25938,1.25945,9842,1,0
2025-02-28 04:00:00,1.25945,1.2601,1.25805,1.2586,13055,1,0
2025-02-28 08:00:00,1.2586,1.26071,1.25729,1.25952,16262,1,0
2025-02-28 12:00:00,1.25952,1.26104,1.25836,1.26027,14259,1,0
2025-02-28 16:00:00,1.26027,1.26219,1.25807,1.259,22235,1,0
2025-02-28 20:00:00,1.259,1.2591,1.25593,1.2577,16516,1,0
2025-03-03 00:00:00,1.2581,1.26139,1.25594,1.26086,12758,1,0
2025-03-03 04:00:00,1.26086,1.26135,1.25967,1.26051,12325,1,0
2025-03-03 08:00:00,1.26051,1.263,1.25826,1.2628599999999999,16549,1,0
2025-03-03 12:00:00,1.26287,1.26889,1.26287,1.26797,20473,1,0
2025-03-03 16:00:00,1.26797,1.2718,1.26726,1.27165,22426,1,0
2025-03-03 20:00:00,1.27165,1.27245,1.26801,1.27011,18432,1,0
2025-03-04 00:00:00,1.27002,1.27099,1.26879,1.26973,12520,1,0
2025-03-04 04:00:00,1.26972,1.26997,1.26788,1.2695699999999999,15933,1,0
2025-03-04 08:00:00,1.2695699999999999,1.27413,1.26887,1.27249,19641,1,0
2025-03-04 12:00:00,1.27248,1.27539,1.27044,1.27222,19738,1,0
2025-03-04 16:00:00,1.27222,1.2746,1.26997,1.27437,27636,1,0
2025-03-04 20:00:00,1.27437,1.27997,1.2741500000000001,1.2795,23534,1,0
2025-03-05 00:00:00,1.27946,1.27972,1.2776399999999999,1.27771,13670,1,0
2025-03-05 04:00:00,1.27772,1.27972,1.27677,1.27959,16333,1,0
2025-03-05 08:00:00,1.27958,1.28544,1.27873,1.28359,23459,1,0
2025-03-05 12:00:00,1.28359,1.2843,1.28039,1.28226,20717,1,0
2025-03-05 16:00:00,1.28226,1.28812,1.28199,1.28795,30922,1,0
2025-03-05 20:00:00,1.28795,1.29009,1.2864,1.2895699999999999,17592,1,0
2025-03-06 00:00:00,1.28934,1.29081,1.28871,1.2905,12755,1,0
2025-03-06 04:00:00,1.2905,1.29087,1.28833,1.29025,14005,1,0
2025-03-06 08:00:00,1.29025,1.29239,1.28691,1.28766,24776,1,0
2025-03-06 12:00:00,1.28766,1.28977,1.28658,1.28973,22938,1,0
2025-03-06 16:00:00,1.28971,1.29186,1.28804,1.2888,31469,1,0
2025-03-06 20:00:00,1.28879,1.29032,1.28709,1.28815,16447,1,0
2025-03-07 00:00:00,1.28776,1.28899,1.28722,1.28839,9478,1,0
2025-03-07 04:00:00,1.28839,1.28928,1.2877,1.28847,13651,1,0
2025-03-07 08:00:00,1.28847,1.29448,1.288,1.29385,17690,1,0
2025-03-07 12:00:00,1.29385,1.29426,1.29026,1.29028,20755,1,0
2025-03-07 16:00:00,1.29027,1.29372,1.28945,1.29075,30041,1,0
2025-03-07 20:00:00,1.29074,1.29299,1.28966,1.29214,15355,1,0
2025-03-10 00:00:00,1.29165,1.2943799999999999,1.29026,1.29382,10992,1,0
2025-03-10 04:00:00,1.2938100000000001,1.29458,1.29073,1.29074,12111,1,0
2025-03-10 08:00:00,1.29074,1.29229,1.28741,1.28778,17441,1,0
2025-03-10 12:00:00,1.2878,1.29457,1.28745,1.29337,22382,1,0
2025-03-10 16:00:00,1.29337,1.29466,1.2885499999999999,1.28946,24460,1,0
2025-03-10 20:00:00,1.28946,1.28948,1.28616,1.28781,14532,1,0
2025-03-11 00:00:00,1.2875,1.2888899999999999,1.28726,1.28858,8526,1,0
2025-03-11 04:00:00,1.28858,1.2898,1.2876,1.28946,17260,1,0
2025-03-11 08:00:00,1.28946,1.2937400000000001,1.28732,1.293,19987,1,0
2025-03-11 12:00:00,1.293,1.29517,1.2919100000000001,1.29449,17952,1,0
2025-03-11 16:00:00,1.29449,1.29566,1.29179,1.29373,27387,1,0
2025-03-11 20:00:00,1.29373,1.29657,1.29338,1.29497,16313,1,0
2025-03-12 00:00:00,1.29458,1.2950300000000001,1.29314,1.29359,7396,1,0
2025-03-12 04:00:00,1.29359,1.29436,1.29193,1.29239,13011,1,0
2025-03-12 08:00:00,1.29238,1.29422,1.29134,1.29422,15837,1,0
2025-03-12 12:00:00,1.29422,1.29871,1.2929599999999999,1.2943,19723,1,0
2025-03-12 16:00:00,1.2943,1.29828,1.29246,1.29729,23162,1,0
2025-03-12 20:00:00,1.29729,1.29807,1.29597,1.29626,12017,1,0
2025-03-13 00:00:00,1.29582,1.29683,1.29544,1.29669,5525,1,0
2025-03-13 04:00:00,1.29671,1.29736,1.29543,1.29623,11111,1,0
2025-03-13 08:00:00,1.29623,1.29661,1.29414,1.29481,15582,1,0
2025-03-13 12:00:00,1.29481,1.29663,1.29269,1.29327,19003,1,0
2025-03-13 16:00:00,1.29327,1.29603,1.2921,1.29468,21763,1,0
2025-03-13 20:00:00,1.29468,1.29555,1.29365,1.29505,10779,1,0
2025-03-14 00:00:00,1.2944,1.29588,1.29416,1.2945,5407,1,0
2025-03-14 04:00:00,1.2945,1.29491,1.29358,1.29413,15393,1,0
2025-03-14 08:00:00,1.29413,1.29498,1.29173,1.29329,16619,1,0
2025-03-14 12:00:00,1.2933,1.29543,1.29203,1.29419,20151,1,0
2025-03-14 16:00:00,1.29421,1.29459,1.2911000000000001,1.29253,20643,1,0
2025-03-14 20:00:00,1.29253,1.29386,1.29244,1.29363,9421,1,0
2025-03-17 00:00:00,1.292,1.29359,1.29168,1.2929599999999999,7245,1,0
2025-03-17 04:00:00,1.2929599999999999,1.29451,1.2928600000000001,1.29353,9182,1,0
2025-03-17 08:00:00,1.29353,1.29463,1.29282,1.29423,11852,1,0
2025-03-17 12:00:00,1.29423,1.29775,1.2940800000000001,1.29718,14005,1,0
2025-03-17 16:00:00,1.29718,1.29951,1.29675,1.2991,14914,1,0
2025-03-17 20:00:00,1.2991,1.29988,1.29855,1.29901,8097,1,0
2025-03-18 00:00:00,1.29893,1.29918,1.29818,1.29834,5418,1,0
2025-03-18 04:00:00,1.29834,1.29871,1.29708,1.29775,9217,1,0
2025-03-18 08:00:00,1.29775,1.30049,1.29679,1.29972,11365,1,0
2025-03-18 12:00:00,1.29968,1.30038,1.29514,1.29698,14644,1,0
2025-03-18 16:00:00,1.29698,1.29992,1.29539,1.2999100000000001,19898,1,0
2025-03-18 20:00:00,1.2999100000000001,1.30098,1.29971,1.30012,9685,1,0
2025-03-19 00:00:00,1.30007,1.30041,1.29942,1.29962,4710,1,0
2025-03-19 04:00:00,1.29962,1.30031,1.29859,1.29875,7304,1,0
2025-03-19 08:00:00,1.29875,1.2991,1.29576,1.29737,14526,1,0
2025-03-19 12:00:00,1.29737,1.29825,1.29572,1.29664,13266,1,0
2025-03-19 16:00:00,1.29664,1.29762,1.2955,1.29741,13753,1,0
2025-03-19 20:00:00,1.29741,1.30112,1.29557,1.30031,19369,1,0
2025-03-20 00:00:00,1.3001800000000001,1.30151,1.29893,1.30093,6054,1,0
2025-03-20 04:00:00,1.30093,1.30134,1.30004,1.3002099999999999,8762,1,0
2025-03-20 08:00:00,1.3002099999999999,1.3002099999999999,1.29626,1.29721,11762,1,0
2025-03-20 12:00:00,1.2972000000000001,1.29797,1.29362,1.29513,17372,1,0
2025-03-20 16:00:00,1.29513,1.29739,1.2936,1.29653,17211,1,0
2025-03-20 20:00:00,1.29653,1.29704,1.29563,1.29664,7695,1,0
2025-03-21 00:00:00,1.29653,1.29706,1.29588,1.29642,5175,1,0
2025-03-21 04:00:00,1.29642,1.29685,1.29379,1.29399,8038,1,0
2025-03-21 08:00:00,1.29399,1.29454,1.29223,1.29405,12361,1,0
2025-03-21 12:00:00,1.29405,1.29555,1.29326,1.29368,13136,1,0
2025-03-21 16:00:00,1.29368,1.29394,1.28879,1.29208,18697,1,0
2025-03-21 20:00:00,1.29208,1.2929599999999999,1.29091,1.29119,8134,1,0
2025-03-24 00:00:00,1.2891599999999999,1.29345,1.28876,1.29338,7035,1,0
2025-03-24 04:00:00,1.29338,1.29351,1.29112,1.29169,10664,1,0
2025-03-24 08:00:00,1.29169,1.29577,1.29127,1.2953000000000001,13377,1,0
2025-03-24 12:00:00,1.2953000000000001,1.29743,1.29396,1.29437,14657,1,0
2025-03-24 16:00:00,1.29437,1.295,1.28955,1.29037,20201,1,0
2025-03-24 20:00:00,1.29037,1.293,1.29005,1.2922500000000001,8843,1,0
2025-03-25 00:00:00,1.29224,1.29245,1.29159,1.29172,4353,1,0
2025-03-25 04:00:00,1.29172,1.29287,1.29118,1.29237,8338,1,0
2025-03-25 08:00:00,1.29236,1.2928,1.2901799999999999,1.29126,11424,1,0
2025-03-25 12:00:00,1.29124,1.29609,1.29112,1.2955,14485,1,0
2025-03-25 16:00:00,1.29549,1.29608,1.29332,1.29571,16780,1,0
2025-03-25 20:00:00,1.29571,1.29668,1.29394,1.2944499999999999,8430,1,0
2025-03-26 00:00:00,1.29433,1.29495,1.29334,1.29335,5068,1,0
2025-03-26 04:00:00,1.29335,1.29463,1.29271,1.29349,8656,1,0
2025-03-26 08:00:00,1.29349,1.29432,1.28864,1.2906900000000001,13240,1,0
2025-03-26 12:00:00,1.2907,1.2913299999999999,1.2882500000000001,1.28931,14846,1,0
2025-03-26 16:00:00,1.28933,1.29094,1.28744,1.2896,16504,0,0
2025-03-26 20:00:00,1.2896,1.28975,1.2879399999999999,1.28881,8831,1,0
2025-03-27 00:00:00,1.2889,1.28907,1.28709,1.2889300000000001,5071,1,0
2025-03-27 04:00:00,1.2889300000000001,1.29256,1.28891,1.2921,7045,1,0
2025-03-27 08:00:00,1.2921,1.29292,1.29014,1.29234,12871,1,0
2025-03-27 12:00:00,1.29234,1.29666,1.29115,1.29448,13798,1,0
2025-03-27 16:00:00,1.29448,1.29921,1.29227,1.29568,19993,0,0
2025-03-27 20:00:00,1.29569,1.2967,1.29456,1.29489,7485,1,0
2025-03-28 00:00:00,1.29481,1.29539,1.29409,1.29482,3854,1,0
2025-03-28 04:00:00,1.29482,1.29529,1.2940800000000001,1.29414,5723,1,0
2025-03-28 08:00:00,1.29414,1.29683,1.29375,1.29464,10219,0,0
2025-03-28 12:00:00,1.29464,1.2956699999999999,1.2922500000000001,1.2944,12411,1,0
2025-03-28 16:00:00,1.2944,1.2968,1.29342,1.29436,18424,0,0
2025-03-28 20:00:00,1.29436,1.2948,1.29294,1.29421,7471,1,0
2025-03-31 00:00:00,1.29129,1.29595,1.29129,1.2959399999999999,6353,1,0
2025-03-31 04:00:00,1.2959399999999999,1.29717,1.2955,1.29569,8206,1,0
2025-03-31 08:00:00,1.29569,1.29727,1.29355,1.29444,13999,1,0
2025-03-31 12:00:00,1.29443,1.29595,1.2918,1.29326,11884,0,0
2025-03-31 16:00:00,1.29326,1.29412,1.28864,1.2907199999999999,20579,0,0
2025-03-31 20:00:00,1.29066,1.29242,1.29047,1.2916400000000001,7707,0,0
2025-04-01 00:00:00,1.29178,1.29272,1.29108,1.2926199999999999,3690,1,0
2025-04-01 04:00:00,1.2926199999999999,1.29407,1.29176,1.29373,7151,0,0
2025-04-01 08:00:00,1.29373,1.2937699999999999,1.29025,1.2925900000000001,12468,0,0
2025-04-01 12:00:00,1.29258,1.29382,1.2885499999999999,1.28899,16041,0,0
2025-04-01 16:00:00,1.28899,1.29297,1.2879399999999999,1.29265,19856,1,0
2025-04-01 20:00:00,1.29265,1.29328,1.29083,1.2923,8412,0,0
2025-04-02 00:00:00,1.2922799999999999,1.29329,1.29099,1.2910599999999999,5032,1,0
2025-04-02 04:00:00,1.2910599999999999,1.29303,1.29062,1.29184,6437,0,0
2025-04-02 08:00:00,1.29184,1.29245,1.29004,1.29206,9950,1,0
2025-04-02 12:00:00,1.29206,1.295,1.2919800000000001,1.29432,11963,1,0
2025-04-02 16:00:00,1.29432,1.29789,1.2934,1.29705,17411,0,0
2025-04-02 20:00:00,1.29705,1.30248,1.29536,1.30102,17425,0,0
2025-04-03 00:00:00,1.29975,1.30572,1.29725,1.30403,19051,1,0
2025-04-03 04:00:00,1.30403,1.30771,1.30371,1.30586,16126,1,0
2025-04-03 08:00:00,1.30585,1.31684,1.30578,1.31623,25306,0,0
2025-04-03 12:00:00,1.31623,1.3207200000000001,1.3138,1.31579,30705,0,0
2025-04-03 16:00:00,1.31578,1.31964,1.31042,1.3105,32222,0,0
2025-04-03 20:00:00,1.31047,1.31086,1.30799,1.31009,14991,1,0
2025-04-04 00:00:00,1.30992,1.31083,1.30834,1.31014,9628,0,0
2025-04-04 04:00:00,1.31013,1.31095,1.30806,1.30976,15201,0,0
2025-04-04 08:00:00,1.30976,1.31137,1.29753,1.29827,25979,0,0
2025-04-04 12:00:00,1.29827,1.30494,1.2962500000000001,1.30012,43913,0,0
2025-04-04 16:00:00,1.3001,1.30175,1.28881,1.28948,45948,0,0
2025-04-04 20:00:00,1.28949,1.29142,1.28532,1.28922,26439,0,0
2025-04-07 00:00:00,1.28118,1.29319,1.28118,1.29093,26761,0,0
2025-04-07 04:00:00,1.29093,1.2916,1.28498,1.29021,23209,1,0
2025-04-07 08:00:00,1.29021,1.29339,1.28655,1.2871000000000001,36744,0,0
2025-04-07 12:00:00,1.2871000000000001,1.28765,1.28036,1.28372,38018,0,0
2025-04-07 16:00:00,1.28372,1.28461,1.27103,1.27301,46562,0,0
2025-04-07 20:00:00,1.27302,1.27783,1.2708,1.2723,25716,0,0
2025-04-08 00:00:00,1.27153,1.27654,1.27148,1.2752,9741,1,0
2025-04-08 04:00:00,1.27519,1.27919,1.27514,1.27859,14877,1,0
2025-04-08 08:00:00,1.27859,1.2796699999999999,1.2745600000000001,1.27527,25402,0,0
2025-04-08 12:00:00,1.27527,1.2796,1.27247,1.27758,27097,0,0
2025-04-08 16:00:00,1.27758,1.2793700000000001,1.27437,1.27726,36815,0,0
2025-04-08 20:00:00,1.27725,1.2814999999999999,1.2755,1.2765,27406,0,0
2025-04-09 00:00:00,1.27653,1.2815699999999999,1.2751000000000001,1.28149,16956,0,0
2025-04-09 04:00:00,1.28149,1.28568,1.28132,1.2855400000000001,25558,0,0
2025-04-09 08:00:00,1.2854999999999999,1.28641,1.27864,1.28253,34480,0,0
2025-04-09 12:00:00,1.28253,1.2837100000000001,1.27705,1.2803499999999999,33114,0,0
2025-04-09 16:00:00,1.2803499999999999,1.28148,1.27516,1.27651,29559,0,0
2025-04-09 20:00:00,1.27651,1.2837399999999999,1.27432,1.28248,39655,0,0
2025-04-10 00:00:00,1.2824200000000001,1.28467,1.28007,1.2844,12190,1,0
2025-04-10 04:00:00,1.28441,1.28609,1.2822,1.28592,16726,1,0
2025-04-10 08:00:00,1.28592,1.28816,1.28449,1.28692,25301,0,0
2025-04-10 12:00:00,1.28692,1.2956699999999999,1.2861099999999999,1.29249,28148,0,0
2025-04-10 16:00:00,1.29251,1.29787,1.28921,1.29544,36092,0,0
2025-04-10 20:00:00,1.29544,1.2995999999999999,1.29315,1.29697,25338,0,0
2025-04-11 00:00:00,1.29614,1.30476,1.29614,1.30163,19521,1,0
2025-04-11 04:00:00,1.30163,1.30469,1.29943,1.30212,25870,0,0
2025-04-11 08:00:00,1.30212,1.31336,1.29848,1.31088,33794,0,0
2025-04-11 12:00:00,1.31087,1.31451,1.30563,1.31228,33406,0,0
2025-04-11 16:00:00,1.31228,1.31344,1.30304,1.3051300000000001,38210,0,0
2025-04-11 20:00:00,1.30514,1.30836,1.3044,1.3078699999999999,18526,1,0
2025-04-14 00:00:00,1.30942,1.3106200000000001,1.3063,1.30972,15066,1,0
2025-04-14 04:00:00,1.30972,1.31285,1.30954,1.31045,14558,0,0
2025-04-14 08:00:00,1.31045,1.31875,1.30963,1.31712,19803,0,0
2025-04-14 12:00:00,1.3171300000000001,1.32012,1.31412,1.31457,18422,1,0
2025-04-14 16:00:00,1.31458,1.31925,1.31228,1.31663,26915,0,0
2025-04-14 20:00:00,1.31664,1.31998,1.31663,1.319,12607,0,0
2025-04-15 00:00:00,1.31891,1.31966,1.31639,1.31735,6671,1,0
2025-04-15 04:00:00,1.3173599999999999,1.32178,1.31692,1.32116,7989,1,0
2025-04-15 08:00:00,1.32116,1.32386,1.31842,1.32298,16588,0,0
2025-04-15 12:00:00,1.32298,1.3252,1.32185,1.32237,16315,0,0
2025-04-15 16:00:00,1.32237,1.32464,1.32054,1.32124,23501,0,0
2025-04-15 20:00:00,1.32125,1.32347,1.32063,1.3231,11794,1,0
2025-04-16 00:00:00,1.32297,1.32541,1.32148,1.32465,7177,0,0
2025-04-16 04:00:00,1.32466,1.32668,1.32429,1.32644,9398,0,0
2025-04-16 08:00:00,1.32644,1.32912,1.3256999999999999,1.32888,19635,1,0
2025-04-16 12:00:00,1.32888,1.32922,1.32504,1.326,17377,0,0
2025-04-16 16:00:00,1.32598,1.3271600000000001,1.3226499999999999,1.32339,19243,0,0
2025-04-16 20:00:00,1.3234,1.32493,1.3212,1.32402,15809,0,0
2025-04-17 00:00:00,1.32398,1.32436,1.32111,1.3212,8578,1,0
2025-04-17 04:00:00,1.32121,1.32298,1.32028,1.32098,10241,1,0
2025-04-17 08:00:00,1.32098,1.3247900000000001,1.32037,1.32395,14401,1,0
2025-04-17 12:00:00,1.32395,1.32503,1.32187,1.32496,16713,0,0
2025-04-17 16:00:00,1.32495,1.32732,1.32275,1.32579,22092,0,0
2025-04-17 20:00:00,1.3258,1.32728,1.32469,1.32678,9398,0,0
2025-04-18 00:00:00,1.32648,1.32832,1.3245,1.32808,19931,1,0
2025-04-18 04:00:00,1.32806,1.32833,1.32639,1.32682,63468,1,0
2025-04-18 08:00:00,1.3268499999999999,1.32793,1.32578,1.3273,70196,1,0
2025-04-18 12:00:00,1.32722,1.32803,1.32656,1.32762,60020,1,0
2025-04-18 16:00:00,1.32758,1.32855,1.32711,1.32834,50604,1,0
2025-04-18 20:00:00,1.32832,1.32989,1.32791,1.32948,39298,1,0
2025-04-21 00:00:00,1.3272,1.3356,1.32681,1.33461,10792,1,0
2025-04-21 04:00:00,1.33461,1.33869,1.33427,1.3383,10310,1,0
2025-04-21 08:00:00,1.3383,1.34164,1.33723,1.34146,13894,1,0
2025-04-21 12:00:00,1.34146,1.3422100000000001,1.33795,1.3404099999999999,14260,0,0
2025-04-21 16:00:00,1.3404099999999999,1.34089,1.33753,1.33789,17302,1,0
2025-04-21 20:00:00,1.33789,1.33847,1.3363,1.33798,7622,0,0
2025-04-22 00:00:00,1.33775,1.33847,1.33616,1.33707,6723,1,0
2025-04-22 04:00:00,1.33707,1.3410199999999999,1.33707,1.34025,10088,1,0
2025-04-22 08:00:00,1.34025,1.34239,1.33688,1.33873,20255,0,0
2025-04-22 12:00:00,1.33873,1.33905,1.33551,1.33717,17152,0,0
2025-04-22 16:00:00,1.3372,1.33904,1.3342800000000001,1.33464,20444,1,0
2025-04-22 20:00:00,1.33464,1.33545,1.3326,1.33316,10431,0,0
2025-04-23 00:00:00,1.3328,1.33337,1.32336,1.33057,16833,0,0
2025-04-23 04:00:00,1.33056,1.33178,1.3287,1.33054,11327,1,0
2025-04-23 08:00:00,1.33054,1.33285,1.3277999999999999,1.33196,18354,1,0
2025-04-23 12:00:00,1.33197,1.33391,1.32908,1.33041,16141,0,0
2025-04-23 16:00:00,1.33041,1.33196,1.325,1.32609,29852,0,0
2025-04-23 20:00:00,1.32609,1.32773,1.32503,1.32538,11700,0,0
2025-04-24 00:00:00,1.32508,1.32792,1.3243800000000001,1.32769,5964,1,0
2025-04-24 04:00:00,1.32769,1.32868,1.32653,1.327,6875,1,0
2025-04-24 08:00:00,1.327,1.33097,1.32649,1.33016,13314,0,0
2025-04-24 12:00:00,1.33016,1.33209,1.32976,1.33016,14230,1,0
2025-04-24 16:00:00,1.33016,1.3332600000000001,1.32903,1.33288,17532,1,0
2025-04-24 20:00:00,1.33288,1.3348900000000001,1.33154,1.33384,7680,1,0
2025-04-25 00:00:00,1.33369,1.3339699999999999,1.33061,1.33071,5874,1,0
2025-04-25 04:00:00,1.33071,1.33179,1.32793,1.3287,9741,1,0
2025-04-25 08:00:00,1.3287,1.33138,1.32739,1.33022,14780,1,0
2025-04-25 12:00:00,1.33022,1.33262,1.32869,1.33229,10691,1,0
2025-04-25 16:00:00,1.33229,1.33322,1.32979,1.33194,14559,0,0
2025-04-25 20:00:00,1.33194,1.33324,1.33098,1.33099,7190,1,0
2025-04-28 00:00:00,1.32806,1.33115,1.32806,1.33002,5955,1,0
2025-04-28 04:00:00,1.33002,1.33156,1.328,1.3315299999999999,6115,1,0
2025-04-28 08:00:00,1.3315299999999999,1.33338,1.32882,1.33288,12157,0,0
2025-04-28 12:00:00,1.33289,1.33547,1.33289,1.3342399999999999,11945,1,0
2025-04-28 16:00:00,1.3342399999999999,1.34206,1.33411,1.3413,19054,0,0
2025-04-28 20:00:00,1.3413,1.3444,1.3411,1.34425,8357,1,0
2025-04-29 00:00:00,1.3431899999999999,1.34435,1.34204,1.34256,5245,1,0
2025-04-29 04:00:00,1.34256,1.34425,1.3394,1.33961,8678,1,0
2025-04-29 08:00:00,1.33961,1.34259,1.33961,1.34109,12224,1,0
2025-04-29 12:00:00,1.34109,1.34145,1.33803,1.34094,11145,0,0
2025-04-29 16:00:00,1.34094,1.34212,1.33884,1.34073,16755,0,0
2025-04-29 20:00:00,1.3407200000000001,1.34108,1.33932,1.3406799999999999,8132,0,0
2025-04-30 00:00:00,1.34036,1.34149,1.33974,1.34026,5530,0,0
2025-04-30 04:00:00,1.34025,1.34116,1.3382399999999999,1.33908,8094,0,0
2025-04-30 08:00:00,1.33908,1.3406500000000001,1.33631,1.33674,12327,0,0
2025-04-30 12:00:00,1.33673,1.33745,1.33434,1.3352,15446,0,0
2025-04-30 16:00:00,1.33518,1.33591,1.33091,1.33466,21277,0,0
2025-04-30 20:00:00,1.33466,1.33581,1.3319,1.33304,10796,0,0
2025-05-01 00:00:00,1.33258,1.33312,1.33178,1.33192,6331,0,0
2025-05-01 04:00:00,1.33192,1.33194,1.3293,1.32937,8248,0,0
2025-05-01 08:00:00,1.32937,1.33334,1.32748,1.3325,12746,0,0
2025-05-01 12:00:00,1.3325,1.3345500000000001,1.3312,1.33161,13099,0,0
2025-05-01 16:00:00,1.3316,1.3327200000000001,1.32619,1.3281,18190,0,0
2025-05-01 20:00:00,1.3281,1.32868,1.3260399999999999,1.32779,8573,0,0
2025-05-02 00:00:00,1.32728,1.329,1.32702,1.32791,6400,0,0
2025-05-02 04:00:00,1.32791,1.33137,1.32757,1.33081,10589,0,0
2025-05-02 08:00:00,1.33081,1.3322,1.32824,1.3292,13896,0,0
2025-05-02 12:00:00,1.32919,1.33157,1.3259400000000001,1.32908,17224,0,0
2025-05-02 16:00:00,1.32908,1.33308,1.32765,1.32837,22203,0,0
2025-05-02 20:00:00,1.32837,1.3294000000000001,1.32633,1.32709,9262,0,0
2025-05-05 00:00:00,1.3259400000000001,1.32762,1.32566,1.32714,6054,0,0
2025-05-05 04:00:00,1.32714,1.33008,1.32714,1.32954,9217,0,0
2025-05-05 08:00:00,1.32954,1.33068,1.32756,1.32819,12578,0,0
2025-05-05 12:00:00,1.32821,1.33356,1.32821,1.33308,12940,0,0
2025-05-05 16:00:00,1.33308,1.33365,1.32703,1.32739,15796,0,0
2025-05-05 20:00:00,1.3274,1.32996,1.32721,1.32966,7650,0,0
2025-05-06 00:00:00,1.32957,1.32981,1.32674,1.32695,4543,0,0
2025-05-06 04:00:00,1.32695,1.3305500000000001,1.32602,1.33025,10357,0,0
2025-05-06 08:00:00,1.33025,1.33339,1.32854,1.33152,14008,0,0
2025-05-06 12:00:00,1.33152,1.34028,1.33081,1.33965,14405,0,0
2025-05-06 16:00:00,1.33965,1.33974,1.33517,1.33581,16729,0,0
2025-05-06 20:00:00,1.33581,1.33867,1.33565,1.33685,9137,0,0
2025-05-07 00:00:00,1.33599,1.33782,1.33334,1.3351899999999999,10028,0,0
2025-05-07 04:00:00,1.3351899999999999,1.33623,1.33356,1.3342399999999999,11512,0,0
2025-05-07 08:00:00,1.3342399999999999,1.33674,1.33356,1.3336000000000001,13506,0,0
2025-05-07 12:00:00,1.33361,1.33682,1.33229,1.33667,11718,0,0
2025-05-07 16:00:00,1.33667,1.33771,1.33328,1.33481,14345,0,0
2025-05-07 20:00:00,1.33481,1.33533,1.32801,1.3290899999999999,17682,0,0
2025-05-08 00:00:00,1.32895,1.33071,1.3284799999999999,1.32958,5804,0,0
2025-05-08 04:00:00,1.32958,1.33563,1.3293599999999999,1.33322,11465,0,0
2025-05-08 08:00:00,1.33322,1.3333,1.32613,1.32664,18267,0,0
2025-05-08 12:00:00,1.32664,1.33423,1.32412,1.3324,16440,0,0
2025-05-08 16:00:00,1.3324,1.3345,1.32619,1.32659,20267,0,0
2025-05-08 20:00:00,1.32659,1.32675,1.32365,1.3244799999999999,10407,0,0
2025-05-09 00:00:00,1.32452,1.32518,1.32196,1.32399,5361,0,0
2025-05-09 04:00:00,1.32399,1.32423,1.32121,1.32365,10978,0,0
2025-05-09 08:00:00,1.32365,1.32712,1.32236,1.32703,11506,0,0
2025-05-09 12:00:00,1.32703,1.3287,1.3262,1.32854,11211,0,0
2025-05-09 16:00:00,1.32854,1.33227,1.3284,1.33071,13684,0,0
2025-05-09 20:00:00,1.33071,1.3319,1.32966,1.33006,6495,0,0
2025-05-12 00:00:00,1.32576,1.32953,1.3255,1.3289,7065,0,0
2025-05-12 04:00:00,1.3289,1.32944,1.32752,1.32862,11001,0,0
2025-05-12 08:00:00,1.32862,1.32993,1.3159100000000001,1.31944,21784,0,0
2025-05-12 12:00:00,1.31944,1.32044,1.314,1.31962,18532,0,0
2025-05-12 16:00:00,1.31962,1.32155,1.3176999999999999,1.3178,18435,0,0
2025-05-12 20:00:00,1.3178,1.31847,1.31623,1.31761,9324,0,0
2025-05-13 00:00:00,1.31746,1.31854,1.31668,1.31785,6472,0,0
2025-05-13 04:00:00,1.31785,1.3201100000000001,1.3175,1.32009,9863,0,0
2025-05-13 08:00:00,1.32012,1.32172,1.3189600000000001,1.32115,14256,0,0
2025-05-13 12:00:00,1.32117,1.3244500000000001,1.32022,1.32434,13483,0,0
2025-05-13 16:00:00,1.32434,1.32946,1.32214,1.32925,19028,0,0
2025-05-13 20:00:00,1.32925,1.33161,1.32876,1.33039,7937,0,0
2025-05-14 00:00:00,1.33035,1.33165,1.32992,1.33138,6164,0,0
2025-05-14 04:00:00,1.33138,1.332,1.32983,1.33044,10372,0,0
2025-05-14 08:00:00,1.33044,1.33589,1.3291,1.33472,17115,0,0
2025-05-14 12:00:00,1.33471,1.3360400000000001,1.33163,1.33251,16926,0,0
2025-05-14 16:00:00,1.33251,1.33294,1.3271,1.32825,21365,0,0
2025-05-14 20:00:00,1.32825,1.32884,1.32534,1.3259699999999999,10119,0,0
2025-05-15 00:00:00,1.32528,1.32754,1.32523,1.3272599999999999,6144,0,0
2025-05-15 04:00:00,1.32728,1.32868,1.32724,1.32745,10546,0,0
2025-05-15 08:00:00,1.32745,1.33051,1.3262399999999999,1.32897,15148,0,0
2025-05-15 12:00:00,1.32898,1.3309199999999999,1.32673,1.3305500000000001,14889,0,0
2025-05-15 16:00:00,1.3305500000000001,1.33199,1.32638,1.32889,19454,0,0
2025-05-15 20:00:00,1.3289,1.33088,1.32867,1.33041,9000,0,0
2025-05-16 00:00:00,1.33012,1.33179,1.32946,1.33144,6594,0,0
2025-05-16 04:00:00,1.33144,1.33195,1.33066,1.33186,8926,0,0
2025-05-16 08:00:00,1.33186,1.33328,1.33015,1.33047,12815,0,0
2025-05-16 12:00:00,1.33047,1.3309,1.32736,1.32834,12550,0,0
2025-05-16 16:00:00,1.32833,1.32993,1.32507,1.32687,18709,0,0
2025-05-16 20:00:00,1.32687,1.32868,1.32679,1.3283,9461,0,0
2025-05-19 00:00:00,1.3264,1.33139,1.32615,1.3313,7876,0,0
2025-05-19 04:00:00,1.3313,1.3314,1.32904,1.32991,10835,0,0
2025-05-19 08:00:00,1.32991,1.33728,1.32928,1.33677,16459,0,0
2025-05-19 12:00:00,1.33677,1.3404,1.3363,1.33712,16825,0,0
2025-05-19 16:00:00,1.33712,1.3376000000000001,1.33459,1.33548,17756,0,0
2025-05-19 20:00:00,1.33548,1.3364500000000001,1.33449,1.3361,8127,0,0
2025-05-20 00:00:00,1.33598,1.33625,1.33448,1.33562,6659,0,0
2025-05-20 04:00:00,1.33562,1.3374,1.33471,1.33639,11747,0,0
2025-05-20 08:00:00,1.33639,1.3395000000000001,1.33637,1.33737,16306,0,0
2025-05-20 12:00:00,1.33737,1.33842,1.33355,1.33402,13641,0,0
2025-05-20 16:00:00,1.33403,1.33743,1.33349,1.33715,18300,0,0
2025-05-20 20:00:00,1.33716,1.33939,1.3369900000000001,1.33932,9081,0,0
2025-05-21 00:00:00,1.33924,1.34119,1.33778,1.34088,6042,0,0
2025-05-21 04:00:00,1.34087,1.34356,1.33989,1.34305,11324,0,0
2025-05-21 08:00:00,1.34305,1.34691,1.3390900000000001,1.3399,18005,0,0
2025-05-21 12:00:00,1.3399,1.34382,1.33888,1.34225,17915,0,0
2025-05-21 16:00:00,1.34227,1.34517,1.34147,1.34469,18344,0,0
2025-05-21 20:00:00,1.34469,1.3452600000000001,1.34131,1.34192,13506,0,0
2025-05-22 00:00:00,1.34193,1.34317,1.34049,1.3424800000000001,8243,0,0
2025-05-22 04:00:00,1.3424800000000001,1.3441100000000001,1.34165,1.34292,11504,0,0
2025-05-22 08:00:00,1.34292,1.3440699999999999,1.34016,1.34024,16614,0,0
2025-05-22 12:00:00,1.34024,1.34265,1.3390900000000001,1.34131,16560,0,0
2025-05-22 16:00:00,1.34131,1.34366,1.34056,1.3418,19511,0,0
2025-05-22 20:00:00,1.3418,1.343,1.34037,1.34179,9326,0,0
2025-05-23 00:00:00,1.34185,1.34358,1.34081,1.34322,5869,0,0
2025-05-23 04:00:00,1.34322,1.34557,1.34299,1.34523,7938,0,0
2025-05-23 08:00:00,1.34523,1.34918,1.3444,1.34883,12396,0,0
2025-05-23 12:00:00,1.34883,1.35337,1.3474,1.3518,21060,0,0
2025-05-23 16:00:00,1.3518,1.3523800000000001,1.34808,1.35219,19261,0,0
2025-05-23 20:00:00,1.35219,1.35394,1.35213,1.35375,8483,0,0
2025-05-26 00:00:00,1.35209,1.35613,1.35209,1.35611,8503,0,0
2025-05-26 04:00:00,1.35611,1.35934,1.35537,1.35826,12085,0,0
2025-05-26 08:00:00,1.35826,1.35926,1.3558,1.35644,12402,0,0
2025-05-26 12:00:00,1.35646,1.35682,1.35513,1.35559,8114,0,0
2025-05-26 16:00:00,1.35559,1.35683,1.35527,1.35643,7211,0,0
2025-05-26 20:00:00,1.35643,1.35652,1.35577,1.3563100000000001,3220,0,0
2025-05-27 00:00:00,1.35589,1.35852,1.35526,1.35825,5764,0,0
2025-05-27 04:00:00,1.35825,1.35869,1.3553899999999999,1.35553,8494,0,0
2025-05-27 08:00:00,1.35553,1.35736,1.3522,1.35369,17706,0,0
2025-05-27 12:00:00,1.35368,1.35625,1.35336,1.3562,13246,0,0
2025-05-27 16:00:00,1.3562,1.3565,1.35004,1.35074,17223,0,0
2025-05-27 20:00:00,1.35074,1.35153,1.3502100000000001,1.3507,6796,0,0
2025-05-28 00:00:00,1.3502399999999999,1.35226,1.35008,1.35153,4463,0,0
2025-05-28 04:00:00,1.35153,1.3516599999999999,1.3470900000000001,1.34724,13578,0,0
2025-05-28 08:00:00,1.34724,1.3511199999999999,1.34611,1.35093,13953,0,0
2025-05-28 12:00:00,1.35093,1.3519700000000001,1.34659,1.34693,12035,0,0
2025-05-28 16:00:00,1.34693,1.34894,1.34501,1.34747,18148,0,0
2025-05-28 20:00:00,1.34747,1.34796,1.34622,1.34697,8436,0,0
2025-05-29 00:00:00,1.34652,1.3471,1.3415599999999999,1.3428499999999999,13444,0,0
2025-05-29 04:00:00,1.34284,1.34467,1.34189,1.34401,11341,0,0
2025-05-29 08:00:00,1.34401,1.3475,1.34265,1.34604,15088,0,0
2025-05-29 12:00:00,1.34604,1.35054,1.34581,1.35016,16368,0,0
2025-05-29 16:00:00,1.35016,1.35072,1.34765,1.3493,19328,0,0
2025-05-29 20:00:00,1.3493,1.35047,1.34871,1.34913,8252,0,0
2025-05-30 00:00:00,1.34866,1.35098,1.34828,1.34966,7219,0,0
2025-05-30 04:00:00,1.34966,1.3511199999999999,1.34684,1.34717,11205,0,0
2025-05-30 08:00:00,1.34717,1.34857,1.34552,1.3466,14044,0,0
2025-05-30 12:00:00,1.3466,1.34995,1.34627,1.34928,14694,0,0
2025-05-30 16:00:00,1.34928,1.34945,1.3448,1.34608,20965,0,0
2025-05-30 20:00:00,1.34608,1.34766,1.34548,1.3455,9888,0,0
2025-06-02 00:00:00,1.34628,1.34923,1.34479,1.34885,6222,0,0
2025-06-02 04:00:00,1.34885,1.35059,1.34734,1.34888,9417,0,0
2025-06-02 08:00:00,1.34888,1.35576,1.34881,1.35433,14817,0,0
2025-06-02 12:00:00,1.35433,1.35555,1.35272,1.35427,14398,0,0
2025-06-02 16:00:00,1.35428,1.35598,1.35186,1.35227,19623,0,0
2025-06-02 20:00:00,1.35225,1.35498,1.3517299999999999,1.35439,8455,0,0
2025-06-03 00:00:00,1.3543,1.35595,1.35318,1.35476,5245,0,0
2025-06-03 04:00:00,1.35476,1.35477,1.35149,1.35241,10977,0,0
2025-06-03 08:00:00,1.35241,1.35375,1.35054,1.35154,12765,0,0
2025-06-03 12:00:00,1.35156,1.35266,1.3492,1.35038,12806,0,0
2025-06-03 16:00:00,1.35039,1.35335,1.3496299999999999,1.35185,17870,0,0
2025-06-03 20:00:00,1.35185,1.35293,1.35138,1.35181,7729,0,0
2025-06-04 00:00:00,1.35147,1.35334,1.351,1.35269,5679,0,0
2025-06-04 04:00:00,1.35269,1.3544800000000001,1.35107,1.35122,10511,0,0
2025-06-04 08:00:00,1.35122,1.35456,1.3501,1.354,13290,0,0
2025-06-04 12:00:00,1.354,1.35442,1.35119,1.35432,13925,0,0
2025-06-04 16:00:00,1.35432,1.35801,1.35315,1.35714,18483,0,0
2025-06-04 20:00:00,1.35714,1.35738,1.35454,1.35529,7952,0,0
2025-06-05 00:00:00,1.35521,1.35599,1.35449,1.35599,4949,0,0
2025-06-05 04:00:00,1.35598,1.35659,1.35408,1.35474,9902,0,0
2025-06-05 08:00:00,1.35474,1.35743,1.35426,1.35674,11428,0,0
2025-06-05 12:00:00,1.35674,1.35946,1.35606,1.35789,14629,0,0
2025-06-05 16:00:00,1.35791,1.36168,1.35711,1.35863,23804,0,0
2025-06-05 20:00:00,1.35865,1.35896,1.35667,1.35698,10721,0,0
2025-06-06 00:00:00,1.3568,1.35847,1.35648,1.3578999999999999,5468,0,0
2025-06-06 04:00:00,1.3578999999999999,1.35838,1.3565800000000001,1.3575,8764,0,0
2025-06-06 08:00:00,1.35751,1.35751,1.35347,1.3538299999999999,11910,0,0
2025-06-06 12:00:00,1.3538299999999999,1.35642,1.35185,1.35366,14683,0,0
2025-06-06 16:00:00,1.35364,1.3548200000000001,1.35077,1.35194,22664,0,0
2025-06-06 20:00:00,1.35194,1.35346,1.35159,1.3526099999999999,9210,0,0
2025-06-09 00:00:00,1.3516599999999999,1.35399,1.35162,1.35312,3871,0,0
2025-06-09 04:00:00,1.35313,1.35655,1.35313,1.35544,7184,0,0
2025-06-09 08:00:00,1.35544,1.3578000000000001,1.35488,1.35735,9782,0,0
2025-06-09 12:00:00,1.35735,1.35815,1.3534,1.35365,11065,0,0
2025-06-09 16:00:00,1.35365,1.35645,1.35247,1.35587,13569,0,0
2025-06-09 20:00:00,1.35586,1.3565800000000001,1.35483,1.3550200000000001,6004,0,0
2025-06-10 00:00:00,1.3544,1.35644,1.35399,1.35547,6177,0,0
2025-06-10 04:00:00,1.35547,1.35605,1.35196,1.35381,10156,0,0
2025-06-10 08:00:00,1.35382,1.3546,1.34564,1.34878,16932,0,0
2025-06-10 12:00:00,1.34878,1.35128,1.34801,1.35072,12224,0,0
2025-06-10 16:00:00,1.35072,1.35368,1.34979,1.34985,14593,0,0
2025-06-10 20:00:00,1.34985,1.35084,1.34903,1.34978,7620,0,0
2025-06-11 00:00:00,1.3496000000000001,1.35102,1.34905,1.3492,7499,0,0
2025-06-11 04:00:00,1.3492,1.34958,1.34747,1.34828,8342,0,0
2025-06-11 08:00:00,1.34828,1.3496299999999999,1.34644,1.34945,11291,0,0
2025-06-11 12:00:00,1.34945,1.35499,1.34851,1.35188,14943,0,0
2025-06-11 16:00:00,1.35189,1.35581,1.3502,1.35498,18284,0,0
2025-06-11 20:00:00,1.35498,1.35674,1.35362,1.35474,9328,0,0
2025-06-12 00:00:00,1.3541,1.35885,1.35391,1.35834,6901,0,0
2025-06-12 04:00:00,1.35834,1.35935,1.35671,1.35826,10162,0,0
2025-06-12 08:00:00,1.35826,1.35901,1.35228,1.35662,16314,0,0
2025-06-12 12:00:00,1.3566099999999999,1.36194,1.35601,1.36105,19234,0,0
2025-06-12 16:00:00,1.36105,1.36235,1.35822,1.35916,19642,0,0
2025-06-12 20:00:00,1.35916,1.36152,1.3584,1.3612600000000001,7228,0,0
2025-06-13 00:00:00,1.36116,1.36327,1.3559,1.35704,11821,0,0
2025-06-13 04:00:00,1.35704,1.35716,1.35304,1.35343,16507,0,0
2025-06-13 08:00:00,1.35343,1.35704,1.35215,1.35593,17336,0,0
2025-06-13 12:00:00,1.35593,1.35629,1.3523100000000001,1.35342,16708,0,0
2025-06-13 16:00:00,1.35342,1.3603100000000001,1.35164,1.35948,16646,0,0
2025-06-13 20:00:00,1.35948,1.35948,1.35587,1.35736,11446,0,0
2025-06-16 00:00:00,1.35613,1.35614,1.35344,1.35501,9359,1,0
2025-06-16 04:00:00,1.35499,1.35584,1.35349,1.35471,11994,1,0
2025-06-16 08:00:00,1.35471,1.35929,1.35471,1.35791,15229,1,0
2025-06-16 12:00:00,1.35791,1.3591,1.35739,1.35826,12935,1,0
2025-06-16 16:00:00,1.35826,1.36224,1.35825,1.36084,17995,1,0
2025-06-16 20:00:00,1.3608500000000001,1.36109,1.3572600000000001,1.35764,9507,1,0
2025-06-17 00:00:00,1.35725,1.35835,1.35574,1.35672,9341,1,0
2025-06-17 04:00:00,1.35672,1.35794,1.35589,1.35734,11076,1,0
2025-06-17 08:00:00,1.35734,1.35789,1.3548200000000001,1.3548200000000001,14369,1,0
2025-06-17 12:00:00,1.35483,1.3574,1.3541699999999999,1.3547799999999999,14182,1,0
2025-06-17 16:00:00,1.3547799999999999,1.3565,1.34663,1.3471600000000001,19160,1,0
2025-06-17 20:00:00,1.3471600000000001,1.3474599999999999,1.34154,1.3428200000000001,15425,1,0
2025-06-18 00:00:00,1.34236,1.34383,1.34141,1.34314,8045,1,0
2025-06-18 04:00:00,1.34314,1.34471,1.34271,1.34436,9472,1,0
2025-06-18 08:00:00,1.34436,1.34766,1.34381,1.34527,14056,1,0
2025-06-18 12:00:00,1.34528,1.3468499999999999,1.34382,1.3447200000000001,12757,1,0
2025-06-18 16:00:00,1.3447200000000001,1.34757,1.34351,1.34569,18601,1,0
2025-06-18 20:00:00,1.34569,1.34764,1.3400699999999999,1.34205,20556,1,0
2025-06-19 00:00:00,1.34174,1.34276,1.3408,1.34154,8518,1,0
2025-06-19 04:00:00,1.34155,1.3416000000000001,1.33872,1.3411,11411,1,0
2025-06-19 08:00:00,1.3411,1.3428499999999999,1.33827,1.34274,14897,1,0
2025-06-19 12:00:00,1.34274,1.3449499999999999,1.34043,1.3441100000000001,14694,1,0
2025-06-19 16:00:00,1.3441100000000001,1.34458,1.34172,1.34252,11887,1,0
2025-06-19 20:00:00,1.34252,1.347,1.34246,1.34676,6464,1,0
2025-06-20 00:00:00,1.34584,1.34903,1.34512,1.34881,7297,1,0
2025-06-20 04:00:00,1.34881,1.35001,1.3477000000000001,1.34954,10516,1,0
2025-06-20 08:00:00,1.34954,1.35009,1.3462399999999999,1.34912,13942,1,0
2025-06-20 12:00:00,1.34912,1.35111,1.34854,1.35016,13769,1,0
2025-06-20 16:00:00,1.3501699999999999,1.3506,1.34536,1.34707,17906,1,0
2025-06-20 20:00:00,1.34707,1.34766,1.34401,1.34463,9736,1,0
2025-06-23 00:00:00,1.34005,1.34418,1.33947,1.34219,11263,1,0
2025-06-23 04:00:00,1.34219,1.34383,1.34033,1.34098,13233,1,0
2025-06-23 08:00:00,1.34098,1.34486,1.34097,1.34144,17438,1,0
2025-06-23 12:00:00,1.34144,1.34171,1.33704,1.3392,18388,1,0
2025-06-23 16:00:00,1.3392,1.35062,1.33872,1.3492199999999999,23115,1,0
2025-06-23 20:00:00,1.34923,1.35309,1.349,1.3523800000000001,13567,1,0
2025-06-24 00:00:00,1.35219,1.35551,1.35128,1.35486,10791,1,0
2025-06-24 04:00:00,1.35486,1.3572899999999999,1.3535300000000001,1.35652,11413,1,0
2025-06-24 08:00:00,1.35652,1.36035,1.35596,1.3600400000000001,18662,1,0
2025-06-24 12:00:00,1.3600400000000001,1.36264,1.35945,1.3601,13450,1,0
2025-06-24 16:00:00,1.3601,1.36483,1.3591,1.36253,19157,1,0
2025-06-24 20:00:00,1.36253,1.3639000000000001,1.36125,1.3614600000000001,8840,1,0
2025-06-25 00:00:00,1.36113,1.3623,1.36082,1.36173,5453,1,0
2025-06-25 04:00:00,1.36173,1.36292,1.36113,1.36163,10166,1,0
2025-06-25 08:00:00,1.36163,1.3633600000000001,1.36064,1.36215,13178,1,0
2025-06-25 12:00:00,1.36216,1.36221,1.35907,1.35968,12928,1,0
2025-06-25 16:00:00,1.35968,1.36435,1.35941,1.36405,14529,1,0
2025-06-25 20:00:00,1.36405,1.36714,1.36365,1.36636,9858,1,0
2025-06-26 00:00:00,1.3661699999999999,1.36954,1.36482,1.36896,6873,1,0
2025-06-26 04:00:00,1.36896,1.3725,1.36771,1.37009,11662,1,0
2025-06-26 08:00:00,1.37009,1.37648,1.36966,1.37497,17700,1,0
2025-06-26 12:00:00,1.37497,1.3753600000000001,1.36997,1.37184,16890,1,0
2025-06-26 16:00:00,1.37184,1.37708,1.3707,1.37549,20228,1,0
2025-06-26 20:00:00,1.37549,1.37632,1.3722699999999999,1.37274,9650,1,0
2025-06-27 00:00:00,1.37248,1.37357,1.37165,1.37306,7126,1,0
2025-06-27 04:00:00,1.37305,1.375,1.3722699999999999,1.37229,10565,1,0
2025-06-27 08:00:00,1.37229,1.37504,1.37202,1.3743400000000001,14354,1,0
2025-06-27 12:00:00,1.37436,1.37526,1.37199,1.37406,14930,1,0
2025-06-27 16:00:00,1.37406,1.3747,1.37032,1.37074,17212,1,0
2025-06-27 20:00:00,1.37074,1.3721,1.36829,1.37204,11939,1,0
2025-06-30 00:00:00,1.36938,1.37284,1.36938,1.3714,8153,1,0
2025-06-30 04:00:00,1.3714,1.37307,1.37113,1.37295,10309,1,0
2025-06-30 08:00:00,1.37295,1.37406,1.36931,1.36995,15130,1,0
2025-06-30 12:00:00,1.36995,1.37118,1.3685,1.36935,12053,1,0
2025-06-30 16:00:00,1.36935,1.3723,1.36742,1.37141,18461,1,0
2025-06-30 20:00:00,1.37141,1.37356,1.37036,1.37341,9380,1,0
2025-07-01 00:00:00,1.3729,1.37415,1.3716300000000001,1.37409,5658,1,0
2025-07-01 04:00:00,1.37409,1.37487,1.37241,1.3740999999999999,10244,1,0
2025-07-01 08:00:00,1.3740999999999999,1.3783699999999999,1.37321,1.3774,14782,1,0
2025-07-01 12:00:00,1.3773900000000001,1.37887,1.3740700000000001,1.37415,15921,1,0
2025-07-01 16:00:00,1.37414,1.3743699999999999,1.37036,1.37245,18997,1,0
2025-07-01 20:00:00,1.37245,1.3750499999999999,1.37213,1.3746,8919,1,0
2025-07-02 00:00:00,1.37417,1.37493,1.37369,1.37482,4681,1,0
2025-07-02 04:00:00,1.37482,1.37526,1.3732199999999999,1.37442,8693,1,0
2025-07-02 08:00:00,1.3744,1.37458,1.36943,1.36981,12912,1,0
2025-07-02 12:00:00,1.36979,1.3713,1.35888,1.36079,18555,1,0
2025-07-02 16:00:00,1.36079,1.36322,1.35629,1.36311,18834,1,0
2025-07-02 20:00:00,1.3631,1.36445,1.36269,1.36334,8568,1,0
2025-07-03 00:00:00,1.36315,1.36657,1.36315,1.36473,6838,1,0
2025-07-03 04:00:00,1.36473,1.36538,1.36235,1.36295,8271,1,0
2025-07-03 08:00:00,1.36295,1.36757,1.3625099999999999,1.36643,11889,1,0
2025-07-03 12:00:00,1.36643,1.36682,1.35858,1.36151,16033,1,0
2025-07-03 16:00:00,1.36151,1.36743,1.36116,1.36504,20402,1,0
2025-07-03 20:00:00,1.36504,1.3654,1.3639299999999999,1.36539,4882,1,0
2025-07-04 00:00:00,1.36538,1.36685,1.3643,1.36631,5624,1,0
2025-07-04 04:00:00,1.36631,1.36746,1.3645100000000001,1.36738,8927,1,0
2025-07-04 08:00:00,1.36738,1.36815,1.36567,1.36643,11798,1,0
2025-07-04 12:00:00,1.36642,1.36647,1.36351,1.36354,11051,1,0
2025-07-04 16:00:00,1.36354,1.36536,1.36353,1.36471,9243,1,0
2025-07-04 20:00:00,1.36471,1.36582,1.36388,1.3642400000000001,25671,1,0
2025-07-07 00:00:00,1.3644,1.36578,1.3644,1.36472,6026,1,0
2025-07-07 04:00:00,1.36472,1.36472,1.36158,1.36173,11327,1,0
2025-07-07 08:00:00,1.36173,1.36264,1.35793,1.35806,14466,1,0
2025-07-07 12:00:00,1.35806,1.36213,1.3575300000000001,1.36174,11905,1,0
2025-07-07 16:00:00,1.36174,1.36479,1.35942,1.35952,15314,1,0
2025-07-07 20:00:00,1.35952,1.36167,1.35893,1.36007,11525,1,0
2025-07-08 00:00:00,1.35988,1.36369,1.3594300000000001,1.36289,6726,1,0
2025-07-08 04:00:00,1.36289,1.36428,1.36178,1.36317,10588,1,0
2025-07-08 08:00:00,1.36316,1.36464,1.36097,1.36123,13315,1,0
2025-07-08 12:00:00,1.36123,1.36147,1.35632,1.35782,11891,1,0
2025-07-08 16:00:00,1.35781,1.3582,1.35257,1.3578700000000001,18520,1,0
2025-07-08 20:00:00,1.35786,1.35974,1.35773,1.35922,11133,1,0
2025-07-09 00:00:00,1.3588,1.35965,1.35608,1.35863,5379,1,0
2025-07-09 04:00:00,1.35863,1.3593,1.35645,1.35857,10244,1,0
2025-07-09 08:00:00,1.35857,1.3606500000000001,1.35791,1.36012,13073,1,0
2025-07-09 12:00:00,1.36011,1.3613,1.3574,1.36082,12840,1,0
2025-07-09 16:00:00,1.36082,1.36198,1.3578999999999999,1.3584100000000001,14201,1,0
2025-07-09 20:00:00,1.3584100000000001,1.36008,1.35808,1.35856,8493,1,0
2025-07-10 00:00:00,1.35842,1.36134,1.3575599999999999,1.36096,6104,1,0
2025-07-10 04:00:00,1.36096,1.3612199999999999,1.35998,1.36052,8111,1,0
2025-07-10 08:00:00,1.36052,1.36196,1.36023,1.3606099999999999,9373,1,0
2025-07-10 12:00:00,1.3606099999999999,1.36164,1.35571,1.35603,9959,1,0
2025-07-10 16:00:00,1.35603,1.35728,1.35331,1.35641,16616,1,0
2025-07-10 20:00:00,1.35641,1.35834,1.3561,1.35795,8135,1,0
2025-07-11 00:00:00,1.3576,1.35855,1.3545,1.3555,8767,1,0
2025-07-11 04:00:00,1.3555,1.3569499999999999,1.35489,1.3556300000000001,11095,1,0
2025-07-11 08:00:00,1.3556300000000001,1.35647,1.35286,1.35355,13302,1,0
2025-07-11 12:00:00,1.35355,1.35529,1.34962,1.35042,13874,1,0
2025-07-11 16:00:00,1.35042,1.35202,1.34813,1.35065,16772,1,0
2025-07-11 20:00:00,1.35065,1.35175,1.34845,1.3489,9101,1,0
2025-07-14 00:00:00,1.34811,1.3504399999999999,1.34783,1.34989,7947,1,0
2025-07-14 04:00:00,1.34989,1.35025,1.3472,1.34759,10395,1,0
2025-07-14 08:00:00,1.34759,1.3489499999999999,1.34516,1.34759,12631,1,0
2025-07-14 12:00:00,1.34758,1.34937,1.34704,1.34778,10463,1,0
2025-07-14 16:00:00,1.34778,1.34847,1.34271,1.34354,15839,1,0
2025-07-14 20:00:00,1.34354,1.3441100000000001,1.34244,1.34267,6783,1,0
2025-07-15 00:00:00,1.3426,1.3440699999999999,1.34215,1.34355,6004,1,0
2025-07-15 04:00:00,1.34355,1.34397,1.3427,1.3431600000000001,8031,1,0
2025-07-15 08:00:00,1.3431600000000001,1.34537,1.3427799999999999,1.34466,10553,1,0
2025-07-15 12:00:00,1.3446500000000001,1.34673,1.34318,1.3448,13049,1,0
2025-07-15 16:00:00,1.34481,1.34507,1.33803,1.33871,21674,1,0
2025-07-15 20:00:00,1.33871,1.33934,1.33789,1.33843,8050,1,0
2025-07-16 00:00:00,1.33789,1.3399,1.33781,1.33934,4530,1,0
2025-07-16 04:00:00,1.33934,1.3400400000000001,1.33825,1.33965,8511,1,0
2025-07-16 08:00:00,1.33965,1.34165,1.3389,1.33913,12673,1,0
2025-07-16 12:00:00,1.33914,1.34125,1.33833,1.33929,13604,1,0
2025-07-16 16:00:00,1.33929,1.34857,1.3365,1.3422,30713,1,0
2025-07-16 20:00:00,1.34218,1.34406,1.34049,1.34195,11571,1,0
2025-07-17 00:00:00,1.34173,1.34209,1.33956,1.33997,6825,1,0
2025-07-17 04:00:00,1.33997,1.34052,1.33842,1.33956,9322,1,0
2025-07-17 08:00:00,1.33956,1.34107,1.33741,1.34106,14638,1,0
2025-07-17 12:00:00,1.34107,1.34137,1.33803,1.3401100000000001,12921,1,0
2025-07-17 16:00:00,1.3401100000000001,1.34206,1.33929,1.34006,15667,1,0
2025-07-17 20:00:00,1.34006,1.342,1.33992,1.34176,7034,1,0
2025-07-18 00:00:00,1.34141,1.3437999999999999,1.34056,1.3431899999999999,5504,1,0
2025-07-18 04:00:00,1.3431899999999999,1.3440699999999999,1.34238,1.34239,6891,1,0
2025-07-18 08:00:00,1.34239,1.3443,1.34108,1.3437000000000001,10536,1,0
2025-07-18 12:00:00,1.3437000000000001,1.34726,1.3435000000000001,1.34579,10063,1,0
2025-07-18 16:00:00,1.34579,1.34752,1.3417,1.34189,16523,1,0
2025-07-18 20:00:00,1.34189,1.34216,1.34053,1.34059,8326,1,0
2025-07-21 00:00:00,1.3413599999999999,1.3425,1.34029,1.34039,6939,1,0
2025-07-21 04:00:00,1.34039,1.3419400000000001,1.34021,1.34184,8028,1,0
2025-07-21 08:00:00,1.34184,1.34661,1.34168,1.34522,11189,1,0
2025-07-21 12:00:00,1.34522,1.34837,1.34451,1.3479999999999999,10683,1,0
2025-07-21 16:00:00,1.3479999999999999,1.35107,1.34669,1.34945,14876,1,0
2025-07-21 20:00:00,1.34945,1.3496000000000001,1.3483100000000001,1.34915,7002,1,0
2025-07-22 00:00:00,1.34881,1.3492,1.34792,1.34833,5074,1,0
2025-07-22 04:00:00,1.34833,1.34878,1.34741,1.34767,7091,1,0
2025-07-22 08:00:00,1.34767,1.34923,1.34615,1.3489900000000001,11242,1,0
2025-07-22 12:00:00,1.3489900000000001,1.34998,1.34752,1.34811,10400,1,0
2025-07-22 16:00:00,1.34811,1.35328,1.3471199999999999,1.3529900000000001,18249,1,0
2025-07-22 20:00:00,1.3529900000000001,1.35337,1.35191,1.35335,8240,1,0
2025-07-23 00:00:00,1.35284,1.35347,1.35172,1.35269,7690,1,0
2025-07-23 04:00:00,1.35269,1.35352,1.35162,1.35276,11442,1,0
2025-07-23 08:00:00,1.35276,1.35488,1.35152,1.35418,12594,1,0
2025-07-23 12:00:00,1.35418,1.35488,1.3529900000000001,1.35455,10904,1,0
2025-07-23 16:00:00,1.35455,1.35759,1.35235,1.35617,18282,1,0
2025-07-23 20:00:00,1.35617,1.35839,1.35574,1.35797,10537,1,0
2025-07-24 00:00:00,1.358,1.35873,1.357,1.35741,5852,1,0
2025-07-24 04:00:00,1.35741,1.35889,1.35737,1.35796,10828,1,0
2025-07-24 08:00:00,1.35796,1.35819,1.35429,1.35439,12170,1,0
2025-07-24 12:00:00,1.35439,1.35541,1.35316,1.35354,11523,1,0
2025-07-24 16:00:00,1.35354,1.35628,1.35046,1.3511199999999999,20009,1,0
2025-07-24 20:00:00,1.35113,1.35281,1.35026,1.35068,9068,1,0
2025-07-25 00:00:00,1.3504399999999999,1.35122,1.3502,1.3507500000000001,7025,1,0
2025-07-25 04:00:00,1.3507500000000001,1.35126,1.34864,1.34913,11361,1,0
2025-07-25 08:00:00,1.34913,1.35047,1.3459699999999999,1.34629,14489,1,0
2025-07-25 12:00:00,1.34629,1.34645,1.34233,1.34335,11778,1,0
2025-07-25 16:00:00,1.34335,1.34436,1.3416299999999999,1.34211,18000,1,0
2025-07-25 20:00:00,1.3421,1.34383,1.34199,1.34313,7383,1,0
2025-07-28 00:00:00,1.34184,1.34491,1.34184,1.34435,8288,1,0
2025-07-28 04:00:00,1.34435,1.3452899999999999,1.34298,1.34363,11297,1,0
2025-07-28 08:00:00,1.34363,1.34368,1.34059,1.34211,15207,1,0
2025-07-28 12:00:00,1.34211,1.34383,1.34026,1.34379,15489,1,0
2025-07-28 16:00:00,1.34379,1.34401,1.33764,1.33789,16133,1,0
2025-07-28 20:00:00,1.33789,1.33806,1.33514,1.33542,8173,1,0
2025-07-29 00:00:00,1.3351199999999999,1.33617,1.33447,1.33454,5293,1,0
2025-07-29 04:00:00,1.33454,1.33586,1.33368,1.33498,10163,1,0
2025-07-29 08:00:00,1.33498,1.33538,1.33158,1.33417,15149,1,0
2025-07-29 12:00:00,1.33417,1.33619,1.3315299999999999,1.3315299999999999,14571,1,0
2025-07-29 16:00:00,1.3315299999999999,1.33477,1.33078,1.33388,19049,1,0
2025-07-29 20:00:00,1.33388,1.3364,1.33356,1.335,10251,1,0
2025-07-30 00:00:00,1.3348200000000001,1.3366500000000001,1.33362,1.33658,5894,1,0
2025-07-30 04:00:00,1.33658,1.33693,1.33496,1.33508,11425,1,0
2025-07-30 08:00:00,1.33508,1.33689,1.33416,1.33676,12072,1,0
2025-07-30 12:00:00,1.33676,1.3385799999999999,1.33072,1.33091,16069,1,0
2025-07-30 16:00:00,1.3309,1.33137,1.32699,1.32819,17301,1,0
2025-07-30 20:00:00,1.3281800000000001,1.33132,1.32276,1.32367,22077,1,0
2025-07-31 00:00:00,1.32338,1.32591,1.32276,1.32515,6093,1,0
2025-07-31 04:00:00,1.32514,1.32701,1.3241800000000001,1.3269199999999999,12812,1,0
2025-07-31 08:00:00,1.3269199999999999,1.32821,1.32397,1.3249900000000001,15124,1,0
2025-07-31 12:00:00,1.3249900000000001,1.3250199999999999,1.32087,1.32165,15620,1,0
2025-07-31 16:00:00,1.32165,1.32394,1.31857,1.3223,20098,1,0
2025-07-31 20:00:00,1.3223,1.32271,1.3199100000000001,1.32031,11643,1,0
2025-08-01 00:00:00,1.32027,1.32134,1.31941,1.32101,7892,1,0
2025-08-01 04:00:00,1.32101,1.32129,1.319,1.31992,11776,1,0
2025-08-01 08:00:00,1.31992,1.32132,1.316,1.31609,13343,1,0
2025-08-01 12:00:00,1.31609,1.33032,1.31414,1.32852,19574,1,0
2025-08-01 16:00:00,1.32846,1.33108,1.3242099999999999,1.32453,31745,1,0
2025-08-01 20:00:00,1.32453,1.32922,1.3216,1.32764,15371,1,0
2025-08-04 00:00:00,1.32781,1.3293300000000001,1.3258,1.32614,9812,1,0
2025-08-04 04:00:00,1.32615,1.32901,1.3253599999999999,1.32779,13142,1,0
2025-08-04 08:00:00,1.32779,1.32914,1.32646,1.3277700000000001,16876,1,0
2025-08-04 12:00:00,1.32778,1.3314,1.32707,1.32979,17102,1,0
2025-08-04 16:00:00,1.32979,1.33308,1.3277700000000001,1.32853,20328,1,0
2025-08-04 20:00:00,1.32853,1.3288,1.3272599999999999,1.32839,11197,1,0
2025-08-05 00:00:00,1.32815,1.3303,1.32737,1.3299,6753,1,0
2025-08-05 04:00:00,1.3299,1.32998,1.32755,1.32859,11285,1,0
2025-08-05 08:00:00,1.32859,1.32954,1.32595,1.32797,15096,1,0
2025-08-05 12:00:00,1.32798,1.32953,1.32664,1.32819,16517,1,0
2025-08-05 16:00:00,1.32819,1.33164,1.3268499999999999,1.33096,21592,1,0
2025-08-05 20:00:00,1.33096,1.33156,1.32889,1.33005,10415,1,0
2025-08-06 00:00:00,1.3296000000000001,1.3306,1.32876,1.33009,6068,1,0
2025-08-06 04:00:00,1.33009,1.33141,1.32948,1.33118,9315,1,0
2025-08-06 08:00:00,1.33118,1.33121,1.3281100000000001,1.3284,13760,1,0
2025-08-06 12:00:00,1.3284099999999999,1.33301,1.32834,1.33172,14587,1,0
2025-08-06 16:00:00,1.33172,1.33623,1.33129,1.33472,18930,1,0
2025-08-06 20:00:00,1.33472,1.33684,1.33453,1.33569,10185,1,0
2025-08-07 00:00:00,1.33506,1.3360400000000001,1.33463,1.33481,7199,1,0
2025-08-07 04:00:00,1.33481,1.33688,1.3345799999999999,1.33684,9810,1,0
2025-08-07 08:00:00,1.33684,1.33803,1.33633,1.33693,13598,1,0
2025-08-07 12:00:00,1.33693,1.34366,1.33649,1.34209,18932,1,0
2025-08-07 16:00:00,1.34209,1.34345,1.33906,1.34299,19176,1,0
2025-08-07 20:00:00,1.34299,1.34482,1.34037,1.34426,12910,1,0
2025-08-08 00:00:00,1.34406,1.34531,1.34348,1.34481,7581,1,0
2025-08-08 04:00:00,1.34481,1.34508,1.34342,1.34354,8830,1,0
2025-08-08 08:00:00,1.34354,1.34513,1.34244,1.34344,13292,1,0
2025-08-08 12:00:00,1.34347,1.34535,1.34179,1.3423,14944,1,0
2025-08-08 16:00:00,1.34231,1.34543,1.34231,1.34476,15113,1,0
2025-08-08 20:00:00,1.34476,1.3458700000000001,1.3443100000000001,1.34473,9285,1,0
2025-08-11 00:00:00,1.34358,1.34509,1.34292,1.34425,4936,1,0
2025-08-11 04:00:00,1.34426,1.34684,1.3440699999999999,1.34665,8401,1,0
2025-08-11 08:00:00,1.34665,1.34767,1.34481,1.34647,11506,1,0
2025-08-11 12:00:00,1.34643,1.34692,1.34122,1.34233,12812,1,0
2025-08-11 16:00:00,1.34233,1.34267,1.33991,1.34245,14921,1,0
2025-08-11 20:00:00,1.34245,1.34372,1.34173,1.3431600000000001,8480,1,0
2025-08-12 00:00:00,1.3431199999999999,1.34375,1.3418999999999999,1.34301,4926,1,0
2025-08-12 04:00:00,1.34301,1.34396,1.34242,1.34385,8606,1,0
2025-08-12 08:00:00,1.34385,1.34715,1.34205,1.34688,17189,1,0
2025-08-12 12:00:00,1.34688,1.35097,1.3446,1.34856,17496,1,0
2025-08-12 16:00:00,1.34856,1.3523800000000001,1.34633,1.35156,24431,1,0
2025-08-12 20:00:00,1.35156,1.3516,1.3488,1.34994,9334,1,0
2025-08-13 00:00:00,1.34975,1.35062,1.34917,1.35027,6302,1,0
2025-08-13 04:00:00,1.35027,1.3508200000000001,1.34927,1.3504800000000001,8301,1,0
2025-08-13 08:00:00,1.3504800000000001,1.35633,1.34997,1.35572,13955,1,0
2025-08-13 12:00:00,1.35572,1.35797,1.35562,1.35606,14349,1,0
2025-08-13 16:00:00,1.35606,1.3585,1.35538,1.35733,15297,1,0
2025-08-13 20:00:00,1.35733,1.35805,1.3563100000000001,1.35768,7761,1,0
2025-08-14 00:00:00,1.35738,1.35876,1.35645,1.3586,5174,1,0
2025-08-14 04:00:00,1.3586,1.35919,1.35706,1.35758,10106,1,0
2025-08-14 08:00:00,1.35758,1.35913,1.3563,1.35721,15641,1,0
2025-08-14 12:00:00,1.35721,1.35948,1.35462,1.35531,17123,1,0
2025-08-14 16:00:00,1.3553,1.3557000000000001,1.35209,1.35232,17993,1,0
2025-08-14 20:00:00,1.35232,1.35395,1.3523,1.3529499999999999,7991,1,0
2025-08-15 00:00:00,1.35281,1.35355,1.3522,1.35346,4010,1,0
2025-08-15 04:00:00,1.35346,1.35514,1.35308,1.35477,7972,1,0
2025-08-15 08:00:00,1.35477,1.35603,1.35426,1.35464,11420,1,0
2025-08-15 12:00:00,1.35464,1.35696,1.35453,1.35612,12489,1,0
2025-08-15 16:00:00,1.35612,1.3575,1.3553899999999999,1.35574,15446,1,0
2025-08-15 20:00:00,1.35575,1.35592,1.35501,1.35548,7224,1,0
2025-08-18 00:00:00,1.3545,1.3563,1.35445,1.35532,4783,1,0
2025-08-18 04:00:00,1.35532,1.35653,1.35489,1.3563,6956,1,0
2025-08-18 08:00:00,1.3563,1.35643,1.35311,1.35464,12803,1,0
2025-08-18 12:00:00,1.35463,1.3550499999999999,1.3535,1.3544100000000001,12308,1,0
2025-08-18 16:00:00,1.3544100000000001,1.35465,1.35069,1.35092,13585,1,0
2025-08-18 20:00:00,1.35091,1.35157,1.35018,1.3503,7625,1,0
2025-08-19 00:00:00,1.35026,1.35138,1.34978,1.35025,6103,1,0
2025-08-19 04:00:00,1.35025,1.35064,1.3486799999999999,1.35052,9846,1,0
2025-08-19 08:00:00,1.3505099999999999,1.35229,1.34967,1.3519999999999999,12763,1,0
2025-08-19 12:00:00,1.3519999999999999,1.35312,1.35035,1.35099,11641,1,0
2025-08-19 16:00:00,1.35099,1.35159,1.34855,1.34893,14116,1,0
2025-08-19 20:00:00,1.34893,1.3495599999999999,1.34778,1.34921,6801,1,0
2025-08-20 00:00:00,1.3489900000000001,1.3493,1.34749,1.3479999999999999,6691,1,0
2025-08-20 04:00:00,1.3479999999999999,1.34835,1.3462,1.34744,10414,1,0
2025-08-20 08:00:00,1.34744,1.35095,1.3471899999999999,1.35009,14829,1,0
2025-08-20 12:00:00,1.35009,1.35052,1.34717,1.34891,11773,1,0
2025-08-20 16:00:00,1.3489,1.34918,1.34477,1.34607,15348,1,0
2025-08-20 20:00:00,1.34607,1.34708,1.34481,1.34545,8613,1,0
2025-08-21 00:00:00,1.34559,1.34671,1.34484,1.3457,6326,1,0
2025-08-21 04:00:00,1.34569,1.3464800000000001,1.34481,1.34522,7478,1,0
2025-08-21 08:00:00,1.34523,1.34715,1.34356,1.3465799999999999,13010,1,0
2025-08-21 12:00:00,1.3465799999999999,1.34829,1.34419,1.34463,14473,1,0
2025-08-21 16:00:00,1.34462,1.34595,1.34057,1.34191,19094,1,0
2025-08-21 20:00:00,1.34192,1.34268,1.34116,1.3413,7529,1,0
2025-08-22 00:00:00,1.34105,1.34203,1.34039,1.34202,4717,1,0
2025-08-22 04:00:00,1.34202,1.34234,1.33931,1.3394,9258,1,0
2025-08-22 08:00:00,1.3394,1.34148,1.33906,1.3413599999999999,12088,1,0
2025-08-22 12:00:00,1.34137,1.34205,1.34071,1.3413300000000001,12230,1,0
2025-08-22 16:00:00,1.3413300000000001,1.35442,1.34124,1.35257,26540,1,0
2025-08-22 20:00:00,1.35257,1.3544100000000001,1.3517299999999999,1.35282,10286,1,0
2025-08-25 00:00:00,1.35095,1.35241,1.3495,1.34973,7322,1,0
2025-08-25 04:00:00,1.34973,1.35151,1.34898,1.35117,7174,1,0
2025-08-25 08:00:00,1.35117,1.35274,1.3502100000000001,1.35032,11565,1,0
2025-08-25 12:00:00,1.35032,1.35208,1.34837,1.3504800000000001,11311,1,0
2025-08-25 16:00:00,1.3504800000000001,1.3513,1.34848,1.34883,15637,1,0
2025-08-25 20:00:00,1.34883,1.34901,1.3446,1.34518,11041,1,0
2025-08-26 00:00:00,1.34524,1.34907,1.34466,1.3481,10699,1,0
2025-08-26 04:00:00,1.3481,1.3483100000000001,1.34501,1.34569,12910,1,0
2025-08-26 08:00:00,1.3457,1.34694,1.34348,1.34637,18068,1,0
2025-08-26 12:00:00,1.34636,1.34931,1.34613,1.34793,15546,1,0
2025-08-26 16:00:00,1.34789,1.3492899999999999,1.34702,1.3477700000000001,17115,1,0
2025-08-26 20:00:00,1.34778,1.34856,1.3468200000000001,1.34772,8163,1,0
2025-08-27 00:00:00,1.34776,1.3483,1.34688,1.34714,6304,1,0
2025-08-27 04:00:00,1.34715,1.34749,1.34469,1.34488,9565,1,0
2025-08-27 08:00:00,1.34488,1.34657,1.34303,1.34452,13271,1,0
2025-08-27 12:00:00,1.34452,1.3450199999999999,1.34166,1.34417,13411,1,0
2025-08-27 16:00:00,1.34416,1.34974,1.3436,1.3496299999999999,16031,1,0
2025-08-27 20:00:00,1.34962,1.3502100000000001,1.34905,1.34982,9355,1,0
2025-08-28 00:00:00,1.34952,1.35063,1.3485800000000001,1.3504800000000001,6017,1,0
2025-08-28 04:00:00,1.3504800000000001,1.35186,1.35011,1.35043,8230,1,0
2025-08-28 08:00:00,1.3504399999999999,1.35134,1.34829,1.3498999999999999,13146,1,0
2025-08-28 12:00:00,1.3498999999999999,1.3526500000000001,1.34978,1.35034,15462,1,0
2025-08-28 16:00:00,1.35034,1.35273,1.3489200000000001,1.35224,17227,1,0
2025-08-28 20:00:00,1.35224,1.35307,1.35072,1.35115,7925,1,0
2025-08-29 00:00:00,1.3511600000000001,1.3511600000000001,1.35029,1.35087,6810,1,0
2025-08-29 04:00:00,1.35088,1.3511600000000001,1.34942,1.35031,10505,1,0
2025-08-29 08:00:00,1.35032,1.35036,1.34697,1.34772,13526,1,0
2025-08-29 12:00:00,1.3477299999999999,1.3479,1.34464,1.34603,14039,1,0
2025-08-29 16:00:00,1.34603,1.35161,1.3446799999999999,1.3508,18834,1,0
2025-08-29 20:00:00,1.35081,1.35169,1.34992,1.35,7802,1,0
2025-09-01 00:00:00,1.34881,1.35193,1.34875,1.35184,5159,1,0
2025-09-01 04:00:00,1.35184,1.3529200000000001,1.35053,1.35183,10975,1,0
2025-09-01 08:00:00,1.35182,1.35407,1.35151,1.3535300000000001,13327,1,0
2025-09-01 12:00:00,1.3535300000000001,1.35374,1.35225,1.35331,12002,1,0
2025-09-01 16:00:00,1.35334,1.35499,1.3531,1.35423,10095,1,0
2025-09-01 20:00:00,1.35423,1.355,1.35399,1.35439,3271,1,0
2025-09-02 00:00:00,1.35429,1.35496,1.35344,1.35376,6167,1,0
2025-09-02 04:00:00,1.35376,1.3541699999999999,1.35232,1.35276,10764,1,0
2025-09-02 08:00:00,1.35275,1.35336,1.33756,1.34134,21567,1,0
2025-09-02 12:00:00,1.34135,1.3418,1.33403,1.33517,22249,1,0
2025-09-02 16:00:00,1.3352,1.3418700000000001,1.3342399999999999,1.33926,21323,1,0
2025-09-02 20:00:00,1.33926,1.33969,1.33751,1.3394,9128,1,0
2025-09-03 00:00:00,1.33884,1.33966,1.33721,1.33758,5824,1,0
2025-09-03 04:00:00,1.33758,1.33779,1.3360699999999999,1.33694,9868,1,0
2025-09-03 08:00:00,1.33691,1.34093,1.3333300000000001,1.3407200000000001,17371,1,0
2025-09-03 12:00:00,1.3407200000000001,1.34294,1.33951,1.34247,15718,1,0
2025-09-03 16:00:00,1.34247,1.3454,1.34105,1.3449900000000001,19797,1,0
2025-09-03 20:00:00,1.34501,1.34585,1.3434599999999999,1.34456,9480,1,0
2025-09-04 00:00:00,1.34435,1.34445,1.34308,1.34422,8014,1,0
2025-09-04 04:00:00,1.34422,1.345,1.34254,1.3427,9914,1,0
2025-09-04 08:00:00,1.3427,1.34569,1.34164,1.34543,12664,1,0
2025-09-04 12:00:00,1.34543,1.34592,1.3422100000000001,1.3441,15551,1,0
2025-09-04 16:00:00,1.34408,1.34469,1.34172,1.34216,17514,1,0
2025-09-04 20:00:00,1.34216,1.3437000000000001,1.34189,1.34352,6980,1,0
2025-09-05 00:00:00,1.34327,1.34503,1.34212,1.34493,6255,1,0
2025-09-05 04:00:00,1.34493,1.34572,1.34467,1.3450199999999999,9769,1,0
2025-09-05 08:00:00,1.3450199999999999,1.34721,1.34496,1.347,12096,1,0
2025-09-05 12:00:00,1.34701,1.35324,1.34575,1.35211,18124,1,0
2025-09-05 16:00:00,1.35211,1.35548,1.35049,1.3526,25871,1,0
2025-09-05 20:00:00,1.3526,1.35262,1.35008,1.35047,11198,1,0
2025-09-08 00:00:00,1.34955,1.34995,1.34824,1.34961,8685,1,0
2025-09-08 04:00:00,1.34961,1.35057,1.3486799999999999,1.34964,12877,1,0
2025-09-08 08:00:00,1.34964,1.35264,1.34957,1.35124,15705,1,0
2025-09-08 12:00:00,1.35125,1.3549,1.35022,1.3543,13736,1,0
2025-09-08 16:00:00,1.35433,1.35564,1.3528,1.35377,15647,1,0
2025-09-08 20:00:00,1.35377,1.3555,1.35274,1.3544,7925,1,0
2025-09-09 00:00:00,1.3544399999999999,1.3562400000000001,1.35405,1.35585,6873,1,0
2025-09-09 04:00:00,1.35585,1.35754,1.3553,1.35736,9191,1,0
2025-09-09 08:00:00,1.35736,1.35827,1.35578,1.35732,16377,1,0
2025-09-09 12:00:00,1.35733,1.35906,1.35458,1.3554300000000001,13668,1,0
2025-09-09 16:00:00,1.3554300000000001,1.35745,1.3523100000000001,1.35346,20233,1,0
2025-09-09 20:00:00,1.35345,1.35388,1.3518,1.35269,9266,1,0
2025-09-10 00:00:00,1.35255,1.35307,1.35163,1.35222,7363,1,0
2025-09-10 04:00:00,1.35222,1.35426,1.35147,1.3542100000000001,11292,1,0
2025-09-10 08:00:00,1.3542,1.35435,1.35131,1.35274,15228,1,0
2025-09-10 12:00:00,1.35275,1.35647,1.35235,1.35303,16634,1,0
2025-09-10 16:00:00,1.35304,1.35613,1.35256,1.3536299999999999,17577,1,0
2025-09-10 20:00:00,1.3536299999999999,1.3542,1.35215,1.35305,8175,1,0
2025-09-11 00:00:00,1.35276,1.354,1.35192,1.35275,5851,1,0
2025-09-11 04:00:00,1.35275,1.3534,1.35225,1.35271,8949,1,0
2025-09-11 08:00:00,1.3527,1.35272,1.35033,1.35145,13680,1,0
2025-09-11 12:00:00,1.35145,1.35491,1.34938,1.3545,19306,1,0
2025-09-11 16:00:00,1.35456,1.35792,1.35397,1.35777,21931,1,0
2025-09-11 20:00:00,1.35777,1.35829,1.35686,1.3572,9721,1,0
2025-09-12 00:00:00,1.35708,1.35806,1.35636,1.3572600000000001,6496,1,0
2025-09-12 04:00:00,1.3572600000000001,1.35735,1.35523,1.35565,9991,1,0
2025-09-12 08:00:00,1.35565,1.3574899999999999,1.35308,1.35338,15330,1,0
2025-09-12 12:00:00,1.35338,1.35628,1.35243,1.35433,16154,1,0
2025-09-12 16:00:00,1.35433,1.35697,1.35377,1.35602,18285,1,0
2025-09-12 20:00:00,1.35603,1.35709,1.35559,1.35569,9317,1,0
2025-09-15 00:00:00,1.35465,1.35617,1.35412,1.35559,6755,1,0
2025-09-15 04:00:00,1.35559,1.3571,1.35527,1.35673,10305,1,0
2025-09-15 08:00:00,1.35674,1.35992,1.3553,1.3582,15611,1,0
2025-09-15 12:00:00,1.3582,1.36199,1.35785,1.36148,16020,1,0
2025-09-15 16:00:00,1.36148,1.36177,1.35847,1.35989,17599,1,0
2025-09-15 20:00:00,1.35989,1.36113,1.35945,1.35977,9912,1,0
2025-09-16 00:00:00,1.35986,1.36057,1.35944,1.36017,5580,1,0
2025-09-16 04:00:00,1.36016,1.3624800000000001,1.35979,1.3615599999999999,10926,1,0
2025-09-16 08:00:00,1.3615599999999999,1.3643100000000001,1.36143,1.36267,15838,1,0
2025-09-16 12:00:00,1.36264,1.36497,1.36242,1.36407,15616,1,0
2025-09-16 16:00:00,1.36408,1.36719,1.36388,1.36579,16743,1,0
2025-09-16 20:00:00,1.36581,1.3668,1.36417,1.36449,8313,1,0
2025-09-17 00:00:00,1.36452,1.36591,1.3639700000000001,1.36452,4854,1,0
2025-09-17 04:00:00,1.36452,1.36481,1.36396,1.36419,6049,1,0
2025-09-17 08:00:00,1.3642,1.36523,1.36299,1.36401,9135,1,0
2025-09-17 12:00:00,1.36401,1.36564,1.36385,1.36541,9790,1,0
2025-09-17 16:00:00,1.36542,1.36696,1.36483,1.3665,11940,1,0
2025-09-17 20:00:00,1.36651,1.37265,1.36196,1.36229,27465,1,0
2025-09-18 00:00:00,1.36232,1.36355,1.36194,1.3627,6896,1,0
2025-09-18 04:00:00,1.3627099999999999,1.36307,1.3605,1.36067,8732,1,0
2025-09-18 08:00:00,1.36067,1.36484,1.35862,1.36395,13526,1,0
2025-09-18 12:00:00,1.36395,1.36606,1.35945,1.35945,18114,1,0
2025-09-18 16:00:00,1.35945,1.35957,1.35341,1.35527,25407,1,0
2025-09-18 20:00:00,1.35527,1.35632,1.35445,1.35524,10011,1,0
2025-09-19 00:00:00,1.35526,1.35568,1.35404,1.3549,8943,1,0
2025-09-19 04:00:00,1.35489,1.35595,1.35309,1.3544399999999999,14594,1,0
2025-09-19 08:00:00,1.35445,1.35514,1.34825,1.34995,20789,1,0
2025-09-19 12:00:00,1.34995,1.3510499999999999,1.34631,1.3468499999999999,16528,1,0
2025-09-19 16:00:00,1.3468499999999999,1.34982,1.34683,1.34827,21731,1,0
2025-09-19 20:00:00,1.34825,1.34853,1.34667,1.34704,9962,1,0
2025-09-22 00:00:00,1.34632,1.3473600000000001,1.34573,1.34676,7970,1,0
2025-09-22 04:00:00,1.34676,1.34745,1.34531,1.34607,12664,1,0
2025-09-22 08:00:00,1.34605,1.35034,1.34592,1.34958,16807,1,0
2025-09-22 12:00:00,1.34958,1.35161,1.3490199999999999,1.3508200000000001,16260,1,0
2025-09-22 16:00:00,1.35083,1.3520400000000001,1.34921,1.35083,17889,1,0
2025-09-22 20:00:00,1.35083,1.35195,1.3507,1.35119,6513,1,0
2025-09-23 00:00:00,1.35122,1.35206,1.3503,1.35206,9104,1,0
2025-09-23 04:00:00,1.35206,1.35274,1.3503,1.3507500000000001,11214,1,0
2025-09-23 08:00:00,1.3507,1.35279,1.3487,1.35037,20163,1,0
2025-09-23 12:00:00,1.35038,1.35294,1.34971,1.35246,17944,1,0
2025-09-23 16:00:00,1.35247,1.35366,1.3506,1.35209,22494,1,0
2025-09-23 20:00:00,1.35209,1.35271,1.35133,1.35245,12494,1,0
2025-09-24 00:00:00,1.35241,1.35286,1.35107,1.35148,8846,1,0
2025-09-24 04:00:00,1.35148,1.35164,1.35052,1.35089,11263,1,0
2025-09-24 08:00:00,1.35088,1.35122,1.34731,1.34839,14866,1,0
2025-09-24 12:00:00,1.34839,1.34877,1.34361,1.34459,15592,1,0
2025-09-24 16:00:00,1.34458,1.34575,1.34266,1.34428,19924,1,0
2025-09-24 20:00:00,1.34428,1.34558,1.34422,1.3447,8776,1,0
2025-09-25 00:00:00,1.34457,1.34578,1.34384,1.34566,8870,1,0
2025-09-25 04:00:00,1.34569,1.34647,1.3449200000000001,1.3463,9953,1,0
2025-09-25 08:00:00,1.3463,1.3467,1.34345,1.34528,15561,1,0
2025-09-25 12:00:00,1.34532,1.34595,1.33723,1.33838,18125,1,0
2025-09-25 16:00:00,1.33839,1.33944,1.3336000000000001,1.33392,27545,1,0
2025-09-25 20:00:00,1.33391,1.33468,1.33236,1.33418,12343,1,0
2025-09-26 00:00:00,1.33406,1.33461,1.33293,1.33454,8811,1,0
2025-09-26 04:00:00,1.33454,1.33556,1.3339400000000001,1.3354300000000001,9448,1,0
2025-09-26 08:00:00,1.3354300000000001,1.33708,1.3345099999999999,1.3365,14712,1,0
2025-09-26 12:00:00,1.3365,1.33769,1.33435,1.33769,16215,1,0
2025-09-26 16:00:00,1.33771,1.34131,1.33753,1.33983,23227,1,0
2025-09-26 20:00:00,1.33984,1.34116,1.3397999999999999,1.33997,8496,1,0
2025-09-29 00:00:00,1.3385799999999999,1.34253,1.33857,1.34241,6871,1,0
2025-09-29 04:00:00,1.3424,1.34416,1.3416299999999999,1.34375,10060,1,0
2025-09-29 08:00:00,1.34375,1.3450199999999999,1.34314,1.34355,15821,1,0
2025-09-29 12:00:00,1.34355,1.3457,1.34246,1.34516,16293,1,0
2025-09-29 16:00:00,1.34516,1.34522,1.34159,1.3430900000000001,19856,1,0
2025-09-29 20:00:00,1.3430900000000001,1.3439,1.34229,1.34306,7925,1,0
2025-09-30 00:00:00,1.34238,1.34378,1.34204,1.34249,6889,1,0
2025-09-30 04:00:00,1.34252,1.34389,1.34205,1.34384,10637,1,0
2025-09-30 08:00:00,1.34385,1.34521,1.34284,1.34458,17589,1,0
2025-09-30 12:00:00,1.34458,1.34521,1.34247,1.34423,14026,1,0
2025-09-30 16:00:00,1.34424,1.3467,1.3413599999999999,1.34589,21661,1,0
2025-09-30 20:00:00,1.34589,1.34639,1.34394,1.34439,9545,1,0
2025-10-01 00:00:00,1.34442,1.34523,1.34358,1.3440699999999999,8387,1,0
2025-10-01 04:00:00,1.34406,1.34641,1.34348,1.34633,9698,1,0
2025-10-01 08:00:00,1.34633,1.34803,1.34538,1.3467500000000001,18874,1,0
2025-10-01 12:00:00,1.3467500000000001,1.35219,1.34579,1.35125,21464,1,0
2025-10-01 16:00:00,1.35127,1.35275,1.34653,1.34742,25930,1,0
2025-10-01 20:00:00,1.34742,1.34893,1.34688,1.34762,9068,1,0
2025-10-02 00:00:00,1.34754,1.34833,1.34694,1.34696,6146,1,0
2025-10-02 04:00:00,1.34696,1.34876,1.34676,1.34755,9196,1,0
2025-10-02 08:00:00,1.34755,1.35104,1.34691,1.35047,15369,1,0
2025-10-02 12:00:00,1.35047,1.35079,1.34639,1.3465799999999999,15214,1,0
2025-10-02 16:00:00,1.34659,1.34687,1.34009,1.34392,21331,1,0
2025-10-02 20:00:00,1.34392,1.34521,1.34359,1.34384,8300,1,0
2025-10-03 00:00:00,1.34372,1.34551,1.34297,1.34447,6842,1,0
2025-10-03 04:00:00,1.34446,1.34507,1.3433,1.34351,8913,1,0
2025-10-03 08:00:00,1.34351,1.34672,1.34289,1.34579,14379,1,0
2025-10-03 12:00:00,1.3458,1.34599,1.34369,1.34584,13984,1,0
2025-10-03 16:00:00,1.34586,1.34848,1.34505,1.34776,20050,1,0
2025-10-03 20:00:00,1.34776,1.34866,1.3463,1.34781,9133,1,0
2025-10-06 00:00:00,1.3431,1.3449200000000001,1.3423,1.34401,14446,1,0
2025-10-06 04:00:00,1.34406,1.34582,1.34355,1.3446799999999999,11356,1,0
2025-10-06 08:00:00,1.3446799999999999,1.34644,1.34183,1.34359,22112,1,0
2025-10-06 12:00:00,1.34355,1.34405,1.34166,1.34376,19021,1,0
2025-10-06 16:00:00,1.3437700000000001,1.34843,1.34375,1.34753,18835,1,0
2025-10-06 20:00:00,1.34752,1.349,1.34752,1.34844,8010,1,0
2025-10-07 00:00:00,1.34849,1.34872,1.34759,1.34822,6545,1,0
2025-10-07 04:00:00,1.34822,1.34822,1.34676,1.34696,7825,1,0
2025-10-07 08:00:00,1.34698,1.34711,1.34296,1.34371,17322,1,0
2025-10-07 12:00:00,1.34371,1.34443,1.33921,1.34144,16780,1,0
2025-10-07 16:00:00,1.34145,1.34544,1.34098,1.34427,20513,1,0
2025-10-07 20:00:00,1.34427,1.3452,1.34159,1.34225,10497,1,0
2025-10-08 00:00:00,1.34186,1.34326,1.34118,1.3416000000000001,7428,1,0
2025-10-08 04:00:00,1.34159,1.34159,1.33902,1.33937,12603,1,0
2025-10-08 08:00:00,1.33937,1.34261,1.33841,1.34083,18103,1,0
2025-10-08 12:00:00,1.34084,1.34275,1.34003,1.34192,16354,1,0
2025-10-08 16:00:00,1.34192,1.34386,1.3372,1.33875,18938,1,0
2025-10-08 20:00:00,1.33875,1.34057,1.3371,1.34029,11658,1,0
2025-10-09 00:00:00,1.34024,1.34132,1.33934,1.34098,8019,1,0
2025-10-09 04:00:00,1.34097,1.3419400000000001,1.34063,1.34125,9374,1,0
2025-10-09 08:00:00,1.34125,1.3417,1.33427,1.33618,18330,1,0
2025-10-09 12:00:00,1.33619,1.33901,1.33585,1.33846,17971,1,0
2025-10-09 16:00:00,1.3384800000000001,1.33952,1.32911,1.32941,28813,1,0
2025-10-09 20:00:00,1.32941,1.3306200000000001,1.32797,1.33017,13283,1,0
2025-10-10 00:00:00,1.3299699999999999,1.3306200000000001,1.32928,1.33046,7414,1,0
2025-10-10 04:00:00,1.33046,1.3314,1.3299699999999999,1.33087,9596,1,0
2025-10-10 08:00:00,1.33088,1.3314599999999999,1.32793,1.3308200000000001,18789,1,0
2025-10-10 12:00:00,1.33081,1.33091,1.32617,1.32794,17150,1,0
2025-10-10 16:00:00,1.32794,1.33704,1.3268499999999999,1.3345099999999999,32505,1,0
2025-10-10 20:00:00,1.33452,1.3355299999999999,1.33318,1.33488,15183,1,0
2025-10-13 00:00:00,1.3344,1.33541,1.33229,1.33507,12784,1,0
2025-10-13 04:00:00,1.3351,1.33632,1.3345099999999999,1.33567,12035,1,0
2025-10-13 08:00:00,1.33567,1.3366500000000001,1.33151,1.33264,20099,1,0
2025-10-13 12:00:00,1.33263,1.33527,1.3324500000000001,1.33339,17860,0,0
2025-10-13 16:00:00,1.33339,1.33388,1.33193,1.33304,18953,0,0
2025-10-13 20:00:00,1.33304,1.33405,1.3326500000000001,1.3333,7755,0,0
2025-10-14 00:00:00,1.33317,1.33385,1.33252,1.33362,6691,0,0
2025-10-14 04:00:00,1.33364,1.33527,1.33354,1.33522,11993,0,0
2025-10-14 08:00:00,1.33523,1.33524,1.32522,1.3284,24856,0,0
2025-10-14 12:00:00,1.3284099999999999,1.3284099999999999,1.32486,1.32615,22125,0,0
2025-10-14 16:00:00,1.32615,1.33295,1.3261,1.3317700000000001,27626,0,0
2025-10-14 20:00:00,1.33174,1.33323,1.33122,1.3318400000000001,12768,0,0
2025-10-15 00:00:00,1.33152,1.3331,1.3314599999999999,1.33288,6322,0,0
2025-10-15 04:00:00,1.33288,1.3354300000000001,1.33257,1.3348900000000001,10546,0,0
2025-10-15 08:00:00,1.33493,1.33734,1.33415,1.33457,18453,0,0
2025-10-15 12:00:00,1.3345500000000001,1.33669,1.33361,1.33459,17239,0,0
2025-10-15 16:00:00,1.3346,1.34035,1.33351,1.33908,23544,0,0
2025-10-15 20:00:00,1.33908,1.34078,1.33705,1.34029,12684,0,0
2025-10-16 00:00:00,1.34003,1.3428499999999999,1.33876,1.34222,9117,0,0
2025-10-16 04:00:00,1.3422100000000001,1.34423,1.34127,1.34145,10700,0,0
2025-10-16 08:00:00,1.34144,1.3443,1.34043,1.34383,19867,0,0
2025-10-16 12:00:00,1.34382,1.3449,1.34216,1.34477,17355,0,0
2025-10-16 16:00:00,1.34478,1.34547,1.34117,1.34268,26574,0,0
2025-10-16 20:00:00,1.34268,1.3448,1.342,1.34353,13149,0,0
2025-10-17 00:00:00,1.34327,1.34524,1.34275,1.3447200000000001,7424,0,0
2025-10-17 04:00:00,1.34471,1.34539,1.3431199999999999,1.34522,10968,0,0
2025-10-17 08:00:00,1.34522,1.34717,1.34112,1.3424,19241,0,0
2025-10-17 12:00:00,1.3424,1.34433,1.34084,1.34123,17909,0,0
2025-10-17 16:00:00,1.34122,1.34311,1.33911,1.34172,20116,0,0
2025-10-17 20:00:00,1.34171,1.34392,1.34107,1.34241,10725,0,0
2025-10-20 00:00:00,1.34254,1.34349,1.3410199999999999,1.3434300000000001,5763,0,0
2025-10-20 04:00:00,1.3434300000000001,1.34433,1.34271,1.3436,7795,0,0
2025-10-20 08:00:00,1.34358,1.34413,1.34057,1.34279,13564,0,0
2025-10-20 12:00:00,1.34279,1.34388,1.34001,1.34259,14186,0,0
2025-10-20 16:00:00,1.3426,1.34276,1.34019,1.3416000000000001,14349,0,0
2025-10-20 20:00:00,1.34157,1.34164,1.34003,1.34036,6715,0,0
2025-10-21 00:00:00,1.3404,1.3416299999999999,1.3399,1.34144,4406,0,0
2025-10-21 04:00:00,1.34144,1.34144,1.33878,1.33924,8665,0,0
2025-10-21 08:00:00,1.33924,1.33974,1.33723,1.338,17566,0,0
2025-10-21 12:00:00,1.338,1.33947,1.33661,1.33868,17090,0,0
2025-10-21 16:00:00,1.33867,1.33983,1.33612,1.33735,21907,0,0
2025-10-21 20:00:00,1.33734,1.33771,1.33654,1.3369,8959,0,0
2025-10-22 00:00:00,1.33683,1.33746,1.3361399999999999,1.33713,6059,0,0
2025-10-22 04:00:00,1.33713,1.33803,1.3368,1.3379400000000001,7515,0,0
2025-10-22 08:00:00,1.33793,1.33872,1.3312599999999999,1.33208,18427,0,0
2025-10-22 12:00:00,1.33208,1.33404,1.3305799999999999,1.33239,15093,0,0
2025-10-22 16:00:00,1.33239,1.33766,1.33163,1.33711,19196,0,0
2025-10-22 20:00:00,1.33711,1.33723,1.33527,1.33555,9184,0,0
2025-10-23 00:00:00,1.33537,1.336,1.33395,1.3345799999999999,5520,0,0
2025-10-23 04:00:00,1.33459,1.33476,1.33298,1.33392,5949,0,0
2025-10-23 08:00:00,1.33392,1.3357299999999999,1.33383,1.33498,10836,0,0
2025-10-23 12:00:00,1.33498,1.33544,1.3326500000000001,1.33434,10317,0,0
2025-10-23 16:00:00,1.33434,1.33481,1.33112,1.33124,15039,0,0
2025-10-23 20:00:00,1.33125,1.33285,1.33079,1.33254,6221,0,0
2025-10-24 00:00:00,1.33249,1.3332600000000001,1.33185,1.33303,6157,0,0
2025-10-24 04:00:00,1.33303,1.33314,1.33178,1.33212,8446,0,0
2025-10-24 08:00:00,1.33212,1.3333599999999999,1.33005,1.3320699999999999,14557,0,0
2025-10-24 12:00:00,1.33206,1.33587,1.33003,1.33456,16195,0,0
2025-10-24 16:00:00,1.3346,1.33592,1.32876,1.32954,19930,0,0
2025-10-24 20:00:00,1.32954,1.33178,1.32953,1.33101,7532,0,0
2025-10-27 00:00:00,1.33162,1.33283,1.33129,1.3324099999999999,7621,0,0
2025-10-27 04:00:00,1.3324099999999999,1.3336000000000001,1.33132,1.33162,7645,0,0
2025-10-27 08:00:00,1.33163,1.33345,1.33105,1.3326500000000001,11555,0,0
2025-10-27 12:00:00,1.33266,1.33533,1.33231,1.33478,12955,0,0
2025-10-27 16:00:00,1.33478,1.33518,1.33178,1.33351,14364,0,0
2025-10-27 20:00:00,1.33351,1.3338999999999999,1.3324799999999999,1.33344,7495,0,0
2025-10-28 00:00:00,1.33351,1.33541,1.33332,1.33501,6598,0,0
2025-10-28 04:00:00,1.335,1.3367200000000001,1.33478,1.33667,9752,0,0
2025-10-28 08:00:00,1.33667,1.337,1.33014,1.33078,14126,0,0
2025-10-28 12:00:00,1.33075,1.33286,1.32788,1.32842,15511,0,0
2025-10-28 16:00:00,1.32842,1.32911,1.3247499999999999,1.32898,17926,0,0
2025-10-28 20:00:00,1.32898,1.32901,1.32684,1.32694,8039,0,0
2025-10-29 00:00:00,1.32686,1.3280699999999999,1.3268,1.32725,6505,0,0
2025-10-29 04:00:00,1.32725,1.32744,1.32495,1.32512,8823,0,0
2025-10-29 08:00:00,1.32512,1.32515,1.32086,1.32086,12557,0,0
2025-10-29 12:00:00,1.32085,1.32288,1.31971,1.32037,14386,0,0
2025-10-29 16:00:00,1.32038,1.3247499999999999,1.31945,1.32279,17695,0,0
2025-10-29 20:00:00,1.32276,1.32318,1.31405,1.31941,24667,0,0
2025-10-30 00:00:00,1.31937,1.32077,1.3180399999999999,1.32037,7199,0,0
2025-10-30 04:00:00,1.32036,1.32182,1.31968,1.32165,13348,0,0
2025-10-30 08:00:00,1.32165,1.32191,1.31849,1.3207499999999999,16209,0,0
2025-10-30 12:00:00,1.3207499999999999,1.32095,1.31357,1.31375,15816,0,0
2025-10-30 16:00:00,1.31372,1.31808,1.31165,1.3155700000000001,19137,0,0
2025-10-30 20:00:00,1.31559,1.3159399999999999,1.31395,1.31491,8401,0,0
2025-10-31 00:00:00,1.31443,1.31613,1.31424,1.31592,6409,0,0
2025-10-31 04:00:00,1.31592,1.31651,1.31502,1.31571,6799,0,0
2025-10-31 08:00:00,1.3157,1.31573,1.31251,1.31411,10703,0,0
2025-10-31 12:00:00,1.31411,1.31481,1.31047,1.31067,13104,0,0
2025-10-31 16:00:00,1.31068,1.3143,1.30971,1.31281,17815,0,0
2025-10-31 20:00:00,1.3128199999999999,1.3149600000000001,1.31233,1.31486,8292,0,0
2025-11-03 00:00:00,1.31258,1.31416,1.31257,1.3135,8142,0,0
2025-11-03 04:00:00,1.31351,1.31461,1.31332,1.31422,6301,0,0
2025-11-03 08:00:00,1.31422,1.3149199999999999,1.31175,1.31253,10527,0,0
2025-11-03 12:00:00,1.31254,1.31471,1.31207,1.31267,10540,0,0
2025-11-03 16:00:00,1.31267,1.31625,1.31083,1.3145,15077,0,0
2025-11-03 20:00:00,1.3145,1.31481,1.31348,1.31385,6390,0,0
2025-11-04 00:00:00,1.31391,1.3140399999999999,1.31188,1.3124799999999999,7269,0,0
2025-11-04 04:00:00,1.3124799999999999,1.31336,1.3118,1.31216,8106,0,0
2025-11-04 08:00:00,1.31217,1.31394,1.30592,1.30629,16175,0,0
2025-11-04 12:00:00,1.30629,1.3079100000000001,1.3053,1.30576,12222,0,0
2025-11-04 16:00:00,1.30575,1.30652,1.30261,1.30289,14753,0,0
2025-11-04 20:00:00,1.30288,1.30288,1.30102,1.30196,7133,0,0
2025-11-05 00:00:00,1.3020399999999999,1.30266,1.30103,1.30157,7440,0,0
2025-11-05 04:00:00,1.30158,1.30302,1.30139,1.30219,7842,0,0
2025-11-05 08:00:00,1.30219,1.30533,1.30198,1.30399,11072,0,0
2025-11-05 12:00:00,1.30397,1.30468,1.3012000000000001,1.30257,11583,0,0
2025-11-05 16:00:00,1.30256,1.30494,1.30136,1.3039,15987,0,0
2025-11-05 20:00:00,1.30389,1.30544,1.30381,1.3051599999999999,5766,0,0
2025-11-06 00:00:00,1.30496,1.30654,1.30414,1.30632,6020,0,0
2025-11-06 04:00:00,1.30632,1.3066,1.30573,1.30609,6162,0,0
2025-11-06 08:00:00,1.3060800000000001,1.30897,1.30531,1.30805,12155,0,0
2025-11-06 12:00:00,1.30806,1.31253,1.30595,1.31081,15794,0,0
2025-11-06 16:00:00,1.31081,1.3125,1.30807,1.31224,17811,0,0
2025-11-06 20:00:00,1.3122500000000001,1.31427,1.31203,1.31368,8732,0,0
2025-11-07 00:00:00,1.3134299999999999,1.31424,1.31229,1.31254,8314,0,0
2025-11-07 04:00:00,1.31254,1.31308,1.31155,1.31195,6861,0,0
2025-11-07 08:00:00,1.31196,1.31277,1.30948,1.30978,10760,0,0
2025-11-07 12:00:00,1.3097699999999999,1.31379,1.30962,1.31308,14057,0,0
2025-11-07 16:00:00,1.3130899999999999,1.31747,1.31278,1.31705,16331,0,0
2025-11-07 20:00:00,1.31705,1.31748,1.31521,1.3161100000000001,9578,0,0
2025-11-10 00:00:00,1.3145,1.31593,1.31365,1.31513,9867,0,0
2025-11-10 04:00:00,1.31513,1.31602,1.31426,1.31555,8493,0,0
2025-11-10 08:00:00,1.31555,1.31848,1.31391,1.3173300000000001,14368,0,0
2025-11-10 12:00:00,1.31734,1.31912,1.31521,1.31749,11885,0,0
2025-11-10 16:00:00,1.3175,1.31799,1.31457,1.31784,15139,0,0
2025-11-10 20:00:00,1.31786,1.3185,1.31731,1.3174000000000001,6521,0,0
2025-11-11 00:00:00,1.31731,1.3177699999999999,1.31577,1.3164799999999999,7785,0,0
2025-11-11 04:00:00,1.3164799999999999,1.31722,1.31612,1.31663,8845,0,0
2025-11-11 08:00:00,1.31663,1.31714,1.31168,1.31296,15247,0,0
2025-11-11 12:00:00,1.31295,1.31784,1.31211,1.3171599999999999,13725,0,0
2025-11-11 16:00:00,1.3171599999999999,1.31846,1.3158699999999999,1.31744,15138,0,0
2025-11-11 20:00:00,1.3174299999999999,1.31782,1.31473,1.3149,7811,0,0
2025-11-12 00:00:00,1.3149,1.316,1.3137400000000001,1.31389,5878,0,0
2025-11-12 04:00:00,1.31389,1.31441,1.31287,1.31338,7280,0,0
2025-11-12 08:00:00,1.31338,1.31555,1.31152,1.31163,12808,0,0
2025-11-12 12:00:00,1.31163,1.314,1.30957,1.31051,13898,0,0
2025-11-12 16:00:00,1.31051,1.31398,1.3084500000000001,1.3139,14936,0,0
2025-11-12 20:00:00,1.31391,1.31441,1.3124,1.31326,7205,0,0
2025-11-13 00:00:00,1.31325,1.31325,1.31107,1.31239,9291,0,0
2025-11-13 04:00:00,1.31239,1.31287,1.31151,1.31174,8508,0,0
2025-11-13 08:00:00,1.31172,1.31712,1.31006,1.31561,15989,0,0
2025-11-13 12:00:00,1.31561,1.31843,1.31433,1.3169,15635,0,0
2025-11-13 16:00:00,1.31691,1.32158,1.31657,1.32117,18427,0,0
2025-11-13 20:00:00,1.32117,1.32142,1.31846,1.3189899999999999,10611,0,0
2025-11-14 00:00:00,1.31868,1.31914,1.31359,1.3146900000000001,9609,0,0
2025-11-14 04:00:00,1.3146900000000001,1.3159399999999999,1.3139,1.31482,10024,0,0
2025-11-14 08:00:00,1.31483,1.32007,1.31081,1.31554,17762,0,0
2025-11-14 12:00:00,1.31555,1.31811,1.31224,1.3167200000000001,15800,0,0
2025-11-14 16:00:00,1.31673,1.31788,1.3125200000000001,1.31613,19203,0,0
2025-11-14 20:00:00,1.31613,1.3174000000000001,1.3149899999999999,1.3168199999999999,8988,0,0
2025-11-17 00:00:00,1.31475,1.3171,1.31475,1.31559,6944,0,0
2025-11-17 04:00:00,1.31559,1.3155999999999999,1.31417,1.31433,6435,0,0
2025-11-17 08:00:00,1.31433,1.31808,1.3136,1.31646,12239,0,0
2025-11-17 12:00:00,1.31647,1.31933,1.31493,1.3173,13874,0,0
2025-11-17 16:00:00,1.31729,1.31793,1.31613,1.31702,13949,0,0
2025-11-17 20:00:00,1.31703,1.31711,1.31451,1.31534,9480,0,0
2025-11-18 00:00:00,1.31532,1.3157,1.31455,1.31512,8210,0,0
2025-11-18 04:00:00,1.31513,1.31641,1.31451,1.31609,10584,0,0
2025-11-18 08:00:00,1.31608,1.31771,1.31482,1.31528,16302,0,0
2025-11-18 12:00:00,1.31531,1.31609,1.3134000000000001,1.31544,14683,0,0
2025-11-18 16:00:00,1.31543,1.31714,1.31354,1.31411,18504,0,0
2025-11-18 20:00:00,1.31412,1.31571,1.31397,1.31447,8823,0,0
2025-11-19 00:00:00,1.31424,1.3149,1.31317,1.31328,7452,0,0
2025-11-19 04:00:00,1.31329,1.31474,1.31291,1.31464,9197,0,0
2025-11-19 08:00:00,1.31464,1.31558,1.31177,1.31271,14604,0,0
2025-11-19 12:00:00,1.3127,1.31301,1.3093,1.31192,14760,0,0
2025-11-19 16:00:00,1.31192,1.31224,1.30571,1.30682,17942,0,0
2025-11-19 20:00:00,1.30682,1.30768,1.30437,1.3058100000000001,11605,0,0
2025-11-20 00:00:00,1.30572,1.30625,1.30453,1.30464,7397,0,0
2025-11-20 04:00:00,1.30464,1.30623,1.30381,1.30531,8114,0,0
2025-11-20 08:00:00,1.3053,1.30802,1.305,1.3079399999999999,13377,0,0
2025-11-20 12:00:00,1.30793,1.30998,1.3045,1.30959,15189,0,0
2025-11-20 16:00:00,1.30958,1.31241,1.3066,1.30681,22030,0,0
2025-11-20 20:00:00,1.30679,1.30876,1.3067,1.30721,9746,0,0
2025-11-21 00:00:00,1.30714,1.30876,1.30646,1.3082099999999999,10512,0,0
2025-11-21 04:00:00,1.30822,1.30964,1.30751,1.30894,11225,0,0
2025-11-21 08:00:00,1.30894,1.31029,1.30591,1.30615,18213,0,0
2025-11-21 12:00:00,1.30616,1.30953,1.3038699999999999,1.30843,19929,0,0
2025-11-21 16:00:00,1.30843,1.31075,1.30697,1.31007,21750,0,0
2025-11-21 20:00:00,1.31007,1.31087,1.30917,1.31005,9936,0,0
2025-11-24 00:00:00,1.30941,1.31,1.30857,1.30888,7891,0,0
2025-11-24 04:00:00,1.3088899999999999,1.31075,1.3088899999999999,1.31025,12291,0,0
2025-11-24 08:00:00,1.31024,1.3112,1.30881,1.30898,16110,0,0
2025-11-24 12:00:00,1.30898,1.31179,1.3088199999999999,1.31056,14008,0,0
2025-11-24 16:00:00,1.31055,1.31077,1.30808,1.31007,15024,0,0
2025-11-24 20:00:00,1.31007,1.31169,1.31,1.3104,7601,0,0
2025-11-25 00:00:00,1.31042,1.31161,1.3102,1.31078,8261,0,0
2025-11-25 04:00:00,1.31078,1.3115999999999999,1.30957,1.31018,8644,0,0
2025-11-25 08:00:00,1.31018,1.31383,1.30982,1.31352,12391,0,0
2025-11-25 12:00:00,1.31351,1.31597,1.3109199999999999,1.31538,15711,0,0
2025-11-25 16:00:00,1.31537,1.32042,1.3153000000000001,1.32009,20723,0,0
2025-11-25 20:00:00,1.3201,1.32144,1.31537,1.31644,11992,0,0
2025-11-26 00:00:00,1.31647,1.3188,1.3158,1.31787,12121,0,0
2025-11-26 04:00:00,1.31788,1.31974,1.31769,1.31916,10958,0,0
2025-11-26 08:00:00,1.31916,1.31981,1.31654,1.31742,15515,0,0
2025-11-26 12:00:00,1.3174299999999999,1.32248,1.31244,1.31927,23432,0,0
2025-11-26 16:00:00,1.31928,1.32382,1.31849,1.32261,19270,0,0
2025-11-26 20:00:00,1.32261,1.3243800000000001,1.32239,1.32428,8002,0,0
2025-11-27 00:00:00,1.32376,1.32608,1.32304,1.32571,7493,0,0
2025-11-27 04:00:00,1.32571,1.3268499999999999,1.3248199999999999,1.32589,10892,0,0
2025-11-27 08:00:00,1.32591,1.32643,1.32102,1.3214000000000001,12820,0,0
2025-11-27 12:00:00,1.32141,1.32491,1.32121,1.32433,10620,0,0
2025-11-27 16:00:00,1.32434,1.32552,1.32291,1.3237999999999999,7910,1,0
2025-11-27 20:00:00,1.3237999999999999,1.32404,1.32337,1.32389,3636,1,0
2025-11-28 00:00:00,1.32356,1.32446,1.3228900000000001,1.3233,9052,1,0
2025-11-28 04:00:00,1.3233,1.32446,1.32275,1.32327,21770,1,0
2025-11-28 08:00:00,1.32335,1.3234,1.32012,1.32083,33882,1,0
2025-11-28 12:00:00,1.32083,1.3228,1.32012,1.3225500000000001,41604,1,0
2025-11-28 16:00:00,1.3225500000000001,1.32546,1.32066,1.32371,20852,1,0
2025-11-28 20:00:00,1.3237,1.3247,1.32304,1.32364,9476,1,0
2025-12-01 00:00:00,1.32243,1.32486,1.32165,1.32378,11769,1,0
2025-12-01 04:00:00,1.32378,1.32401,1.32187,1.32213,11443,1,0
2025-12-01 08:00:00,1.32211,1.32365,1.32056,1.3233,17578,1,0
2025-12-01 12:00:00,1.3233,1.3275299999999999,1.32178,1.3266,17943,1,0
2025-12-01 16:00:00,1.3266,1.3266200000000001,1.32214,1.32247,20208,1,0
2025-12-01 20:00:00,1.32247,1.32279,1.32084,1.3212,7970,1,0
2025-12-02 00:00:00,1.32118,1.32151,1.3203,1.32121,4570,1,0
2025-12-02 04:00:00,1.32121,1.32218,1.32108,1.32145,5139,1,0
2025-12-02 08:00:00,1.32142,1.32208,1.3201,1.3210600000000001,13074,1,0
2025-12-02 12:00:00,1.32107,1.3212,1.31808,1.32068,14429,1,0
2025-12-02 16:00:00,1.32068,1.32134,1.3179699999999999,1.31941,17496,1,0
2025-12-02 20:00:00,1.31941,1.32154,1.31905,1.32119,7056,1,0
2025-12-03 00:00:00,1.32063,1.3227,1.3197999999999999,1.32266,5271,1,0
2025-12-03 04:00:00,1.32266,1.3237999999999999,1.32245,1.32367,5237,1,0
2025-12-03 08:00:00,1.32367,1.3284799999999999,1.32355,1.32789,13142,1,0
2025-12-03 12:00:00,1.3278699999999999,1.33151,1.3274,1.32993,13597,1,0
2025-12-03 16:00:00,1.3299400000000001,1.33477,1.32921,1.33427,18204,1,0
2025-12-03 20:00:00,1.33427,1.33534,1.33386,1.33525,6982,1,0
2025-12-04 00:00:00,1.3351600000000001,1.33518,1.33349,1.33401,5115,1,0
2025-12-04 04:00:00,1.33402,1.33404,1.33276,1.3338,6505,1,0
2025-12-04 08:00:00,1.33381,1.33591,1.33316,1.33459,11563,1,0
2025-12-04 12:00:00,1.33459,1.33637,1.33208,1.3342399999999999,14129,1,0
2025-12-04 16:00:00,1.3342399999999999,1.33852,1.33408,1.33432,16333,1,0
2025-12-04 20:00:00,1.3343099999999999,1.33514,1.3324500000000001,1.3326500000000001,7665,1,0
2025-12-05 00:00:00,1.33234,1.3333300000000001,1.33185,1.33332,6822,1,0
2025-12-05 04:00:00,1.33332,1.33456,1.3325,1.33452,5640,1,0
2025-12-05 08:00:00,1.3345099999999999,1.33624,1.33423,1.3346,11399,1,0
2025-12-05 12:00:00,1.33461,1.33557,1.33282,1.33508,11990,1,0
2025-12-05 16:00:00,1.33508,1.3362,1.33159,1.33308,17938,1,0
2025-12-05 20:00:00,1.33308,1.33408,1.3326,1.3329900000000001,7960,1,0
2025-12-08 00:00:00,1.3321,1.33382,1.3312599999999999,1.33369,8909,1,0
2025-12-08 04:00:00,1.33369,1.33423,1.33347,1.33372,6217,1,0
2025-12-08 08:00:00,1.33371,1.33469,1.33136,1.33172,13666,1,0
2025-12-08 12:00:00,1.33172,1.33294,1.3314,1.33197,12205,1,0
2025-12-08 16:00:00,1.33198,1.33383,1.3305799999999999,1.33237,18269,1,0
2025-12-08 20:00:00,1.3323800000000001,1.3330899999999999,1.33192,1.33213,7312,1,0
2025-12-09 00:00:00,1.33205,1.3333,1.33154,1.33328,6164,1,0
2025-12-09 04:00:00,1.33328,1.33371,1.33261,1.33334,8599,1,0
2025-12-09 08:00:00,1.3333300000000001,1.33562,1.33232,1.33469,13922,1,0
2025-12-09 12:00:00,1.33468,1.3349,1.33102,1.33145,14894,1,0
2025-12-09 16:00:00,1.33145,1.33205,1.32871,1.32976,19282,1,0
2025-12-09 20:00:00,1.32976,1.3307,1.3291,1.32977,8604,1,0
2025-12-10 00:00:00,1.32934,1.33047,1.32926,1.32987,5927,1,0
2025-12-10 04:00:00,1.32986,1.33099,1.32979,1.33072,7146,1,0
2025-12-10 08:00:00,1.33072,1.3327200000000001,1.33057,1.33133,13282,1,0
2025-12-10 12:00:00,1.33131,1.33318,1.33015,1.33304,13704,1,0
2025-12-10 16:00:00,1.33304,1.33476,1.3315000000000001,1.33457,16732,1,0
2025-12-10 20:00:00,1.33457,1.33888,1.33234,1.338,22885,1,0
2025-12-11 00:00:00,1.33811,1.3392,1.3371,1.3382100000000001,8362,1,0
2025-12-11 04:00:00,1.3382100000000001,1.33872,1.33615,1.33617,9700,1,0
2025-12-11 08:00:00,1.33617,1.33793,1.3354599999999999,1.3372,14560,1,0
2025-12-11 12:00:00,1.3372,1.34154,1.33679,1.3407499999999999,15759,1,0
2025-12-11 16:00:00,1.34076,1.34383,1.3407,1.34211,19901,1,0
2025-12-11 20:00:00,1.34211,1.34247,1.33825,1.33862,9077,1,0
2025-12-12 00:00:00,1.33837,1.33999,1.3381,1.33922,8433,1,0
2025-12-12 04:00:00,1.33921,1.3397000000000001,1.33884,1.33955,7585,1,0
2025-12-12 08:00:00,1.33955,1.3399,1.33734,1.3383,14403,1,0
2025-12-12 12:00:00,1.3383,1.33834,1.33647,1.33696,12157,1,0
2025-12-12 16:00:00,1.33696,1.33783,1.33422,1.33732,19665,1,0
2025-12-12 20:00:00,1.33731,1.33769,1.33566,1.3367200000000001,9552,1,0
2025-12-15 00:00:00,1.33712,1.33744,1.3354300000000001,1.33735,6395,1,0
2025-12-15 04:00:00,1.33734,1.33743,1.3355000000000001,1.33642,8201,1,0
2025-12-15 08:00:00,1.33642,1.33887,1.33576,1.33879,13585,1,0
2025-12-15 12:00:00,1.33879,1.33967,1.33746,1.33872,11388,1,0
2025-12-15 16:00:00,1.3387,1.34015,1.33656,1.33677,18564,1,0
2025-12-15 20:00:00,1.33677,1.33782,1.33595,1.33768,7761,1,0
2025-12-16 00:00:00,1.33732,1.33835,1.33616,1.33681,8965,1,0
2025-12-16 04:00:00,1.33681,1.33741,1.33609,1.33623,10463,1,0
2025-12-16 08:00:00,1.33623,1.34158,1.3355299999999999,1.3410199999999999,15072,1,0
2025-12-16 12:00:00,1.3410199999999999,1.3456000000000001,1.34066,1.34259,19469,1,0
2025-12-16 16:00:00,1.3426,1.34476,1.3404,1.3424,24477,1,0
2025-12-16 20:00:00,1.3424,1.3436,1.33992,1.34193,13490,1,0
2025-12-17 00:00:00,1.34172,1.34271,1.34172,1.34245,6569,1,0
2025-12-17 04:00:00,1.34245,1.34246,1.33799,1.33835,8990,1,0
2025-12-17 08:00:00,1.33835,1.339,1.33117,1.33257,17132,1,0
2025-12-17 12:00:00,1.33257,1.33591,1.33203,1.33562,15560,1,0
2025-12-17 16:00:00,1.33562,1.34066,1.33486,1.33873,21130,1,0
2025-12-17 20:00:00,1.33872,1.33949,1.3372600000000001,1.33746,9313,1,0
2025-12-18 00:00:00,1.33753,1.33791,1.33616,1.33646,6937,1,0
2025-12-18 04:00:00,1.33647,1.33739,1.33617,1.33696,7141,1,0
2025-12-18 08:00:00,1.33696,1.33754,1.33409,1.33487,12876,1,0
2025-12-18 12:00:00,1.33487,1.34427,1.33378,1.3427799999999999,19476,1,0
2025-12-18 16:00:00,1.34279,1.34464,1.33704,1.33809,24659,1,0
2025-12-18 20:00:00,1.33809,1.33906,1.33751,1.33816,10122,1,0
2025-12-19 00:00:00,1.3378999999999999,1.3387,1.33734,1.33823,6577,1,0
2025-12-19 04:00:00,1.33822,1.33861,1.33696,1.33757,9295,1,0
2025-12-19 08:00:00,1.33755,1.33876,1.33632,1.3382,16922,1,0
2025-12-19 12:00:00,1.3382,1.33868,1.33571,1.33724,15131,1,0
2025-12-19 16:00:00,1.33724,1.33869,1.33571,1.33772,18835,1,0
2025-12-19 20:00:00,1.33771,1.33942,1.33727,1.33737,8974,1,0
2025-12-22 00:00:00,1.3377,1.33983,1.33716,1.33961,18013,1,0
2025-12-22 04:00:00,1.33961,1.34018,1.3391600000000001,1.3397299999999999,5318,1,0
2025-12-22 08:00:00,1.3397299999999999,1.34247,1.33915,1.34244,11618,1,0
2025-12-22 12:00:00,1.34245,1.34442,1.34242,1.34378,14409,1,0
2025-12-22 16:00:00,1.34378,1.34776,1.3431600000000001,1.3470900000000001,15571,1,0
2025-12-22 20:00:00,1.34708,1.3470900000000001,1.34539,1.3462100000000001,8318,1,0
2025-12-23 00:00:00,1.34592,1.34835,1.3446799999999999,1.34771,6424,1,0
2025-12-23 04:00:00,1.34771,1.34939,1.34768,1.34888,7402,1,0
2025-12-23 08:00:00,1.34888,1.35186,1.3479999999999999,1.35056,14177,1,0
2025-12-23 12:00:00,1.35057,1.35187,1.34944,1.34949,15665,1,0
2025-12-23 16:00:00,1.3495,1.35003,1.3471,1.34732,24345,1,0
2025-12-23 20:00:00,1.34732,1.35236,1.3472,1.35168,11731,1,0
2025-12-24 00:00:00,1.35135,1.35321,1.3493,1.3529,13015,1,0
2025-12-24 04:00:00,1.35293,1.35341,1.35096,1.35191,12847,1,0
2025-12-24 08:00:00,1.3519,1.35281,1.35027,1.35219,19925,1,0
2025-12-24 12:00:00,1.35219,1.3524,1.35011,1.35046,12669,1,0
2025-12-24 16:00:00,1.35043,1.3511,1.3491900000000001,1.34974,15431,1,0
2025-12-24 20:00:00,1.34974,1.3507,1.34947,1.35031,13440,1,0
2025-12-26 00:00:00,1.35221,1.35228,1.3495300000000001,1.35126,13992,1,0
2025-12-26 04:00:00,1.35125,1.3519,1.34866,1.34946,9963,1,0
2025-12-26 08:00:00,1.34946,1.35005,1.34774,1.34851,14814,1,0
2025-12-26 12:00:00,1.34851,1.35273,1.34836,1.35168,14233,1,0
2025-12-26 16:00:00,1.35169,1.3525800000000001,1.34813,1.34949,16798,1,0
2025-12-26 20:00:00,1.34949,1.35064,1.34901,1.34947,9442,1,0
2025-12-29 00:00:00,1.34835,1.3512,1.3479999999999999,1.35093,9362,1,0
2025-12-29 04:00:00,1.35093,1.35102,1.34836,1.34912,7758,1,0
2025-12-29 08:00:00,1.34912,1.3507799999999999,1.3473600000000001,1.34905,16088,1,0
2025-12-29 12:00:00,1.34903,1.35108,1.34691,1.34938,17171,1,0
2025-12-29 16:00:00,1.34938,1.35128,1.34816,1.3485800000000001,21440,1,0
2025-12-29 20:00:00,1.34857,1.35155,1.34846,1.35131,8430,1,0
2025-12-30 00:00:00,1.35094,1.35104,1.34959,1.35089,7541,1,0
2025-12-30 04:00:00,1.35089,1.35172,1.34996,1.35149,6262,1,0
2025-12-30 08:00:00,1.35149,1.35217,1.35004,1.35145,12614,1,0
2025-12-30 12:00:00,1.35145,1.35307,1.34869,1.34879,14253,1,0
2025-12-30 16:00:00,1.34879,1.34882,1.3449499999999999,1.34697,16222,1,0
2025-12-30 20:00:00,1.34697,1.34749,1.34611,1.3467799999999999,6905,1,0
2025-12-31 00:00:00,1.34662,1.34677,1.34584,1.34611,5605,1,0
2025-12-31 04:00:00,1.34611,1.3465500000000001,1.34574,1.34607,7906,1,0
2025-12-31 08:00:00,1.34607,1.3465500000000001,1.3426,1.34372,11918,1,0
2025-12-31 12:00:00,1.34378,1.34767,1.34325,1.34542,17102,1,0
2025-12-31 16:00:00,1.34546,1.34604,1.34016,1.34521,20494,1,0
2025-12-31 20:00:00,1.34523,1.34837,1.3447,1.34729,8898,1,0
2026-01-02 00:00:00,1.34643,1.34878,1.34612,1.34876,5112,1,0
2026-01-02 04:00:00,1.34876,1.34912,1.34696,1.3471199999999999,5118,1,0
2026-01-02 08:00:00,1.3471199999999999,1.34715,1.3449200000000001,1.34549,13207,1,0
2026-01-02 12:00:00,1.3455,1.3459699999999999,1.3433899999999999,1.34577,13802,1,0
2026-01-02 16:00:00,1.34576,1.3502,1.34534,1.34629,18774,1,0
2026-01-02 20:00:00,1.34629,1.34669,1.34464,1.3458700000000001,9574,1,0
2026-01-05 00:00:00,1.34455,1.34565,1.34374,1.34402,10792,1,0
2026-01-05 04:00:00,1.34402,1.34429,1.34141,1.34279,9398,1,0
2026-01-05 08:00:00,1.34279,1.34433,1.34173,1.34427,14626,1,0
2026-01-05 12:00:00,1.34426,1.3474300000000001,1.34249,1.3453,17904,1,0
2026-01-05 16:00:00,1.34531,1.35392,1.34508,1.3532600000000001,21550,1,0
2026-01-05 20:00:00,1.3532600000000001,1.35484,1.3529,1.35419,8410,1,0
2026-01-06 00:00:00,1.35409,1.35462,1.35281,1.35461,7644,1,0
2026-01-06 04:00:00,1.35461,1.35622,1.35416,1.35497,8510,1,0
2026-01-06 08:00:00,1.35497,1.35678,1.35357,1.35357,15999,1,0
2026-01-06 12:00:00,1.35357,1.35399,1.35065,1.3523800000000001,14797,1,0
2026-01-06 16:00:00,1.3523800000000001,1.35348,1.34916,1.35103,19572,1,0
2026-01-06 20:00:00,1.35103,1.35121,1.3492600000000001,1.3501699999999999,8653,1,0
2026-01-07 00:00:00,1.34998,1.35099,1.34904,1.35059,6573,1,0
2026-01-07 04:00:00,1.35059,1.3517000000000001,1.35031,1.3508499999999999,8017,1,0
2026-01-07 08:00:00,1.3508499999999999,1.3517000000000001,1.34851,1.34948,13428,1,0
2026-01-07 12:00:00,1.34948,1.35054,1.34809,1.34945,15123,1,0
2026-01-07 16:00:00,1.34945,1.3501400000000001,1.34681,1.34732,20402,1,0
2026-01-07 20:00:00,1.34733,1.34738,1.3455599999999999,1.34566,8400,1,0
2026-01-08 00:00:00,1.34549,1.34615,1.34531,1.34558,5241,1,0
2026-01-08 04:00:00,1.34559,1.34656,1.34508,1.34581,7789,1,0
2026-01-08 08:00:00,1.3458,1.3462,1.34321,1.34383,13931,1,0
2026-01-08 12:00:00,1.34384,1.34506,1.34157,1.34233,13774,1,0
2026-01-08 16:00:00,1.34232,1.34469,1.34173,1.3436,18608,1,0
2026-01-08 20:00:00,1.3436,1.34449,1.34195,1.34399,8177,1,0
2026-01-09 00:00:00,1.34348,1.3441100000000001,1.34268,1.34281,6160,1,0
2026-01-09 04:00:00,1.3428200000000001,1.34381,1.34245,1.34301,7708,1,0
2026-01-09 08:00:00,1.34302,1.34345,1.34047,1.34103,14487,1,0
2026-01-09 12:00:00,1.34103,1.3451,1.33934,1.34354,19262,1,0
2026-01-09 16:00:00,1.34353,1.3443399999999999,1.33925,1.3403,25527,1,0
2026-01-09 20:00:00,1.3403100000000001,1.34145,1.33952,1.3397700000000001,7948,1,0
2026-01-12 00:00:00,1.3394300000000001,1.3441100000000001,1.33906,1.34272,10251,1,0
2026-01-12 04:00:00,1.34272,1.34364,1.34164,1.3433899999999999,7772,1,0
2026-01-12 08:00:00,1.3433899999999999,1.34692,1.34295,1.34536,15429,1,0
2026-01-12 12:00:00,1.34536,1.34859,1.3448,1.34816,14819,1,0
2026-01-12 16:00:00,1.34815,1.3483399999999999,1.34555,1.34643,16947,1,0
2026-01-12 20:00:00,1.34642,1.34697,1.34572,1.34641,6406,1,0
2026-01-13 00:00:00,1.34595,1.34769,1.34573,1.34703,7074,1,0
2026-01-13 04:00:00,1.34701,1.34785,1.34694,1.34723,7781,1,0
2026-01-13 08:00:00,1.34722,1.34854,1.34626,1.34806,12067,1,0
2026-01-13 12:00:00,1.34808,1.34947,1.34513,1.34751,15682,1,0
2026-01-13 16:00:00,1.3475,1.34772,1.3425,1.34337,20561,1,0
2026-01-13 20:00:00,1.34338,1.3441,1.34206,1.3421,8431,1,0
2026-01-14 00:00:00,1.3421,1.3428499999999999,1.34185,1.34228,5441,1,0
2026-01-14 04:00:00,1.34228,1.34478,1.34212,1.34354,6080,1,0
2026-01-14 08:00:00,1.34354,1.34586,1.34342,1.3457,12926,1,0
2026-01-14 12:00:00,1.3457,1.3458700000000001,1.34388,1.34447,12890,1,0
2026-01-14 16:00:00,1.34448,1.34643,1.34303,1.3431899999999999,17628,1,0
2026-01-14 20:00:00,1.34318,1.34467,1.34246,1.34467,8735,1,0
2026-01-15 00:00:00,1.34381,1.34447,1.34274,1.34355,7233,1,0
2026-01-15 04:00:00,1.34355,1.34355,1.34231,1.34268,7258,1,0
2026-01-15 08:00:00,1.34267,1.3445,1.34234,1.34365,12385,1,0
2026-01-15 12:00:00,1.34367,1.34385,1.33688,1.33728,12517,1,0
2026-01-15 16:00:00,1.3372899999999999,1.3394,1.33627,1.33876,16439,1,0
2026-01-15 20:00:00,1.33876,1.33938,1.33746,1.33816,7946,1,0
2026-01-16 00:00:00,1.33768,1.3384,1.33707,1.3379699999999999,6244,1,0
2026-01-16 04:00:00,1.3379699999999999,1.33913,1.33789,1.33832,6650,1,0
2026-01-16 08:00:00,1.3383099999999999,1.34051,1.33772,1.33969,10254,1,0
2026-01-16 12:00:00,1.33968,1.34132,1.33886,1.34037,11841,1,0
2026-01-16 16:00:00,1.34037,1.34051,1.33661,1.33788,17939,1,0
2026-01-16 20:00:00,1.33788,1.33872,1.33737,1.33756,7219,1,0
2026-01-19 00:00:00,1.33441,1.34088,1.33404,1.3391899999999999,12734,1,0
2026-01-19 04:00:00,1.3391899999999999,1.3406,1.33812,1.33951,10402,1,0
2026-01-19 08:00:00,1.33951,1.3415599999999999,1.33841,1.3406,13572,1,0
2026-01-19 12:00:00,1.3406,1.34168,1.34019,1.3414,9327,1,0
2026-01-19 16:00:00,1.3413599999999999,1.3435000000000001,1.34104,1.3431199999999999,9866,1,0
2026-01-19 20:00:00,1.3431199999999999,1.34337,1.34226,1.3425,2739,1,0
2026-01-20 00:00:00,1.34192,1.34267,1.3409,1.34239,5583,1,0
2026-01-20 04:00:00,1.34239,1.3449900000000001,1.34199,1.34416,7160,1,0
2026-01-20 08:00:00,1.34416,1.34916,1.34259,1.34751,19635,1,0
2026-01-20 12:00:00,1.34748,1.34852,1.34395,1.3452600000000001,20100,1,0
2026-01-20 16:00:00,1.34527,1.34772,1.34406,1.34564,21006,1,0
2026-01-20 20:00:00,1.34564,1.34577,1.34253,1.34419,9190,1,0
2026-01-21 00:00:00,1.3436,1.34567,1.3432,1.34521,6942,1,0
2026-01-21 04:00:00,1.34521,1.34547,1.34331,1.34376,7598,1,0
2026-01-21 08:00:00,1.34376,1.3449,1.34086,1.34104,13247,1,0
2026-01-21 12:00:00,1.34104,1.3444099999999999,1.34013,1.34418,16375,1,0
2026-01-21 16:00:00,1.34418,1.34592,1.34165,1.3428,23702,1,0
2026-01-21 20:00:00,1.34279,1.34324,1.34098,1.34301,13315,1,0
2026-01-22 00:00:00,1.34246,1.34318,1.34169,1.34303,9331,1,0
2026-01-22 04:00:00,1.34304,1.34394,1.34227,1.34291,7356,1,0
2026-01-22 08:00:00,1.3429,1.3446500000000001,1.34094,1.3444099999999999,12238,1,0
2026-01-22 12:00:00,1.3444099999999999,1.3452899999999999,1.34013,1.34231,18312,1,0
2026-01-22 16:00:00,1.34231,1.34991,1.34223,1.34925,18730,1,0
2026-01-22 20:00:00,1.3492199999999999,1.35071,1.34862,1.3501,7824,1,0
2026-01-23 00:00:00,1.3493,1.35087,1.34864,1.34978,7490,1,0
2026-01-23 04:00:00,1.34979,1.35007,1.34886,1.34986,8345,1,0
2026-01-23 08:00:00,1.34986,1.35346,1.34824,1.3529900000000001,17775,1,0
2026-01-23 12:00:00,1.35298,1.35366,1.35144,1.3525,14392,1,0
2026-01-23 16:00:00,1.3525,1.3623,1.35206,1.36084,20364,1,0
2026-01-23 20:00:00,1.36084,1.36457,1.35921,1.36419,15323,1,0
2026-01-26 00:00:00,1.36612,1.36819,1.3643399999999999,1.3660999999999999,14605,1,0
2026-01-26 04:00:00,1.36609,1.36796,1.36532,1.36669,12460,1,0
2026-01-26 08:00:00,1.36669,1.36771,1.36429,1.36719,19083,1,0
2026-01-26 12:00:00,1.36722,1.36756,1.36432,1.3661699999999999,16095,1,0
2026-01-26 16:00:00,1.3661699999999999,1.37131,1.3658299999999999,1.36879,19983,1,0
2026-01-26 20:00:00,1.3688,1.37015,1.36742,1.36776,10894,1,0
2026-01-27 00:00:00,1.36756,1.36825,1.36688,1.36798,8560,1,0
2026-01-27 04:00:00,1.36798,1.37008,1.36714,1.36783,10199,1,0
2026-01-27 08:00:00,1.36783,1.37001,1.3664,1.36991,15776,1,0
2026-01-27 12:00:00,1.36991,1.37486,1.3683,1.37351,21304,1,0
2026-01-27 16:00:00,1.3735,1.3791,1.37314,1.37874,25859,1,0
2026-01-27 20:00:00,1.37874,1.38692,1.37743,1.38473,19593,1,0
2026-01-28 00:00:00,1.3841999999999999,1.38476,1.37992,1.38003,11276,1,0
2026-01-28 04:00:00,1.38003,1.38104,1.3789,1.38052,11399,1,0
2026-01-28 08:00:00,1.3805100000000001,1.38313,1.3775,1.37872,19669,1,0
2026-01-28 12:00:00,1.3787099999999999,1.37999,1.37652,1.37701,19322,1,0
2026-01-28 16:00:00,1.37703,1.38012,1.3749500000000001,1.37893,27511,1,0
2026-01-28 20:00:00,1.37894,1.38109,1.37526,1.38065,20371,1,0
2026-01-29 00:00:00,1.3801700000000001,1.38351,1.3792200000000001,1.38032,16216,1,0
2026-01-29 04:00:00,1.38032,1.38441,1.37931,1.38379,13920,1,0
2026-01-29 08:00:00,1.38379,1.38476,1.38003,1.38034,19255,1,0
2026-01-29 12:00:00,1.38034,1.38181,1.37806,1.38061,19422,1,0
2026-01-29 16:00:00,1.38064,1.38341,1.37424,1.37985,35980,1,0
2026-01-29 20:00:00,1.37982,1.38132,1.37881,1.3809,15473,1,0
2026-01-30 00:00:00,1.3801,1.38145,1.37583,1.37611,13537,1,0
2026-01-30 04:00:00,1.3761,1.37676,1.37316,1.3755899999999999,17695,1,0
2026-01-30 08:00:00,1.3756,1.37833,1.3725100000000001,1.37338,23101,1,0
2026-01-30 12:00:00,1.37336,1.37879,1.37323,1.37443,21870,1,0
2026-01-30 16:00:00,1.3744399999999999,1.37578,1.37001,1.37088,31606,1,0
2026-01-30 20:00:00,1.37089,1.37185,1.36794,1.36841,20799,1,0
2026-02-02 00:00:00,1.36876,1.37059,1.36623,1.36934,19336,1,0
2026-02-02 04:00:00,1.36934,1.36999,1.3660700000000001,1.3672,18258,1,0
2026-02-02 08:00:00,1.3672,1.37109,1.36616,1.37092,21934,1,0
2026-02-02 12:00:00,1.3709,1.37153,1.36493,1.36517,21971,1,0
2026-02-02 16:00:00,1.36517,1.36771,1.3623,1.366,31187,1,0
2026-02-02 20:00:00,1.366,1.36683,1.36435,1.36681,13232,1,0
2026-02-03 00:00:00,1.36624,1.36862,1.3654600000000001,1.36862,9745,1,0
2026-02-03 04:00:00,1.36862,1.36942,1.36714,1.36895,12447,1,0
2026-02-03 08:00:00,1.36895,1.37064,1.36666,1.36669,20440,1,0
2026-02-03 12:00:00,1.3667,1.36897,1.36506,1.3670200000000001,19057,1,0
2026-02-03 16:00:00,1.3670200000000001,1.37072,1.36565,1.36957,25632,1,0
2026-02-03 20:00:00,1.36957,1.37023,1.3673199999999999,1.36977,14630,1,0
2026-02-04 00:00:00,1.3691499999999999,1.37101,1.3688,1.37065,9490,1,0
2026-02-04 04:00:00,1.37066,1.37196,1.36967,1.3715,9275,1,0
2026-02-04 08:00:00,1.3715,1.37332,1.3700999999999999,1.37089,14351,1,0
2026-02-04 12:00:00,1.37087,1.37291,1.3694899999999999,1.37131,17232,1,0
2026-02-04 16:00:00,1.37131,1.37175,1.36432,1.36463,30838,1,0
2026-02-04 20:00:00,1.36463,1.36636,1.3642400000000001,1.36521,14105,1,0
2026-02-05 00:00:00,1.36504,1.36631,1.36409,1.36481,9684,1,0
2026-02-05 04:00:00,1.36481,1.36486,1.36164,1.36199,14267,1,0
2026-02-05 08:00:00,1.362,1.36325,1.35567,1.35657,18512,1,0
2026-02-05 12:00:00,1.3565800000000001,1.36154,1.35404,1.35854,27014,1,0
2026-02-05 16:00:00,1.3585099999999999,1.35893,1.35176,1.35513,33687,1,0
2026-02-05 20:00:00,1.35513,1.35571,1.35245,1.35296,12340,1,0
2026-02-06 00:00:00,1.35248,1.35429,1.35086,1.35399,12227,1,0
2026-02-06 04:00:00,1.35402,1.35699,1.354,1.35697,11543,1,0
2026-02-06 08:00:00,1.3569499999999999,1.3582,1.35579,1.35769,17708,1,0
2026-02-06 12:00:00,1.35769,1.3596300000000001,1.35718,1.35887,13610,1,0
2026-02-06 16:00:00,1.35888,1.36234,1.3587500000000001,1.3618299999999999,19282,1,0
2026-02-06 20:00:00,1.3618299999999999,1.36231,1.36072,1.3609200000000001,8952,1,0
2026-02-09 00:00:00,1.3593199999999999,1.36206,1.35862,1.36012,12807,1,0
2026-02-09 04:00:00,1.36011,1.36171,1.35908,1.36143,7360,1,0
2026-02-09 08:00:00,1.36143,1.3629,1.35864,1.36008,19048,1,0
2026-02-09 12:00:00,1.36008,1.36701,1.3593199999999999,1.36508,20412,1,0
2026-02-09 16:00:00,1.36507,1.3691,1.36215,1.36718,21635,1,0
2026-02-09 20:00:00,1.36716,1.37003,1.3664399999999999,1.3694899999999999,9566,1,0
2026-02-10 00:00:00,1.36925,1.36968,1.36721,1.36845,7538,1,0
2026-02-10 04:00:00,1.36845,1.36963,1.36746,1.36783,8821,1,0
2026-02-10 08:00:00,1.36783,1.36843,1.36635,1.36682,13347,1,0
2026-02-10 12:00:00,1.36682,1.36928,1.36578,1.36813,16139,1,0
2026-02-10 16:00:00,1.36813,1.36967,1.36436,1.36536,21425,1,0
2026-02-10 20:00:00,1.36536,1.36574,1.36376,1.36414,10230,1,0
2026-02-11 00:00:00,1.36411,1.36514,1.36315,1.36442,8843,1,0
2026-02-11 04:00:00,1.36442,1.3670200000000001,1.36442,1.36697,8112,1,0
2026-02-11 08:00:00,1.3669799999999999,1.3699,1.3664399999999999,1.36957,13226,1,0
2026-02-11 12:00:00,1.3695599999999999,1.37124,1.36096,1.36417,21053,1,0
2026-02-11 16:00:00,1.36415,1.3670200000000001,1.36264,1.36578,30979,1,0
2026-02-11 20:00:00,1.36578,1.36589,1.36191,1.36279,13234,1,0
2026-02-12 00:00:00,1.36266,1.36401,1.3615599999999999,1.3639999999999999,8370,1,0
2026-02-12 04:00:00,1.3639999999999999,1.36421,1.36177,1.3622,10083,1,0
2026-02-12 08:00:00,1.3622,1.36539,1.36046,1.3649200000000001,16652,1,0
2026-02-12 12:00:00,1.3649200000000001,1.36521,1.36219,1.365,14693,1,0
2026-02-12 16:00:00,1.36501,1.36715,1.36161,1.36192,27984,1,0
2026-02-12 20:00:00,1.36192,1.36265,1.36049,1.3622,14700,1,0
2026-02-13 00:00:00,1.36222,1.3627099999999999,1.36121,1.3617,9046,1,0
2026-02-13 04:00:00,1.3617,1.3624100000000001,1.35995,1.36038,8635,1,0
2026-02-13 08:00:00,1.36039,1.36296,1.35904,1.36228,15731,1,0
2026-02-13 12:00:00,1.36229,1.3646,1.35988,1.36335,17569,1,0
2026-02-13 16:00:00,1.3633199999999999,1.36592,1.36069,1.3648500000000001,26110,1,0
2026-02-13 20:00:00,1.36486,1.36581,1.36413,1.36536,10580,1,0
2026-02-16 00:00:00,1.3639000000000001,1.36493,1.36347,1.36435,9773,1,0
2026-02-16 04:00:00,1.36435,1.36456,1.36354,1.36392,6182,1,0
2026-02-16 08:00:00,1.36392,1.36619,1.36356,1.36448,11180,1,0
2026-02-16 12:00:00,1.36446,1.3651900000000001,1.36287,1.36331,9316,1,0
2026-02-16 16:00:00,1.36331,1.36403,1.36259,1.36272,7618,1,0
2026-02-16 20:00:00,1.36272,1.3633199999999999,1.36246,1.36286,2087,1,0
2026-02-17 00:00:00,1.36257,1.3633,1.36137,1.36167,7176,1,0
2026-02-17 04:00:00,1.36166,1.36203,1.36035,1.36073,8319,1,0
2026-02-17 08:00:00,1.36073,1.3615,1.35523,1.35914,13587,1,0
2026-02-17 12:00:00,1.3591199999999999,1.3606,1.35244,1.35246,16606,1,0
2026-02-17 16:00:00,1.35246,1.35501,1.34958,1.35467,23376,1,0
2026-02-17 20:00:00,1.35467,1.3568799999999999,1.35412,1.35669,9399,1,0
2026-02-18 00:00:00,1.35626,1.3572600000000001,1.3548200000000001,1.35586,6656,1,0
2026-02-18 04:00:00,1.35586,1.35594,1.35498,1.35589,5751,1,0
2026-02-18 08:00:00,1.35589,1.35792,1.3553600000000001,1.35746,11126,1,0
2026-02-18 12:00:00,1.35746,1.35821,1.35519,1.3552,11319,1,0
2026-02-18 16:00:00,1.35522,1.35586,1.35125,1.35218,17306,1,0
2026-02-18 20:00:00,1.35217,1.35254,1.34909,1.3491900000000001,11805,1,0
2026-02-19 00:00:00,1.34901,1.35011,1.34884,1.34966,6778,1,0
2026-02-19 04:00:00,1.34965,1.34976,1.34806,1.34873,6025,1,0
2026-02-19 08:00:00,1.34873,1.35167,1.3485,1.35045,11031,1,0
2026-02-19 12:00:00,1.35045,1.35074,1.3449,1.34671,15230,1,0
2026-02-19 16:00:00,1.3467,1.3473899999999999,1.3434,1.34523,24017,1,0
2026-02-19 20:00:00,1.34524,1.3473,1.3447,1.34622,10339,1,0
2026-02-20 00:00:00,1.34625,1.3470900000000001,1.34416,1.3446799999999999,7600,1,0
2026-02-20 04:00:00,1.3446799999999999,1.34487,1.3435000000000001,1.34455,7491,1,0
2026-02-20 08:00:00,1.34456,1.34792,1.34362,1.34668,14942,1,0
2026-02-20 12:00:00,1.34668,1.34981,1.34619,1.34864,15742,1,0
2026-02-20 16:00:00,1.34862,1.3515,1.34607,1.3489499999999999,32044,1,0
2026-02-20 20:00:00,1.3489499999999999,1.35068,1.34783,1.34784,16116,1,0
2026-02-23 00:00:00,1.34882,1.35335,1.34782,1.35192,12267,1,0
2026-02-23 04:00:00,1.35191,1.35286,1.35102,1.35203,7894,1,0
2026-02-23 08:00:00,1.35203,1.35351,1.35057,1.35083,13180,1,0
2026-02-23 12:00:00,1.3508200000000001,1.35127,1.3502399999999999,1.3506,3271,1,0
